{"(0, 0)": 0.0, "(0, 1)": 0.0, "(0, 2)": 0.0, "(0, 3)": 0.0, "(0, 4)": 0.0, "(0, 5)": 0.0, "(0, 6)": 0.0, "(0, 7)": 0.0, "(0, 8)": 0.0, "(0, 9)": 0.0, "(0, 10)": 0.0, "(1, 0)": 0.0, "(1, 1)": 2.0, "(1, 2)": 5.0, "(1, 3)": 9.0, "(1, 4)": 14.0, "(1, 5)": 20.0, "(1, 6)": 27.0, "(1, 7)": 35.0, "(1, 8)": 44.0, "(1, 9)": 54.0, "(1, 10)": 65.0, "(2, 0)": 0.0, "(2, 1)": 2.0, "(2, 2)": 4.0, "(2, 3)": 6.222222222222223, "(2, 4)": 9.0, "(2, 5)": 12.222222222222221, "(2, 6)": 15.888888888888888, "(2, 7)": 20.0, "(2, 8)": 24.555555555555557, "(2, 9)": 29.555555555555554, "(2, 10)": 35.0, "(3, 0)": 0.0, "(3, 1)": 2.0, "(3, 2)": 4.0, "(3, 3)": 6.0, "(3, 4)": 8.0, "(3, 5)": 10.15625, "(3, 6)": 12.65625, "(3, 7)": 15.40625, "(3, 8)": 18.40625, "(3, 9)": 21.65625, "(3, 10)": 25.15625, "(4, 0)": 0.0, "(4, 1)": 2.0, "(4, 2)": 4.0, "(4, 3)": 6.0, "(4, 4)": 8.0, "(4, 5)": 10.0, "(4, 6)": 12.0, "(4, 7)": 14.0, "(4, 8)": 16.28, "(4, 9)": 18.72, "(4, 10)": 21.32, "(5, 0)": 0.0, "(5, 1)": 2.0, "(5, 2)": 4.0, "(5, 3)": 6.0, "(5, 4)": 8.0, "(5, 5)": 10.0, "(5, 6)": 12.0, "(5, 7)": 14.0, "(5, 8)": 16.0, "(5, 9)": 18.0, "(5, 10)": 20.0, "(6, 0)": 0.0, "(6, 1)": 2.0, "(6, 2)": 4.0, "(6, 3)": 6.0, "(6, 4)": 8.0, "(6, 5)": 10.0, "(6, 6)": 12.0, "(6, 7)": 14.0, "(6, 8)": 16.0, "(6, 9)": 18.0, "(6, 10)": 20.0, "(7, 0)": 0.0, "(7, 1)": 2.0, "(7, 2)": 4.0, "(7, 3)": 6.0, "(7, 4)": 8.0, "(7, 5)": 10.0, "(7, 6)": 12.0, "(7, 7)": 14.0, "(7, 8)": 16.0, "(7, 9)": 18.0, "(7, 10)": 20.0, "(8, 0)": 0.0, "(8, 1)": 2.0, "(8, 2)": 4.0, "(8, 3)": 6.0, "(8, 4)": 8.0, "(8, 5)": 10.0, "(8, 6)": 12.0, "(8, 7)": 14.0, "(8, 8)": 16.0, "(8, 9)": 18.0, "(8, 10)": 20.0, "(9, 0)": 0.0, "(9, 1)": 2.0, "(9, 2)": 4.0, "(9, 3)": 6.0, "(9, 4)": 8.0, "(9, 5)": 10.0, "(9, 6)": 12.0, "(9, 7)": 14.0, "(9, 8)": 16.0, "(9, 9)": 18.0, "(9, 10)": 20.0, "(10, 0)": 0.0, "(10, 1)": 2.0, "(10, 2)": 4.0, "(10, 3)": 6.0, "(10, 4)": 8.0, "(10, 5)": 10.0, "(10, 6)": 12.0, "(10, 7)": 14.0, "(10, 8)": 16.0, "(10, 9)": 18.0, "(10, 10)": 20.0}