{
  "p": 0.55,
  "q": 0.13,
  "whittle": [
    -1.9052181243896484,
    -1.901172161102295,
    -1.8964751958847046,
    -1.8920385837554932,
    -1.8870428800582886,
    -1.881839632987976,
    -1.8770254850387573,
    -1.8725709915161133,
    -1.8701446056365967,
    -1.8674676418304443,
    -1.8650966882705688,
    -1.862708330154419,
    -1.8593937158584595,
    -1.855813980102539,
    -1.8523139953613281,
    -1.8487366437911987,
    -1.8451793193817139,
    -1.8416221141815186,
    -1.838066577911377,
    -1.834593653678894,
    -1.8310935497283936,
    -1.8260595798492432,
    -1.8197251558303833,
    -1.8152889013290405,
    -1.8112341165542603,
    -1.8084856271743774,
    -1.808274507522583,
    -1.8100371360778809,
    -1.811995267868042,
    -1.8130810260772705,
    -1.8137860298156738,
    -1.8135071992874146,
    -1.8128408193588257,
    -1.81251859664917,
    -1.8122493028640747,
    -1.8120633363723755,
    -1.8115209341049194,
    -1.8094340562820435,
    -1.8071861267089844,
    -1.8049808740615845,
    -1.804317593574524,
    -1.8047791719436646,
    -1.8048129081726074,
    -1.8040677309036255,
    -1.8030335903167725,
    -1.8023747205734253,
    -1.801748275756836,
    -1.802907109260559,
    -1.8032044172286987,
    -1.8039114475250244,
    -1.8045735359191895,
    -1.8052557706832886,
    -1.8063381910324097,
    -1.8080259561538696,
    -1.810225248336792,
    -1.813054084777832,
    -1.8164023160934448,
    -1.8196139335632324,
    -1.8222054243087769,
    -1.824853539466858,
    -1.8275666236877441,
    -1.8299955129623413,
    -1.8323403596878052,
    -1.835159182548523,
    -1.8378697633743286,
    -1.8405805826187134,
    -1.8429347276687622,
    -1.844772219657898,
    -1.847094178199768,
    -1.8505949974060059,
    -1.8539392948150635,
    -1.8565632104873657,
    -1.858444094657898,
    -1.860074520111084,
    -1.8617048263549805,
    -1.862520456314087,
    -1.862612247467041,
    -1.8625982999801636,
    -1.8629660606384277,
    -1.8642048835754395,
    -1.865677833557129,
    -1.8670073747634888,
    -1.8682132959365845,
    -1.8688658475875854,
    -1.86943781375885,
    -1.8711062669754028,
    -1.8730357885360718,
    -1.8749653100967407,
    -1.8767895698547363,
    -1.8785768747329712,
    -1.8802181482315063,
    -1.881839394569397,
    -1.8833190202713013,
    -1.8860507011413574,
    -1.8899844884872437,
    -1.8946809768676758,
    -1.8995927572250366,
    -1.9045039415359497,
    -1.909443974494934,
    -1.9144842624664307
  ]
}