{
  "p": 0.6,
  "q": 0.722,
  "whittle": [
    -1.9074969291687012,
    -1.903476357460022,
    -1.8990267515182495,
    -1.8942396640777588,
    -1.8891221284866333,
    -1.8835619688034058,
    -1.877763271331787,
    -1.8727340698242188,
    -1.8696733713150024,
    -1.8669579029083252,
    -1.864512324333191,
    -1.8620394468307495,
    -1.8591222763061523,
    -1.8555729389190674,
    -1.852016806602478,
    -1.8485101461410522,
    -1.844952940940857,
    -1.8413958549499512,
    -1.8378404378890991,
    -1.8345764875411987,
    -1.8306421041488647,
    -1.8257945775985718,
    -1.8197128772735596,
    -1.815356731414795,
    -1.8113000392913818,
    -1.807648777961731,
    -1.8075307607650757,
    -1.8094329833984375,
    -1.8111003637313843,
    -1.8121652603149414,
    -1.8130614757537842,
    -1.8121119737625122,
    -1.8116568326950073,
    -1.8112939596176147,
    -1.8108255863189697,
    -1.8107370138168335,
    -1.80953049659729,
    -1.807826280593872,
    -1.8054040670394897,
    -1.8032938241958618,
    -1.8024866580963135,
    -1.8023490905761719,
    -1.8024455308914185,
    -1.8016778230667114,
    -1.800032615661621,
    -1.7993738651275635,
    -1.7987760305404663,
    -1.7999695539474487,
    -1.8005757331848145,
    -1.8013947010040283,
    -1.8020617961883545,
    -1.8027890920639038,
    -1.8042513132095337,
    -1.8063411712646484,
    -1.80854332447052,
    -1.8115187883377075,
    -1.814841389656067,
    -1.818265676498413,
    -1.8212015628814697,
    -1.8237931728363037,
    -1.8265445232391357,
    -1.8289730548858643,
    -1.8313226699829102,
    -1.834078311920166,
    -1.836928129196167,
    -1.8395780324935913,
    -1.8416894674301147,
    -1.8432904481887817,
    -1.844819188117981,
    -1.8481184244155884,
    -1.851417064666748,
    -1.8546724319458008,
    -1.857062816619873,
    -1.8587381839752197,
    -1.8603155612945557,
    -1.8618899583816528,
    -1.8622474670410156,
    -1.8623335361480713,
    -1.8629876375198364,
    -1.8647468090057373,
    -1.866285800933838,
    -1.8675975799560547,
    -1.8687773942947388,
    -1.869917392730713,
    -1.8709423542022705,
    -1.8727799654006958,
    -1.8747096061706543,
    -1.8766390085220337,
    -1.878475546836853,
    -1.8802629709243774,
    -1.8820264339447021,
    -1.8837158679962158,
    -1.8852894306182861,
    -1.8871595859527588,
    -1.891472578048706,
    -1.8961750268936157,
    -1.9010863304138184,
    -1.9060087203979492,
    -1.910954475402832,
    -1.916008472442627
  ]
}