{
  "p": 0.15,
  "q": 0.811,
  "whittle": [
    -1.9065219163894653,
    -1.9025055170059204,
    -1.898106336593628,
    -1.8933169841766357,
    -1.8880966901779175,
    -1.8822453022003174,
    -1.8766474723815918,
    -1.8712317943572998,
    -1.8684344291687012,
    -1.865719199180603,
    -1.8631600141525269,
    -1.8606886863708496,
    -1.8575462102890015,
    -1.8540012836456299,
    -1.8504451513290405,
    -1.8468518257141113,
    -1.8432788848876953,
    -1.839721918106079,
    -1.8361918926239014,
    -1.8326740264892578,
    -1.8284696340560913,
    -1.8234310150146484,
    -1.8174400329589844,
    -1.8129034042358398,
    -1.808829426765442,
    -1.8051517009735107,
    -1.8047055006027222,
    -1.8065742254257202,
    -1.8080919981002808,
    -1.8092714548110962,
    -1.809636116027832,
    -1.8096522092819214,
    -1.8092492818832397,
    -1.808880090713501,
    -1.8085554838180542,
    -1.8083291053771973,
    -1.8067184686660767,
    -1.8045631647109985,
    -1.80213463306427,
    -1.8002136945724487,
    -1.7993059158325195,
    -1.7991341352462769,
    -1.799180030822754,
    -1.7981079816818237,
    -1.7963756322860718,
    -1.7955182790756226,
    -1.7949825525283813,
    -1.7953835725784302,
    -1.7960436344146729,
    -1.7971214056015015,
    -1.7977887392044067,
    -1.7985079288482666,
    -1.7993806600570679,
    -1.801448106765747,
    -1.8037711381912231,
    -1.8070446252822876,
    -1.8104305267333984,
    -1.8139015436172485,
    -1.8167948722839355,
    -1.8195521831512451,
    -1.8222980499267578,
    -1.824726939201355,
    -1.827535629272461,
    -1.8305540084838867,
    -1.8335400819778442,
    -1.8359074592590332,
    -1.8380191326141357,
    -1.8397141695022583,
    -1.8412002325057983,
    -1.844450831413269,
    -1.84774911403656,
    -1.8510476350784302,
    -1.8536189794540405,
    -1.8552274703979492,
    -1.8568047285079956,
    -1.857811450958252,
    -1.8578956127166748,
    -1.8579986095428467,
    -1.8593225479125977,
    -1.861149787902832,
    -1.8625725507736206,
    -1.8639469146728516,
    -1.8651561737060547,
    -1.8663417100906372,
    -1.867551326751709,
    -1.8693468570709229,
    -1.871350646018982,
    -1.873354434967041,
    -1.8752557039260864,
    -1.8770430088043213,
    -1.8787213563919067,
    -1.8803577423095703,
    -1.8818745613098145,
    -1.8840763568878174,
    -1.8883038759231567,
    -1.8932154178619385,
    -1.8981269598007202,
    -1.9030386209487915,
    -1.9079622030258179,
    -1.9129953384399414
  ]
}