{
  "p": 0.2,
  "q": 0.456,
  "whittle": [
    -1.9053858518600464,
    -1.9014003276824951,
    -1.896894931793213,
    -1.8922460079193115,
    -1.8871415853500366,
    -1.8814879655838013,
    -1.8758692741394043,
    -1.8715964555740356,
    -1.8689173460006714,
    -1.8662278652191162,
    -1.8637316226959229,
    -1.861258625984192,
    -1.8579812049865723,
    -1.8544143438339233,
    -1.850858211517334,
    -1.8472858667373657,
    -1.8437014818191528,
    -1.8401445150375366,
    -1.8366096019744873,
    -1.8331067562103271,
    -1.8290722370147705,
    -1.824033498764038,
    -1.817825436592102,
    -1.81329345703125,
    -1.8092323541641235,
    -1.8060681819915771,
    -1.805625081062317,
    -1.8074145317077637,
    -1.809131383895874,
    -1.8103549480438232,
    -1.8107277154922485,
    -1.8106638193130493,
    -1.81035578250885,
    -1.8100601434707642,
    -1.8097773790359497,
    -1.8093754053115845,
    -1.8083515167236328,
    -1.8060554265975952,
    -1.8037837743759155,
    -1.8016266822814941,
    -1.8010296821594238,
    -1.801041841506958,
    -1.8009815216064453,
    -1.800119400024414,
    -1.7985719442367554,
    -1.7979130744934082,
    -1.7973438501358032,
    -1.7978612184524536,
    -1.798299789428711,
    -1.7993088960647583,
    -1.7999759912490845,
    -1.8006699085235596,
    -1.8015108108520508,
    -1.803269624710083,
    -1.8054721355438232,
    -1.8086992502212524,
    -1.8120967149734497,
    -1.8155362606048584,
    -1.8181407451629639,
    -1.8209625482559204,
    -1.8236266374588013,
    -1.8260554075241089,
    -1.8288532495498657,
    -1.831824779510498,
    -1.8347257375717163,
    -1.8372632265090942,
    -1.8393748998641968,
    -1.8411622047424316,
    -1.8430992364883423,
    -1.8465381860733032,
    -1.8498365879058838,
    -1.852927803993225,
    -1.854984998703003,
    -1.8566155433654785,
    -1.8582350015640259,
    -1.8587812185287476,
    -1.85886549949646,
    -1.85891854763031,
    -1.8596922159194946,
    -1.861467719078064,
    -1.862852692604065,
    -1.8642278909683228,
    -1.865465760231018,
    -1.86647367477417,
    -1.8672350645065308,
    -1.8689560890197754,
    -1.8709189891815186,
    -1.872922420501709,
    -1.874851942062378,
    -1.8766391277313232,
    -1.878297209739685,
    -1.8798619508743286,
    -1.881341576576233,
    -1.8838762044906616,
    -1.8880043029785156,
    -1.892876386642456,
    -1.8977879285812378,
    -1.90269935131073,
    -1.907618761062622,
    -1.912644386291504
  ]
}