{
  "p": 0.3,
  "q": 0.633,
  "whittle": [
    -1.9063122272491455,
    -1.9023131132125854,
    -1.8978623151779175,
    -1.893120527267456,
    -1.8880064487457275,
    -1.882295846939087,
    -1.87661612033844,
    -1.8718175888061523,
    -1.869006872177124,
    -1.8662914037704468,
    -1.863792061805725,
    -1.8613195419311523,
    -1.8581831455230713,
    -1.8546276092529297,
    -1.8510714769363403,
    -1.8474971055984497,
    -1.8439384698867798,
    -1.840381383895874,
    -1.8368422985076904,
    -1.8333301544189453,
    -1.829423189163208,
    -1.8243749141693115,
    -1.818254828453064,
    -1.8137716054916382,
    -1.8097048997879028,
    -1.8062586784362793,
    -1.8059083223342896,
    -1.807785987854004,
    -1.8093976974487305,
    -1.8105937242507935,
    -1.8110836744308472,
    -1.8109092712402344,
    -1.8104074001312256,
    -1.8100264072418213,
    -1.8097189664840698,
    -1.8095084428787231,
    -1.8082233667373657,
    -1.8061362504959106,
    -1.8037371635437012,
    -1.8017005920410156,
    -1.8010426759719849,
    -1.8008719682693481,
    -1.8008837699890137,
    -1.7999919652938843,
    -1.7983075380325317,
    -1.7976487874984741,
    -1.7970852851867676,
    -1.7977619171142578,
    -1.7982114553451538,
    -1.7992820739746094,
    -1.799949288368225,
    -1.8006595373153687,
    -1.8015978336334229,
    -1.8036283254623413,
    -1.8058280944824219,
    -1.809037208557129,
    -1.8124064207077026,
    -1.8158615827560425,
    -1.818631887435913,
    -1.821325659751892,
    -1.824081540107727,
    -1.8265104293823242,
    -1.829185128211975,
    -1.8320873975753784,
    -1.8350446224212646,
    -1.837538480758667,
    -1.8396499156951904,
    -1.8413745164871216,
    -1.8429970741271973,
    -1.8463953733444214,
    -1.849693775177002,
    -1.8529454469680786,
    -1.8552097082138062,
    -1.856839895248413,
    -1.858422040939331,
    -1.8594712018966675,
    -1.8595551252365112,
    -1.8595852851867676,
    -1.860493779182434,
    -1.8623137474060059,
    -1.8637678623199463,
    -1.8651375770568848,
    -1.866323471069336,
    -1.8674641847610474,
    -1.868383765220642,
    -1.8701484203338623,
    -1.8720990419387817,
    -1.87410306930542,
    -1.8760014772415161,
    -1.8777891397476196,
    -1.8794584274291992,
    -1.8811123371124268,
    -1.8826205730438232,
    -1.884849190711975,
    -1.8890799283981323,
    -1.893914818763733,
    -1.898826241493225,
    -1.903738021850586,
    -1.908669352531433,
    -1.9137049913406372
  ]
}