{
  "theta0": 9.444444444444445,
  "theta1": 0.6444444444444445,
  "theta2": 0.0,
  "whittle": [
    0.22033949196338654,
    0.9742918610572815,
    1.9783446788787842,
    3.231117010116577,
    4.318795204162598,
    5.30294132232666,
    6.142637729644775,
    6.7763991355896,
    7.337770462036133,
    7.710039138793945,
    7.835520267486572,
    7.784815788269043,
    7.65291690826416,
    7.500245094299316,
    7.333633899688721,
    7.156484127044678,
    6.982700824737549,
    6.808658123016357,
    6.636668682098389,
    6.478416442871094,
    6.367314338684082,
    6.271298408508301,
    6.199817180633545,
    6.140817642211914,
    6.088274002075195,
    6.039268970489502,
    6.001801490783691,
    5.968675136566162,
    5.936524868011475,
    5.911288261413574,
    5.889643669128418,
    5.868318557739258,
    5.842404365539551,
    5.820761680603027,
    5.803285598754883,
    5.786965847015381,
    5.777451992034912,
    5.770186901092529,
    5.76502799987793,
    5.761778831481934,
    5.758529186248779,
    5.758281230926514,
    5.760635852813721,
    5.762511253356934,
    5.764358043670654,
    5.766205787658691,
    5.76845645904541,
    5.772708892822266,
    5.779786109924316,
    5.787468910217285,
    5.7975239753723145,
    5.810533046722412,
    5.82354211807251,
    5.837398052215576,
    5.853910446166992,
    5.869937419891357,
    5.884776592254639,
    5.899615287780762,
    5.914453983306885,
    5.931094169616699,
    5.9480767250061035,
    5.964432239532471,
    5.9794840812683105,
    5.994536399841309,
    6.00958776473999,
    6.0246405601501465,
    6.0396928787231445,
    6.054745674133301,
    6.069797515869141,
    6.084848880767822,
    6.100325107574463,
    6.116550922393799,
    6.129880428314209,
    6.143209457397461,
    6.156538963317871,
    6.169868469238281,
    6.17952299118042,
    6.189243793487549,
    6.198964595794678,
    6.20868444442749,
    6.218404769897461,
    6.228125095367432,
    6.237845420837402,
    6.247566223144531,
    6.257286071777344,
    6.267005920410156,
    6.276727199554443,
    6.286446571350098,
    6.296165943145752,
    6.3058857917785645,
    6.315606594085693,
    6.325326919555664,
    6.335048198699951,
    6.344769477844238,
    6.354489803314209,
    6.364211082458496,
    6.373926162719727,
    6.383640766143799,
    6.393354415893555,
    6.403968334197998
  ]
}