{
  "theta0": 10.0,
  "theta1": 1.0,
  "theta2": 0.0,
  "whittle": [
    0.49023497104644775,
    1.2572662830352783,
    2.2623279094696045,
    3.476682424545288,
    4.570549964904785,
    5.580984592437744,
    6.5061445236206055,
    7.194990634918213,
    7.770294189453125,
    8.191696166992188,
    8.429632186889648,
    8.439987182617188,
    8.347517013549805,
    8.20693588256836,
    8.049810409545898,
    7.877791404724121,
    7.694065093994141,
    7.512673854827881,
    7.331178665161133,
    7.154799938201904,
    6.98543643951416,
    6.845948696136475,
    6.735678672790527,
    6.653346538543701,
    6.588525295257568,
    6.534366607666016,
    6.479420185089111,
    6.439357280731201,
    6.403418064117432,
    6.370898723602295,
    6.341951847076416,
    6.317981719970703,
    6.296102523803711,
    6.274170875549316,
    6.248471736907959,
    6.2251081466674805,
    6.205538749694824,
    6.189669132232666,
    6.177990913391113,
    6.1717209815979,
    6.1654486656188965,
    6.160640239715576,
    6.157386779785156,
    6.152450084686279,
    6.152819633483887,
    6.154667377471924,
    6.156514644622803,
    6.158361911773682,
    6.160208702087402,
    6.16294002532959,
    6.167183876037598,
    6.172691822052002,
    6.180374622344971,
    6.188998699188232,
    6.202007293701172,
    6.2150163650512695,
    6.228025436401367,
    6.2417144775390625,
    6.258227348327637,
    6.274738788604736,
    6.289897918701172,
    6.304736614227295,
    6.319611549377441,
    6.336593151092529,
    6.353574752807617,
    6.370555400848389,
    6.38571834564209,
    6.400771617889404,
    6.415822982788086,
    6.430875778198242,
    6.44592809677124,
    6.4609808921813965,
    6.476032257080078,
    6.491085052490234,
    6.50599479675293,
    6.518937110900879,
    6.532267093658447,
    6.54503870010376,
    6.554567813873291,
    6.564096927642822,
    6.5736260414123535,
    6.583284378051758,
    6.59300422668457,
    6.602724552154541,
    6.612444877624512,
    6.622166156768799,
    6.631884574890137,
    6.641605854034424,
    6.651325225830078,
    6.661045551300049,
    6.670766830444336,
    6.680486679077148,
    6.690206527709961,
    6.699926853179932,
    6.709646701812744,
    6.7193684577941895,
    6.729087829589844,
    6.73880672454834,
    6.748528480529785,
    6.758248805999756
  ]
}