{
  "theta0": 7.777777777777778,
  "theta1": 0.37777777777777777,
  "theta2": 0.0,
  "whittle": [
    -1.5222947597503662,
    0.3916581869125366,
    2.5601396560668945,
    3.863348960876465,
    4.517204284667969,
    5.075639247894287,
    5.561903476715088,
    5.912608623504639,
    5.902880668640137,
    5.667186260223389,
    5.247859477996826,
    4.8278913497924805,
    4.496025562286377,
    4.288430690765381,
    4.162822246551514,
    4.093699932098389,
    4.0507707595825195,
    4.043342113494873,
    4.0471601486206055,
    4.05909538269043,
    4.06974983215332,
    4.085247039794922,
    4.100186347961426,
    4.119872570037842,
    4.139839172363281,
    4.1617255210876465,
    4.183204650878906,
    4.204074382781982,
    4.221819877624512,
    4.238739013671875,
    4.255659103393555,
    4.272489070892334,
    4.289242744445801,
    4.305996894836426,
    4.322751522064209,
    4.339505195617676,
    4.356259346008301,
    4.373012542724609,
    4.38766622543335,
    4.404265880584717,
    4.421367645263672,
    4.438467979431152,
    4.455568790435791,
    4.472653865814209,
    4.48980188369751,
    4.50723934173584,
    4.524540901184082,
    4.541592597961426,
    4.558590888977051,
    4.576332092285156,
    4.5944976806640625,
    4.609295845031738,
    4.623733043670654,
    4.63817024230957,
    4.65258264541626,
    4.666947364807129,
    4.67994499206543,
    4.689699649810791,
    4.699121475219727,
    4.708652973175049,
    4.717390060424805,
    4.721625328063965,
    4.725861072540283,
    4.730097770690918,
    4.734892845153809,
    4.731093883514404,
    4.722702503204346,
    4.7143096923828125,
    4.705909252166748,
    4.696351528167725,
    4.686522006988525,
    4.676691055297852,
    4.6668171882629395,
    4.656867027282715,
    4.646915435791016,
    4.636965751647949,
    4.627015590667725,
    4.617064476013184,
    4.607114315032959,
    4.597132682800293,
    4.5870041847229,
    4.576897621154785,
    4.566791534423828,
    4.556689262390137,
    4.5465850830078125,
    4.5364813804626465,
    4.526376724243164,
    4.51627254486084,
    4.50616979598999,
    4.496066570281982,
    4.4859619140625,
    4.475856304168701,
    4.465752601623535,
    4.455740928649902,
    4.445759296417236,
    4.435780048370361,
    4.425798416137695,
    4.41581916809082,
    4.40583610534668,
    4.395855903625488
  ]
}