{
  "theta0": 10.0,
  "theta1": 0.2888888888888889,
  "theta2": 0.0,
  "whittle": [
    -0.0453655943274498,
    0.6790745258331299,
    1.5772169828414917,
    2.8506593704223633,
    4.0305256843566895,
    5.021897792816162,
    5.932937145233154,
    6.629555702209473,
    7.261237621307373,
    7.7975053787231445,
    8.102602005004883,
    8.160353660583496,
    8.083514213562012,
    7.950656890869141,
    7.796932697296143,
    7.635955333709717,
    7.47382926940918,
    7.303598880767822,
    7.1324591636657715,
    6.963879585266113,
    6.827521324157715,
    6.711633682250977,
    6.615792274475098,
    6.540250301361084,
    6.4747514724731445,
    6.418929576873779,
    6.369228839874268,
    6.3272905349731445,
    6.291926860809326,
    6.257287502288818,
    6.22849178314209,
    6.206082820892334,
    6.180807113647461,
    6.157201290130615,
    6.132096767425537,
    6.1114091873168945,
    6.094574451446533,
    6.079797744750977,
    6.071938514709473,
    6.064697265625,
    6.061196327209473,
    6.057939052581787,
    6.054689884185791,
    6.053915500640869,
    6.055843830108643,
    6.059619426727295,
    6.061826705932617,
    6.0636749267578125,
    6.065522193908691,
    6.068403244018555,
    6.0729851722717285,
    6.080749988555908,
    6.08853006362915,
    6.099209308624268,
    6.112217903137207,
    6.125226974487305,
    6.141615867614746,
    6.158127784729004,
    6.173433303833008,
    6.1882710456848145,
    6.203111171722412,
    6.217949867248535,
    6.232789993286133,
    6.249547958374023,
    6.26460075378418,
    6.279653072357178,
    6.294705390930176,
    6.309756755828857,
    6.3248090744018555,
    6.339861869812012,
    6.354913234710693,
    6.36996603012085,
    6.385018348693848,
    6.400071144104004,
    6.41556453704834,
    6.431944847106934,
    6.448324203491211,
    6.46340274810791,
    6.476730823516846,
    6.490061283111572,
    6.503390789031982,
    6.516831874847412,
    6.530324459075928,
    6.541203498840332,
    6.550923824310303,
    6.560644149780273,
    6.570364475250244,
    6.580085277557373,
    6.589804649353027,
    6.5995259284973145,
    6.609245777130127,
    6.618966102600098,
    6.628686428070068,
    6.638406753540039,
    6.648126125335693,
    6.657843589782715,
    6.667556285858154,
    6.67726993560791,
    6.687143802642822,
    6.698031902313232
  ]
}