{
  "theta0": 5.0,
  "theta1": 0.2888888888888889,
  "theta2": 0.0,
  "whittle": [
    0.037408120930194855,
    0.9582760334014893,
    2.1036107540130615,
    2.978283166885376,
    3.5459580421447754,
    3.8159165382385254,
    3.788691997528076,
    3.6631991863250732,
    3.5061511993408203,
    3.342362642288208,
    3.240143060684204,
    3.16223406791687,
    3.111981153488159,
    3.073735237121582,
    3.040677547454834,
    3.0092568397521973,
    2.9906041622161865,
    2.9763622283935547,
    2.959622621536255,
    2.946091413497925,
    2.939131259918213,
    2.939516544342041,
    2.944587469100952,
    2.94938325881958,
    2.9552948474884033,
    2.9653501510620117,
    2.978048324584961,
    2.9914300441741943,
    3.00815749168396,
    3.02541446685791,
    3.042396068572998,
    3.0593771934509277,
    3.0763583183288574,
    3.0933103561401367,
    3.1083624362945557,
    3.1234264373779297,
    3.1398067474365234,
    3.156186580657959,
    3.171830177307129,
    3.1853225231170654,
    3.19881534576416,
    3.212308406829834,
    3.2230825424194336,
    3.2328035831451416,
    3.2425243854522705,
    3.2522451877593994,
    3.2619664669036865,
    3.271681070327759,
    3.2813942432403564,
    3.291107416152954,
    3.30082106590271,
    3.310534954071045,
    3.320248603820801,
    3.3299617767333984,
    3.3402295112609863,
    3.3511178493499756,
    3.362006425857544,
    3.372931957244873,
    3.3838868141174316,
    3.394840955734253,
    3.4057955741882324,
    3.416750192642212,
    3.4277055263519287,
    3.4386603832244873,
    3.4496161937713623,
    3.460569143295288,
    3.471015453338623,
    3.481199026107788,
    3.4913806915283203,
    3.501563310623169,
    3.511746406555176,
    3.5221951007843018,
    3.534165620803833,
    3.5461924076080322,
    3.558246612548828,
    3.5703001022338867,
    3.5823540687561035,
    3.5944082736968994,
    3.6064629554748535,
    3.6185173988342285,
    3.630570888519287,
    3.642826557159424,
    3.6551270484924316,
    3.6673943996429443,
    3.679663896560669,
    3.6919305324554443,
    3.7041995525360107,
    3.7164676189422607,
    3.7287349700927734,
    3.741305112838745,
    3.7538235187530518,
    3.7663261890411377,
    3.7788283824920654,
    3.7913312911987305,
    3.8038339614868164,
    3.8163373470306396,
    3.8288402557373047,
    3.841343641281128,
    3.8538455963134766,
    3.866349220275879
  ]
}