{
  "theta0": 7.777777777777778,
  "theta1": 0.37777777777777777,
  "theta2": 0.0,
  "whittle": [
    0.04614386707544327,
    0.8036772012710571,
    1.948974609375,
    3.1376023292541504,
    4.1230387687683105,
    4.927889823913574,
    5.57161808013916,
    6.069551944732666,
    6.273991584777832,
    6.245522499084473,
    6.121542453765869,
    5.97357702255249,
    5.815164566040039,
    5.643533706665039,
    5.4731221199035645,
    5.308948516845703,
    5.190798282623291,
    5.106523036956787,
    5.0330095291137695,
    4.975293159484863,
    4.927548408508301,
    4.889242649078369,
    4.855721950531006,
    4.822942733764648,
    4.796337127685547,
    4.77665376663208,
    4.754058361053467,
    4.733461856842041,
    4.716306686401367,
    4.700507640838623,
    4.6917901039123535,
    4.687229156494141,
    4.683979034423828,
    4.682226657867432,
    4.684874057769775,
    4.687750339508057,
    4.690104961395264,
    4.6924591064453125,
    4.697165012359619,
    4.704392910003662,
    4.712075233459473,
    4.724112033843994,
    4.73712158203125,
    4.751507759094238,
    4.7670464515686035,
    4.781886100769043,
    4.796724796295166,
    4.812424659729004,
    4.829406261444092,
    4.84638786315918,
    4.863170146942139,
    4.8782219886779785,
    4.893274307250977,
    4.908326625823975,
    4.923379421234131,
    4.938431739807129,
    4.953483581542969,
    4.969124794006348,
    4.9855055809021,
    5.001858234405518,
    5.015188217163086,
    5.028517723083496,
    5.041924953460693,
    5.055418014526367,
    5.066614151000977,
    5.076333045959473,
    5.086053371429443,
    5.095773220062256,
    5.105493068695068,
    5.115214824676514,
    5.124934196472168,
    5.134654521942139,
    5.144374847412109,
    5.1540961265563965,
    5.163816928863525,
    5.173535346984863,
    5.1832475662231445,
    5.1929612159729,
    5.2026753425598145,
    5.212388515472412,
    5.2227091789245605,
    5.233597278594971,
    5.244485378265381,
    5.255374908447266,
    5.266262054443359,
    5.277149677276611,
    5.288037300109863,
    5.298926830291748,
    5.309814929962158,
    5.320703506469727,
    5.331592082977295,
    5.342480659484863,
    5.353374481201172,
    5.364289283752441,
    5.375205993652344,
    5.386122226715088,
    5.397034645080566,
    5.407950401306152,
    5.418866157531738,
    5.429782390594482
  ]
}