{
  "theta0": 7.222222222222222,
  "theta1": 0.2,
  "theta2": 0.0,
  "whittle": [
    -0.060619696974754333,
    0.6913820505142212,
    1.858102560043335,
    3.011791706085205,
    3.9641377925872803,
    4.685068607330322,
    5.277133941650391,
    5.649496078491211,
    5.713922500610352,
    5.626999378204346,
    5.490394592285156,
    5.336145401000977,
    5.170548915863037,
    5.0006208419799805,
    4.858521938323975,
    4.751184940338135,
    4.672012805938721,
    4.60741662979126,
    4.5572614669799805,
    4.516048431396484,
    4.481883525848389,
    4.4470062255859375,
    4.41546630859375,
    4.3952765464782715,
    4.374245643615723,
    4.356019973754883,
    4.33946418762207,
    4.324164867401123,
    4.317434787750244,
    4.314042091369629,
    4.3110151290893555,
    4.311919689178467,
    4.315873146057129,
    4.318924427032471,
    4.321856498718262,
    4.326827526092529,
    4.334448337554932,
    4.342130661010742,
    4.3550848960876465,
    4.368093490600586,
    4.383622169494629,
    4.39846134185791,
    4.413300514221191,
    4.428665637969971,
    4.4456467628479,
    4.462628364562988,
    4.479609489440918,
    4.494740962982178,
    4.509793281555176,
    4.524845600128174,
    4.539897918701172,
    4.554949760437012,
    4.570001602172852,
    4.586245536804199,
    4.602626800537109,
    4.619006156921387,
    4.633350372314453,
    4.646735668182373,
    4.660229206085205,
    4.6737213134765625,
    4.687213897705078,
    4.697673797607422,
    4.707393646240234,
    4.717113971710205,
    4.726834297180176,
    4.736555099487305,
    4.746275424957275,
    4.7559895515441895,
    4.765702247619629,
    4.775415897369385,
    4.785128593444824,
    4.7948431968688965,
    4.80466365814209,
    4.815552234649658,
    4.826440334320068,
    4.83732795715332,
    4.848215103149414,
    4.859104156494141,
    4.869992256164551,
    4.880881309509277,
    4.891768932342529,
    4.902657985687256,
    4.913545608520508,
    4.924433708190918,
    4.935322284698486,
    4.9462103843688965,
    4.957098960876465,
    4.968013286590576,
    4.978928565979004,
    4.98984432220459,
    5.000758647918701,
    5.011675834655762,
    5.022590160369873,
    5.033504009246826,
    5.044444561004639,
    5.054807662963867,
    5.06498908996582,
    5.075195789337158,
    5.0871663093566895,
    5.099135875701904
  ]
}