{
  "theta0": 7.222222222222222,
  "theta1": 0.2,
  "theta2": 0.0,
  "whittle": [
    -2.036038398742676,
    -0.19323977828025818,
    1.919250726699829,
    3.131344795227051,
    3.73164963722229,
    4.257500648498535,
    4.716202735900879,
    5.004268169403076,
    4.891586780548096,
    4.610118865966797,
    4.256411075592041,
    3.995049476623535,
    3.832599401473999,
    3.739034652709961,
    3.683560371398926,
    3.6570675373077393,
    3.6653246879577637,
    3.6731889247894287,
    3.688335657119751,
    3.7056820392608643,
    3.7220380306243896,
    3.741891860961914,
    3.7620153427124023,
    3.783402919769287,
    3.8039326667785645,
    3.8236467838287354,
    3.842200994491577,
    3.8593969345092773,
    3.8764946460723877,
    3.893303632736206,
    3.9100582599639893,
    3.9268124103546143,
    3.943566083908081,
    3.960320472717285,
    3.9770736694335938,
    3.993863582611084,
    4.010964870452881,
    4.028064727783203,
    4.045159816741943,
    4.062231540679932,
    4.0793023109436035,
    4.096606254577637,
    4.114044189453125,
    4.1314167976379395,
    4.1488752365112305,
    4.167040824890137,
    4.183669567108154,
    4.1981048583984375,
    4.2125420570373535,
    4.226931571960449,
    4.241296291351318,
    4.2556610107421875,
    4.267202377319336,
    4.276674270629883,
    4.286170482635498,
    4.295732498168945,
    4.305296897888184,
    4.310009956359863,
    4.314850807189941,
    4.320580959320068,
    4.324288368225098,
    4.31955099105835,
    4.311159610748291,
    4.302656173706055,
    4.294135093688965,
    4.285613536834717,
    4.27615213394165,
    4.266320705413818,
    4.256491184234619,
    4.246659755706787,
    4.236783981323242,
    4.226832389831543,
    4.216883182525635,
    4.206932067871094,
    4.196902751922607,
    4.18677282333374,
    4.176643371582031,
    4.166513442993164,
    4.156383991241455,
    4.146255016326904,
    4.136142253875732,
    4.126036643981934,
    4.115933895111084,
    4.105829238891602,
    4.0957255363464355,
    4.085668563842773,
    4.075687408447266,
    4.065706253051758,
    4.055726051330566,
    4.045744895935059,
    4.035764217376709,
    4.025783061981201,
    4.01580286026001,
    4.005822658538818,
    3.995840549468994,
    3.985860824584961,
    3.9758806228637695,
    3.96589994430542,
    3.9559178352355957,
    3.9459388256073
  ]
}