{
  "theta0": 10.0,
  "theta1": 1.0,
  "theta2": 0.0,
  "whittle": [
    0.5031828284263611,
    2.441990852355957,
    4.579355239868164,
    6.388900279998779,
    7.295376300811768,
    7.981532096862793,
    8.577558517456055,
    9.058368682861328,
    9.450483322143555,
    9.506038665771484,
    9.408538818359375,
    9.038044929504395,
    8.565051078796387,
    8.058173179626465,
    7.52789831161499,
    7.005265712738037,
    6.533822536468506,
    6.193461894989014,
    5.951601982116699,
    5.7760725021362305,
    5.664578437805176,
    5.602013111114502,
    5.540195465087891,
    5.508612632751465,
    5.512774467468262,
    5.519618034362793,
    5.529006004333496,
    5.538957118988037,
    5.553896427154541,
    5.5688347816467285,
    5.584404945373535,
    5.604257583618164,
    5.624223232269287,
    5.644034385681152,
    5.6691694259643555,
    5.689828395843506,
    5.707669734954834,
    5.725511074066162,
    5.743350982666016,
    5.761192321777344,
    5.77886962890625,
    5.796542167663574,
    5.814214706420898,
    5.831887245178223,
    5.849559783935547,
    5.867232322692871,
    5.883575439453125,
    5.898199558258057,
    5.91282320022583,
    5.927231788635254,
    5.941505432128906,
    5.9557785987854,
    5.971805572509766,
    5.988615036010742,
    6.0054240226745605,
    6.022233963012695,
    6.03904390335083,
    6.055853843688965,
    6.0728044509887695,
    6.089832305908203,
    6.106860637664795,
    6.123871326446533,
    6.140868186950684,
    6.157866477966309,
    6.174864768981934,
    6.192511081695557,
    6.2105326652526855,
    6.228553295135498,
    6.2465739250183105,
    6.261588096618652,
    6.27589750289917,
    6.290205001831055,
    6.304513454437256,
    6.317299842834473,
    6.326959133148193,
    6.336526393890381,
    6.341795444488525,
    6.345814228057861,
    6.3474650382995605,
    6.345090389251709,
    6.342465877532959,
    6.339762210845947,
    6.337030410766602,
    6.333724498748779,
    6.32871675491333,
    6.318359375,
    6.308555603027344,
    6.298752784729004,
    6.288949489593506,
    6.279146671295166,
    6.269341945648193,
    6.259539604187012,
    6.249660491943359,
    6.239738464355469,
    6.2298150062561035,
    6.21989107131958,
    6.209967136383057,
    6.20004415512085,
    6.19011926651001,
    6.180196762084961
  ]
}