{
  "theta0": 6.666666666666666,
  "theta1": 0.6444444444444445,
  "theta2": 0.0,
  "whittle": [
    0.2584412693977356,
    1.1102668046951294,
    2.3023571968078613,
    3.3549015522003174,
    4.258090496063232,
    4.878955841064453,
    5.297675609588623,
    5.427182197570801,
    5.356838703155518,
    5.211233139038086,
    5.047961711883545,
    4.876408576965332,
    4.70503568649292,
    4.533442974090576,
    4.429837226867676,
    4.346806049346924,
    4.286141395568848,
    4.242321014404297,
    4.205556392669678,
    4.172382354736328,
    4.139883518218994,
    4.117565155029297,
    4.100322723388672,
    4.081385135650635,
    4.063013553619385,
    4.048004150390625,
    4.035836219787598,
    4.030717849731445,
    4.026947975158691,
    4.028477668762207,
    4.031116008758545,
    4.0333943367004395,
    4.03757381439209,
    4.044742107391357,
    4.052549839019775,
    4.06462287902832,
    4.077632427215576,
    4.0908308029174805,
    4.105813503265381,
    4.1209917068481445,
    4.137972831726074,
    4.154953956604004,
    4.171935558319092,
    4.188916206359863,
    4.205897808074951,
    4.221001148223877,
    4.236052989959717,
    4.251105785369873,
    4.266157627105713,
    4.2822794914245605,
    4.2967729568481445,
    4.310102939605713,
    4.323431968688965,
    4.333962440490723,
    4.343682289123535,
    4.353402614593506,
    4.363122463226318,
    4.372842788696289,
    4.382563591003418,
    4.392283916473389,
    4.402003765106201,
    4.41172456741333,
    4.421443939208984,
    4.431164741516113,
    4.4408860206604,
    4.450606822967529,
    4.460328578948975,
    4.47005033493042,
    4.479770183563232,
    4.48948860168457,
    4.49920129776001,
    4.508915424346924,
    4.51862907409668,
    4.528342247009277,
    4.5385236740112305,
    4.549413204193115,
    4.560328483581543,
    4.5712432861328125,
    4.582159519195557,
    4.593074798583984,
    4.6039886474609375,
    4.614904403686523,
    4.625820159912109,
    4.636734962463379,
    4.647650718688965,
    4.658605098724365,
    4.669559478759766,
    4.680514812469482,
    4.691226482391357,
    4.701409816741943,
    4.711593151092529,
    4.721775054931641,
    4.731957912445068,
    4.742140293121338,
    4.752323150634766,
    4.763572692871094,
    4.775626182556152,
    4.7876811027526855,
    4.799734115600586,
    4.811789512634277
  ]
}