{
  "theta0": 6.111111111111111,
  "theta1": 0.2,
  "theta2": 0.0,
  "whittle": [
    -0.042728640139102936,
    0.7627739310264587,
    1.9733988046646118,
    3.0082712173461914,
    3.7997283935546875,
    4.384481906890869,
    4.721352577209473,
    4.7418718338012695,
    4.632134914398193,
    4.488440990447998,
    4.325657367706299,
    4.156637191772461,
    4.033069133758545,
    3.9459965229034424,
    3.878166437149048,
    3.8289859294891357,
    3.7879176139831543,
    3.754364252090454,
    3.7187063694000244,
    3.6926443576812744,
    3.6756973266601562,
    3.658839702606201,
    3.6424050331115723,
    3.628222703933716,
    3.622211217880249,
    3.6190178394317627,
    3.619868278503418,
    3.6237287521362305,
    3.627666711807251,
    3.632237434387207,
    3.639281749725342,
    3.648355484008789,
    3.6618247032165527,
    3.675004720687866,
    3.6898436546325684,
    3.7046823501586914,
    3.721604585647583,
    3.738586902618408,
    3.755567789077759,
    3.7725486755371094,
    3.788336753845215,
    3.803389310836792,
    3.818441390991211,
    3.8334929943084717,
    3.849198818206787,
    3.8655800819396973,
    3.8819596767425537,
    3.8974413871765137,
    3.910898447036743,
    3.9243907928466797,
    3.9378838539123535,
    3.9513769149780273,
    3.9613921642303467,
    3.9711127281188965,
    3.9808342456817627,
    3.9905550479888916,
    4.000270843505859,
    4.009984493255615,
    4.019697666168213,
    4.029411315917969,
    4.039124011993408,
    4.048838138580322,
    4.0585527420043945,
    4.0693745613098145,
    4.080261707305908,
    4.091150760650635,
    4.102038383483887,
    4.112926959991455,
    4.123815059661865,
    4.134703636169434,
    4.145591735839844,
    4.156480312347412,
    4.16738224029541,
    4.1782965660095215,
    4.189212322235107,
    4.200127124786377,
    4.211080074310303,
    4.222036361694336,
    4.232990741729736,
    4.243946075439453,
    4.254680633544922,
    4.264863967895508,
    4.275045871734619,
    4.285229682922363,
    4.296308994293213,
    4.308279514312744,
    4.320249557495117,
    4.33221960067749,
    4.344249248504639,
    4.356304168701172,
    4.368358612060547,
    4.380412578582764,
    4.392465591430664,
    4.4045209884643555,
    4.416574478149414,
    4.428628921508789,
    4.440682888031006,
    4.452737331390381,
    4.464784622192383,
    4.476753234863281
  ]
}