{
  "theta0": 5.0,
  "theta1": 0.2888888888888889,
  "theta2": 0.0,
  "whittle": [
    -1.4719092845916748,
    0.39083918929100037,
    1.697509765625,
    2.294891357421875,
    2.718327522277832,
    2.826361656188965,
    2.7295572757720947,
    2.5500876903533936,
    2.4359424114227295,
    2.371621608734131,
    2.3679230213165283,
    2.3877010345458984,
    2.4041671752929688,
    2.4213685989379883,
    2.4402832984924316,
    2.4628047943115234,
    2.4834561347961426,
    2.5037169456481934,
    2.5238025188446045,
    2.540998697280884,
    2.558194398880005,
    2.5753374099731445,
    2.5924770832061768,
    2.611623764038086,
    2.6292591094970703,
    2.6468944549560547,
    2.66450834274292,
    2.6821155548095703,
    2.6999058723449707,
    2.7177681922912598,
    2.7353153228759766,
    2.7504324913024902,
    2.765227794647217,
    2.7800004482269287,
    2.794696569442749,
    2.8093929290771484,
    2.8238649368286133,
    2.8383290767669678,
    2.849262237548828,
    2.8563618659973145,
    2.8620667457580566,
    2.8677713871002197,
    2.8643858432769775,
    2.8559317588806152,
    2.8474340438842773,
    2.8389124870300293,
    2.829930543899536,
    2.820545196533203,
    2.8107523918151855,
    2.800921678543091,
    2.7910916805267334,
    2.7812607288360596,
    2.771430015563965,
    2.761592149734497,
    2.7515788078308105,
    2.7414495944976807,
    2.7313296794891357,
    2.7213237285614014,
    2.711318016052246,
    2.7013111114501953,
    2.691329002380371,
    2.6813480854034424,
    2.671367645263672,
    2.661386728286743,
    2.6514060497283936,
    2.641425132751465,
    2.6314454078674316,
    2.621464252471924,
    2.611483097076416,
    2.601503372192383,
    2.591521739959717,
    2.5815417766571045,
    2.571560859680176,
    2.561580181121826,
    2.551602602005005,
    2.5418007373809814,
    2.531999349594116,
    2.5221989154815674,
    2.5123965740203857,
    2.5025947093963623,
    2.492793321609497,
    2.48299241065979,
    2.473191022872925,
    2.4633896350860596,
    2.453611135482788,
    2.4453024864196777,
    2.4374349117279053,
    2.429568290710449,
    2.4217004776000977,
    2.4138343334198,
    2.405965566635132,
    2.3980982303619385,
    2.3902316093444824,
    2.382363796234131,
    2.374494791030884,
    2.366628885269165,
    2.35943603515625,
    2.3525664806365967,
    2.3459267616271973,
    2.3395626544952393
  ]
}