{
  "theta0": 10.0,
  "theta1": 0.2888888888888889,
  "theta2": 0.0,
  "whittle": [
    -2.0593690872192383,
    -0.1931784451007843,
    1.9048166275024414,
    4.0673627853393555,
    5.244643211364746,
    5.981715679168701,
    6.5114336013793945,
    7.052865028381348,
    7.533807754516602,
    7.909526824951172,
    8.043633460998535,
    7.897397994995117,
    7.555100917816162,
    7.0807390213012695,
    6.62900972366333,
    6.22682523727417,
    5.913996696472168,
    5.686354160308838,
    5.534942150115967,
    5.448369026184082,
    5.38853645324707,
    5.3447113037109375,
    5.323295593261719,
    5.323929786682129,
    5.3256025314331055,
    5.331659317016602,
    5.34426736831665,
    5.358435153961182,
    5.376083850860596,
    5.394075870513916,
    5.414000511169434,
    5.433967113494873,
    5.4521074295043945,
    5.475545883178711,
    5.495687484741211,
    5.5154290199279785,
    5.53352165222168,
    5.55136251449585,
    5.5692033767700195,
    5.5868120193481445,
    5.6035661697387695,
    5.620320796966553,
    5.6370744705200195,
    5.653828144073486,
    5.6705827713012695,
    5.687336444854736,
    5.704091548919678,
    5.7208452224731445,
    5.737598896026611,
    5.754217147827148,
    5.76884126663208,
    5.783580780029297,
    5.800682067871094,
    5.817782402038574,
    5.834815979003906,
    5.851625919342041,
    5.868409633636475,
    5.885295391082764,
    5.90244197845459,
    5.919587135314941,
    5.93668794631958,
    5.953686237335205,
    5.970683574676514,
    5.9876813888549805,
    6.004959583282471,
    6.022980690002441,
    6.040809631347656,
    6.055118560791016,
    6.069426536560059,
    6.08373498916626,
    6.09808349609375,
    6.109084129333496,
    6.118849277496338,
    6.12861442565918,
    6.138271331787109,
    6.147693634033203,
    6.157168388366699,
    6.166731357574463,
    6.174495697021484,
    6.178732395172119,
    6.1829681396484375,
    6.187203407287598,
    6.191439151763916,
    6.1950483322143555,
    6.18618106842041,
    6.177787780761719,
    6.169395446777344,
    6.160922050476074,
    6.1518354415893555,
    6.141884803771973,
    6.131934642791748,
    6.121984481811523,
    6.112032890319824,
    6.102083683013916,
    6.092132568359375,
    6.082181930541992,
    6.072231292724609,
    6.062281608581543,
    6.05233097076416,
    6.042379856109619
  ]
}