{
  "theta0": 7.777777777777778,
  "theta1": 0.2888888888888889,
  "theta2": 0.0,
  "whittle": [
    -1.817441463470459,
    0.05914774537086487,
    2.2387278079986572,
    3.597747564315796,
    4.262625694274902,
    4.823997497558594,
    5.317981719970703,
    5.6819610595703125,
    5.727189540863037,
    5.515246391296387,
    5.1314921379089355,
    4.733285427093506,
    4.426220893859863,
    4.24047327041626,
    4.122961521148682,
    4.060851573944092,
    4.019024848937988,
    4.01715087890625,
    4.022441387176514,
    4.033729076385498,
    4.046757698059082,
    4.062540531158447,
    4.078763008117676,
    4.098587512969971,
    4.1185526847839355,
    4.13976526260376,
    4.16182279586792,
    4.181583881378174,
    4.199333190917969,
    4.21625280380249,
    4.23317289352417,
    4.249998092651367,
    4.266751766204834,
    4.283506393432617,
    4.300260543823242,
    4.317014217376709,
    4.333767890930176,
    4.350522518157959,
    4.366011619567871,
    4.382722854614258,
    4.399824142456055,
    4.416924953460693,
    4.434019088745117,
    4.451090335845947,
    4.468270778656006,
    4.485708236694336,
    4.503049850463867,
    4.52031946182251,
    4.537317752838135,
    4.555237293243408,
    4.572721481323242,
    4.587159156799316,
    4.601595878601074,
    4.616032123565674,
    4.630399227142334,
    4.6447649002075195,
    4.656381607055664,
    4.666038513183594,
    4.675461292266846,
    4.68501615524292,
    4.694579124450684,
    4.699645042419434,
    4.703880786895752,
    4.708167552947998,
    4.71389627456665,
    4.71265983581543,
    4.704267978668213,
    4.69587516784668,
    4.687428951263428,
    4.678908824920654,
    4.669142246246338,
    4.659311771392822,
    4.649481296539307,
    4.639587879180908,
    4.629636764526367,
    4.619686126708984,
    4.609736442565918,
    4.599785327911377,
    4.589834690093994,
    4.579843521118164,
    4.5697150230407715,
    4.559584140777588,
    4.54945707321167,
    4.539350509643555,
    4.529246807098389,
    4.519143104553223,
    4.50903844833374,
    4.498934745788574,
    4.488831043243408,
    4.478726387023926,
    4.46862268447876,
    4.458518981933594,
    4.4484148025512695,
    4.438427925109863,
    4.4284467697143555,
    4.418466091156006,
    4.408483982086182,
    4.398504734039307,
    4.388523101806641,
    4.378542900085449
  ]
}