{
  "theta0": 7.777777777777778,
  "theta1": 0.2888888888888889,
  "theta2": 0.0,
  "whittle": [
    -0.013733869418501854,
    0.7330875396728516,
    1.8707188367843628,
    3.063859701156616,
    4.052022933959961,
    4.86077356338501,
    5.506389617919922,
    6.015869617462158,
    6.232437610626221,
    6.206986427307129,
    6.090636253356934,
    5.945851802825928,
    5.787478446960449,
    5.617969512939453,
    5.44772481918335,
    5.2921833992004395,
    5.175036907196045,
    5.090430736541748,
    5.017779350280762,
    4.960405349731445,
    4.913177490234375,
    4.875550746917725,
    4.841695308685303,
    4.808876991271973,
    4.781641483306885,
    4.760855674743652,
    4.739038467407227,
    4.718797206878662,
    4.701962471008301,
    4.6862335205078125,
    4.678317546844482,
    4.674391269683838,
    4.671141624450684,
    4.669817924499512,
    4.672284126281738,
    4.675802230834961,
    4.678192615509033,
    4.68054723739624,
    4.685601234436035,
    4.692911148071289,
    4.700594425201416,
    4.712888717651367,
    4.725898265838623,
    4.741059303283691,
    4.756197929382324,
    4.7710371017456055,
    4.785876274108887,
    4.801555633544922,
    4.818536758422852,
    4.835517883300781,
    4.85179328918457,
    4.866845607757568,
    4.881897926330566,
    4.896949768066406,
    4.912002086639404,
    4.9270548820495605,
    4.9421067237854,
    4.957851886749268,
    4.9742326736450195,
    4.990612506866455,
    5.004913330078125,
    5.018243312835693,
    5.031662940979004,
    5.045156002044678,
    5.058648109436035,
    5.0686421394348145,
    5.078363418579102,
    5.088083744049072,
    5.097803592681885,
    5.107524394989014,
    5.117244243621826,
    5.126964569091797,
    5.136685848236084,
    5.146406173706055,
    5.156118392944336,
    5.165834903717041,
    5.175546169281006,
    5.18526029586792,
    5.194974422454834,
    5.2056756019592285,
    5.2165632247924805,
    5.227451801300049,
    5.238339424133301,
    5.2492289543151855,
    5.260116100311279,
    5.271004676818848,
    5.281892776489258,
    5.292781829833984,
    5.30366849899292,
    5.314558506011963,
    5.325446605682373,
    5.336334228515625,
    5.347222328186035,
    5.358124256134033,
    5.369039058685303,
    5.379954814910889,
    5.390869140625,
    5.401784896850586,
    5.4126996994018555,
    5.423614978790283
  ]
}