{
  "theta0": 6.111111111111111,
  "theta1": 0.9111111111111112,
  "theta2": 0.0,
  "whittle": [
    0.48589664697647095,
    1.4238462448120117,
    2.544879674911499,
    3.560429096221924,
    4.348458290100098,
    4.836808204650879,
    5.049779415130615,
    5.015933036804199,
    4.878626823425293,
    4.708249568939209,
    4.530089855194092,
    4.356603145599365,
    4.1873884201049805,
    4.068079471588135,
    3.987226724624634,
    3.9410574436187744,
    3.8991949558258057,
    3.866304874420166,
    3.8346598148345947,
    3.808116912841797,
    3.7915987968444824,
    3.7773866653442383,
    3.758673906326294,
    3.7432897090911865,
    3.7298943996429443,
    3.7198538780212402,
    3.7167038917541504,
    3.7191779613494873,
    3.721606492996216,
    3.7255759239196777,
    3.7317755222320557,
    3.739999771118164,
    3.751713514328003,
    3.764723062515259,
    3.7777318954467773,
    3.7915780544281006,
    3.8085598945617676,
    3.8255412578582764,
    3.842522382736206,
    3.8595035076141357,
    3.8764851093292236,
    3.8934662342071533,
    3.9094552993774414,
    3.9245073795318604,
    3.9395599365234375,
    3.9529762268066406,
    3.9648776054382324,
    3.974407434463501,
    3.984032392501831,
    3.9937522411346436,
    4.003472805023193,
    4.013193130493164,
    4.022912979125977,
    4.032632827758789,
    4.04235315322876,
    4.0520734786987305,
    4.061795234680176,
    4.071514129638672,
    4.081234455108643,
    4.090954303741455,
    4.1006760597229,
    4.110395908355713,
    4.1201171875,
    4.129837989807129,
    4.139559268951416,
    4.149281024932861,
    4.159018039703369,
    4.16876745223999,
    4.17851448059082,
    4.1882548332214355,
    4.197996139526367,
    4.207737445831299,
    4.217477798461914,
    4.227631568908691,
    4.238547325134277,
    4.249473571777344,
    4.260428428649902,
    4.271384239196777,
    4.282338619232178,
    4.293292045593262,
    4.304247856140137,
    4.315090179443359,
    4.325272083282471,
    4.335454940795898,
    4.345638275146484,
    4.35582160949707,
    4.366003513336182,
    4.3762407302856445,
    4.38651180267334,
    4.396781921386719,
    4.407054424285889,
    4.418697357177734,
    4.430751323699951,
    4.442805290222168,
    4.454859733581543,
    4.466914176940918,
    4.478968620300293,
    4.49102258682251,
    4.50307559967041,
    4.515130996704102
  ]
}