{
  "arm": 54,
  "p": 0.838,
  "q": 0.386,
  "whittle": [
    -1.9069706201553345,
    -1.9029847383499146,
    -1.898261547088623,
    -1.893658995628357,
    -1.8886945247650146,
    -1.8834717273712158,
    -1.8780829906463623,
    -1.8736224174499512,
    -1.8706392049789429,
    -1.867923617362976,
    -1.8655461072921753,
    -1.8631473779678345,
    -1.8601734638214111,
    -1.8566036224365234,
    -1.8530832529067993,
    -1.8495932817459106,
    -1.8460363149642944,
    -1.8424791097640991,
    -1.8389219045639038,
    -1.8356523513793945,
    -1.8320366144180298,
    -1.8271173238754272,
    -1.8210259675979614,
    -1.8167526721954346,
    -1.8127219676971436,
    -1.8095041513442993,
    -1.8095349073410034,
    -1.8113585710525513,
    -1.8131647109985352,
    -1.814393162727356,
    -1.8152192831039429,
    -1.8143881559371948,
    -1.8136075735092163,
    -1.8132362365722656,
    -1.8127931356430054,
    -1.8131076097488403,
    -1.8122515678405762,
    -1.8104978799819946,
    -1.808189034461975,
    -1.806007742881775,
    -1.8052587509155273,
    -1.8054803609848022,
    -1.805523157119751,
    -1.8048591613769531,
    -1.803718090057373,
    -1.8030595779418945,
    -1.802375078201294,
    -1.804050087928772,
    -1.8046132326126099,
    -1.8050885200500488,
    -1.805755853652954,
    -1.8065582513809204,
    -1.8079124689102173,
    -1.8099987506866455,
    -1.812197208404541,
    -1.8148634433746338,
    -1.8181588649749756,
    -1.8215458393096924,
    -1.8242493867874146,
    -1.8268407583236694,
    -1.8295072317123413,
    -1.8319361209869385,
    -1.8341338634490967,
    -1.8366408348083496,
    -1.8393326997756958,
    -1.842043399810791,
    -1.8444112539291382,
    -1.8461275100708008,
    -1.8479816913604736,
    -1.851464867591858,
    -1.854763388633728,
    -1.8575559854507446,
    -1.8598079681396484,
    -1.8614383935928345,
    -1.8630428314208984,
    -1.864620327949524,
    -1.8649693727493286,
    -1.8650844097137451,
    -1.8654464483261108,
    -1.8666640520095825,
    -1.8681200742721558,
    -1.8694089651107788,
    -1.8706145286560059,
    -1.8714728355407715,
    -1.8721556663513184,
    -1.8739969730377197,
    -1.8759268522262573,
    -1.8778562545776367,
    -1.8795956373214722,
    -1.8813281059265137,
    -1.88309645652771,
    -1.8847806453704834,
    -1.8863316774368286,
    -1.888510823249817,
    -1.8926035165786743,
    -1.8971805572509766,
    -1.9020920991897583,
    -1.907025933265686,
    -1.9119715690612793,
    -1.9170373678207397
  ]
}