{
  "arm": 68,
  "p": 0.606,
  "q": 0.327,
  "whittle": [
    -1.9060897827148438,
    -1.9020878076553345,
    -1.8974385261535645,
    -1.892872929573059,
    -1.8878506422042847,
    -1.8825480937957764,
    -1.8772270679473877,
    -1.8727703094482422,
    -1.8701019287109375,
    -1.8673975467681885,
    -1.8650094270706177,
    -1.8625799417495728,
    -1.859439730644226,
    -1.855865716934204,
    -1.8523380756378174,
    -1.8488022089004517,
    -1.845245122909546,
    -1.8416880369186401,
    -1.8381311893463135,
    -1.83468759059906,
    -1.8310402631759644,
    -1.8261785507202148,
    -1.819894552230835,
    -1.815523624420166,
    -1.8114691972732544,
    -1.8084111213684082,
    -1.808261513710022,
    -1.8100699186325073,
    -1.8119449615478516,
    -1.8131166696548462,
    -1.8138530254364014,
    -1.8133838176727295,
    -1.8126308917999268,
    -1.8122334480285645,
    -1.8119364976882935,
    -1.812026858329773,
    -1.811077356338501,
    -1.8091588020324707,
    -1.8068416118621826,
    -1.8046602010726929,
    -1.8039900064468384,
    -1.804229497909546,
    -1.8042643070220947,
    -1.8035677671432495,
    -1.8023278713226318,
    -1.8016690015792847,
    -1.8010541200637817,
    -1.8022860288619995,
    -1.8027056455612183,
    -1.8034058809280396,
    -1.8040729761123657,
    -1.8047714233398438,
    -1.8059204816818237,
    -1.8078644275665283,
    -1.810064435005188,
    -1.8129104375839233,
    -1.8162422180175781,
    -1.8196423053741455,
    -1.8222377300262451,
    -1.8248291015625,
    -1.8275786638259888,
    -1.8300074338912964,
    -1.8323296308517456,
    -1.8350774049758911,
    -1.8378384113311768,
    -1.840549349784851,
    -1.8428199291229248,
    -1.8446029424667358,
    -1.8465864658355713,
    -1.8500845432281494,
    -1.8533830642700195,
    -1.8561949729919434,
    -1.858293056488037,
    -1.8599233627319336,
    -1.8615491390228271,
    -1.8627718687057495,
    -1.8628602027893066,
    -1.8628709316253662,
    -1.863261342048645,
    -1.8647013902664185,
    -1.8662296533584595,
    -1.8675137758255005,
    -1.8687195777893066,
    -1.8695521354675293,
    -1.87019681930542,
    -1.8719834089279175,
    -1.873913049697876,
    -1.8758424520492554,
    -1.8776494264602661,
    -1.87943696975708,
    -1.881117582321167,
    -1.882791519165039,
    -1.8842936754226685,
    -1.8867121934890747,
    -1.8907716274261475,
    -1.8954519033432007,
    -1.900363564491272,
    -1.9052778482437134,
    -1.910223364830017,
    -1.915269374847412
  ]
}