{
  "arm": 47,
  "p": 0.138,
  "q": 0.258,
  "whittle": [
    -1.9044934511184692,
    -1.9004637002944946,
    -1.8959232568740845,
    -1.8914035558700562,
    -1.8863168954849243,
    -1.8807756900787354,
    -1.8754987716674805,
    -1.8715993165969849,
    -1.8689451217651367,
    -1.8662782907485962,
    -1.8638018369674683,
    -1.861363172531128,
    -1.8579223155975342,
    -1.8543428182601929,
    -1.8507925271987915,
    -1.8472203016281128,
    -1.843614935874939,
    -1.8400577306747437,
    -1.8365256786346436,
    -1.8329278230667114,
    -1.828954815864563,
    -1.8239012956619263,
    -1.8175932168960571,
    -1.8130271434783936,
    -1.8089653253555298,
    -1.8061137199401855,
    -1.805669903755188,
    -1.8072919845581055,
    -1.8091462850570679,
    -1.810282826423645,
    -1.810677409172058,
    -1.810697078704834,
    -1.8105798959732056,
    -1.8103699684143066,
    -1.8100742101669312,
    -1.8093626499176025,
    -1.8087682723999023,
    -1.8062942028045654,
    -1.8040553331375122,
    -1.8018831014633179,
    -1.8013232946395874,
    -1.8015432357788086,
    -1.8014644384384155,
    -1.8006113767623901,
    -1.7992384433746338,
    -1.7985798120498657,
    -1.7979592084884644,
    -1.7983077764511108,
    -1.7988123893737793,
    -1.799775242805481,
    -1.8004306554794312,
    -1.8011080026626587,
    -1.801969051361084,
    -1.8034038543701172,
    -1.8055768013000488,
    -1.8087992668151855,
    -1.8122055530548096,
    -1.815463900566101,
    -1.818055272102356,
    -1.8209820985794067,
    -1.8235634565353394,
    -1.8259925842285156,
    -1.8288757801055908,
    -1.8319392204284668,
    -1.8347172737121582,
    -1.8373351097106934,
    -1.8394464254379272,
    -1.841257095336914,
    -1.8435686826705933,
    -1.847056269645691,
    -1.8503546714782715,
    -1.8532590866088867,
    -1.855095386505127,
    -1.8567259311676025,
    -1.8583561182022095,
    -1.8584749698638916,
    -1.8585623502731323,
    -1.8586317300796509,
    -1.8591848611831665,
    -1.8608756065368652,
    -1.8622498512268066,
    -1.863646388053894,
    -1.8648489713668823,
    -1.8657386302947998,
    -1.866346001625061,
    -1.868027925491333,
    -1.869983434677124,
    -1.8719873428344727,
    -1.8739442825317383,
    -1.8757314682006836,
    -1.8773771524429321,
    -1.878839135169983,
    -1.8803153038024902,
    -1.8831467628479004,
    -1.8871709108352661,
    -1.8920618295669556,
    -1.8969731330871582,
    -1.901884913444519,
    -1.9067964553833008,
    -1.9118115901947021
  ]
}