{
  "arm": 92,
  "p": 0.681,
  "q": 0.222,
  "whittle": [
    -1.9059271812438965,
    -1.9019044637680054,
    -1.8971855640411377,
    -1.8926897048950195,
    -1.8877134323120117,
    -1.8825207948684692,
    -1.8775074481964111,
    -1.8730502128601074,
    -1.870398759841919,
    -1.8677012920379639,
    -1.8653336763381958,
    -1.862943410873413,
    -1.8597687482833862,
    -1.8561897277832031,
    -1.8526846170425415,
    -1.8491429090499878,
    -1.8455859422683716,
    -1.8420289754867554,
    -1.83847177028656,
    -1.8350874185562134,
    -1.83156156539917,
    -1.8265392780303955,
    -1.820307970046997,
    -1.8159629106521606,
    -1.8119131326675415,
    -1.8089940547943115,
    -1.80889093875885,
    -1.8106753826141357,
    -1.8126300573349,
    -1.8137575387954712,
    -1.814473032951355,
    -1.8140875101089478,
    -1.8132492303848267,
    -1.812844157218933,
    -1.8125659227371216,
    -1.8126730918884277,
    -1.811940312385559,
    -1.8099979162216187,
    -1.8077157735824585,
    -1.8055346012115479,
    -1.8048150539398193,
    -1.8052119016647339,
    -1.8052468299865723,
    -1.8045293092727661,
    -1.8034842014312744,
    -1.8028254508972168,
    -1.8021949529647827,
    -1.803566813468933,
    -1.8039733171463013,
    -1.804565668106079,
    -1.8052326440811157,
    -1.805925965309143,
    -1.807093858718872,
    -1.809013843536377,
    -1.8112127780914307,
    -1.813962697982788,
    -1.8172847032546997,
    -1.8206062316894531,
    -1.8231959342956543,
    -1.8257871866226196,
    -1.8285101652145386,
    -1.8309388160705566,
    -1.8332157135009766,
    -1.8358824253082275,
    -1.8385875225067139,
    -1.8412981033325195,
    -1.843679428100586,
    -1.8454986810684204,
    -1.8476042747497559,
    -1.8511052131652832,
    -1.854433298110962,
    -1.8571081161499023,
    -1.8591334819793701,
    -1.8607639074325562,
    -1.8623943328857422,
    -1.8636219501495361,
    -1.8637129068374634,
    -1.8637465238571167,
    -1.8641254901885986,
    -1.8653223514556885,
    -1.8668187856674194,
    -1.8680928945541382,
    -1.869299054145813,
    -1.8700218200683594,
    -1.870595097541809,
    -1.8723688125610352,
    -1.8742984533309937,
    -1.8762280941009521,
    -1.8780131340026855,
    -1.8797743320465088,
    -1.881456971168518,
    -1.8831294775009155,
    -1.8846248388290405,
    -1.8871394395828247,
    -1.891129970550537,
    -1.8957706689834595,
    -1.900681972503662,
    -1.9056001901626587,
    -1.9105457067489624,
    -1.915597915649414
  ]
}