{
  "arm": 25,
  "p": 0.375,
  "q": 0.87,
  "whittle": [
    -1.9073830842971802,
    -1.903350830078125,
    -1.8989859819412231,
    -1.8941314220428467,
    -1.8889589309692383,
    -1.8831746578216553,
    -1.8774341344833374,
    -1.871923565864563,
    -1.8689424991607666,
    -1.866227149963379,
    -1.8637100458145142,
    -1.8612380027770996,
    -1.8582561016082764,
    -1.854715347290039,
    -1.8511594533920288,
    -1.847602367401123,
    -1.8440451622009277,
    -1.8404879570007324,
    -1.8369457721710205,
    -1.8335301876068115,
    -1.8296476602554321,
    -1.8246166706085205,
    -1.8185365200042725,
    -1.8140946626663208,
    -1.8100206851959229,
    -1.806301236152649,
    -1.8059357404708862,
    -1.807870626449585,
    -1.8093849420547485,
    -1.8104685544967651,
    -1.8111406564712524,
    -1.8105968236923218,
    -1.810211420059204,
    -1.809848666191101,
    -1.8093852996826172,
    -1.8090894222259521,
    -1.80772864818573,
    -1.8058558702468872,
    -1.8033710718154907,
    -1.801432728767395,
    -1.8004146814346313,
    -1.800276517868042,
    -1.8003827333450317,
    -1.7994086742401123,
    -1.7976760864257812,
    -1.79685640335083,
    -1.796305775642395,
    -1.7970839738845825,
    -1.7976492643356323,
    -1.798744559288025,
    -1.7994118928909302,
    -1.8001418113708496,
    -1.8013924360275269,
    -1.8035115003585815,
    -1.8056944608688354,
    -1.8089320659637451,
    -1.8122831583023071,
    -1.8157151937484741,
    -1.8187414407730103,
    -1.8213331699371338,
    -1.824164628982544,
    -1.8265931606292725,
    -1.8291583061218262,
    -1.8320659399032593,
    -1.8349478244781494,
    -1.8374582529067993,
    -1.8395699262619019,
    -1.8411755561828613,
    -1.8426657915115356,
    -1.845780849456787,
    -1.8490792512893677,
    -1.8523776531219482,
    -1.854960560798645,
    -1.85667085647583,
    -1.8582483530044556,
    -1.8598190546035767,
    -1.859925627708435,
    -1.859947681427002,
    -1.861098289489746,
    -1.8629728555679321,
    -1.8644962310791016,
    -1.8658382892608643,
    -1.8669945001602173,
    -1.8682053089141846,
    -1.8694545030593872,
    -1.8712660074234009,
    -1.8732244968414307,
    -1.8752282857894897,
    -1.8770941495895386,
    -1.8788814544677734,
    -1.88060462474823,
    -1.882291555404663,
    -1.8838554620742798,
    -1.8857399225234985,
    -1.8900834321975708,
    -1.894895315170288,
    -1.8998068571090698,
    -1.9047181606292725,
    -1.909661054611206,
    -1.9147074222564697
  ]
}