{
  "arm": 0,
  "p": 0.5,
  "q": 0.367,
  "whittle": [
    -1.9059288501739502,
    -1.9019324779510498,
    -1.897342324256897,
    -1.8927497863769531,
    -1.8876863718032837,
    -1.882287859916687,
    -1.8768342733383179,
    -1.8724840879440308,
    -1.8697867393493652,
    -1.867085337638855,
    -1.8646694421768188,
    -1.862223744392395,
    -1.8590540885925293,
    -1.8554823398590088,
    -1.8519405126571655,
    -1.8483948707580566,
    -1.8448379039764404,
    -1.8412808179855347,
    -1.8377290964126587,
    -1.8342393636703491,
    -1.8304789066314697,
    -1.8256126642227173,
    -1.8193520307540894,
    -1.8149391412734985,
    -1.810882568359375,
    -1.8077876567840576,
    -1.8075621128082275,
    -1.80937922000885,
    -1.8111974000930786,
    -1.8123854398727417,
    -1.8130532503128052,
    -1.8127012252807617,
    -1.8120216131210327,
    -1.8116207122802734,
    -1.8113547563552856,
    -1.8113237619400024,
    -1.810339331626892,
    -1.8083277940750122,
    -1.8059884309768677,
    -1.8038073778152466,
    -1.8031954765319824,
    -1.8033459186553955,
    -1.8033796548843384,
    -1.8026376962661743,
    -1.8013111352920532,
    -1.8006523847579956,
    -1.8000497817993164,
    -1.801096796989441,
    -1.8014830350875854,
    -1.802304744720459,
    -1.8029719591140747,
    -1.8036695718765259,
    -1.8047173023223877,
    -1.8066413402557373,
    -1.8088425397872925,
    -1.8117891550064087,
    -1.8151381015777588,
    -1.8185609579086304,
    -1.8211520910263062,
    -1.8237700462341309,
    -1.8265312910079956,
    -1.8289598226547241,
    -1.8313661813735962,
    -1.8342012166976929,
    -1.8370119333267212,
    -1.839722752571106,
    -1.8419030904769897,
    -1.8436863422393799,
    -1.845646858215332,
    -1.8491277694702148,
    -1.852426290512085,
    -1.8553180694580078,
    -1.8574113845825195,
    -1.8590420484542847,
    -1.8606648445129395,
    -1.861721396446228,
    -1.8618085384368896,
    -1.8617740869522095,
    -1.8622770309448242,
    -1.8638588190078735,
    -1.865350604057312,
    -1.8666659593582153,
    -1.867871880531311,
    -1.8687564134597778,
    -1.8694363832473755,
    -1.871206283569336,
    -1.873136043548584,
    -1.875065803527832,
    -1.8769330978393555,
    -1.8787204027175903,
    -1.8803755044937134,
    -1.8820476531982422,
    -1.8835396766662598,
    -1.8859739303588867,
    -1.8900611400604248,
    -1.8947919607162476,
    -1.8997031450271606,
    -1.904614806175232,
    -1.9095557928085327,
    -1.914594292640686
  ]
}