{
  "arm": 37,
  "p": 0.412,
  "q": 0.673,
  "whittle": [
    -1.9067789316177368,
    -1.9027708768844604,
    -1.8983409404754639,
    -1.8935613632202148,
    -1.8884449005126953,
    -1.8827861547470093,
    -1.8770612478256226,
    -1.8721559047698975,
    -1.8692485094070435,
    -1.8665329217910767,
    -1.864052653312683,
    -1.8615798950195312,
    -1.8585284948349,
    -1.8549758195877075,
    -1.8514193296432495,
    -1.847869873046875,
    -1.8443129062652588,
    -1.840755581855774,
    -1.8372102975845337,
    -1.8337852954864502,
    -1.8298758268356323,
    -1.8248989582061768,
    -1.8187966346740723,
    -1.8143607378005981,
    -1.8102939128875732,
    -1.8067649602890015,
    -1.8065029382705688,
    -1.8083906173706055,
    -1.810019612312317,
    -1.811164140701294,
    -1.8118081092834473,
    -1.8113192319869995,
    -1.810850739479065,
    -1.8104840517044067,
    -1.810102105140686,
    -1.8099641799926758,
    -1.808685541152954,
    -1.806745171546936,
    -1.8043159246444702,
    -1.802274465560913,
    -1.8015309572219849,
    -1.8013927936553955,
    -1.8014382123947144,
    -1.8005894422531128,
    -1.7989128828048706,
    -1.798254132270813,
    -1.7976843118667603,
    -1.7985472679138184,
    -1.7990365028381348,
    -1.800037145614624,
    -1.8007043600082397,
    -1.8014211654663086,
    -1.8025184869766235,
    -1.804616093635559,
    -1.806816816329956,
    -1.8099406957626343,
    -1.813292145729065,
    -1.8167275190353394,
    -1.8195743560791016,
    -1.8221710920333862,
    -1.8249843120574951,
    -1.8274132013320923,
    -1.8299663066864014,
    -1.8328142166137695,
    -1.8357411623001099,
    -1.8382809162139893,
    -1.8403925895690918,
    -1.8420684337615967,
    -1.8436132669448853,
    -1.8470059633255005,
    -1.850304126739502,
    -1.853564977645874,
    -1.8559085130691528,
    -1.857530951499939,
    -1.8591084480285645,
    -1.860466480255127,
    -1.8605505228042603,
    -1.8605413436889648,
    -1.8613914251327515,
    -1.863223671913147,
    -1.8647297620773315,
    -1.8660588264465332,
    -1.8672412633895874,
    -1.868430256843567,
    -1.8693526983261108,
    -1.8711453676223755,
    -1.8730748891830444,
    -1.8750602006912231,
    -1.8769400119781494,
    -1.8787275552749634,
    -1.880420207977295,
    -1.8821008205413818,
    -1.8836350440979004,
    -1.8857008218765259,
    -1.8899860382080078,
    -1.8947715759277344,
    -1.899682879447937,
    -1.9045945405960083,
    -1.9095356464385986,
    -1.9145784378051758
  ]
}