{
  "arm": 69,
  "p": 0.406,
  "q": 0.594,
  "whittle": [
    -1.9064767360687256,
    -1.9024791717529297,
    -1.8980214595794678,
    -1.8932760953903198,
    -1.8881738185882568,
    -1.8825587034225464,
    -1.8768471479415894,
    -1.8721818923950195,
    -1.8693180084228516,
    -1.8666025400161743,
    -1.8641324043273926,
    -1.861659288406372,
    -1.8585680723190308,
    -1.8550101518630981,
    -1.8514540195465088,
    -1.847902536392212,
    -1.8443453311920166,
    -1.8407881259918213,
    -1.837242841720581,
    -1.8337973356246948,
    -1.8298803567886353,
    -1.824939489364624,
    -1.818796992301941,
    -1.8143556118011475,
    -1.810291051864624,
    -1.8068801164627075,
    -1.8066061735153198,
    -1.808475136756897,
    -1.8101433515548706,
    -1.81131911277771,
    -1.8119276762008667,
    -1.8115500211715698,
    -1.8110142946243286,
    -1.8106366395950317,
    -1.8102974891662598,
    -1.8102105855941772,
    -1.8089545965194702,
    -1.8069639205932617,
    -1.8045551776885986,
    -1.8024821281433105,
    -1.801835060119629,
    -1.8017103672027588,
    -1.801727533340454,
    -1.800917148590088,
    -1.799318552017212,
    -1.7986596822738647,
    -1.7980839014053345,
    -1.798945426940918,
    -1.7993935346603394,
    -1.8003779649734497,
    -1.801045298576355,
    -1.8017563819885254,
    -1.802802562713623,
    -1.8048478364944458,
    -1.8070504665374756,
    -1.8101518154144287,
    -1.813506841659546,
    -1.8169468641281128,
    -1.8197146654129028,
    -1.8223387002944946,
    -1.8251268863677979,
    -1.827555537223816,
    -1.8301234245300293,
    -1.832961082458496,
    -1.8358687162399292,
    -1.8384524583816528,
    -1.8405637741088867,
    -1.8422741889953613,
    -1.8439321517944336,
    -1.8473471403121948,
    -1.850645661354065,
    -1.853816270828247,
    -1.856088399887085,
    -1.8577187061309814,
    -1.8593037128448486,
    -1.8605215549468994,
    -1.8606059551239014,
    -1.8605918884277344,
    -1.8613734245300293,
    -1.863156795501709,
    -1.8646475076675415,
    -1.8659788370132446,
    -1.8671715259552002,
    -1.868284821510315,
    -1.869146466255188,
    -1.8709274530410767,
    -1.8728570938110352,
    -1.8748317956924438,
    -1.8767203092575073,
    -1.8785078525543213,
    -1.8801811933517456,
    -1.8818588256835938,
    -1.8833774328231812,
    -1.8855581283569336,
    -1.8897922039031982,
    -1.894576907157898,
    -1.8994885683059692,
    -1.904400110244751,
    -1.9093388319015503,
    -1.9143788814544678
  ]
}