{
  "arm": 11,
  "p": 0.25,
  "q": 0.219,
  "whittle": [
    -1.9046754837036133,
    -1.9006401300430298,
    -1.8960950374603271,
    -1.8915752172470093,
    -1.8864980936050415,
    -1.8810392618179321,
    -1.8759140968322754,
    -1.8718034029006958,
    -1.8692752122879028,
    -1.8666081428527832,
    -1.8641589879989624,
    -1.8617351055145264,
    -1.8583261966705322,
    -1.8547455072402954,
    -1.8512097597122192,
    -1.847632646560669,
    -1.8440431356430054,
    -1.8404860496520996,
    -1.8369473218917847,
    -1.8333557844161987,
    -1.829542636871338,
    -1.824495553970337,
    -1.8181653022766113,
    -1.813643455505371,
    -1.8095831871032715,
    -1.806766390800476,
    -1.806337594985962,
    -1.8080848455429077,
    -1.809929370880127,
    -1.811050295829773,
    -1.8115485906600952,
    -1.8114702701568604,
    -1.811176061630249,
    -1.8109662532806396,
    -1.8106749057769775,
    -1.8100857734680176,
    -1.809532642364502,
    -1.8071614503860474,
    -1.8049226999282837,
    -1.802682638168335,
    -1.8021515607833862,
    -1.8024189472198486,
    -1.8024104833602905,
    -1.8015782833099365,
    -1.800294041633606,
    -1.7996352910995483,
    -1.7990424633026123,
    -1.799582600593567,
    -1.7999438047409058,
    -1.8009209632873535,
    -1.8015776872634888,
    -1.8022561073303223,
    -1.8031396865844727,
    -1.8046562671661377,
    -1.8068567514419556,
    -1.8099583387374878,
    -1.8133606910705566,
    -1.8166025876998901,
    -1.819193959236145,
    -1.822046160697937,
    -1.8246623277664185,
    -1.827091097831726,
    -1.8298614025115967,
    -1.8328289985656738,
    -1.835583209991455,
    -1.8382940292358398,
    -1.8404064178466797,
    -1.8422183990478516,
    -1.8445464372634888,
    -1.8480473756790161,
    -1.8513494729995728,
    -1.8541734218597412,
    -1.856017827987671,
    -1.8576481342315674,
    -1.8592785596847534,
    -1.8595808744430542,
    -1.8596690893173218,
    -1.859702229499817,
    -1.8601791858673096,
    -1.86180579662323,
    -1.8631802797317505,
    -1.8645845651626587,
    -1.8657608032226562,
    -1.8665838241577148,
    -1.8671574592590332,
    -1.8688557147979736,
    -1.8707853555679321,
    -1.8727625608444214,
    -1.8747082948684692,
    -1.8764957189559937,
    -1.878139853477478,
    -1.8796422481536865,
    -1.8811206817626953,
    -1.883931040763855,
    -1.887927770614624,
    -1.8927656412124634,
    -1.8976771831512451,
    -1.9025887250900269,
    -1.9075068235397339,
    -1.9125277996063232
  ]
}