{
  "arm": 5,
  "p": 0.4,
  "q": 0.278,
  "whittle": [
    -1.9053199291229248,
    -1.901301622390747,
    -1.8967214822769165,
    -1.8921842575073242,
    -1.8871126174926758,
    -1.8817105293273926,
    -1.876466989517212,
    -1.8721731901168823,
    -1.8696106672286987,
    -1.8669272661209106,
    -1.8645015954971313,
    -1.8620716333389282,
    -1.8587859869003296,
    -1.8552082777023315,
    -1.8516736030578613,
    -1.8481025695800781,
    -1.8445405960083008,
    -1.8409833908081055,
    -1.837436556816101,
    -1.833840250968933,
    -1.830152153968811,
    -1.8251925706863403,
    -1.818888783454895,
    -1.814430832862854,
    -1.8103772401809692,
    -1.8074344396591187,
    -1.8071247339248657,
    -1.8089205026626587,
    -1.810750961303711,
    -1.811899185180664,
    -1.812507152557373,
    -1.812271237373352,
    -1.8117554187774658,
    -1.8114405870437622,
    -1.8111664056777954,
    -1.8108834028244019,
    -1.8101307153701782,
    -1.8079588413238525,
    -1.8056964874267578,
    -1.8034512996673584,
    -1.8028799295425415,
    -1.8031030893325806,
    -1.803138256072998,
    -1.8023532629013062,
    -1.8010742664337158,
    -1.8004153966903687,
    -1.7998143434524536,
    -1.8007006645202637,
    -1.8009943962097168,
    -1.801895022392273,
    -1.8025621175765991,
    -1.8032499551773071,
    -1.8042171001434326,
    -1.8059569597244263,
    -1.8081581592559814,
    -1.8111571073532104,
    -1.8145287036895752,
    -1.8178513050079346,
    -1.8204426765441895,
    -1.8231629133224487,
    -1.825857400894165,
    -1.8282865285873413,
    -1.8308460712432861,
    -1.8337130546569824,
    -1.8365044593811035,
    -1.8392153978347778,
    -1.8413864374160767,
    -1.843187928199768,
    -1.845343828201294,
    -1.8488422632217407,
    -1.8521405458450317,
    -1.8549737930297852,
    -1.856938123703003,
    -1.858568549156189,
    -1.860199213027954,
    -1.8609064817428589,
    -1.860994815826416,
    -1.8609554767608643,
    -1.8614546060562134,
    -1.8630340099334717,
    -1.864470362663269,
    -1.8658322095870972,
    -1.8670381307601929,
    -1.8678510189056396,
    -1.8684642314910889,
    -1.8702023029327393,
    -1.8721318244934082,
    -1.8740617036819458,
    -1.8759771585464478,
    -1.8777647018432617,
    -1.8794136047363281,
    -1.8810139894485474,
    -1.882493257522583,
    -1.8851197957992554,
    -1.8891514539718628,
    -1.8939235210418701,
    -1.8988349437713623,
    -1.903746485710144,
    -1.9086781740188599,
    -1.9137085676193237
  ]
}