{
  "arm": 84,
  "p": 0.631,
  "q": 0.459,
  "whittle": [
    -1.9066379070281982,
    -1.9026497602462769,
    -1.8980525732040405,
    -1.8934006690979004,
    -1.8883569240570068,
    -1.8829798698425293,
    -1.8773157596588135,
    -1.8728755712509155,
    -1.8700350522994995,
    -1.8673195838928223,
    -1.8649147748947144,
    -1.8624590635299683,
    -1.859424114227295,
    -1.855858564376831,
    -1.8523112535476685,
    -1.8488013744354248,
    -1.845244288444519,
    -1.8416872024536133,
    -1.8381301164627075,
    -1.8347777128219604,
    -1.830946445465088,
    -1.826184868812561,
    -1.8199682235717773,
    -1.815613031387329,
    -1.8115544319152832,
    -1.8082963228225708,
    -1.8081786632537842,
    -1.8100175857543945,
    -1.8118321895599365,
    -1.8129844665527344,
    -1.8138147592544556,
    -1.8130699396133423,
    -1.8124300241470337,
    -1.8120521306991577,
    -1.8116720914840698,
    -1.8118125200271606,
    -1.8107143640518188,
    -1.808892011642456,
    -1.806542158126831,
    -1.8043609857559204,
    -1.803700566291809,
    -1.8037786483764648,
    -1.8038173913955688,
    -1.8031251430511475,
    -1.8017618656158447,
    -1.8011029958724976,
    -1.8004964590072632,
    -1.801756739616394,
    -1.8022522926330566,
    -1.8029638528823853,
    -1.8036309480667114,
    -1.8043397665023804,
    -1.8055880069732666,
    -1.807629108428955,
    -1.8098297119140625,
    -1.8126946687698364,
    -1.8160207271575928,
    -1.819429636001587,
    -1.8221428394317627,
    -1.824734091758728,
    -1.8274747133255005,
    -1.829903244972229,
    -1.8322174549102783,
    -1.834942102432251,
    -1.837729811668396,
    -1.8404408693313599,
    -1.842647671699524,
    -1.8443540334701538,
    -1.8461607694625854,
    -1.8496216535568237,
    -1.8529200553894043,
    -1.8558628559112549,
    -1.8581008911132812,
    -1.8597315549850464,
    -1.8613312244415283,
    -1.8628231287002563,
    -1.8629090785980225,
    -1.8629581928253174,
    -1.8633649349212646,
    -1.864933729171753,
    -1.866472840309143,
    -1.8677517175674438,
    -1.868957757949829,
    -1.8699122667312622,
    -1.8706605434417725,
    -1.8724693059921265,
    -1.874398946762085,
    -1.8763285875320435,
    -1.8781304359436035,
    -1.8799179792404175,
    -1.8816348314285278,
    -1.8833149671554565,
    -1.8848457336425781,
    -1.8870625495910645,
    -1.8912062644958496,
    -1.8958814144134521,
    -1.9007928371429443,
    -1.905712366104126,
    -1.9106578826904297,
    -1.9157058000564575
  ]
}