{
  "arm": 26,
  "p": 0.775,
  "q": 0.11,
  "whittle": [
    -1.9057940244674683,
    -1.9017499685287476,
    -1.896950364112854,
    -1.892529010772705,
    -1.887606143951416,
    -1.8824317455291748,
    -1.8778575658798218,
    -1.873400330543518,
    -1.8707518577575684,
    -1.86806058883667,
    -1.8657162189483643,
    -1.863370418548584,
    -1.8601619005203247,
    -1.856582760810852,
    -1.8531020879745483,
    -1.8495566844940186,
    -1.8459993600845337,
    -1.8424426317214966,
    -1.8388853073120117,
    -1.8356788158416748,
    -1.8321114778518677,
    -1.826874017715454,
    -1.820867657661438,
    -1.8165072202682495,
    -1.8124587535858154,
    -1.809688925743103,
    -1.809645652770996,
    -1.8114045858383179,
    -1.8133984804153442,
    -1.8145287036895752,
    -1.8152217864990234,
    -1.814905047416687,
    -1.8139759302139282,
    -1.8135709762573242,
    -1.813299298286438,
    -1.813440203666687,
    -1.8129452466964722,
    -1.8109850883483887,
    -1.808742642402649,
    -1.8065612316131592,
    -1.8057817220687866,
    -1.8063520193099976,
    -1.8063868284225464,
    -1.8055986166000366,
    -1.8048217296600342,
    -1.8041630983352661,
    -1.8035151958465576,
    -1.8050599098205566,
    -1.8054593801498413,
    -1.8059214353561401,
    -1.8065886497497559,
    -1.807294249534607,
    -1.8084791898727417,
    -1.810383677482605,
    -1.8125793933868408,
    -1.8152154684066772,
    -1.818527102470398,
    -1.821764588356018,
    -1.824347972869873,
    -1.826939344406128,
    -1.829628825187683,
    -1.8320579528808594,
    -1.8342785835266113,
    -1.836816668510437,
    -1.839484453201294,
    -1.8421950340270996,
    -1.8447026014328003,
    -1.8465489149093628,
    -1.8487896919250488,
    -1.8522906303405762,
    -1.8556541204452515,
    -1.8581774234771729,
    -1.8601315021514893,
    -1.8617620468139648,
    -1.86339271068573,
    -1.8646599054336548,
    -1.864753246307373,
    -1.8648481369018555,
    -1.8651838302612305,
    -1.8661723136901855,
    -1.8675482273101807,
    -1.8688242435455322,
    -1.8700003623962402,
    -1.87063467502594,
    -1.871206521987915,
    -1.8728938102722168,
    -1.8748235702514648,
    -1.876753330230713,
    -1.878536343574524,
    -1.8802410364151,
    -1.8819290399551392,
    -1.8836008310317993,
    -1.8851187229156494,
    -1.887698769569397,
    -1.8916155099868774,
    -1.8962079286575317,
    -1.9011194705963135,
    -1.906042218208313,
    -1.9109878540039062,
    -1.9160479307174683
  ]
}