{
  "arm": 36,
  "p": 0.613,
  "q": 0.406,
  "whittle": [
    -1.9063948392868042,
    -1.9024099111557007,
    -1.897786259651184,
    -1.8931686878204346,
    -1.8881312608718872,
    -1.8827792406082153,
    -1.8772507905960083,
    -1.872795581817627,
    -1.8700447082519531,
    -1.8673309087753296,
    -1.8649317026138306,
    -1.862485408782959,
    -1.8594037294387817,
    -1.855834722518921,
    -1.852294683456421,
    -1.8487731218338013,
    -1.8452160358428955,
    -1.8416589498519897,
    -1.838101863861084,
    -1.8347078561782837,
    -1.8309468030929565,
    -1.8261425495147705,
    -1.8198989629745483,
    -1.8155343532562256,
    -1.811477541923523,
    -1.8083012104034424,
    -1.8081645965576172,
    -1.8099912405014038,
    -1.8118274211883545,
    -1.8130052089691162,
    -1.8137832880020142,
    -1.8131581544876099,
    -1.8124723434448242,
    -1.812085747718811,
    -1.8117430210113525,
    -1.8118929862976074,
    -1.8108117580413818,
    -1.8089464902877808,
    -1.8066089153289795,
    -1.8044275045394897,
    -1.8037629127502441,
    -1.8039072751998901,
    -1.8039442300796509,
    -1.8032472133636475,
    -1.8019299507141113,
    -1.8012710809707642,
    -1.800661563873291,
    -1.8018969297409058,
    -1.8023583889007568,
    -1.8030734062194824,
    -1.8037406206130981,
    -1.8044449090957642,
    -1.805643916130066,
    -1.8076428174972534,
    -1.8098431825637817,
    -1.8127071857452393,
    -1.8160368204116821,
    -1.8194421529769897,
    -1.8221067190170288,
    -1.8246982097625732,
    -1.8274449110031128,
    -1.829874038696289,
    -1.8321956396102905,
    -1.8349378108978271,
    -1.837717890739441,
    -1.8404285907745361,
    -1.842656135559082,
    -1.8443950414657593,
    -1.8462728261947632,
    -1.8497506380081177,
    -1.8530486822128296,
    -1.855941891670227,
    -1.8581204414367676,
    -1.8597506284713745,
    -1.8613615036010742,
    -1.8627276420593262,
    -1.8628146648406982,
    -1.862844467163086,
    -1.8632322549819946,
    -1.864776611328125,
    -1.8663156032562256,
    -1.8675918579101562,
    -1.8687976598739624,
    -1.8697043657302856,
    -1.8704110383987427,
    -1.8722094297409058,
    -1.8741391897201538,
    -1.8760687112808228,
    -1.877877116203308,
    -1.8796641826629639,
    -1.8813642263412476,
    -1.8830417394638062,
    -1.8845597505569458,
    -1.886862874031067,
    -1.8909727334976196,
    -1.895653486251831,
    -1.9005647897720337,
    -1.9054815769195557,
    -1.910427451133728,
    -1.9154738187789917
  ]
}