{
  "arm": 43,
  "p": 0.263,
  "q": 0.851,
  "whittle": [
    -1.906991958618164,
    -1.902966022491455,
    -1.898587703704834,
    -1.8937615156173706,
    -1.888587474822998,
    -1.8827391862869263,
    -1.8770413398742676,
    -1.8715732097625732,
    -1.8686784505844116,
    -1.865963101387024,
    -1.863423466682434,
    -1.8609519004821777,
    -1.8578948974609375,
    -1.8543529510498047,
    -1.8507969379425049,
    -1.847213864326477,
    -1.8436568975448608,
    -1.840099811553955,
    -1.8365634679794312,
    -1.8330538272857666,
    -1.8290494680404663,
    -1.8240104913711548,
    -1.8179868459701538,
    -1.8134983777999878,
    -1.809423804283142,
    -1.8056868314743042,
    -1.8053052425384521,
    -1.807234287261963,
    -1.808720350265503,
    -1.8098475933074951,
    -1.810369610786438,
    -1.8101023435592651,
    -1.8097054958343506,
    -1.809342622756958,
    -1.8089429140090942,
    -1.8086943626403809,
    -1.807186245918274,
    -1.8051784038543701,
    -1.8026870489120483,
    -1.8007937669754028,
    -1.7997997999191284,
    -1.7996612787246704,
    -1.7997411489486694,
    -1.7987128496170044,
    -1.796980381011963,
    -1.7961313724517822,
    -1.7955889701843262,
    -1.7961779832839966,
    -1.796773910522461,
    -1.7978850603103638,
    -1.798552393913269,
    -1.7992773056030273,
    -1.8003212213516235,
    -1.8024460077285767,
    -1.8046828508377075,
    -1.8079575300216675,
    -1.8113255500793457,
    -1.8147765398025513,
    -1.8177469968795776,
    -1.8204057216644287,
    -1.8232096433639526,
    -1.8256381750106812,
    -1.8283233642578125,
    -1.8312883377075195,
    -1.8342186212539673,
    -1.8366577625274658,
    -1.8387694358825684,
    -1.8404154777526855,
    -1.8418985605239868,
    -1.8450682163238525,
    -1.8483667373657227,
    -1.8516651391983032,
    -1.8542677164077759,
    -1.8559209108352661,
    -1.8574986457824707,
    -1.8588162660598755,
    -1.858900547027588,
    -1.8589640855789185,
    -1.8602148294448853,
    -1.8620680570602417,
    -1.863542914390564,
    -1.8649171590805054,
    -1.8660820722579956,
    -1.867293357849121,
    -1.8685280084609985,
    -1.8703140020370483,
    -1.872315526008606,
    -1.8743195533752441,
    -1.87620210647583,
    -1.8779891729354858,
    -1.8796721696853638,
    -1.8813546895980835,
    -1.8828970193862915,
    -1.8849278688430786,
    -1.8892170190811157,
    -1.8940792083740234,
    -1.8989907503128052,
    -1.9039020538330078,
    -1.9088356494903564,
    -1.9138760566711426
  ]
}