{
  "arm": 75,
  "p": 0.256,
  "q": 0.535,
  "whittle": [
    -1.905832052230835,
    -1.9018468856811523,
    -1.89736008644104,
    -1.8926671743392944,
    -1.8875592947006226,
    -1.881887435913086,
    -1.8762378692626953,
    -1.8717316389083862,
    -1.868987798690796,
    -1.8662850856781006,
    -1.8637899160385132,
    -1.8613173961639404,
    -1.8581095933914185,
    -1.8545475006103516,
    -1.8509913682937622,
    -1.8474191427230835,
    -1.8438481092453003,
    -1.840291142463684,
    -1.8367537260055542,
    -1.8332464694976807,
    -1.829276442527771,
    -1.8242424726486206,
    -1.8180737495422363,
    -1.8135679960250854,
    -1.809504508972168,
    -1.8062121868133545,
    -1.8058191537857056,
    -1.8076690435409546,
    -1.8093217611312866,
    -1.8105684518814087,
    -1.8109686374664307,
    -1.8108434677124023,
    -1.8104337453842163,
    -1.8100776672363281,
    -1.809800386428833,
    -1.80953848361969,
    -1.808356761932373,
    -1.8061667680740356,
    -1.8038338422775269,
    -1.8017305135726929,
    -1.801106572151184,
    -1.801037073135376,
    -1.8010104894638062,
    -1.8001421689987183,
    -1.7985384464263916,
    -1.797879695892334,
    -1.7973119020462036,
    -1.7979243993759155,
    -1.7983548641204834,
    -1.799393653869629,
    -1.800060749053955,
    -1.800762414932251,
    -1.801611065864563,
    -1.8035451173782349,
    -1.8057475090026855,
    -1.8089561462402344,
    -1.8123384714126587,
    -1.8158055543899536,
    -1.8184654712677002,
    -1.8212217092514038,
    -1.8239315748214722,
    -1.8263604640960693,
    -1.8290913105010986,
    -1.832000732421875,
    -1.8349473476409912,
    -1.8374725580215454,
    -1.8395839929580688,
    -1.8413606882095337,
    -1.8431347608566284,
    -1.8465561866760254,
    -1.849854588508606,
    -1.853009819984436,
    -1.8551677465438843,
    -1.8567980527877808,
    -1.8584003448486328,
    -1.8591960668563843,
    -1.8592801094055176,
    -1.8593186140060425,
    -1.8601417541503906,
    -1.8619368076324463,
    -1.8633573055267334,
    -1.8647314310073853,
    -1.8659406900405884,
    -1.8670167922973633,
    -1.8678382635116577,
    -1.8695807456970215,
    -1.8715332746505737,
    -1.8735371828079224,
    -1.875451683998108,
    -1.8772386312484741,
    -1.878901720046997,
    -1.8805214166641235,
    -1.8820044994354248,
    -1.884389877319336,
    -1.8885687589645386,
    -1.8934190273284912,
    -1.8983304500579834,
    -1.9032418727874756,
    -1.9081677198410034,
    -1.9131982326507568
  ]
}