{
  "arm": 62,
  "p": 0.888,
  "q": 0.149,
  "whittle": [
    -1.9062600135803223,
    -1.9022274017333984,
    -1.8973942995071411,
    -1.892948031425476,
    -1.8880510330200195,
    -1.882868766784668,
    -1.8782744407653809,
    -1.8738150596618652,
    -1.8710097074508667,
    -1.8683056831359863,
    -1.8659652471542358,
    -1.8636318445205688,
    -1.8605135679244995,
    -1.856934905052185,
    -1.8534564971923828,
    -1.8499348163604736,
    -1.8463777303695679,
    -1.842820644378662,
    -1.8392637968063354,
    -1.8361583948135376,
    -1.8325238227844238,
    -1.827285647392273,
    -1.8213977813720703,
    -1.8171024322509766,
    -1.8130722045898438,
    -1.8102022409439087,
    -1.8102478981018066,
    -1.812016487121582,
    -1.813949704170227,
    -1.815177321434021,
    -1.8158724308013916,
    -1.8153800964355469,
    -1.8144266605377197,
    -1.8140276670455933,
    -1.8136872053146362,
    -1.813982605934143,
    -1.8134772777557373,
    -1.8116040229797363,
    -1.8093628883361816,
    -1.8071815967559814,
    -1.806376338005066,
    -1.8069132566452026,
    -1.8069525957107544,
    -1.8061639070510864,
    -1.8054405450820923,
    -1.8047817945480347,
    -1.8040910959243774,
    -1.805860161781311,
    -1.8063347339630127,
    -1.8066902160644531,
    -1.8073573112487793,
    -1.8081464767456055,
    -1.809355616569519,
    -1.8113888502120972,
    -1.81358003616333,
    -1.8161319494247437,
    -1.81942617893219,
    -1.8227388858795166,
    -1.8253024816513062,
    -1.827893853187561,
    -1.8305431604385376,
    -1.8329716920852661,
    -1.8351322412490845,
    -1.837571620941162,
    -1.8401902914047241,
    -1.8429009914398193,
    -1.8454509973526,
    -1.847277045249939,
    -1.849416971206665,
    -1.8529164791107178,
    -1.856276512145996,
    -1.858801245689392,
    -1.8608405590057373,
    -1.862471103668213,
    -1.8641016483306885,
    -1.865666389465332,
    -1.8657796382904053,
    -1.8658983707427979,
    -1.8662348985671997,
    -1.867155909538269,
    -1.8684660196304321,
    -1.8697502613067627,
    -1.870893955230713,
    -1.8715827465057373,
    -1.872154712677002,
    -1.873896837234497,
    -1.875826358795166,
    -1.8777562379837036,
    -1.8795158863067627,
    -1.8811849355697632,
    -1.8829180002212524,
    -1.8845947980880737,
    -1.8861781358718872,
    -1.8885875940322876,
    -1.8925272226333618,
    -1.8970694541931152,
    -1.9019813537597656,
    -1.9069138765335083,
    -1.9118596315383911,
    -1.9169293642044067
  ]
}