{
  "arm": 27,
  "p": 0.275,
  "q": 0.377,
  "whittle": [
    -1.905316948890686,
    -1.9013164043426514,
    -1.8967992067337036,
    -1.8921810388565063,
    -1.8870900869369507,
    -1.8815393447875977,
    -1.8760020732879639,
    -1.8718836307525635,
    -1.8691891431808472,
    -1.8665032386779785,
    -1.8640352487564087,
    -1.8615761995315552,
    -1.8582922220230103,
    -1.8547205924987793,
    -1.8511643409729004,
    -1.8476011753082275,
    -1.8440245389938354,
    -1.8404673337936401,
    -1.836928129196167,
    -1.8333877325057983,
    -1.8294148445129395,
    -1.8244792222976685,
    -1.8182289600372314,
    -1.8137245178222656,
    -1.8096662759780884,
    -1.8066033124923706,
    -1.806208848953247,
    -1.8080214262008667,
    -1.8097636699676514,
    -1.8109537363052368,
    -1.8114310503005981,
    -1.811292290687561,
    -1.8109104633331299,
    -1.810613751411438,
    -1.810333251953125,
    -1.8099452257156372,
    -1.8090656995773315,
    -1.8068091869354248,
    -1.8045470714569092,
    -1.8023388385772705,
    -1.8017653226852417,
    -1.8018656969070435,
    -1.8018254041671753,
    -1.8010143041610718,
    -1.7995799779891968,
    -1.7989212274551392,
    -1.7983390092849731,
    -1.798992395401001,
    -1.799331784248352,
    -1.8003394603729248,
    -1.801006555557251,
    -1.8016972541809082,
    -1.8025627136230469,
    -1.8043227195739746,
    -1.8065253496170044,
    -1.8096612691879272,
    -1.8130507469177246,
    -1.8164408206939697,
    -1.819034457206726,
    -1.8218214511871338,
    -1.824493646621704,
    -1.8269225358963013,
    -1.8296501636505127,
    -1.8325666189193726,
    -1.8354191780090332,
    -1.838051199913025,
    -1.8401628732681274,
    -1.841953158378601,
    -1.8439971208572388,
    -1.8474619388580322,
    -1.8507603406906128,
    -1.853742003440857,
    -1.8557519912719727,
    -1.8573826551437378,
    -1.8590129613876343,
    -1.8595956563949585,
    -1.8596811294555664,
    -1.8596985340118408,
    -1.8603382110595703,
    -1.862052321434021,
    -1.8634544610977173,
    -1.864841103553772,
    -1.8660519123077393,
    -1.8669755458831787,
    -1.8676713705062866,
    -1.8693974018096924,
    -1.8713270425796509,
    -1.8733196258544922,
    -1.8752466440200806,
    -1.877034306526184,
    -1.878687858581543,
    -1.8802618980407715,
    -1.8817411661148071,
    -1.8843135833740234,
    -1.8884114027023315,
    -1.8932456970214844,
    -1.8981568813323975,
    -1.9030685424804688,
    -1.907991886138916,
    -1.9130191802978516
  ]
}