{
  "arm": 39,
  "p": 0.163,
  "q": 0.495,
  "whittle": [
    -1.905420184135437,
    -1.9014416933059692,
    -1.8969367742538452,
    -1.8922781944274902,
    -1.88716721534729,
    -1.8814626932144165,
    -1.8758515119552612,
    -1.8714548349380493,
    -1.8687832355499268,
    -1.8660917282104492,
    -1.8635817766189575,
    -1.8611090183258057,
    -1.8578275442123413,
    -1.8542630672454834,
    -1.8507070541381836,
    -1.8471304178237915,
    -1.8435423374176025,
    -1.8399851322174072,
    -1.8364527225494385,
    -1.8329482078552246,
    -1.8289031982421875,
    -1.8238136768341064,
    -1.8176263570785522,
    -1.813080906867981,
    -1.8090181350708008,
    -1.8058042526245117,
    -1.8053370714187622,
    -1.8071151971817017,
    -1.80881929397583,
    -1.8100593090057373,
    -1.8103808164596558,
    -1.8103539943695068,
    -1.8100823163986206,
    -1.8097870349884033,
    -1.8095033168792725,
    -1.8091334104537964,
    -1.8079988956451416,
    -1.8056832551956177,
    -1.803407073020935,
    -1.8012751340866089,
    -1.8006664514541626,
    -1.8006349802017212,
    -1.800581693649292,
    -1.7996774911880493,
    -1.7980741262435913,
    -1.7974153757095337,
    -1.796852707862854,
    -1.7973031997680664,
    -1.79779052734375,
    -1.7988002300262451,
    -1.7994675636291504,
    -1.8001629114151,
    -1.8009923696517944,
    -1.8027498722076416,
    -1.8049582242965698,
    -1.8082243204116821,
    -1.8116258382797241,
    -1.8150898218154907,
    -1.8176997900009155,
    -1.820538878440857,
    -1.8231987953186035,
    -1.8256275653839111,
    -1.8284600973129272,
    -1.8314584493637085,
    -1.834383487701416,
    -1.8368743658065796,
    -1.8389856815338135,
    -1.8407723903656006,
    -1.8426560163497925,
    -1.846082329750061,
    -1.8493804931640625,
    -1.8525265455245972,
    -1.8546066284179688,
    -1.8562371730804443,
    -1.8578506708145142,
    -1.8583788871765137,
    -1.858463168144226,
    -1.858533501625061,
    -1.859399437904358,
    -1.8611794710159302,
    -1.8625558614730835,
    -1.8639299869537354,
    -1.8651764392852783,
    -1.8662047386169434,
    -1.8670200109481812,
    -1.8687384128570557,
    -1.8707231283187866,
    -1.8727266788482666,
    -1.8746570348739624,
    -1.8764441013336182,
    -1.878104329109192,
    -1.8796652555465698,
    -1.881144404411316,
    -1.8836778402328491,
    -1.887803554534912,
    -1.8926945924758911,
    -1.8976058959960938,
    -1.902517557144165,
    -1.9074348211288452,
    -1.9124598503112793
  ]
}