{
  "arm": 65,
  "p": 0.306,
  "q": 0.238,
  "whittle": [
    -1.904905080795288,
    -1.9008756875991821,
    -1.8963207006454468,
    -1.8917922973632812,
    -1.886717438697815,
    -1.8812819719314575,
    -1.8761205673217773,
    -1.8719159364700317,
    -1.86940336227417,
    -1.8667314052581787,
    -1.8642908334732056,
    -1.861864686012268,
    -1.8585008382797241,
    -1.854920506477356,
    -1.851385474205017,
    -1.8478103876113892,
    -1.8442307710647583,
    -1.840673804283142,
    -1.8371320962905884,
    -1.8335376977920532,
    -1.8297752141952515,
    -1.824758529663086,
    -1.818436622619629,
    -1.8139384984970093,
    -1.8098810911178589,
    -1.8070213794708252,
    -1.8066366910934448,
    -1.8084229230880737,
    -1.8102421760559082,
    -1.8113720417022705,
    -1.8119120597839355,
    -1.8117755651474,
    -1.8113991022109985,
    -1.8111522197723389,
    -1.8108651638031006,
    -1.8103891611099243,
    -1.8097676038742065,
    -1.8074688911437988,
    -1.8052300214767456,
    -1.8029634952545166,
    -1.8024338483810425,
    -1.8026841878890991,
    -1.8026998043060303,
    -1.8018819093704224,
    -1.8006024360656738,
    -1.7999436855316162,
    -1.7993477582931519,
    -1.8000181913375854,
    -1.8003102540969849,
    -1.801298975944519,
    -1.8019599914550781,
    -1.802641749382019,
    -1.8035331964492798,
    -1.8051517009735107,
    -1.8073537349700928,
    -1.8104161024093628,
    -1.8138072490692139,
    -1.8170760869979858,
    -1.8196676969528198,
    -1.8224713802337646,
    -1.8251159191131592,
    -1.8275448083877563,
    -1.8302513360977173,
    -1.833167314529419,
    -1.8359339237213135,
    -1.8386447429656982,
    -1.84078049659729,
    -1.8425893783569336,
    -1.8448580503463745,
    -1.8483588695526123,
    -1.8516596555709839,
    -1.8544836044311523,
    -1.8563696146011353,
    -1.8580002784729004,
    -1.8596305847167969,
    -1.8600801229476929,
    -1.8601683378219604,
    -1.8601735830307007,
    -1.8606624603271484,
    -1.8622685670852661,
    -1.8636606931686401,
    -1.8650600910186768,
    -1.8662463426589966,
    -1.8670532703399658,
    -1.8676384687423706,
    -1.8693519830703735,
    -1.8712815046310425,
    -1.8732388019561768,
    -1.8751755952835083,
    -1.8769629001617432,
    -1.8786087036132812,
    -1.8801456689834595,
    -1.8816251754760742,
    -1.8843709230422974,
    -1.8883788585662842,
    -1.893191933631897,
    -1.8981033563613892,
    -1.90301513671875,
    -1.9079382419586182,
    -1.912962794303894
  ]
}