{
  "arm": 46,
  "p": 0.863,
  "q": 0.702,
  "whittle": [
    -1.9080909490585327,
    -1.9041554927825928,
    -1.8996033668518066,
    -1.8948355913162231,
    -1.88979172706604,
    -1.8844151496887207,
    -1.8785638809204102,
    -1.8736683130264282,
    -1.8703629970550537,
    -1.867647409439087,
    -1.8652281761169434,
    -1.8627897500991821,
    -1.860019326210022,
    -1.8564690351486206,
    -1.8529131412506104,
    -1.849466323852539,
    -1.8459093570709229,
    -1.8423521518707275,
    -1.8388144969940186,
    -1.8357219696044922,
    -1.8317301273345947,
    -1.8271273374557495,
    -1.821028709411621,
    -1.8167794942855835,
    -1.8127628564834595,
    -1.809056282043457,
    -1.8091254234313965,
    -1.8110260963439941,
    -1.812632441520691,
    -1.8138200044631958,
    -1.8149032592773438,
    -1.8136340379714966,
    -1.812994122505188,
    -1.8126310110092163,
    -1.8121695518493652,
    -1.8121311664581299,
    -1.811173915863037,
    -1.8095396757125854,
    -1.807239294052124,
    -1.8050578832626343,
    -1.8042246103286743,
    -1.804174542427063,
    -1.8042227029800415,
    -1.8036140203475952,
    -1.8021039962768555,
    -1.8014451265335083,
    -1.8007267713546753,
    -1.80242121219635,
    -1.803167700767517,
    -1.8037333488464355,
    -1.8044006824493408,
    -1.805282473564148,
    -1.807008981704712,
    -1.809081792831421,
    -1.8112819194793701,
    -1.8140257596969604,
    -1.8173103332519531,
    -1.8207266330718994,
    -1.823697805404663,
    -1.8262892961502075,
    -1.8289464712142944,
    -1.8313754796981812,
    -1.833577275276184,
    -1.836060881614685,
    -1.838895559310913,
    -1.8415402173995972,
    -1.8436863422393799,
    -1.8452798128128052,
    -1.8468328714370728,
    -1.8501065969467163,
    -1.853405237197876,
    -1.8565491437911987,
    -1.8589369058609009,
    -1.8606932163238525,
    -1.862270712852478,
    -1.863847255706787,
    -1.8647396564483643,
    -1.8649346828460693,
    -1.8652883768081665,
    -1.8668566942214966,
    -1.8683958053588867,
    -1.8697150945663452,
    -1.8709020614624023,
    -1.8719160556793213,
    -1.8729884624481201,
    -1.8748767375946045,
    -1.8768067359924316,
    -1.8787363767623901,
    -1.8804327249526978,
    -1.8822431564331055,
    -1.884065866470337,
    -1.8857568502426147,
    -1.887369990348816,
    -1.8890904188156128,
    -1.8933850526809692,
    -1.8979660272598267,
    -1.902877688407898,
    -1.907820463180542,
    -1.9127663373947144,
    -1.917833685874939
  ]
}