{
  "arm": 34,
  "p": 0.713,
  "q": 0.821,
  "whittle": [
    -1.9081573486328125,
    -1.904142141342163,
    -1.8997050523757935,
    -1.8948813676834106,
    -1.8897466659545898,
    -1.884210228919983,
    -1.8783588409423828,
    -1.8730309009552002,
    -1.8698538541793823,
    -1.8671385049819946,
    -1.8646899461746216,
    -1.862230896949768,
    -1.8594266176223755,
    -1.8558835983276367,
    -1.8523277044296265,
    -1.8488471508026123,
    -1.8452903032302856,
    -1.8417329788208008,
    -1.8381760120391846,
    -1.8350189924240112,
    -1.8310662508010864,
    -1.8262770175933838,
    -1.8202369213104248,
    -1.8159313201904297,
    -1.8118951320648193,
    -1.808188557624817,
    -1.8080259561538696,
    -1.8099538087844849,
    -1.8115370273590088,
    -1.812635064125061,
    -1.8136759996414185,
    -1.8125410079956055,
    -1.8119834661483765,
    -1.8116207122802734,
    -1.8111510276794434,
    -1.8109618425369263,
    -1.809801459312439,
    -1.808159351348877,
    -1.805812120437622,
    -1.8036911487579346,
    -1.802748680114746,
    -1.8026318550109863,
    -1.8027504682540894,
    -1.8020062446594238,
    -1.8003095388412476,
    -1.7996509075164795,
    -1.7989935874938965,
    -1.8004262447357178,
    -1.8011271953582764,
    -1.801865577697754,
    -1.8025327920913696,
    -1.8033374547958374,
    -1.8050287961959839,
    -1.8071202039718628,
    -1.8093194961547852,
    -1.812232255935669,
    -1.8155354261398315,
    -1.8189594745635986,
    -1.822007417678833,
    -1.8245985507965088,
    -1.8273093700408936,
    -1.8297380208969116,
    -1.832047939300537,
    -1.8346699476242065,
    -1.8375047445297241,
    -1.8401662111282349,
    -1.8422284126281738,
    -1.8438054323196411,
    -1.8453304767608643,
    -1.8484491109848022,
    -1.8517473936080933,
    -1.8550457954406738,
    -1.8574578762054443,
    -1.859254002571106,
    -1.860831379890442,
    -1.8624049425125122,
    -1.863095760345459,
    -1.863324522972107,
    -1.863917589187622,
    -1.8656787872314453,
    -1.8672178983688354,
    -1.868550181388855,
    -1.8697190284729004,
    -1.8708550930023193,
    -1.8720375299453735,
    -1.8739112615585327,
    -1.875840663909912,
    -1.8777704238891602,
    -1.8795521259307861,
    -1.881339430809021,
    -1.8831663131713867,
    -1.884857416152954,
    -1.8864679336547852,
    -1.8881231546401978,
    -1.8924977779388428,
    -1.8971526622772217,
    -1.902064323425293,
    -1.9069979190826416,
    -1.9119436740875244,
    -1.917006015777588
  ]
}