{
  "arm": 21,
  "p": 0.425,
  "q": 0.515,
  "whittle": [
    -1.906246542930603,
    -1.9022583961486816,
    -1.8977619409561157,
    -1.8930590152740479,
    -1.8879659175872803,
    -1.88241708278656,
    -1.8767105340957642,
    -1.872288465499878,
    -1.8694490194320679,
    -1.8667359352111816,
    -1.8642815351486206,
    -1.8618080615997314,
    -1.8586912155151367,
    -1.855128526687622,
    -1.8515722751617432,
    -1.848024606704712,
    -1.8444675207138062,
    -1.8409104347229004,
    -1.837363839149475,
    -1.8339087963104248,
    -1.8299891948699951,
    -1.8251054286956787,
    -1.8189220428466797,
    -1.81448495388031,
    -1.8104232549667358,
    -1.8071248531341553,
    -1.8068573474884033,
    -1.8087083101272583,
    -1.8104238510131836,
    -1.811622977256775,
    -1.8122273683547974,
    -1.8119004964828491,
    -1.8112987279891968,
    -1.810911774635315,
    -1.810603380203247,
    -1.8105695247650146,
    -1.8093611001968384,
    -1.8073481321334839,
    -1.8049620389938354,
    -1.8028455972671509,
    -1.8022233247756958,
    -1.8021841049194336,
    -1.8021841049194336,
    -1.8014198541641235,
    -1.7999097108840942,
    -1.7992510795593262,
    -1.7986671924591064,
    -1.7995699644088745,
    -1.7999898195266724,
    -1.8009320497512817,
    -1.8015989065170288,
    -1.802304983139038,
    -1.8033329248428345,
    -1.8053327798843384,
    -1.8075352907180786,
    -1.810595154762268,
    -1.813949465751648,
    -1.817389965057373,
    -1.8200870752334595,
    -1.822719931602478,
    -1.8254928588867188,
    -1.8279213905334473,
    -1.8304568529129028,
    -1.8332916498184204,
    -1.8361707925796509,
    -1.8388139009475708,
    -1.8409255743026733,
    -1.8426626920700073,
    -1.8444311618804932,
    -1.8478683233261108,
    -1.8511667251586914,
    -1.8542410135269165,
    -1.8564492464065552,
    -1.8580799102783203,
    -1.8596785068511963,
    -1.8608111143112183,
    -1.8608956336975098,
    -1.8608673810958862,
    -1.861569881439209,
    -1.8632909059524536,
    -1.864776372909546,
    -1.8661010265350342,
    -1.8673040866851807,
    -1.8683388233184814,
    -1.8691385984420776,
    -1.870913028717041,
    -1.8728426694869995,
    -1.8747963905334473,
    -1.876690149307251,
    -1.8784775733947754,
    -1.880140781402588,
    -1.8818155527114868,
    -1.883322834968567,
    -1.8856008052825928,
    -1.8897842168807983,
    -1.8945562839508057,
    -1.8994678258895874,
    -1.90437912940979,
    -1.9093178510665894,
    -1.9143565893173218
  ]
}