{
  "arm": 35,
  "p": 0.213,
  "q": 0.14,
  "whittle": [
    -1.904283881187439,
    -1.9002307653427124,
    -1.8956714868545532,
    -1.8912057876586914,
    -1.8861355781555176,
    -1.8807154893875122,
    -1.875779151916504,
    -1.8717111349105835,
    -1.8692543506622314,
    -1.8665872812271118,
    -1.864153265953064,
    -1.8617454767227173,
    -1.8582570552825928,
    -1.8546762466430664,
    -1.8511502742767334,
    -1.8475645780563354,
    -1.8439644575119019,
    -1.8404076099395752,
    -1.836870551109314,
    -1.8332208395004272,
    -1.8294955492019653,
    -1.8243813514709473,
    -1.8180317878723145,
    -1.8134711980819702,
    -1.8094054460525513,
    -1.8067208528518677,
    -1.8062983751296997,
    -1.807955026626587,
    -1.8098582029342651,
    -1.8109443187713623,
    -1.8114324808120728,
    -1.8114076852798462,
    -1.8112468719482422,
    -1.8110369443893433,
    -1.8107202053070068,
    -1.81000816822052,
    -1.8096191883087158,
    -1.807175874710083,
    -1.8049370050430298,
    -1.8027242422103882,
    -1.8021925687789917,
    -1.8025424480438232,
    -1.802536964416504,
    -1.8016886711120605,
    -1.8004688024520874,
    -1.7998100519180298,
    -1.7992013692855835,
    -1.799643635749817,
    -1.8000469207763672,
    -1.8010077476501465,
    -1.8016546964645386,
    -1.8023260831832886,
    -1.8032159805297852,
    -1.8046354055404663,
    -1.8067739009857178,
    -1.8098890781402588,
    -1.813292145729065,
    -1.8164539337158203,
    -1.8190456628799438,
    -1.8219492435455322,
    -1.8245275020599365,
    -1.8269561529159546,
    -1.8297735452651978,
    -1.8327832221984863,
    -1.8354942798614502,
    -1.8382049798965454,
    -1.8403416872024536,
    -1.8421709537506104,
    -1.8446463346481323,
    -1.8481472730636597,
    -1.8514682054519653,
    -1.8542215824127197,
    -1.8559726476669312,
    -1.8576033115386963,
    -1.8592333793640137,
    -1.85934317111969,
    -1.8594331741333008,
    -1.8595023155212402,
    -1.8598835468292236,
    -1.8614615201950073,
    -1.8628357648849487,
    -1.8642480373382568,
    -1.8653892278671265,
    -1.8661925792694092,
    -1.866765022277832,
    -1.8683854341506958,
    -1.8703153133392334,
    -1.8722946643829346,
    -1.8742531538009644,
    -1.8760405778884888,
    -1.877679705619812,
    -1.8791377544403076,
    -1.8806116580963135,
    -1.8835575580596924,
    -1.8875041007995605,
    -1.89235520362854,
    -1.8972668647766113,
    -1.9021782875061035,
    -1.9070919752120972,
    -1.9121087789535522
  ]
}