{
  "arm": 70,
  "p": 0.806,
  "q": 0.86,
  "whittle": [
    -1.9084731340408325,
    -1.9045428037643433,
    -1.9000929594039917,
    -1.8952505588531494,
    -1.8901278972625732,
    -1.8846327066421509,
    -1.8787811994552612,
    -1.8732867240905762,
    -1.8700482845306396,
    -1.8673328161239624,
    -1.8648866415023804,
    -1.8624399900436401,
    -1.8597089052200317,
    -1.8561686277389526,
    -1.8526127338409424,
    -1.849153757095337,
    -1.8455969095230103,
    -1.8420398235321045,
    -1.8384894132614136,
    -1.8353866338729858,
    -1.8314274549484253,
    -1.8267062902450562,
    -1.8206844329833984,
    -1.816417932510376,
    -1.8123983144760132,
    -1.8086916208267212,
    -1.8085083961486816,
    -1.8104466199874878,
    -1.8119760751724243,
    -1.8131394386291504,
    -1.8142846822738647,
    -1.8129940032958984,
    -1.8123503923416138,
    -1.811987280845642,
    -1.8115183115005493,
    -1.811303734779358,
    -1.810214877128601,
    -1.8085899353027344,
    -1.806298017501831,
    -1.8041497468948364,
    -1.803163766860962,
    -1.8030657768249512,
    -1.8031721115112305,
    -1.8024754524230957,
    -1.8007794618606567,
    -1.8001208305358887,
    -1.7994178533554077,
    -1.8009921312332153,
    -1.8017463684082031,
    -1.8024638891220093,
    -1.8031312227249146,
    -1.8040060997009277,
    -1.8058300018310547,
    -1.8079190254211426,
    -1.8101179599761963,
    -1.8129630088806152,
    -1.816251516342163,
    -1.8196746110916138,
    -1.822775959968567,
    -1.8253670930862427,
    -1.8280444145202637,
    -1.8304731845855713,
    -1.8327410221099854,
    -1.8352596759796143,
    -1.8380944728851318,
    -1.8407671451568604,
    -1.842782735824585,
    -1.8443633317947388,
    -1.8458911180496216,
    -1.8489277362823486,
    -1.8522262573242188,
    -1.8555244207382202,
    -1.8579519987106323,
    -1.8598066568374634,
    -1.8613840341567993,
    -1.862957239151001,
    -1.8639377355575562,
    -1.8641866445541382,
    -1.8647007942199707,
    -1.8664358854293823,
    -1.8679746389389038,
    -1.8693174123764038,
    -1.8704826831817627,
    -1.8715952634811401,
    -1.8728535175323486,
    -1.874751329421997,
    -1.8766809701919556,
    -1.878610610961914,
    -1.8803443908691406,
    -1.882165789604187,
    -1.8840014934539795,
    -1.8856924772262573,
    -1.887325406074524,
    -1.8889318704605103,
    -1.8932609558105469,
    -1.897875189781189,
    -1.9027868509292603,
    -1.907728672027588,
    -1.9126743078231812,
    -1.9177426099777222
  ]
}