{
  "arm": 44,
  "p": 0.662,
  "q": 0.169,
  "whittle": [
    -1.9056812524795532,
    -1.9016468524932861,
    -1.8969166278839111,
    -1.8924553394317627,
    -1.8874850273132324,
    -1.8823015689849854,
    -1.8774384260177612,
    -1.872982144355774,
    -1.870399832725525,
    -1.867709994316101,
    -1.865348219871521,
    -1.8629668951034546,
    -1.8597421646118164,
    -1.8561629056930542,
    -1.8526647090911865,
    -1.8491113185882568,
    -1.845553994178772,
    -1.8419967889785767,
    -1.8384398221969604,
    -1.8350685834884644,
    -1.8315576314926147,
    -1.826467752456665,
    -1.8202499151229858,
    -1.815878987312317,
    -1.8118300437927246,
    -1.8089938163757324,
    -1.8088713884353638,
    -1.810643196105957,
    -1.8126192092895508,
    -1.813723087310791,
    -1.8144304752349854,
    -1.8141160011291504,
    -1.813286542892456,
    -1.81288743019104,
    -1.8126325607299805,
    -1.8126686811447144,
    -1.8120317459106445,
    -1.8100459575653076,
    -1.807775855064392,
    -1.8055944442749023,
    -1.8048784732818604,
    -1.8053339719772339,
    -1.8053679466247559,
    -1.8046268224716187,
    -1.803645133972168,
    -1.8029861450195312,
    -1.8023532629013062,
    -1.8036984205245972,
    -1.8040698766708374,
    -1.8046667575836182,
    -1.8053337335586548,
    -1.8060227632522583,
    -1.8071722984313965,
    -1.809017300605774,
    -1.811215877532959,
    -1.8139662742614746,
    -1.8172918558120728,
    -1.8205592632293701,
    -1.823150396347046,
    -1.8257417678833008,
    -1.8284716606140137,
    -1.8309005498886108,
    -1.8331854343414307,
    -1.8358708620071411,
    -1.8385684490203857,
    -1.8412795066833496,
    -1.8436800241470337,
    -1.8455110788345337,
    -1.8477126359939575,
    -1.8512134552001953,
    -1.854554533958435,
    -1.8571802377700806,
    -1.8591456413269043,
    -1.8607758283615112,
    -1.8624064922332764,
    -1.8635175228118896,
    -1.8636090755462646,
    -1.8636419773101807,
    -1.8640077114105225,
    -1.8651673793792725,
    -1.866639256477356,
    -1.8679249286651611,
    -1.8691308498382568,
    -1.8698058128356934,
    -1.8703782558441162,
    -1.8721009492874146,
    -1.874030351638794,
    -1.8759602308273315,
    -1.8777549266815186,
    -1.8795133829116821,
    -1.8811780214309692,
    -1.8828476667404175,
    -1.88433039188385,
    -1.8869322538375854,
    -1.8908889293670654,
    -1.8955358266830444,
    -1.9004472494125366,
    -1.9053623676300049,
    -1.9103080034255981,
    -1.9153587818145752
  ]
}