{
  "arm": 40,
  "p": 0.562,
  "q": 0.762,
  "whittle": [
    -1.9075318574905396,
    -1.9035072326660156,
    -1.8990919589996338,
    -1.8942723274230957,
    -1.889141321182251,
    -1.8835358619689941,
    -1.8777447938919067,
    -1.8725887537002563,
    -1.869533658027649,
    -1.8668180704116821,
    -1.8643584251403809,
    -1.861885905265808,
    -1.8589645624160767,
    -1.8554177284240723,
    -1.851861596107483,
    -1.8483463525772095,
    -1.8447892665863037,
    -1.841232180595398,
    -1.8376790285110474,
    -1.834392786026001,
    -1.8304684162139893,
    -1.8255807161331177,
    -1.819508671760559,
    -1.8151384592056274,
    -1.8110772371292114,
    -1.8073774576187134,
    -1.8072348833084106,
    -1.8091460466384888,
    -1.8107800483703613,
    -1.811842679977417,
    -1.8127055168151855,
    -1.811818242073059,
    -1.8113782405853271,
    -1.8110154867172241,
    -1.8105446100234985,
    -1.8104063272476196,
    -1.8091685771942139,
    -1.807444453239441,
    -1.8050076961517334,
    -1.8029332160949707,
    -1.8020695447921753,
    -1.8019312620162964,
    -1.8020360469818115,
    -1.8012241125106812,
    -1.799522042274475,
    -1.7988635301589966,
    -1.7982802391052246,
    -1.7993961572647095,
    -1.800003170967102,
    -1.8008726835250854,
    -1.8015398979187012,
    -1.8022685050964355,
    -1.8037112951278687,
    -1.8058075904846191,
    -1.808006763458252,
    -1.8110311031341553,
    -1.8143582344055176,
    -1.8177837133407593,
    -1.8207489252090454,
    -1.8233405351638794,
    -1.8261052370071411,
    -1.8285338878631592,
    -1.8309131860733032,
    -1.8337020874023438,
    -1.836552381515503,
    -1.8391786813735962,
    -1.8412904739379883,
    -1.842885971069336,
    -1.8444061279296875,
    -1.8476510047912598,
    -1.8509492874145508,
    -1.8542476892471313,
    -1.856650710105896,
    -1.8583436012268066,
    -1.8599210977554321,
    -1.861495018005371,
    -1.861833930015564,
    -1.8619105815887451,
    -1.8626441955566406,
    -1.8644511699676514,
    -1.8659896850585938,
    -1.8673065900802612,
    -1.8684799671173096,
    -1.8696560859680176,
    -1.870721459388733,
    -1.8725563287734985,
    -1.874485969543457,
    -1.8764238357543945,
    -1.8782753944396973,
    -1.8800626993179321,
    -1.8818225860595703,
    -1.883512258529663,
    -1.885087013244629,
    -1.8869267702102661,
    -1.8912665843963623,
    -1.895987629890442,
    -1.9008994102478027,
    -1.9058196544647217,
    -1.910765528678894,
    -1.915818452835083
  ]
}