{
  "arm": 79,
  "p": 0.131,
  "q": 0.89,
  "whittle": [
    -1.9067522287368774,
    -1.9027260541915894,
    -1.8983532190322876,
    -1.8935246467590332,
    -1.8882379531860352,
    -1.8823868036270142,
    -1.8768244981765747,
    -1.8711252212524414,
    -1.868301272392273,
    -1.8655856847763062,
    -1.863011121749878,
    -1.8605401515960693,
    -1.857422947883606,
    -1.853882908821106,
    -1.8503268957138062,
    -1.846727967262268,
    -1.8431569337844849,
    -1.839599609375,
    -1.8360710144042969,
    -1.8325506448745728,
    -1.828241229057312,
    -1.8232026100158691,
    -1.817386507987976,
    -1.8127740621566772,
    -1.8086977005004883,
    -1.8049437999725342,
    -1.80445396900177,
    -1.80633544921875,
    -1.8078113794326782,
    -1.8089674711227417,
    -1.8093411922454834,
    -1.8093698024749756,
    -1.8089677095413208,
    -1.8086047172546387,
    -1.8082497119903564,
    -1.8080179691314697,
    -1.806311845779419,
    -1.804179072380066,
    -1.801718831062317,
    -1.7998502254486084,
    -1.7988216876983643,
    -1.798660397529602,
    -1.7987334728240967,
    -1.7976053953170776,
    -1.7958730459213257,
    -1.7949270009994507,
    -1.7943991422653198,
    -1.794758915901184,
    -1.7954763174057007,
    -1.796567678451538,
    -1.7972348928451538,
    -1.7979615926742554,
    -1.7988616228103638,
    -1.8009575605392456,
    -1.8033286333084106,
    -1.8066012859344482,
    -1.809988021850586,
    -1.8134582042694092,
    -1.8164222240447998,
    -1.8191710710525513,
    -1.821932077407837,
    -1.8243608474731445,
    -1.827178716659546,
    -1.830223560333252,
    -1.8331891298294067,
    -1.8355460166931152,
    -1.8376572132110596,
    -1.8393255472183228,
    -1.8407959938049316,
    -1.843929409980774,
    -1.8472281694412231,
    -1.8505264520645142,
    -1.8532166481018066,
    -1.854852557182312,
    -1.8564300537109375,
    -1.8575217723846436,
    -1.8576059341430664,
    -1.8577231168746948,
    -1.8591774702072144,
    -1.861016035079956,
    -1.8624435663223267,
    -1.8638180494308472,
    -1.8650238513946533,
    -1.866235375404358,
    -1.8675593137741089,
    -1.8693821430206299,
    -1.8713858127593994,
    -1.8733899593353271,
    -1.8752857446670532,
    -1.8770731687545776,
    -1.8787565231323242,
    -1.8804014921188354,
    -1.8819293975830078,
    -1.8840657472610474,
    -1.8883247375488281,
    -1.8932361602783203,
    -1.898147702217102,
    -1.9030593633651733,
    -1.9079829454421997,
    -1.9130176305770874
  ]
}