{
  "arm": 20,
  "p": 0.625,
  "q": 0.248,
  "whittle": [
    -1.9058598279953003,
    -1.901841163635254,
    -1.8971550464630127,
    -1.892641544342041,
    -1.8876428604125977,
    -1.8824069499969482,
    -1.877299427986145,
    -1.8728431463241577,
    -1.870227575302124,
    -1.8675310611724854,
    -1.8651551008224487,
    -1.8627480268478394,
    -1.859562873840332,
    -1.8559839725494385,
    -1.8524705171585083,
    -1.8489246368408203,
    -1.845367193222046,
    -1.8418103456497192,
    -1.8382530212402344,
    -1.8347892761230469,
    -1.8312565088272095,
    -1.8263376951217651,
    -1.8200194835662842,
    -1.8156527280807495,
    -1.8116014003753662,
    -1.808656096458435,
    -1.8085129261016846,
    -1.8103030920028687,
    -1.812225341796875,
    -1.8133633136749268,
    -1.8140853643417358,
    -1.8137221336364746,
    -1.812915325164795,
    -1.8125102519989014,
    -1.8122447729110718,
    -1.8122987747192383,
    -1.8114997148513794,
    -1.8095430135726929,
    -1.8072481155395508,
    -1.8050669431686401,
    -1.8043783903121948,
    -1.8047224283218384,
    -1.8047561645507812,
    -1.8040608167648315,
    -1.8029195070266724,
    -1.8022606372833252,
    -1.8016372919082642,
    -1.8029106855392456,
    -1.8033018112182617,
    -1.803959608078003,
    -1.8046269416809082,
    -1.8053200244903564,
    -1.8064616918563843,
    -1.808349609375,
    -1.8105489015579224,
    -1.813354730606079,
    -1.8166850805282593,
    -1.8200187683105469,
    -1.8226101398468018,
    -1.8252017498016357,
    -1.8279447555541992,
    -1.8303734064102173,
    -1.8326822519302368,
    -1.835408091545105,
    -1.8381403684616089,
    -1.8408511877059937,
    -1.8431814908981323,
    -1.8449939489364624,
    -1.84708571434021,
    -1.8505864143371582,
    -1.8539040088653564,
    -1.8566261529922485,
    -1.8586540222167969,
    -1.860284686088562,
    -1.8619149923324585,
    -1.8630601167678833,
    -1.8631502389907837,
    -1.863154649734497,
    -1.8635468482971191,
    -1.8648360967636108,
    -1.8663582801818848,
    -1.8676464557647705,
    -1.8688524961471558,
    -1.8696074485778809,
    -1.8701891899108887,
    -1.8719686269760132,
    -1.8738985061645508,
    -1.8758279085159302,
    -1.8776193857192993,
    -1.8794068098068237,
    -1.881076693534851,
    -1.8827481269836426,
    -1.8842391967773438,
    -1.8867554664611816,
    -1.8907636404037476,
    -1.895431399345398,
    -1.9003428220748901,
    -1.905256748199463,
    -1.9102026224136353,
    -1.9152498245239258
  ]
}