{
  "arm": 22,
  "p": 0.825,
  "q": 0.781,
  "whittle": [
    -1.9082626104354858,
    -1.9043219089508057,
    -1.8998245000839233,
    -1.8950194120407104,
    -1.8899332284927368,
    -1.884491205215454,
    -1.878639817237854,
    -1.8734084367752075,
    -1.8701813220977783,
    -1.867465853691101,
    -1.8650323152542114,
    -1.8625885248184204,
    -1.8598322868347168,
    -1.8562870025634766,
    -1.8527311086654663,
    -1.849276065826416,
    -1.8457189798355103,
    -1.8421618938446045,
    -1.838610291481018,
    -1.8355234861373901,
    -1.8315398693084717,
    -1.8268663883209229,
    -1.8208091259002686,
    -1.8165481090545654,
    -1.812528133392334,
    -1.808821201324463,
    -1.8087605237960815,
    -1.8106799125671387,
    -1.8122507333755493,
    -1.8134201765060425,
    -1.8145427703857422,
    -1.8132535219192505,
    -1.8126252889633179,
    -1.8122625350952148,
    -1.8117971420288086,
    -1.8116655349731445,
    -1.8106367588043213,
    -1.809005856513977,
    -1.8067048788070679,
    -1.8045237064361572,
    -1.803632378578186,
    -1.8035575151443481,
    -1.8036088943481445,
    -1.8029781579971313,
    -1.8013712167739868,
    -1.80071222782135,
    -1.8000060319900513,
    -1.8016273975372314,
    -1.8023709058761597,
    -1.8030177354812622,
    -1.8036848306655884,
    -1.8045570850372314,
    -1.8063238859176636,
    -1.8084040880203247,
    -1.8106049299240112,
    -1.8134063482284546,
    -1.8166941404342651,
    -1.820115566253662,
    -1.8231483697891235,
    -1.825739860534668,
    -1.8284105062484741,
    -1.8308393955230713,
    -1.8330793380737305,
    -1.8355902433395386,
    -1.8384251594543457,
    -1.8411051034927368,
    -1.843165636062622,
    -1.8447520732879639,
    -1.846291422843933,
    -1.8494489192962646,
    -1.8527472019195557,
    -1.855996012687683,
    -1.858376145362854,
    -1.8601813316345215,
    -1.8617585897445679,
    -1.8633335828781128,
    -1.8642446994781494,
    -1.864467740058899,
    -1.864897608757019,
    -1.8665701150894165,
    -1.8681089878082275,
    -1.8694396018981934,
    -1.8706154823303223,
    -1.87168288230896,
    -1.8728458881378174,
    -1.8747366666793823,
    -1.87666654586792,
    -1.8785959482192993,
    -1.8803142309188843,
    -1.8821290731430054,
    -1.883958339691162,
    -1.8856492042541504,
    -1.8872705698013306,
    -1.8889094591140747,
    -1.8932528495788574,
    -1.8978546857833862,
    -1.9027663469314575,
    -1.9077080488204956,
    -1.9126535654067993,
    -1.9177206754684448
  ]
}