{
  "arm": 6,
  "p": 0.8,
  "q": 0.544,
  "whittle": [
    -1.9074310064315796,
    -1.903426170349121,
    -1.89881432056427,
    -1.8941216468811035,
    -1.889110803604126,
    -1.883784532546997,
    -1.8779411315917969,
    -1.8734769821166992,
    -1.8703726530075073,
    -1.8676573038101196,
    -1.8652547597885132,
    -1.86281156539917,
    -1.8599269390106201,
    -1.8563668727874756,
    -1.8528178930282593,
    -1.849348783493042,
    -1.8457918167114258,
    -1.8422346115112305,
    -1.8386776447296143,
    -1.8354755640029907,
    -1.8316011428833008,
    -1.8269537687301636,
    -1.820776343345642,
    -1.816494345664978,
    -1.8124629259109497,
    -1.8090146780014038,
    -1.8090307712554932,
    -1.8108922243118286,
    -1.8126150369644165,
    -1.8137856721878052,
    -1.814754605293274,
    -1.813712477684021,
    -1.8130487203598022,
    -1.8126858472824097,
    -1.812229037284851,
    -1.8123639822006226,
    -1.8114063739776611,
    -1.8097296953201294,
    -1.8073753118515015,
    -1.8051940202713013,
    -1.8044968843460083,
    -1.8044939041137695,
    -1.804539442062378,
    -1.8039119243621826,
    -1.8025351762771606,
    -1.801876425743103,
    -1.8011986017227173,
    -1.8028008937835693,
    -1.803421139717102,
    -1.803981065750122,
    -1.8046479225158691,
    -1.8054563999176025,
    -1.806958556175232,
    -1.809028148651123,
    -1.8112276792526245,
    -1.8139750957489014,
    -1.817273497581482,
    -1.8206790685653687,
    -1.823503851890564,
    -1.8260953426361084,
    -1.8287752866744995,
    -1.8312040567398071,
    -1.8334290981292725,
    -1.8359793424606323,
    -1.8387281894683838,
    -1.841438889503479,
    -1.8436833620071411,
    -1.8453267812728882,
    -1.8469910621643066,
    -1.8504226207733154,
    -1.8537213802337646,
    -1.856702208518982,
    -1.8590857982635498,
    -1.8607155084609985,
    -1.8622931241989136,
    -1.8638707399368286,
    -1.8643549680709839,
    -1.8645132780075073,
    -1.8648754358291626,
    -1.866312861442566,
    -1.867851734161377,
    -1.8691434860229492,
    -1.8703492879867554,
    -1.8713185787200928,
    -1.8721716403961182,
    -1.8740261793136597,
    -1.875955581665039,
    -1.8778854608535767,
    -1.8796114921569824,
    -1.8813884258270264,
    -1.8831779956817627,
    -1.8848674297332764,
    -1.8864411115646362,
    -1.8884251117706299,
    -1.8926202058792114,
    -1.8972216844558716,
    -1.9021334648132324,
    -1.907067894935608,
    -1.9120136499404907,
    -1.9170762300491333
  ]
}