{
  "arm": 93,
  "p": 0.481,
  "q": 0.488,
  "whittle": [
    -1.9063104391098022,
    -1.902323603630066,
    -1.8977941274642944,
    -1.893119215965271,
    -1.888033151626587,
    -1.8825395107269287,
    -1.8768168687820435,
    -1.8724842071533203,
    -1.8696210384368896,
    -1.8669071197509766,
    -1.8644691705703735,
    -1.8619953393936157,
    -1.8588995933532715,
    -1.8553353548049927,
    -1.8517789840698242,
    -1.8482438325881958,
    -1.844686508178711,
    -1.8411296606063843,
    -1.8375797271728516,
    -1.83414626121521,
    -1.830233097076416,
    -1.8254095315933228,
    -1.8192108869552612,
    -1.8147953748703003,
    -1.8107351064682007,
    -1.8074650764465332,
    -1.807237148284912,
    -1.809082269668579,
    -1.81083083152771,
    -1.8120213747024536,
    -1.8126863241195679,
    -1.812257170677185,
    -1.81163489818573,
    -1.8112488985061646,
    -1.810926914215088,
    -1.8109577894210815,
    -1.8097721338272095,
    -1.807806372642517,
    -1.8054332733154297,
    -1.8032782077789307,
    -1.8026633262634277,
    -1.8026573657989502,
    -1.802692174911499,
    -1.801938772201538,
    -1.8004804849624634,
    -1.7998216152191162,
    -1.7992305755615234,
    -1.8002318143844604,
    -1.8006665706634521,
    -1.8015425205230713,
    -1.802209734916687,
    -1.8029155731201172,
    -1.8039973974227905,
    -1.8060005903244019,
    -1.8082026243209839,
    -1.811205506324768,
    -1.8145525455474854,
    -1.8179855346679688,
    -1.8206754922866821,
    -1.8232725858688354,
    -1.8260606527328491,
    -1.8284896612167358,
    -1.8309340476989746,
    -1.8337689638137817,
    -1.8366200923919678,
    -1.839314579963684,
    -1.8414260149002075,
    -1.8431580066680908,
    -1.8449543714523315,
    -1.8484021425247192,
    -1.8517005443572998,
    -1.854726791381836,
    -1.856931447982788,
    -1.8585621118545532,
    -1.8601632118225098,
    -1.8613746166229248,
    -1.861459493637085,
    -1.8614393472671509,
    -1.8620628118515015,
    -1.8637349605560303,
    -1.8652385473251343,
    -1.8665446043014526,
    -1.8677505254745483,
    -1.8687522411346436,
    -1.8695284128189087,
    -1.871310830116272,
    -1.8732404708862305,
    -1.8751698732376099,
    -1.8770558834075928,
    -1.8788431882858276,
    -1.8805183172225952,
    -1.8821940422058105,
    -1.8837056159973145,
    -1.8859835863113403,
    -1.890148639678955,
    -1.894893765449524,
    -1.8998050689697266,
    -1.9047167301177979,
    -1.9096589088439941,
    -1.9146997928619385
  ]
}