{
  "arm": 71,
  "p": 0.156,
  "q": 0.179,
  "whittle": [
    -1.904260277748108,
    -1.9002139568328857,
    -1.8956602811813354,
    -1.8911834955215454,
    -1.886106014251709,
    -1.8806359767913818,
    -1.8755675554275513,
    -1.8716124296188354,
    -1.8690681457519531,
    -1.866400957107544,
    -1.8639482259750366,
    -1.8615285158157349,
    -1.8580390214920044,
    -1.8544578552246094,
    -1.850921630859375,
    -1.8473405838012695,
    -1.843733787536621,
    -1.8401767015457153,
    -1.8366427421569824,
    -1.8330016136169434,
    -1.8291656970977783,
    -1.8240615129470825,
    -1.8177130222320557,
    -1.8131507635116577,
    -1.809085488319397,
    -1.8063533306121826,
    -1.8059271574020386,
    -1.8075240850448608,
    -1.8094207048416138,
    -1.810523271560669,
    -1.8109534978866577,
    -1.81097412109375,
    -1.8108874559402466,
    -1.8106775283813477,
    -1.810377836227417,
    -1.80959153175354,
    -1.809149980545044,
    -1.8066716194152832,
    -1.8044328689575195,
    -1.8022534847259521,
    -1.801705241203308,
    -1.8020107746124268,
    -1.8019640445709229,
    -1.8011069297790527,
    -1.7998225688934326,
    -1.799163818359375,
    -1.7985279560089111,
    -1.7988944053649902,
    -1.799371361732483,
    -1.8003278970718384,
    -1.8009757995605469,
    -1.8016480207443237,
    -1.8025234937667847,
    -1.803916096687317,
    -1.80605149269104,
    -1.8092340230941772,
    -1.8126389980316162,
    -1.8158271312713623,
    -1.8184185028076172,
    -1.821354627609253,
    -1.8239208459854126,
    -1.8263493776321411,
    -1.8292224407196045,
    -1.8322830200195312,
    -1.8350123167037964,
    -1.8376890420913696,
    -1.8398005962371826,
    -1.8416202068328857,
    -1.8440605401992798,
    -1.8475614786148071,
    -1.850868582725525,
    -1.8536831140518188,
    -1.8554490804672241,
    -1.8570797443389893,
    -1.858705759048462,
    -1.85875403881073,
    -1.8588427305221558,
    -1.8589167594909668,
    -1.8593708276748657,
    -1.860996127128601,
    -1.8623703718185425,
    -1.8637757301330566,
    -1.8649399280548096,
    -1.865786075592041,
    -1.8663588762283325,
    -1.8680051565170288,
    -1.8699407577514648,
    -1.8719443082809448,
    -1.8739064931869507,
    -1.8756935596466064,
    -1.8773350715637207,
    -1.8787788152694702,
    -1.880252480506897,
    -1.883182168006897,
    -1.8871550559997559,
    -1.8920339345932007,
    -1.8969454765319824,
    -1.9018570184707642,
    -1.9067686796188354,
    -1.911782145500183
  ]
}