{
  "arm": 12,
  "p": 0.65,
  "q": 0.485,
  "whittle": [
    -1.9067862033843994,
    -1.902794361114502,
    -1.8982038497924805,
    -1.8935396671295166,
    -1.8884960412979126,
    -1.8831136226654053,
    -1.8773852586746216,
    -1.8729407787322998,
    -1.870055079460144,
    -1.8673397302627563,
    -1.8649327754974365,
    -1.8624749183654785,
    -1.8594684600830078,
    -1.8559043407440186,
    -1.8523541688919067,
    -1.8488515615463257,
    -1.84529447555542,
    -1.8417376279830933,
    -1.8381803035736084,
    -1.8348541259765625,
    -1.8309940099716187,
    -1.8262568712234497,
    -1.8200528621673584,
    -1.8157066106796265,
    -1.811650276184082,
    -1.8083465099334717,
    -1.8082455396652222,
    -1.8100907802581787,
    -1.8118987083435059,
    -1.8130348920822144,
    -1.8139011859893799,
    -1.8130857944488525,
    -1.8124581575393677,
    -1.8120852708816528,
    -1.811683177947998,
    -1.8118171691894531,
    -1.8107281923294067,
    -1.8089321851730347,
    -1.8065776824951172,
    -1.804396390914917,
    -1.8037357330322266,
    -1.8037824630737305,
    -1.8038225173950195,
    -1.8031365871429443,
    -1.8017551898956299,
    -1.8010965585708618,
    -1.800490140914917,
    -1.8017796277999878,
    -1.8022971153259277,
    -1.8029965162277222,
    -1.8036636114120483,
    -1.804375171661377,
    -1.8056617975234985,
    -1.8077255487442017,
    -1.8099260330200195,
    -1.812783122062683,
    -1.8161054849624634,
    -1.8195157051086426,
    -1.8222548961639404,
    -1.8248461484909058,
    -1.8275799751281738,
    -1.830008864402771,
    -1.8323135375976562,
    -1.8350191116333008,
    -1.8378067016601562,
    -1.8405177593231201,
    -1.8427209854125977,
    -1.844409465789795,
    -1.8461792469024658,
    -1.8496317863464355,
    -1.852929949760437,
    -1.855893611907959,
    -1.8581651449203491,
    -1.8597955703735352,
    -1.8613898754119873,
    -1.8629646301269531,
    -1.8630508184432983,
    -1.8631147146224976,
    -1.8635172843933105,
    -1.8650927543640137,
    -1.8666318655014038,
    -1.8679126501083374,
    -1.8691184520721436,
    -1.8700953722000122,
    -1.8708633184432983,
    -1.8726794719696045,
    -1.8746089935302734,
    -1.8765387535095215,
    -1.8783323764801025,
    -1.8801195621490479,
    -1.8818482160568237,
    -1.8835300207138062,
    -1.885068655014038,
    -1.88723623752594,
    -1.891396164894104,
    -1.8960638046264648,
    -1.9009753465652466,
    -1.9058969020843506,
    -1.9108425378799438,
    -1.9158921241760254
  ]
}