{
  "arm": 97,
  "p": 0.319,
  "q": 0.844,
  "whittle": [
    -1.9071276187896729,
    -1.9031010866165161,
    -1.8987237215042114,
    -1.8938905000686646,
    -1.8887213468551636,
    -1.8829134702682495,
    -1.8771967887878418,
    -1.8717578649520874,
    -1.868828296661377,
    -1.866112470626831,
    -1.8635870218276978,
    -1.8611149787902832,
    -1.8580878973007202,
    -1.8545455932617188,
    -1.8509893417358398,
    -1.847419023513794,
    -1.8438620567321777,
    -1.840304970741272,
    -1.836766004562378,
    -1.8332998752593994,
    -1.8293774127960205,
    -1.8243387937545776,
    -1.818268060684204,
    -1.8138020038604736,
    -1.8097283840179443,
    -1.8059991598129272,
    -1.8056496381759644,
    -1.8075778484344482,
    -1.8090862035751343,
    -1.8101977109909058,
    -1.810787558555603,
    -1.810389757156372,
    -1.8099963665008545,
    -1.809633731842041,
    -1.8092104196548462,
    -1.808936595916748,
    -1.8075203895568848,
    -1.8055713176727295,
    -1.8030873537063599,
    -1.8011646270751953,
    -1.8001811504364014,
    -1.8000431060791016,
    -1.8001306056976318,
    -1.799137830734253,
    -1.7974053621292114,
    -1.7965880632400513,
    -1.7960400581359863,
    -1.7967252731323242,
    -1.7972748279571533,
    -1.7983965873718262,
    -1.7990639209747314,
    -1.7997902631759644,
    -1.800919532775879,
    -1.8030396699905396,
    -1.8052253723144531,
    -1.8085002899169922,
    -1.8118606805801392,
    -1.8153029680252075,
    -1.8182852268218994,
    -1.8209033012390137,
    -1.8237277269363403,
    -1.8261566162109375,
    -1.8287838697433472,
    -1.8317171335220337,
    -1.834628939628601,
    -1.837103247642517,
    -1.8392151594161987,
    -1.8408474922180176,
    -1.8423365354537964,
    -1.845504879951477,
    -1.8488032817840576,
    -1.8521018028259277,
    -1.8546772003173828,
    -1.856345534324646,
    -1.8579230308532715,
    -1.8593521118164062,
    -1.859436273574829,
    -1.8594776391983032,
    -1.8606555461883545,
    -1.8625164031982422,
    -1.8640129566192627,
    -1.8653751611709595,
    -1.866533875465393,
    -1.8677444458007812,
    -1.8689581155776978,
    -1.8707547187805176,
    -1.872732162475586,
    -1.8747358322143555,
    -1.8766117095947266,
    -1.8783987760543823,
    -1.8800983428955078,
    -1.8817822933197021,
    -1.883332371711731,
    -1.8853082656860352,
    -1.88961923122406,
    -1.8944554328918457,
    -1.8993669748306274,
    -1.9042785167694092,
    -1.9092161655426025,
    -1.9142589569091797
  ]
}