{
  "arm": 10,
  "p": 0.75,
  "q": 0.663,
  "whittle": [
    -1.9077162742614746,
    -1.9036979675292969,
    -1.8991655111312866,
    -1.8944164514541626,
    -1.889354944229126,
    -1.8839240074157715,
    -1.87808096408844,
    -1.8732517957687378,
    -1.8701176643371582,
    -1.8674023151397705,
    -1.8649790287017822,
    -1.862525463104248,
    -1.8596694469451904,
    -1.8561168909072876,
    -1.8525608777999878,
    -1.8490880727767944,
    -1.8455308675765991,
    -1.8419737815856934,
    -1.8384168148040771,
    -1.835253119468689,
    -1.8312857151031494,
    -1.8265974521636963,
    -1.820481777191162,
    -1.816184163093567,
    -1.812148928642273,
    -1.8085352182388306,
    -1.808524250984192,
    -1.8104139566421509,
    -1.8120810985565186,
    -1.813200831413269,
    -1.8142530918121338,
    -1.8130892515182495,
    -1.8125289678573608,
    -1.8121662139892578,
    -1.8117036819458008,
    -1.8116967678070068,
    -1.8106402158737183,
    -1.8089848756790161,
    -1.8066190481185913,
    -1.8044378757476807,
    -1.8036900758743286,
    -1.8036106824874878,
    -1.8036576509475708,
    -1.803004503250122,
    -1.8014851808547974,
    -1.8008264303207397,
    -1.8001631498336792,
    -1.801666498184204,
    -1.802318811416626,
    -1.802964687347412,
    -1.8036320209503174,
    -1.8044300079345703,
    -1.8060064315795898,
    -1.808080792427063,
    -1.8102810382843018,
    -1.813109040260315,
    -1.8164116144180298,
    -1.819832444190979,
    -1.8227434158325195,
    -1.825334906578064,
    -1.8280324935913086,
    -1.8304613828659058,
    -1.8327187299728394,
    -1.8353239297866821,
    -1.8381417989730835,
    -1.8408342599868774,
    -1.8429754972457886,
    -1.8445755243301392,
    -1.8461241722106934,
    -1.8494842052459717,
    -1.8527823686599731,
    -1.8559190034866333,
    -1.8583132028579712,
    -1.8599966764450073,
    -1.8615740537643433,
    -1.8631505966186523,
    -1.8636939525604248,
    -1.8638770580291748,
    -1.864302158355713,
    -1.8659389019012451,
    -1.8674778938293457,
    -1.8687864542007446,
    -1.869976282119751,
    -1.8710224628448486,
    -1.8720136880874634,
    -1.8738740682601929,
    -1.8758034706115723,
    -1.8777333498001099,
    -1.8794841766357422,
    -1.881271481513977,
    -1.8830718994140625,
    -1.8847625255584717,
    -1.886350154876709,
    -1.888201355934143,
    -1.892473816871643,
    -1.8971045017242432,
    -1.9020158052444458,
    -1.9069488048553467,
    -1.911894679069519,
    -1.916954517364502
  ]
}