{
  "arm": 90,
  "p": 0.781,
  "q": 0.4,
  "whittle": [
    -1.9068570137023926,
    -1.9028713703155518,
    -1.8981784582138062,
    -1.8935664892196655,
    -1.8885815143585205,
    -1.8833421468734741,
    -1.8778719902038574,
    -1.873412013053894,
    -1.8704792261123657,
    -1.867763876914978,
    -1.8653795719146729,
    -1.8629666566848755,
    -1.8599718809127808,
    -1.8564026355743408,
    -1.852875828742981,
    -1.8493794202804565,
    -1.8458223342895508,
    -1.8422653675079346,
    -1.8387081623077393,
    -1.8354122638702393,
    -1.8317458629608154,
    -1.8269115686416626,
    -1.8207370042800903,
    -1.8164408206939697,
    -1.8124018907546997,
    -1.8091826438903809,
    -1.8091723918914795,
    -1.8109986782073975,
    -1.8128148317337036,
    -1.814019799232483,
    -1.814842700958252,
    -1.8140411376953125,
    -1.813298225402832,
    -1.8129241466522217,
    -1.8125015497207642,
    -1.8127723932266235,
    -1.811851978302002,
    -1.8100755214691162,
    -1.807757019996643,
    -1.805575966835022,
    -1.8048497438430786,
    -1.8050401210784912,
    -1.8050817251205444,
    -1.8044341802597046,
    -1.803214192390442,
    -1.8025555610656738,
    -1.801896572113037,
    -1.8034532070159912,
    -1.80399489402771,
    -1.8045333623886108,
    -1.8052008152008057,
    -1.805967926979065,
    -1.8072952032089233,
    -1.8093684911727905,
    -1.8115676641464233,
    -1.8142868280410767,
    -1.8175910711288452,
    -1.8209832906723022,
    -1.8236843347549438,
    -1.8262757062911987,
    -1.8289629220962524,
    -1.831391453742981,
    -1.8336211442947388,
    -1.836187720298767,
    -1.8389042615890503,
    -1.8416152000427246,
    -1.8439468145370483,
    -1.8456592559814453,
    -1.8475078344345093,
    -1.8509873151779175,
    -1.854285717010498,
    -1.857113242149353,
    -1.8593552112579346,
    -1.8609856367111206,
    -1.862589955329895,
    -1.8641674518585205,
    -1.86440110206604,
    -1.864511489868164,
    -1.8648732900619507,
    -1.86616051197052,
    -1.8676650524139404,
    -1.8689509630203247,
    -1.8701568841934204,
    -1.8710356950759888,
    -1.8717315196990967,
    -1.873563289642334,
    -1.8754931688308716,
    -1.87742280960083,
    -1.8791694641113281,
    -1.880926489830017,
    -1.8826789855957031,
    -1.8843622207641602,
    -1.8859065771102905,
    -1.8881044387817383,
    -1.8922072649002075,
    -1.8968110084533691,
    -1.9017225503921509,
    -1.9066522121429443,
    -1.9115980863571167,
    -1.916658639907837
  ]
}