{
  "arm": 86,
  "p": 0.831,
  "q": 0.281,
  "whittle": [
    -1.9065719842910767,
    -1.9025660753250122,
    -1.897805094718933,
    -1.893271565437317,
    -1.8883278369903564,
    -1.8831232786178589,
    -1.8780601024627686,
    -1.8736003637313843,
    -1.8707340955734253,
    -1.8680189847946167,
    -1.8656551837921143,
    -1.8632798194885254,
    -1.8602288961410522,
    -1.8566526174545288,
    -1.8531486988067627,
    -1.8496402502059937,
    -1.8460830450057983,
    -1.8425260782241821,
    -1.8389687538146973,
    -1.8357142210006714,
    -1.8321723937988281,
    -1.827086329460144,
    -1.8210314512252808,
    -1.8167506456375122,
    -1.8127156496047974,
    -1.8096625804901123,
    -1.809678077697754,
    -1.8114770650863647,
    -1.8133488893508911,
    -1.814604640007019,
    -1.8153263330459595,
    -1.8146644830703735,
    -1.813829779624939,
    -1.813443660736084,
    -1.8130604028701782,
    -1.8133772611618042,
    -1.8126181364059448,
    -1.8107954263687134,
    -1.8085134029388428,
    -1.8063322305679321,
    -1.8055596351623535,
    -1.8059234619140625,
    -1.8059636354446411,
    -1.8052496910095215,
    -1.8042640686035156,
    -1.803605556488037,
    -1.802931785583496,
    -1.804587721824646,
    -1.8050973415374756,
    -1.8055498600006104,
    -1.806217074394226,
    -1.8069939613342285,
    -1.808258295059204,
    -1.8103163242340088,
    -1.8125144243240356,
    -1.815154790878296,
    -1.8184527158737183,
    -1.8218296766281128,
    -1.8244447708129883,
    -1.8270360231399536,
    -1.8297053575515747,
    -1.8321340084075928,
    -1.8343313932418823,
    -1.8368430137634277,
    -1.8395087718963623,
    -1.8422197103500366,
    -1.8446545600891113,
    -1.8464208841323853,
    -1.8484077453613281,
    -1.8519024848937988,
    -1.8552242517471313,
    -1.8579084873199463,
    -1.8600538969039917,
    -1.8616845607757568,
    -1.8633091449737549,
    -1.8648864030838013,
    -1.8650381565093994,
    -1.8651498556137085,
    -1.8655118942260742,
    -1.8666259050369263,
    -1.8680390119552612,
    -1.869323968887329,
    -1.8705297708511353,
    -1.8712893724441528,
    -1.8718894720077515,
    -1.8737154006958008,
    -1.8756451606750488,
    -1.8775749206542969,
    -1.8793278932571411,
    -1.8810431957244873,
    -1.8827866315841675,
    -1.8844667673110962,
    -1.8859997987747192,
    -1.888327956199646,
    -1.8923535346984863,
    -1.8969289064407349,
    -1.901840090751648,
    -1.9067710638046265,
    -1.9117168188095093,
    -1.9167816638946533
  ]
}