{
  "arm": 41,
  "p": 0.363,
  "q": 0.317,
  "whittle": [
    -1.9053541421890259,
    -1.9013431072235107,
    -1.896793007850647,
    -1.8922163248062134,
    -1.8871382474899292,
    -1.8816851377487183,
    -1.8763290643692017,
    -1.8721050024032593,
    -1.869476556777954,
    -1.8667912483215332,
    -1.8643519878387451,
    -1.8619109392166138,
    -1.8586325645446777,
    -1.8550573587417603,
    -1.8515138626098633,
    -1.8479467630386353,
    -1.8443810939788818,
    -1.8408238887786865,
    -1.8372793197631836,
    -1.8337031602859497,
    -1.8299161195755005,
    -1.8249728679656982,
    -1.8186895847320557,
    -1.8142184019088745,
    -1.810163140296936,
    -1.8071705102920532,
    -1.806836485862732,
    -1.8086414337158203,
    -1.8104389905929565,
    -1.8116036653518677,
    -1.812170386314392,
    -1.81196129322052,
    -1.8114818334579468,
    -1.811167597770691,
    -1.8108919858932495,
    -1.8105876445770264,
    -1.8097783327102661,
    -1.807586669921875,
    -1.805319905281067,
    -1.803073525428772,
    -1.8025169372558594,
    -1.8026856184005737,
    -1.8027089834213257,
    -1.8019115924835205,
    -1.8005765676498413,
    -1.7999176979064941,
    -1.7993229627609253,
    -1.8001421689987183,
    -1.8004361391067505,
    -1.8013863563537598,
    -1.8020535707473755,
    -1.802742838859558,
    -1.8036799430847168,
    -1.8054373264312744,
    -1.807639241218567,
    -1.810680866241455,
    -1.8140580654144287,
    -1.8174103498458862,
    -1.8200020790100098,
    -1.8227390050888062,
    -1.8254296779632568,
    -1.827858567237854,
    -1.8304797410964966,
    -1.8333468437194824,
    -1.8361626863479614,
    -1.838873267173767,
    -1.8409974575042725,
    -1.842789649963379,
    -1.8449008464813232,
    -1.8483864068984985,
    -1.851684808731079,
    -1.8545719385147095,
    -1.8565595149993896,
    -1.8581899404525757,
    -1.8598206043243408,
    -1.8605048656463623,
    -1.8605923652648926,
    -1.8605704307556152,
    -1.8611199855804443,
    -1.8627456426620483,
    -1.864173412322998,
    -1.865543007850647,
    -1.8667486906051636,
    -1.8676036596298218,
    -1.8682491779327393,
    -1.8699849843978882,
    -1.871914267539978,
    -1.873861312866211,
    -1.8757826089859009,
    -1.8775697946548462,
    -1.879220962524414,
    -1.880817174911499,
    -1.8822966814041138,
    -1.8848931789398193,
    -1.8889508247375488,
    -1.893741488456726,
    -1.8986531496047974,
    -1.9035645723342896,
    -1.908493995666504,
    -1.913523554801941
  ]
}