{
  "arm": 23,
  "p": 0.175,
  "q": 0.337,
  "whittle": [
    -1.904884934425354,
    -1.900872826576233,
    -1.8963466882705688,
    -1.8917731046676636,
    -1.886679768562317,
    -1.8810901641845703,
    -1.8756335973739624,
    -1.8716330528259277,
    -1.8689663410186768,
    -1.8662923574447632,
    -1.8638079166412354,
    -1.8613526821136475,
    -1.8579870462417603,
    -1.8544124364852905,
    -1.8508565425872803,
    -1.8472886085510254,
    -1.843693494796753,
    -1.8401365280151367,
    -1.8366025686264038,
    -1.8330632448196411,
    -1.8290127515792847,
    -1.8240153789520264,
    -1.8177471160888672,
    -1.813199758529663,
    -1.8091423511505127,
    -1.806159257888794,
    -1.805692195892334,
    -1.8074214458465576,
    -1.8092172145843506,
    -1.8103889226913452,
    -1.8107929229736328,
    -1.8107597827911377,
    -1.8105251789093018,
    -1.810299277305603,
    -1.8100054264068604,
    -1.8094285726547241,
    -1.8086694478988647,
    -1.8062796592712402,
    -1.8040411472320557,
    -1.801841139793396,
    -1.8012820482254028,
    -1.8014196157455444,
    -1.8013380765914917,
    -1.8005008697509766,
    -1.799063801765442,
    -1.7984050512313843,
    -1.797828197479248,
    -1.7982470989227295,
    -1.798709750175476,
    -1.799688696861267,
    -1.8003536462783813,
    -1.8010379076004028,
    -1.801892876625061,
    -1.8034569025039673,
    -1.805659294128418,
    -1.8088678121566772,
    -1.8122738599777222,
    -1.8156075477600098,
    -1.818203330039978,
    -1.8210787773132324,
    -1.8236985206604004,
    -1.8261271715164185,
    -1.8289636373519897,
    -1.8319789171218872,
    -1.8348063230514526,
    -1.8373996019363403,
    -1.8395113945007324,
    -1.8413119316101074,
    -1.8434687852859497,
    -1.846937656402588,
    -1.850236177444458,
    -1.853210687637329,
    -1.8551400899887085,
    -1.856770634651184,
    -1.8584011793136597,
    -1.8587124347686768,
    -1.8587985038757324,
    -1.858850359916687,
    -1.8594802618026733,
    -1.8612197637557983,
    -1.8625940084457397,
    -1.8639830350875854,
    -1.8652204275131226,
    -1.866129994392395,
    -1.8667981624603271,
    -1.8684979677200317,
    -1.8704513311386108,
    -1.8724554777145386,
    -1.8743993043899536,
    -1.8761868476867676,
    -1.8778375387191772,
    -1.8793448209762573,
    -1.880824089050293,
    -1.883520245552063,
    -1.8875943422317505,
    -1.8924721479415894,
    -1.897383689880371,
    -1.9022951126098633,
    -1.907210111618042,
    -1.9122307300567627
  ]
}