{
  "arm": 48,
  "p": 0.537,
  "q": 0.525,
  "whittle": [
    -1.9066053628921509,
    -1.9026117324829102,
    -1.8980817794799805,
    -1.8933978080749512,
    -1.8883122205734253,
    -1.8828290700912476,
    -1.8770813941955566,
    -1.8726438283920288,
    -1.8697251081466675,
    -1.8670096397399902,
    -1.8645788431167603,
    -1.8621052503585815,
    -1.859059453010559,
    -1.8554974794387817,
    -1.8519412279129028,
    -1.848419427871704,
    -1.8448619842529297,
    -1.8413050174713135,
    -1.8377519845962524,
    -1.8343766927719116,
    -1.830452799797058,
    -1.8256561756134033,
    -1.8194752931594849,
    -1.8150845766067505,
    -1.8110229969024658,
    -1.8076868057250977,
    -1.8075047731399536,
    -1.8093585968017578,
    -1.8111071586608887,
    -1.8122656345367432,
    -1.8130137920379639,
    -1.8124033212661743,
    -1.8118151426315308,
    -1.8114384412765503,
    -1.8110707998275757,
    -1.8111094236373901,
    -1.8099383115768433,
    -1.8080549240112305,
    -1.8056782484054565,
    -1.8035125732421875,
    -1.8028846979141235,
    -1.8028531074523926,
    -1.8028907775878906,
    -1.8021578788757324,
    -1.8006863594055176,
    -1.80002760887146,
    -1.7994344234466553,
    -1.8005272150039673,
    -1.8010077476501465,
    -1.8018356561660767,
    -1.802502989768982,
    -1.8032134771347046,
    -1.80438232421875,
    -1.806431531906128,
    -1.8086329698562622,
    -1.8115997314453125,
    -1.814937710762024,
    -1.818359613418579,
    -1.8211044073104858,
    -1.8236958980560303,
    -1.8264697790145874,
    -1.8288984298706055,
    -1.83126699924469,
    -1.834091305732727,
    -1.836931586265564,
    -1.8396391868591309,
    -1.8417506217956543,
    -1.8434512615203857,
    -1.845184564590454,
    -1.8486248254776,
    -1.8519231081008911,
    -1.85496985912323,
    -1.8572328090667725,
    -1.8588634729385376,
    -1.860454797744751,
    -1.8618487119674683,
    -1.8619332313537598,
    -1.8619486093521118,
    -1.8625288009643555,
    -1.8641937971115112,
    -1.8657256364822388,
    -1.8670099973678589,
    -1.8682140111923218,
    -1.8692436218261719,
    -1.8700470924377441,
    -1.8718456029891968,
    -1.8737752437591553,
    -1.8757050037384033,
    -1.8775625228881836,
    -1.8793498277664185,
    -1.881050944328308,
    -1.88273024559021,
    -1.8842577934265137,
    -1.8864457607269287,
    -1.8906335830688477,
    -1.895354986190796,
    -1.9002665281295776,
    -1.905179738998413,
    -1.910125494003296,
    -1.915170431137085
  ]
}