{
  "arm": 50,
  "p": 0.738,
  "q": 0.347,
  "whittle": [
    -1.906542181968689,
    -1.9025479555130005,
    -1.8978500366210938,
    -1.8932723999023438,
    -1.8882859945297241,
    -1.8830550909042358,
    -1.8777143955230713,
    -1.8732556104660034,
    -1.870427131652832,
    -1.8677116632461548,
    -1.8653312921524048,
    -1.8629225492477417,
    -1.8598674535751343,
    -1.856294870376587,
    -1.8527737855911255,
    -1.8492616415023804,
    -1.845704436302185,
    -1.8421474695205688,
    -1.838590383529663,
    -1.8352380990982056,
    -1.8316285610198975,
    -1.826752781867981,
    -1.820543646812439,
    -1.8162273168563843,
    -1.8121800422668457,
    -1.8090583086013794,
    -1.8090102672576904,
    -1.8108237981796265,
    -1.8126862049102783,
    -1.8138917684555054,
    -1.8146497011184692,
    -1.8139694929122925,
    -1.813219666481018,
    -1.8128350973129272,
    -1.812462329864502,
    -1.8127163648605347,
    -1.8117982149124146,
    -1.8099650144577026,
    -1.8076562881469727,
    -1.805474877357483,
    -1.8047502040863037,
    -1.8050042390823364,
    -1.8050435781478882,
    -1.8043774366378784,
    -1.8031963109970093,
    -1.802537202835083,
    -1.801901936531067,
    -1.8033673763275146,
    -1.80386221408844,
    -1.804430603981018,
    -1.8050976991653442,
    -1.805825114250183,
    -1.8070977926254272,
    -1.8091288805007935,
    -1.8113280534744263,
    -1.8140676021575928,
    -1.8173788785934448,
    -1.8207693099975586,
    -1.8234158754348755,
    -1.8260072469711304,
    -1.8287097215652466,
    -1.8311386108398438,
    -1.833389401435852,
    -1.8359994888305664,
    -1.8387175798416138,
    -1.841428279876709,
    -1.8437697887420654,
    -1.8455147743225098,
    -1.8474390506744385,
    -1.850935935974121,
    -1.8542344570159912,
    -1.8570210933685303,
    -1.8591933250427246,
    -1.8608238697052002,
    -1.8624399900436401,
    -1.8639830350875854,
    -1.8640719652175903,
    -1.864152193069458,
    -1.864521861076355,
    -1.8657947778701782,
    -1.8673069477081299,
    -1.8685884475708008,
    -1.8697943687438965,
    -1.8706287145614624,
    -1.8712844848632812,
    -1.8731001615524292,
    -1.8750296831130981,
    -1.8769594430923462,
    -1.878719687461853,
    -1.8804830312728882,
    -1.882210373878479,
    -1.88388991355896,
    -1.8854174613952637,
    -1.887718915939331,
    -1.8917882442474365,
    -1.896409273147583,
    -1.9013206958770752,
    -1.9062459468841553,
    -1.9111915826797485,
    -1.9162487983703613
  ]
}