{
  "arm": 72,
  "p": 0.556,
  "q": 0.446,
  "whittle": [
    -1.9063750505447388,
    -1.9023910760879517,
    -1.897812008857727,
    -1.8931678533554077,
    -1.8881040811538696,
    -1.8826875686645508,
    -1.8770389556884766,
    -1.872677206993103,
    -1.8698573112487793,
    -1.8671427965164185,
    -1.8647276163101196,
    -1.8622667789459229,
    -1.859182596206665,
    -1.8556158542633057,
    -1.8520653247833252,
    -1.848541498184204,
    -1.844984531402588,
    -1.841427206993103,
    -1.837872862815857,
    -1.8344647884368896,
    -1.8306152820587158,
    -1.8258219957351685,
    -1.819600224494934,
    -1.8152135610580444,
    -1.8111552000045776,
    -1.8079315423965454,
    -1.8077560663223267,
    -1.8095916509628296,
    -1.8113876581192017,
    -1.812569260597229,
    -1.8133044242858887,
    -1.8127537965774536,
    -1.8120994567871094,
    -1.8117135763168335,
    -1.8113775253295898,
    -1.8114814758300781,
    -1.810344934463501,
    -1.8084392547607422,
    -1.8060849905014038,
    -1.803903579711914,
    -1.8032722473144531,
    -1.803346037864685,
    -1.8033822774887085,
    -1.8026607036590576,
    -1.801277995109558,
    -1.800619125366211,
    -1.8000177145004272,
    -1.8011516332626343,
    -1.8016034364700317,
    -1.8023897409439087,
    -1.8030568361282349,
    -1.8037620782852173,
    -1.8049129247665405,
    -1.8069169521331787,
    -1.8091177940368652,
    -1.8120430707931519,
    -1.8153804540634155,
    -1.8187955617904663,
    -1.8214772939682007,
    -1.8240686655044556,
    -1.8268357515335083,
    -1.829264760017395,
    -1.831619381904602,
    -1.8344217538833618,
    -1.8372337818145752,
    -1.8399447202682495,
    -1.842112421989441,
    -1.843841314315796,
    -1.8456822633743286,
    -1.849145770072937,
    -1.852444052696228,
    -1.85539972782135,
    -1.8575942516326904,
    -1.8592246770858765,
    -1.8608301877975464,
    -1.8621370792388916,
    -1.8622232675552368,
    -1.8622320890426636,
    -1.8627253770828247,
    -1.8643277883529663,
    -1.865855097770691,
    -1.8671408891677856,
    -1.8683465719223022,
    -1.8692988157272339,
    -1.8700392246246338,
    -1.8718310594558716,
    -1.8737610578536987,
    -1.8756903409957886,
    -1.8775326013565063,
    -1.8793199062347412,
    -1.8810099363327026,
    -1.8826870918273926,
    -1.8842028379440308,
    -1.886488914489746,
    -1.8906257152557373,
    -1.8953343629837036,
    -1.9002459049224854,
    -1.9051591157913208,
    -1.910104513168335,
    -1.915148138999939
  ]
}