{
  "arm": 63,
  "p": 0.106,
  "q": 0.416,
  "whittle": [
    -1.9049710035324097,
    -1.900974154472351,
    -1.8964601755142212,
    -1.8918542861938477,
    -1.8867491483688354,
    -1.8810672760009766,
    -1.8754799365997314,
    -1.8713771104812622,
    -1.8687100410461426,
    -1.8660320043563843,
    -1.863520622253418,
    -1.8610479831695557,
    -1.8576959371566772,
    -1.8541264533996582,
    -1.8505703210830688,
    -1.8469936847686768,
    -1.8433921337127686,
    -1.8398350477218628,
    -1.8363052606582642,
    -1.8327940702438354,
    -1.8286948204040527,
    -1.8235994577407837,
    -1.817373275756836,
    -1.8128033876419067,
    -1.808740496635437,
    -1.8056551218032837,
    -1.8051759004592896,
    -1.806854009628296,
    -1.8086227178573608,
    -1.8098275661468506,
    -1.8101329803466797,
    -1.8101681470870972,
    -1.8099995851516724,
    -1.8097717761993408,
    -1.8094762563705444,
    -1.8089680671691895,
    -1.807988166809082,
    -1.8055654764175415,
    -1.8033268451690674,
    -1.8011656999588013,
    -1.8005836009979248,
    -1.8006333112716675,
    -1.8005462884902954,
    -1.7996476888656616,
    -1.7981001138687134,
    -1.7974414825439453,
    -1.7968534231185913,
    -1.7971729040145874,
    -1.7977272272109985,
    -1.7987067699432373,
    -1.7993741035461426,
    -1.8000619411468506,
    -1.8008944988250732,
    -1.802464485168457,
    -1.8046972751617432,
    -1.8079687356948853,
    -1.8113746643066406,
    -1.8147594928741455,
    -1.8173656463623047,
    -1.8202711343765259,
    -1.8228851556777954,
    -1.8253140449523926,
    -1.8282140493392944,
    -1.831278681755066,
    -1.8341548442840576,
    -1.8366572856903076,
    -1.8387691974639893,
    -1.8405667543411255,
    -1.8426135778427124,
    -1.8460571765899658,
    -1.8493553400039673,
    -1.8524378538131714,
    -1.8544167280197144,
    -1.85604727268219,
    -1.857677698135376,
    -1.8579548597335815,
    -1.858039140701294,
    -1.8581243753433228,
    -1.8589311838150024,
    -1.860668659210205,
    -1.862043023109436,
    -1.8634209632873535,
    -1.8646937608718872,
    -1.8656646013259888,
    -1.8664090633392334,
    -1.8681057691574097,
    -1.8701003789901733,
    -1.8721044063568115,
    -1.8740499019622803,
    -1.875836968421936,
    -1.877492070198059,
    -1.8789942264556885,
    -1.8804731369018555,
    -1.8831572532653809,
    -1.8872333765029907,
    -1.892144799232483,
    -1.897056221961975,
    -1.9019677639007568,
    -1.906879186630249,
    -1.9118984937667847
  ]
}