{
  "arm": 91,
  "p": 0.281,
  "q": 0.666,
  "whittle": [
    -1.906376600265503,
    -1.9023736715316772,
    -1.8979332447052002,
    -1.893181324005127,
    -1.888058066368103,
    -1.8823165893554688,
    -1.8766390085220337,
    -1.8717373609542847,
    -1.8689231872558594,
    -1.8662077188491821,
    -1.8636990785598755,
    -1.8612265586853027,
    -1.8580948114395142,
    -1.8545411825180054,
    -1.8509849309921265,
    -1.847407579421997,
    -1.8438478708267212,
    -1.8402907848358154,
    -1.8367527723312378,
    -1.833239197731018,
    -1.8293317556381226,
    -1.8242895603179932,
    -1.8181474208831787,
    -1.8136578798294067,
    -1.809590220451355,
    -1.8060989379882812,
    -1.8057377338409424,
    -1.807623028755188,
    -1.8092111349105835,
    -1.8104010820388794,
    -1.8108787536621094,
    -1.8107154369354248,
    -1.8102350234985352,
    -1.8098571300506592,
    -1.8095420598983765,
    -1.8093160390853882,
    -1.807992935180664,
    -1.8059028387069702,
    -1.8034946918487549,
    -1.8014798164367676,
    -1.8007738590240479,
    -1.8006047010421753,
    -1.8006243705749512,
    -1.7997044324874878,
    -1.797978162765503,
    -1.7973192930221558,
    -1.7967603206634521,
    -1.7974004745483398,
    -1.7978826761245728,
    -1.7989563941955566,
    -1.799623727798462,
    -1.8003355264663696,
    -1.801268219947815,
    -1.8033133745193481,
    -1.8055099248886108,
    -1.8087494373321533,
    -1.8121203184127808,
    -1.8155771493911743,
    -1.818373441696167,
    -1.8210722208023071,
    -1.8238298892974854,
    -1.826258659362793,
    -1.8289496898651123,
    -1.8318678140640259,
    -1.8348411321640015,
    -1.8373030424118042,
    -1.8394147157669067,
    -1.841131329536438,
    -1.8427097797393799,
    -1.8460980653762817,
    -1.8493965864181519,
    -1.8526928424835205,
    -1.8549784421920776,
    -1.856608271598816,
    -1.8581857681274414,
    -1.8592461347579956,
    -1.859330415725708,
    -1.859370470046997,
    -1.8603460788726807,
    -1.862168788909912,
    -1.8636208772659302,
    -1.8649952411651611,
    -1.8661783933639526,
    -1.8673301935195923,
    -1.868299126625061,
    -1.870064377784729,
    -1.8720279932022095,
    -1.874031901359558,
    -1.8759301900863647,
    -1.87771737575531,
    -1.8793885707855225,
    -1.881042718887329,
    -1.8825538158416748,
    -1.8847671747207642,
    -1.8890012502670288,
    -1.8938462734222412,
    -1.898757815361023,
    -1.9036697149276733,
    -1.9085999727249146,
    -1.9136358499526978
  ]
}