{
  "arm": 74,
  "p": 0.756,
  "q": 0.268,
  "whittle": [
    -1.9063091278076172,
    -1.9022985696792603,
    -1.89756441116333,
    -1.8930388689041138,
    -1.8880752325057983,
    -1.8828738927841187,
    -1.877783179283142,
    -1.8733247518539429,
    -1.8705506324768066,
    -1.8678425550460815,
    -1.8654743432998657,
    -1.8630876541137695,
    -1.8599873781204224,
    -1.8564097881317139,
    -1.8529026508331299,
    -1.8493801355361938,
    -1.8458231687545776,
    -1.8422660827636719,
    -1.8387088775634766,
    -1.8353790044784546,
    -1.8318406343460083,
    -1.8268136978149414,
    -1.820663571357727,
    -1.816351056098938,
    -1.812304139137268,
    -1.8092975616455078,
    -1.8092554807662964,
    -1.8110510110855103,
    -1.812955379486084,
    -1.8141554594039917,
    -1.8148760795593262,
    -1.81430184841156,
    -1.813499093055725,
    -1.8131054639816284,
    -1.812766194343567,
    -1.8129891157150269,
    -1.8122148513793945,
    -1.810342788696289,
    -1.808056354522705,
    -1.8058749437332153,
    -1.8051246404647827,
    -1.8054907321929932,
    -1.8055286407470703,
    -1.8048208951950073,
    -1.80377995967865,
    -1.8031213283538818,
    -1.8024829626083374,
    -1.8039828538894653,
    -1.8044487237930298,
    -1.8049757480621338,
    -1.805643081665039,
    -1.8063668012619019,
    -1.8076016902923584,
    -1.8096036911010742,
    -1.811802625656128,
    -1.8145028352737427,
    -1.817812442779541,
    -1.8211934566497803,
    -1.8237792253494263,
    -1.8263707160949707,
    -1.8290667533874512,
    -1.8314956426620483,
    -1.833733320236206,
    -1.8363226652145386,
    -1.8390127420425415,
    -1.8417234420776367,
    -1.8441236019134521,
    -1.8459080457687378,
    -1.8479269742965698,
    -1.8514279127120972,
    -1.854748249053955,
    -1.8574451208114624,
    -1.8595472574234009,
    -1.8611775636672974,
    -1.8628075122833252,
    -1.8642619848251343,
    -1.8643522262573242,
    -1.8644260168075562,
    -1.8647977113723755,
    -1.865970492362976,
    -1.8674328327178955,
    -1.8687130212783813,
    -1.8699188232421875,
    -1.8706759214401245,
    -1.8712682723999023,
    -1.873077392578125,
    -1.875007152557373,
    -1.8769367933273315,
    -1.8787039518356323,
    -1.8804452419281006,
    -1.8821616172790527,
    -1.8838387727737427,
    -1.88535475730896,
    -1.8877540826797485,
    -1.8917726278305054,
    -1.8963814973831177,
    -1.901293158531189,
    -1.90621817111969,
    -1.9111636877059937,
    -1.9162218570709229
  ]
}