{
  "arm": 2,
  "p": 0.7,
  "q": 0.189,
  "whittle": [
    -1.9058630466461182,
    -1.9018337726593018,
    -1.8970948457717896,
    -1.89262056350708,
    -1.8876571655273438,
    -1.8824703693389893,
    -1.8775784969329834,
    -1.8731215000152588,
    -1.870479941368103,
    -1.8677849769592285,
    -1.865423560142517,
    -1.8630446195602417,
    -1.8598555326461792,
    -1.8562763929367065,
    -1.8527779579162598,
    -1.8492337465286255,
    -1.8456766605377197,
    -1.8421192169189453,
    -1.8385623693466187,
    -1.8352206945419312,
    -1.8317043781280518,
    -1.8266065120697021,
    -1.8204220533370972,
    -1.816076636314392,
    -1.8120276927947998,
    -1.8091539144515991,
    -1.8090617656707764,
    -1.8108388185501099,
    -1.8128093481063843,
    -1.8139301538467407,
    -1.8146394491195679,
    -1.8142869472503662,
    -1.8134212493896484,
    -1.8130161762237549,
    -1.8127436637878418,
    -1.8128505945205688,
    -1.8121836185455322,
    -1.8102315664291382,
    -1.8079599142074585,
    -1.8057787418365479,
    -1.8050458431243896,
    -1.8054908514022827,
    -1.8055250644683838,
    -1.8047881126403809,
    -1.8038136959075928,
    -1.8031548261642456,
    -1.8025197982788086,
    -1.803928017616272,
    -1.8043280839920044,
    -1.8048909902572632,
    -1.805558204650879,
    -1.806249737739563,
    -1.8074231147766113,
    -1.809328556060791,
    -1.811527132987976,
    -1.81425142288208,
    -1.8175705671310425,
    -1.820865273475647,
    -1.8234543800354004,
    -1.8260458707809448,
    -1.8287619352340698,
    -1.831190586090088,
    -1.8334559202194214,
    -1.8361021280288696,
    -1.8387908935546875,
    -1.8415018320083618,
    -1.8439147472381592,
    -1.845741629600525,
    -1.8478916883468628,
    -1.851392149925232,
    -1.8547303676605225,
    -1.8573635816574097,
    -1.8593645095825195,
    -1.8609951734542847,
    -1.8626255989074707,
    -1.8638463020324707,
    -1.8639378547668457,
    -1.8639851808547974,
    -1.8643525838851929,
    -1.8654965162277222,
    -1.8669637441635132,
    -1.8682382106781006,
    -1.8694440126419067,
    -1.8701332807540894,
    -1.8707056045532227,
    -1.8724528551101685,
    -1.8743823766708374,
    -1.8763121366500854,
    -1.8780982494354248,
    -1.8798458576202393,
    -1.8815271854400635,
    -1.8831992149353027,
    -1.8846917152404785,
    -1.8872395753860474,
    -1.891208291053772,
    -1.895838975906372,
    -1.9007505178451538,
    -1.9056689739227295,
    -1.9106147289276123,
    -1.9156684875488281
  ]
}