{
  "arm": 85,
  "p": 0.431,
  "q": 0.726,
  "whittle": [
    -1.9070247411727905,
    -1.903009295463562,
    -1.898598551750183,
    -1.8937935829162598,
    -1.888663649559021,
    -1.8829902410507202,
    -1.8772510290145874,
    -1.8721866607666016,
    -1.8692396879196167,
    -1.8665242195129395,
    -1.864040493965149,
    -1.8615680932998657,
    -1.8585524559020996,
    -1.8550028800964355,
    -1.8514468669891357,
    -1.8479018211364746,
    -1.8443444967269897,
    -1.8407871723175049,
    -1.8372414112091064,
    -1.833842158317566,
    -1.8299354314804077,
    -1.824981451034546,
    -1.8188706636428833,
    -1.8144453763961792,
    -1.8103762865066528,
    -1.8067653179168701,
    -1.8065221309661865,
    -1.8084226846694946,
    -1.8100308179855347,
    -1.8111492395401,
    -1.8118358850479126,
    -1.8112361431121826,
    -1.8108179569244385,
    -1.810455083847046,
    -1.81003737449646,
    -1.8098742961883545,
    -1.8085869550704956,
    -1.806697130203247,
    -1.8042562007904053,
    -1.802228569984436,
    -1.8014119863510132,
    -1.8012734651565552,
    -1.8013406991958618,
    -1.8004745244979858,
    -1.7987525463104248,
    -1.7980936765670776,
    -1.797526240348816,
    -1.7984157800674438,
    -1.798939824104309,
    -1.7999359369277954,
    -1.8006030321121216,
    -1.801324725151062,
    -1.8025109767913818,
    -1.8046125173568726,
    -1.806809425354004,
    -1.8099377155303955,
    -1.8132851123809814,
    -1.8167150020599365,
    -1.8196197748184204,
    -1.8222111463546753,
    -1.82502281665802,
    -1.8274513483047485,
    -1.8299778699874878,
    -1.8328258991241455,
    -1.8357369899749756,
    -1.8382800817489624,
    -1.8403918743133545,
    -1.8420404195785522,
    -1.8435542583465576,
    -1.8468841314315796,
    -1.8501828908920288,
    -1.8534812927246094,
    -1.8558926582336426,
    -1.8575083017349243,
    -1.8590857982635498,
    -1.8605700731277466,
    -1.8606544733047485,
    -1.86065673828125,
    -1.8615328073501587,
    -1.863389015197754,
    -1.864911675453186,
    -1.8662333488464355,
    -1.867409586906433,
    -1.8686184883117676,
    -1.8696095943450928,
    -1.8714134693145752,
    -1.8733428716659546,
    -1.8753291368484497,
    -1.8772015571594238,
    -1.8789888620376587,
    -1.8806986808776855,
    -1.8823825120925903,
    -1.8839293718338013,
    -1.8859084844589233,
    -1.8902270793914795,
    -1.8950064182281494,
    -1.8999179601669312,
    -1.9048296213150024,
    -1.909773349761963,
    -1.914818525314331
  ]
}