{
  "arm": 76,
  "p": 0.656,
  "q": 0.801,
  "whittle": [
    -1.9079431295394897,
    -1.9039103984832764,
    -1.8994826078414917,
    -1.8946608304977417,
    -1.889525294303894,
    -1.88396155834198,
    -1.8781317472457886,
    -1.8728694915771484,
    -1.8697305917739868,
    -1.8670151233673096,
    -1.8645648956298828,
    -1.8620977401733398,
    -1.859250545501709,
    -1.8557060956954956,
    -1.8521502017974854,
    -1.8486565351486206,
    -1.8450995683670044,
    -1.8415424823760986,
    -1.8379851579666138,
    -1.8347814083099365,
    -1.8308430910110474,
    -1.8260148763656616,
    -1.8199610710144043,
    -1.81563138961792,
    -1.8115856647491455,
    -1.8078792095184326,
    -1.8077232837677002,
    -1.8096455335617065,
    -1.8112595081329346,
    -1.8123178482055664,
    -1.8133026361465454,
    -1.8122613430023193,
    -1.811749815940857,
    -1.811387062072754,
    -1.810916781425476,
    -1.8107439279556274,
    -1.8095357418060303,
    -1.8078809976577759,
    -1.8055005073547363,
    -1.8033978939056396,
    -1.8024822473526,
    -1.8023492097854614,
    -1.8024760484695435,
    -1.8017003536224365,
    -1.7999993562698364,
    -1.799340844154358,
    -1.7987110614776611,
    -1.8000246286392212,
    -1.800696611404419,
    -1.8014795780181885,
    -1.8021466732025146,
    -1.802909255027771,
    -1.8045228719711304,
    -1.8066164255142212,
    -1.808815360069275,
    -1.8117711544036865,
    -1.8150831460952759,
    -1.8185080289840698,
    -1.8215265274047852,
    -1.8241180181503296,
    -1.8268489837646484,
    -1.8292781114578247,
    -1.8316142559051514,
    -1.8342992067337036,
    -1.8371342420578003,
    -1.8397870063781738,
    -1.8418768644332886,
    -1.8434512615203857,
    -1.8449742794036865,
    -1.8481367826461792,
    -1.8514351844787598,
    -1.8547334671020508,
    -1.8571444749832153,
    -1.8589036464691162,
    -1.8604809045791626,
    -1.8620545864105225,
    -1.862618327140808,
    -1.8627911806106567,
    -1.8634357452392578,
    -1.8652156591415405,
    -1.8667548894882202,
    -1.8680816888809204,
    -1.8692519664764404,
    -1.8704041242599487,
    -1.8715451955795288,
    -1.8734043836593628,
    -1.8753342628479004,
    -1.8772636651992798,
    -1.879075288772583,
    -1.8808624744415283,
    -1.8826642036437988,
    -1.8843553066253662,
    -1.8859529495239258,
    -1.887674331665039,
    -1.8920369148254395,
    -1.8967170715332031,
    -1.9016286134719849,
    -1.906557559967041,
    -1.9115030765533447,
    -1.916562557220459
  ]
}