{
  "arm": 29,
  "p": 0.475,
  "q": 0.199,
  "whittle": [
    -1.9052512645721436,
    -1.9012178182601929,
    -1.8965773582458496,
    -1.8920949697494507,
    -1.8870612382888794,
    -1.881761908531189,
    -1.8767462968826294,
    -1.8723114728927612,
    -1.8698824644088745,
    -1.8672025203704834,
    -1.8648054599761963,
    -1.8623969554901123,
    -1.8590943813323975,
    -1.8555147647857666,
    -1.851998209953308,
    -1.848420262336731,
    -1.8448634147644043,
    -1.8413060903549194,
    -1.8377548456192017,
    -1.834153413772583,
    -1.8306305408477783,
    -1.8256381750106812,
    -1.8192920684814453,
    -1.8148616552352905,
    -1.8108081817626953,
    -1.807969331741333,
    -1.8077083826065063,
    -1.8094865083694458,
    -1.8113833665847778,
    -1.8124982118606567,
    -1.8131895065307617,
    -1.8128997087478638,
    -1.8123103380203247,
    -1.8119940757751465,
    -1.8117220401763916,
    -1.8114826679229736,
    -1.810845136642456,
    -1.8087126016616821,
    -1.8064601421356201,
    -1.8042337894439697,
    -1.8036158084869385,
    -1.8039644956588745,
    -1.8039987087249756,
    -1.8032485246658325,
    -1.8020823001861572,
    -1.8014236688613892,
    -1.8008091449737549,
    -1.8018325567245483,
    -1.8021256923675537,
    -1.802927017211914,
    -1.8035926818847656,
    -1.8042774200439453,
    -1.8053059577941895,
    -1.8070098161697388,
    -1.8092104196548462,
    -1.8121228218078613,
    -1.8154826164245605,
    -1.8187451362609863,
    -1.8213365077972412,
    -1.8240220546722412,
    -1.8267245292663574,
    -1.8291534185409546,
    -1.8315885066986084,
    -1.834455132484436,
    -1.83719801902771,
    -1.8399085998535156,
    -1.8421741724014282,
    -1.8439948558807373,
    -1.846242070198059,
    -1.8497427701950073,
    -1.8530641794204712,
    -1.8557875156402588,
    -1.8577052354812622,
    -1.8593357801437378,
    -1.8609662055969238,
    -1.8617204427719116,
    -1.861810564994812,
    -1.8617563247680664,
    -1.862147569656372,
    -1.86361825466156,
    -1.8650720119476318,
    -1.8664181232452393,
    -1.8676244020462036,
    -1.8683525323867798,
    -1.8689253330230713,
    -1.8706433773040771,
    -1.8725732564926147,
    -1.8745027780532837,
    -1.8763725757598877,
    -1.8781596422195435,
    -1.8798046112060547,
    -1.8814135789871216,
    -1.8828929662704468,
    -1.885578989982605,
    -1.8895587921142578,
    -1.8942925930023193,
    -1.899203896522522,
    -1.9041155576705933,
    -1.9090511798858643,
    -1.9140853881835938
  ]
}