{
  "arm": 56,
  "p": 0.588,
  "q": 0.209,
  "whittle": [
    -1.9056124687194824,
    -1.901584506034851,
    -1.8969000577926636,
    -1.8924121856689453,
    -1.887410283088684,
    -1.8821772336959839,
    -1.8771636486053467,
    -1.8727084398269653,
    -1.8701682090759277,
    -1.8674789667129517,
    -1.8651055097579956,
    -1.8627004623413086,
    -1.8594660758972168,
    -1.8558868169784546,
    -1.852376937866211,
    -1.8488187789916992,
    -1.8452614545822144,
    -1.841704249382019,
    -1.8381472826004028,
    -1.8346672058105469,
    -1.831145167350769,
    -1.826194167137146,
    -1.8198504447937012,
    -1.8154667615890503,
    -1.8114166259765625,
    -1.8085365295410156,
    -1.8083617687225342,
    -1.8101426362991333,
    -1.81207275390625,
    -1.8131930828094482,
    -1.8139101266860962,
    -1.8135757446289062,
    -1.8128316402435303,
    -1.812451958656311,
    -1.8121923208236694,
    -1.8121473789215088,
    -1.8114278316497803,
    -1.809426188468933,
    -1.8071379661560059,
    -1.8049567937850952,
    -1.804282546043396,
    -1.8046607971191406,
    -1.8046948909759521,
    -1.8039844036102295,
    -1.8028663396835327,
    -1.8022074699401855,
    -1.801584243774414,
    -1.802798867225647,
    -1.8031529188156128,
    -1.8038381338119507,
    -1.8045053482055664,
    -1.805194616317749,
    -1.8063098192214966,
    -1.8081187009811401,
    -1.8103185892105103,
    -1.813141942024231,
    -1.8164801597595215,
    -1.819771409034729,
    -1.822363018989563,
    -1.8249592781066895,
    -1.827710509300232,
    -1.830139398574829,
    -1.8324668407440186,
    -1.8352302312850952,
    -1.8379656076431274,
    -1.8406765460968018,
    -1.8430070877075195,
    -1.8448275327682495,
    -1.847001314163208,
    -1.8505022525787354,
    -1.8538278341293335,
    -1.8565219640731812,
    -1.858496069908142,
    -1.8601268529891968,
    -1.8617569208145142,
    -1.8627673387527466,
    -1.862857460975647,
    -1.8628498315811157,
    -1.8632360696792603,
    -1.864529013633728,
    -1.8660305738449097,
    -1.8673365116119385,
    -1.8685423135757446,
    -1.869265079498291,
    -1.8698381185531616,
    -1.8715840578079224,
    -1.873514175415039,
    -1.8754435777664185,
    -1.8772523403167725,
    -1.8790395259857178,
    -1.8806895017623901,
    -1.8823565244674683,
    -1.8838361501693726,
    -1.8864314556121826,
    -1.8904155492782593,
    -1.8950982093811035,
    -1.9000097513198853,
    -1.904921293258667,
    -1.9098658561706543,
    -1.9149099588394165
  ]
}