{
  "arm": 60,
  "p": 0.688,
  "q": 0.564,
  "whittle": [
    -1.9071805477142334,
    -1.9031771421432495,
    -1.898614764213562,
    -1.8939127922058105,
    -1.888863444328308,
    -1.8834511041641235,
    -1.8776445388793945,
    -1.8730881214141846,
    -1.8700666427612305,
    -1.8673512935638428,
    -1.8649368286132812,
    -1.8624744415283203,
    -1.8595361709594727,
    -1.855977177619934,
    -1.8524211645126343,
    -1.8489338159561157,
    -1.8453766107559204,
    -1.8418195247650146,
    -1.8382623195648193,
    -1.835004448890686,
    -1.831068515777588,
    -1.8263760805130005,
    -1.8202115297317505,
    -1.8158842325210571,
    -1.8118361234664917,
    -1.8083971738815308,
    -1.8083314895629883,
    -1.8101962804794312,
    -1.811943769454956,
    -1.8130707740783691,
    -1.814021348953247,
    -1.8130531311035156,
    -1.8124526739120483,
    -1.8120899200439453,
    -1.811630129814148,
    -1.8117316961288452,
    -1.8106504678726196,
    -1.808924674987793,
    -1.8065532445907593,
    -1.804371953010559,
    -1.8037179708480835,
    -1.803664207458496,
    -1.8037068843841553,
    -1.8030333518981934,
    -1.8015880584716797,
    -1.8009291887283325,
    -1.800301432609558,
    -1.8016717433929443,
    -1.8022457361221313,
    -1.8029279708862305,
    -1.8035953044891357,
    -1.8043323755264282,
    -1.805749535560608,
    -1.8078182935714722,
    -1.8100188970565796,
    -1.8128687143325806,
    -1.8161832094192505,
    -1.81959867477417,
    -1.822412371635437,
    -1.8250041007995605,
    -1.8277238607406616,
    -1.8301526308059692,
    -1.83243989944458,
    -1.8351073265075684,
    -1.8379029035568237,
    -1.8406137228012085,
    -1.842791199684143,
    -1.8444340229034424,
    -1.8460942506790161,
    -1.8495203256607056,
    -1.8528188467025757,
    -1.855860710144043,
    -1.8582172393798828,
    -1.859847903251648,
    -1.861425757408142,
    -1.8630032539367676,
    -1.8632965087890625,
    -1.8633947372436523,
    -1.863810658454895,
    -1.8654171228408813,
    -1.8669559955596924,
    -1.8682459592819214,
    -1.8694477081298828,
    -1.8704752922058105,
    -1.8713234663009644,
    -1.8731578588485718,
    -1.8750873804092407,
    -1.8770170211791992,
    -1.8787950277328491,
    -1.880582332611084,
    -1.8823403120040894,
    -1.8840264081954956,
    -1.8855856657028198,
    -1.8876172304153442,
    -1.8918273448944092,
    -1.8964812755584717,
    -1.9013926982879639,
    -1.90631902217865,
    -1.911264419555664,
    -1.9163181781768799
  ]
}