{
  "arm": 51,
  "p": 0.238,
  "q": 0.614,
  "whittle": [
    -1.9060651063919067,
    -1.9020705223083496,
    -1.8976094722747803,
    -1.8928874731063843,
    -1.8877699375152588,
    -1.8820323944091797,
    -1.8763773441314697,
    -1.8716284036636353,
    -1.8688652515411377,
    -1.8661543130874634,
    -1.863643765449524,
    -1.8611713647842407,
    -1.8579894304275513,
    -1.8544328212738037,
    -1.8508763313293457,
    -1.8472989797592163,
    -1.8437294960021973,
    -1.8401724100112915,
    -1.8366364240646362,
    -1.8331257104873657,
    -1.8291717767715454,
    -1.8240820169448853,
    -1.8179535865783691,
    -1.8134442567825317,
    -1.809377908706665,
    -1.805972695350647,
    -1.805573582649231,
    -1.8074369430541992,
    -1.8090472221374512,
    -1.8102705478668213,
    -1.8106762170791626,
    -1.810566782951355,
    -1.8101544380187988,
    -1.8097798824310303,
    -1.8094980716705322,
    -1.8092719316482544,
    -1.8079557418823242,
    -1.8057891130447388,
    -1.8034238815307617,
    -1.8013731241226196,
    -1.8007242679595947,
    -1.8005695343017578,
    -1.8005660772323608,
    -1.7996461391448975,
    -1.7979543209075928,
    -1.7972955703735352,
    -1.7967357635498047,
    -1.7973086833953857,
    -1.7977956533432007,
    -1.7988481521606445,
    -1.7995153665542603,
    -1.800222396850586,
    -1.8010756969451904,
    -1.8030699491500854,
    -1.8052687644958496,
    -1.8085243701934814,
    -1.811905026435852,
    -1.815371036529541,
    -1.8181023597717285,
    -1.8208491802215576,
    -1.823574423789978,
    -1.826003074645996,
    -1.8287445306777954,
    -1.8316774368286133,
    -1.8346524238586426,
    -1.83711838722229,
    -1.8392300605773926,
    -1.8409804105758667,
    -1.8426427841186523,
    -1.8460421562194824,
    -1.849340558052063,
    -1.852590799331665,
    -1.854813814163208,
    -1.856444001197815,
    -1.8580327033996582,
    -1.8589153289794922,
    -1.8589998483657837,
    -1.8590518236160278,
    -1.8600044250488281,
    -1.8618106842041016,
    -1.863236904144287,
    -1.864611029624939,
    -1.8658161163330078,
    -1.8669281005859375,
    -1.8678538799285889,
    -1.869603157043457,
    -1.871576189994812,
    -1.8735802173614502,
    -1.8754888772964478,
    -1.8772761821746826,
    -1.878943920135498,
    -1.880573034286499,
    -1.8820674419403076,
    -1.884386420249939,
    -1.8885842561721802,
    -1.893446445465088,
    -1.8983579874038696,
    -1.9032695293426514,
    -1.9081958532333374,
    -1.913227915763855
  ]
}