{
  "arm": 30,
  "p": 0.875,
  "q": 0.465,
  "whittle": [
    -1.9073622226715088,
    -1.903364896774292,
    -1.8986841440200806,
    -1.894029974937439,
    -1.889059066772461,
    -1.8838220834732056,
    -1.8782235383987427,
    -1.8737558126449585,
    -1.8706482648849487,
    -1.867932915687561,
    -1.8655472993850708,
    -1.863136887550354,
    -1.8602380752563477,
    -1.8566731214523315,
    -1.8531426191329956,
    -1.849671721458435,
    -1.8461146354675293,
    -1.842557668685913,
    -1.8390004634857178,
    -1.8357986211776733,
    -1.8320778608322144,
    -1.8272557258605957,
    -1.8211795091629028,
    -1.816924810409546,
    -1.812902569770813,
    -1.8095495700836182,
    -1.809614896774292,
    -1.8114579916000366,
    -1.813204288482666,
    -1.814422845840454,
    -1.8153369426727295,
    -1.814366340637207,
    -1.8135985136032104,
    -1.813235878944397,
    -1.812784194946289,
    -1.8130171298980713,
    -1.812167763710022,
    -1.8104835748672485,
    -1.808158040046692,
    -1.8059766292572021,
    -1.8052343130111694,
    -1.8053553104400635,
    -1.8054009675979614,
    -1.804769515991211,
    -1.8035433292388916,
    -1.802884817123413,
    -1.8021776676177979,
    -1.803932547569275,
    -1.8045521974563599,
    -1.8050113916397095,
    -1.8056786060333252,
    -1.8065216541290283,
    -1.8079921007156372,
    -1.810081124305725,
    -1.8122798204421997,
    -1.814939022064209,
    -1.8182271718978882,
    -1.8216195106506348,
    -1.8243974447250366,
    -1.826988935470581,
    -1.8296421766281128,
    -1.83207106590271,
    -1.8342517614364624,
    -1.8367217779159546,
    -1.839421272277832,
    -1.8421322107315063,
    -1.8444652557373047,
    -1.8461419343948364,
    -1.8478894233703613,
    -1.8513463735580444,
    -1.8546446561813354,
    -1.8575090169906616,
    -1.85985267162323,
    -1.8614833354949951,
    -1.8630715608596802,
    -1.8646489381790161,
    -1.8652160167694092,
    -1.8653444051742554,
    -1.8657066822052002,
    -1.8669711351394653,
    -1.8684362173080444,
    -1.8697296380996704,
    -1.8709355592727661,
    -1.8718359470367432,
    -1.872607946395874,
    -1.874467372894287,
    -1.876396894454956,
    -1.8783267736434937,
    -1.8800499439239502,
    -1.8817836046218872,
    -1.883580207824707,
    -1.8852691650390625,
    -1.8868407011032104,
    -1.8888843059539795,
    -1.8930271863937378,
    -1.8975908756256104,
    -1.9025026559829712,
    -1.9074410200119019,
    -1.9123867750167847,
    -1.917455792427063
  ]
}