{
  "arm": 24,
  "p": 0.575,
  "q": 0.604,
  "whittle": [
    -1.9069995880126953,
    -1.9029947519302368,
    -1.898492455482483,
    -1.8937698602676392,
    -1.8886796236038208,
    -1.8831666707992554,
    -1.8773943185806274,
    -1.8727209568023682,
    -1.8697365522384644,
    -1.8670212030410767,
    -1.8645873069763184,
    -1.8621139526367188,
    -1.859127163887024,
    -1.8555705547332764,
    -1.8520143032073975,
    -1.848501443862915,
    -1.8449441194534302,
    -1.8413872718811035,
    -1.8378325700759888,
    -1.8345248699188232,
    -1.8305819034576416,
    -1.8257755041122437,
    -1.819633960723877,
    -1.815261960029602,
    -1.8111984729766846,
    -1.8077375888824463,
    -1.8075910806655884,
    -1.8094642162322998,
    -1.8111844062805176,
    -1.8123012781143188,
    -1.813124656677246,
    -1.8123289346694946,
    -1.811806082725525,
    -1.8114432096481323,
    -1.8110171556472778,
    -1.8110241889953613,
    -1.8098446130752563,
    -1.8080474138259888,
    -1.8056533336639404,
    -1.803504228591919,
    -1.8028606176376343,
    -1.8027349710464478,
    -1.802775263786316,
    -1.802054524421692,
    -1.8005191087722778,
    -1.7998601198196411,
    -1.7992701530456543,
    -1.8004189729690552,
    -1.8009562492370605,
    -1.8017674684524536,
    -1.8024345636367798,
    -1.8031522035598755,
    -1.8044440746307373,
    -1.806524395942688,
    -1.808726191520691,
    -1.811685562133789,
    -1.815015435218811,
    -1.818438172340393,
    -1.8212621212005615,
    -1.8238532543182373,
    -1.8266137838363647,
    -1.8290425539016724,
    -1.8313934803009033,
    -1.8341797590255737,
    -1.837027907371521,
    -1.8397116661071777,
    -1.8418231010437012,
    -1.8434802293777466,
    -1.8450994491577148,
    -1.8485133647918701,
    -1.8518116474151611,
    -1.8549379110336304,
    -1.8572850227355957,
    -1.8589133024215698,
    -1.8604910373687744,
    -1.862067699432373,
    -1.8621786832809448,
    -1.8622287511825562,
    -1.8628222942352295,
    -1.8645180463790894,
    -1.8660567998886108,
    -1.8673484325408936,
    -1.8685431480407715,
    -1.8696396350860596,
    -1.8705071210861206,
    -1.8723241090774536,
    -1.8742533922195435,
    -1.876183032989502,
    -1.8780254125595093,
    -1.8798127174377441,
    -1.8815429210662842,
    -1.8832265138626099,
    -1.8847745656967163,
    -1.8868268728256226,
    -1.8910646438598633,
    -1.8957722187042236,
    -1.9006839990615845,
    -1.905601978302002,
    -1.9105478525161743,
    -1.9155967235565186
  ]
}