{
  "arm": 95,
  "p": 0.119,
  "q": 0.311,
  "whittle": [
    -1.9046298265457153,
    -1.9006108045578003,
    -1.8960789442062378,
    -1.8915321826934814,
    -1.8864389657974243,
    -1.8808479309082031,
    -1.87542724609375,
    -1.871511697769165,
    -1.8688446283340454,
    -1.8661776781082153,
    -1.8636847734451294,
    -1.861232876777649,
    -1.8578187227249146,
    -1.8542425632476807,
    -1.8506863117218018,
    -1.8471161127090454,
    -1.843510627746582,
    -1.8399534225463867,
    -1.8364224433898926,
    -1.8328522443771362,
    -1.82878839969635,
    -1.823758602142334,
    -1.8174784183502197,
    -1.8129082918167114,
    -1.8088470697402954,
    -1.8059170246124268,
    -1.8054622411727905,
    -1.8070907592773438,
    -1.8089187145233154,
    -1.8100780248641968,
    -1.8104429244995117,
    -1.8104689121246338,
    -1.8103433847427368,
    -1.8101335763931274,
    -1.8098338842391968,
    -1.8091890811920166,
    -1.808461308479309,
    -1.8059951066970825,
    -1.8037562370300293,
    -1.8015930652618408,
    -1.8010237216949463,
    -1.8011863231658936,
    -1.8010826110839844,
    -1.8002302646636963,
    -1.7987951040267944,
    -1.7981363534927368,
    -1.7975208759307861,
    -1.797848105430603,
    -1.79837965965271,
    -1.7993460893630981,
    -1.8000057935714722,
    -1.8006863594055176,
    -1.8015366792678833,
    -1.8029931783676147,
    -1.8051879405975342,
    -1.8084453344345093,
    -1.8118515014648438,
    -1.815150260925293,
    -1.8177471160888672,
    -1.820672869682312,
    -1.823262095451355,
    -1.8256908655166626,
    -1.828588604927063,
    -1.8316600322723389,
    -1.8344708681106567,
    -1.8370448350906372,
    -1.8391563892364502,
    -1.840963363647461,
    -1.8431894779205322,
    -1.846661925315857,
    -1.8499599695205688,
    -1.8529272079467773,
    -1.854807734489441,
    -1.8564382791519165,
    -1.858068823814392,
    -1.8582231998443604,
    -1.8583093881607056,
    -1.8583804368972778,
    -1.859022617340088,
    -1.8607362508773804,
    -1.8621106147766113,
    -1.8635005950927734,
    -1.8647300004959106,
    -1.8656519651412964,
    -1.8663015365600586,
    -1.8679865598678589,
    -1.8699588775634766,
    -1.8719626665115356,
    -1.8739168643951416,
    -1.875704288482666,
    -1.8773530721664429,
    -1.8788237571716309,
    -1.8803011178970337,
    -1.88308584690094,
    -1.8871301412582397,
    -1.892032265663147,
    -1.8969435691833496,
    -1.901855230331421,
    -1.9067667722702026,
    -1.911781907081604
  ]
}