{
  "arm": 19,
  "p": 0.225,
  "q": 0.693,
  "whittle": [
    -1.9063125848770142,
    -1.9023083448410034,
    -1.8978737592697144,
    -1.8931208848953247,
    -1.887986660003662,
    -1.8821945190429688,
    -1.8765326738357544,
    -1.8715413808822632,
    -1.8687517642974854,
    -1.866036295890808,
    -1.8635114431381226,
    -1.861039161682129,
    -1.8578863143920898,
    -1.8543343544006348,
    -1.850778341293335,
    -1.8471958637237549,
    -1.8436287641525269,
    -1.8400715589523315,
    -1.8365366458892822,
    -1.8330223560333252,
    -1.8290750980377197,
    -1.8240363597869873,
    -1.8178586959838867,
    -1.8133474588394165,
    -1.809278130531311,
    -1.8057589530944824,
    -1.8053580522537231,
    -1.8072376251220703,
    -1.8088042736053467,
    -1.8100024461746216,
    -1.8104196786880493,
    -1.8103206157684326,
    -1.809898853302002,
    -1.8095200061798096,
    -1.8092187643051147,
    -1.8089923858642578,
    -1.8075822591781616,
    -1.8054447174072266,
    -1.803045392036438,
    -1.8010473251342773,
    -1.8003100156784058,
    -1.800133228302002,
    -1.8001528978347778,
    -1.7991857528686523,
    -1.7974531650543213,
    -1.7967487573623657,
    -1.7961969375610352,
    -1.796738624572754,
    -1.7972779273986816,
    -1.798345685005188,
    -1.7990126609802246,
    -1.7997249364852905,
    -1.8006036281585693,
    -1.8026456832885742,
    -1.8048639297485352,
    -1.8081388473510742,
    -1.8115171194076538,
    -1.8149818181991577,
    -1.8177852630615234,
    -1.820519208908081,
    -1.8232619762420654,
    -1.825690746307373,
    -1.828437328338623,
    -1.8313908576965332,
    -1.8343901634216309,
    -1.8368024826049805,
    -1.8389142751693726,
    -1.840635895729065,
    -1.8421862125396729,
    -1.8455642461776733,
    -1.848862648010254,
    -1.852161169052124,
    -1.8544963598251343,
    -1.856123447418213,
    -1.857701063156128,
    -1.8586820363998413,
    -1.8587660789489746,
    -1.858830451965332,
    -1.859906792640686,
    -1.861725091934204,
    -1.8631587028503418,
    -1.8645330667495728,
    -1.8657320737838745,
    -1.8668805360794067,
    -1.8679094314575195,
    -1.869666576385498,
    -1.8716579675674438,
    -1.873661994934082,
    -1.875564694404602,
    -1.8773518800735474,
    -1.8790241479873657,
    -1.8806637525558472,
    -1.8821709156036377,
    -1.8844175338745117,
    -1.888636827468872,
    -1.8935091495513916,
    -1.8984206914901733,
    -1.903331995010376,
    -1.9082586765289307,
    -1.9132925271987915
  ]
}