{
  "arm": 14,
  "p": 0.85,
  "q": 0.307,
  "whittle": [
    -1.9067203998565674,
    -1.90272057056427,
    -1.8979610204696655,
    -1.893410563468933,
    -1.8884671926498413,
    -1.8832577466964722,
    -1.8781297206878662,
    -1.8736695051193237,
    -1.8707547187805176,
    -1.8680392503738403,
    -1.865673542022705,
    -1.863295555114746,
    -1.8602733612060547,
    -1.8566983938217163,
    -1.8531917333602905,
    -1.8496904373168945,
    -1.8461331129074097,
    -1.8425761461257935,
    -1.8390190601348877,
    -1.8357690572738647,
    -1.8322203159332275,
    -1.8271564245224,
    -1.8211160898208618,
    -1.8168439865112305,
    -1.8128129243850708,
    -1.809712529182434,
    -1.809745192527771,
    -1.8115501403808594,
    -1.813400149345398,
    -1.814655065536499,
    -1.8154078722000122,
    -1.814691424369812,
    -1.813857913017273,
    -1.8134771585464478,
    -1.8130704164505005,
    -1.81342613697052,
    -1.8126320838928223,
    -1.8108357191085815,
    -1.8085490465164185,
    -1.8063677549362183,
    -1.8055949211120605,
    -1.8059271574020386,
    -1.8059687614440918,
    -1.8052642345428467,
    -1.8042575120925903,
    -1.8035986423492432,
    -1.8029143810272217,
    -1.8046108484268188,
    -1.8051424026489258,
    -1.8055826425552368,
    -1.806249976158142,
    -1.8070446252822876,
    -1.8083291053771973,
    -1.810412883758545,
    -1.8126109838485718,
    -1.8152430057525635,
    -1.8185378313064575,
    -1.8219157457351685,
    -1.824556827545166,
    -1.8271484375,
    -1.8298107385635376,
    -1.8322393894195557,
    -1.8344274759292603,
    -1.8369197845458984,
    -1.839585781097412,
    -1.8422963619232178,
    -1.844722867012024,
    -1.8464760780334473,
    -1.8484264612197876,
    -1.851918339729309,
    -1.8552340269088745,
    -1.8579392433166504,
    -1.8601181507110596,
    -1.8617489337921143,
    -1.8633673191070557,
    -1.8649449348449707,
    -1.8651957511901855,
    -1.8653019666671753,
    -1.865664005279541,
    -1.8667867183685303,
    -1.8681975603103638,
    -1.8694846630096436,
    -1.8706908226013184,
    -1.8714721202850342,
    -1.872092604637146,
    -1.873925805091858,
    -1.8758554458618164,
    -1.8777848482131958,
    -1.8795316219329834,
    -1.8812451362609863,
    -1.8829997777938843,
    -1.8846814632415771,
    -1.886223554611206,
    -1.8885016441345215,
    -1.8925434350967407,
    -1.897111177444458,
    -1.9020227193832397,
    -1.9069557189941406,
    -1.9119014739990234,
    -1.9169682264328003
  ]
}