{
  "arm": 45,
  "p": 0.463,
  "q": 0.436,
  "whittle": [
    -1.9060711860656738,
    -1.9020887613296509,
    -1.8975391387939453,
    -1.8928933143615723,
    -1.8878110647201538,
    -1.8823411464691162,
    -1.8766955137252808,
    -1.872435450553894,
    -1.8696236610412598,
    -1.8669174909591675,
    -1.864483118057251,
    -1.8620195388793945,
    -1.8588781356811523,
    -1.8553105592727661,
    -1.8517547845840454,
    -1.8482149839401245,
    -1.8446578979492188,
    -1.841100811958313,
    -1.837551474571228,
    -1.8340766429901123,
    -1.8301947116851807,
    -1.8253659009933472,
    -1.8191416263580322,
    -1.8147164583206177,
    -1.8106577396392822,
    -1.807468295097351,
    -1.807221531867981,
    -1.8090542554855347,
    -1.810823917388916,
    -1.8120396137237549,
    -1.8126603364944458,
    -1.8123281002044678,
    -1.81167471408844,
    -1.811280369758606,
    -1.8109954595565796,
    -1.8109725713729858,
    -1.8098723888397217,
    -1.8078577518463135,
    -1.8054964542388916,
    -1.8033275604248047,
    -1.8027294874191284,
    -1.8027812242507935,
    -1.8028148412704468,
    -1.8020557165145874,
    -1.800642967224121,
    -1.7999839782714844,
    -1.799390435218811,
    -1.8003664016723633,
    -1.800767421722412,
    -1.8016473054885864,
    -1.8023144006729126,
    -1.803015947341919,
    -1.8040488958358765,
    -1.8060107231140137,
    -1.808212399482727,
    -1.8112136125564575,
    -1.8145653009414673,
    -1.8180004358291626,
    -1.8206367492675781,
    -1.8232630491256714,
    -1.8260289430618286,
    -1.8284577131271362,
    -1.8309272527694702,
    -1.833762288093567,
    -1.8366055488586426,
    -1.8393163681030273,
    -1.841431736946106,
    -1.843190312385559,
    -1.8450655937194824,
    -1.8485260009765625,
    -1.851824402809143,
    -1.8548020124435425,
    -1.8569481372833252,
    -1.8585786819458008,
    -1.8601902723312378,
    -1.8612779378890991,
    -1.8613637685775757,
    -1.8613241910934448,
    -1.861930012702942,
    -1.8635777235031128,
    -1.865065574645996,
    -1.866384744644165,
    -1.8675906658172607,
    -1.8685455322265625,
    -1.8692814111709595,
    -1.8710532188415527,
    -1.8729826211929321,
    -1.8749125003814697,
    -1.8768044710159302,
    -1.8785918951034546,
    -1.8802502155303955,
    -1.8819230794906616,
    -1.8834220170974731,
    -1.8857849836349487,
    -1.8899167776107788,
    -1.8946679830551147,
    -1.899579405784607,
    -1.9044909477233887,
    -1.9094306230545044,
    -1.9144691228866577
  ]
}