{
  "arm": 18,
  "p": 0.725,
  "q": 0.426,
  "whittle": [
    -1.9067895412445068,
    -1.9028023481369019,
    -1.8981482982635498,
    -1.8935186862945557,
    -1.888510823249817,
    -1.8832170963287354,
    -1.8776642084121704,
    -1.8732048273086548,
    -1.8703092336654663,
    -1.867593765258789,
    -1.8652013540267944,
    -1.8627713918685913,
    -1.8597644567489624,
    -1.8561967611312866,
    -1.8526614904403687,
    -1.84916090965271,
    -1.8456038236618042,
    -1.842046856880188,
    -1.8384897708892822,
    -1.835174798965454,
    -1.8314404487609863,
    -1.8266847133636475,
    -1.8204485177993774,
    -1.8161303997039795,
    -1.8120837211608887,
    -1.8088445663452148,
    -1.808794379234314,
    -1.8106262683868408,
    -1.812445044517517,
    -1.8136237859725952,
    -1.8144551515579224,
    -1.8136638402938843,
    -1.8129643201828003,
    -1.812589406967163,
    -1.812180757522583,
    -1.8124001026153564,
    -1.81141197681427,
    -1.80962073802948,
    -1.8072893619537354,
    -1.8051081895828247,
    -1.8044073581695557,
    -1.8045507669448853,
    -1.804591178894043,
    -1.8039382696151733,
    -1.8026494979858398,
    -1.8019906282424927,
    -1.8013556003570557,
    -1.8027970790863037,
    -1.8033233880996704,
    -1.8039277791976929,
    -1.8045951128005981,
    -1.80532968044281,
    -1.8066437244415283,
    -1.8087046146392822,
    -1.8109041452407837,
    -1.8136786222457886,
    -1.8169912099838257,
    -1.820389986038208,
    -1.8230987787246704,
    -1.8256903886795044,
    -1.828397274017334,
    -1.8308262825012207,
    -1.8330873250961304,
    -1.8357130289077759,
    -1.8384573459625244,
    -1.8411681652069092,
    -1.8434542417526245,
    -1.8451589345932007,
    -1.8469867706298828,
    -1.8504579067230225,
    -1.853756308555603,
    -1.8566311597824097,
    -1.8588757514953613,
    -1.8605060577392578,
    -1.8621079921722412,
    -1.8636854887008667,
    -1.8638383150100708,
    -1.8639280796051025,
    -1.8642947673797607,
    -1.8656818866729736,
    -1.8672212362289429,
    -1.868504285812378,
    -1.869710087776184,
    -1.8706210851669312,
    -1.8713395595550537,
    -1.8731632232666016,
    -1.8750931024551392,
    -1.877022624015808,
    -1.8787754774093628,
    -1.8805588483810425,
    -1.8822989463806152,
    -1.8839808702468872,
    -1.8855208158493042,
    -1.8877204656600952,
    -1.8918410539627075,
    -1.896471619606018,
    -1.9013831615447998,
    -1.906308889389038,
    -1.9112547636032104,
    -1.9163109064102173
  ]
}