{
  "arm": 49,
  "p": 0.338,
  "q": 0.791,
  "whittle": [
    -1.9069912433624268,
    -1.902970790863037,
    -1.8985763788223267,
    -1.8937616348266602,
    -1.8886080980300903,
    -1.8828403949737549,
    -1.8771244287490845,
    -1.8718494176864624,
    -1.8689335584640503,
    -1.866218090057373,
    -1.863703966140747,
    -1.8612319231033325,
    -1.858191728591919,
    -1.854645848274231,
    -1.8510897159576416,
    -1.8475236892700195,
    -1.8439668416976929,
    -1.8404093980789185,
    -1.8368688821792603,
    -1.8334076404571533,
    -1.8295228481292725,
    -1.8245275020599365,
    -1.8183830976486206,
    -1.813922643661499,
    -1.809850811958313,
    -1.80616295337677,
    -1.8058558702468872,
    -1.8077712059020996,
    -1.8093138933181763,
    -1.8104389905929565,
    -1.8110320568084717,
    -1.8106106519699097,
    -1.8102117776870728,
    -1.8098490238189697,
    -1.8094431161880493,
    -1.8091799020767212,
    -1.8078278303146362,
    -1.8058702945709229,
    -1.8034021854400635,
    -1.8014473915100098,
    -1.8005383014678955,
    -1.800399899482727,
    -1.800472617149353,
    -1.7995188236236572,
    -1.7977864742279053,
    -1.797031283378601,
    -1.7964773178100586,
    -1.7972010374069214,
    -1.7977100610733032,
    -1.7988213300704956,
    -1.7994886636734009,
    -1.800211787223816,
    -1.8013148307800293,
    -1.8034286499023438,
    -1.805616855621338,
    -1.8088557720184326,
    -1.8122148513793945,
    -1.8156565427780151,
    -1.8185935020446777,
    -1.8212121725082397,
    -1.824029564857483,
    -1.82645845413208,
    -1.8290730714797974,
    -1.8319848775863647,
    -1.8349080085754395,
    -1.8373935222625732,
    -1.8395051956176758,
    -1.8411539793014526,
    -1.8426514863967896,
    -1.8458995819091797,
    -1.8491977453231812,
    -1.8524962663650513,
    -1.8550089597702026,
    -1.8566423654556274,
    -1.8582197427749634,
    -1.859605073928833,
    -1.859689474105835,
    -1.8597187995910645,
    -1.860802173614502,
    -1.862656831741333,
    -1.864152193069458,
    -1.86550772190094,
    -1.866673469543457,
    -1.867883563041687,
    -1.8690025806427002,
    -1.8707958459854126,
    -1.8727564811706543,
    -1.874760389328003,
    -1.8766387701034546,
    -1.8784260749816895,
    -1.8801201581954956,
    -1.881803035736084,
    -1.883346676826477,
    -1.885359287261963,
    -1.8896602392196655,
    -1.8944852352142334,
    -1.8993966579437256,
    -1.9043080806732178,
    -1.9092457294464111,
    -1.9142882823944092
  ]
}