{
  "arm": 15,
  "p": 0.125,
  "q": 0.574,
  "whittle": [
    -1.9055955410003662,
    -1.9016097784042358,
    -1.8971282243728638,
    -1.8924438953399658,
    -1.8873227834701538,
    -1.8815386295318604,
    -1.8759294748306274,
    -1.8712867498397827,
    -1.8686083555221558,
    -1.865910291671753,
    -1.8633801937103271,
    -1.860908031463623,
    -1.8576408624649048,
    -1.8540810346603394,
    -1.85052490234375,
    -1.8469417095184326,
    -1.8433520793914795,
    -1.8397947549819946,
    -1.8362648487091064,
    -1.8327579498291016,
    -1.8286895751953125,
    -1.8235613107681274,
    -1.8174068927764893,
    -1.812849521636963,
    -1.808783769607544,
    -1.805461049079895,
    -1.8049730062484741,
    -1.8067512512207031,
    -1.8084192276000977,
    -1.8096930980682373,
    -1.8099443912506104,
    -1.8099536895751953,
    -1.8097060918807983,
    -1.809393286705017,
    -1.8091111183166504,
    -1.8088268041610718,
    -1.8074880838394165,
    -1.8051739931106567,
    -1.802873134613037,
    -1.800793170928955,
    -1.8001601696014404,
    -1.8000425100326538,
    -1.8000088930130005,
    -1.799041748046875,
    -1.797341227531433,
    -1.7966827154159546,
    -1.796129584312439,
    -1.7965141534805298,
    -1.7970653772354126,
    -1.7980844974517822,
    -1.7987518310546875,
    -1.7994517087936401,
    -1.8002638816833496,
    -1.8020721673965454,
    -1.804339051246643,
    -1.8076064586639404,
    -1.8110098838806152,
    -1.8144959211349487,
    -1.817150354385376,
    -1.8199955224990845,
    -1.8226628303527832,
    -1.8250916004180908,
    -1.8279554843902588,
    -1.8309745788574219,
    -1.8339487314224243,
    -1.836368203163147,
    -1.8384796380996704,
    -1.8402612209320068,
    -1.8420213460922241,
    -1.8454245328903198,
    -1.8487229347229004,
    -1.8519656658172607,
    -1.8541077375411987,
    -1.8557382822036743,
    -1.8573390245437622,
    -1.8579107522964478,
    -1.857994794845581,
    -1.8580867052078247,
    -1.8591034412384033,
    -1.8608921766281128,
    -1.8622664213180542,
    -1.8636406660079956,
    -1.8648899793624878,
    -1.865946650505066,
    -1.8668773174285889,
    -1.8686072826385498,
    -1.870611548423767,
    -1.8726153373718262,
    -1.8745427131652832,
    -1.8763302564620972,
    -1.8779947757720947,
    -1.879565954208374,
    -1.8810453414916992,
    -1.8835350275039673,
    -1.8876712322235107,
    -1.8925830125808716,
    -1.8974945545196533,
    -1.902405858039856,
    -1.9073221683502197,
    -1.9123470783233643
  ]
}