{
  "arm": 53,
  "p": 0.438,
  "q": 0.12,
  "whittle": [
    -1.9048595428466797,
    -1.900808334350586,
    -1.8961551189422607,
    -1.8917243480682373,
    -1.8866965770721436,
    -1.881427526473999,
    -1.8766117095947266,
    -1.8721662759780884,
    -1.869861364364624,
    -1.867193579673767,
    -1.8647994995117188,
    -1.8624075651168823,
    -1.8590251207351685,
    -1.8554447889328003,
    -1.8519386053085327,
    -1.8483495712280273,
    -1.8447846174240112,
    -1.8412277698516846,
    -1.8376781940460205,
    -1.8340911865234375,
    -1.8305835723876953,
    -1.8255242109298706,
    -1.8191742897033691,
    -1.8146893978118896,
    -1.8106300830841064,
    -1.8079240322113037,
    -1.8076272010803223,
    -1.809386968612671,
    -1.811312198638916,
    -1.812392234802246,
    -1.8130731582641602,
    -1.8128373622894287,
    -1.8123242855072021,
    -1.8120646476745605,
    -1.8117830753326416,
    -1.8114049434661865,
    -1.8109440803527832,
    -1.8087267875671387,
    -1.806488275527954,
    -1.8042651414871216,
    -1.803656816482544,
    -1.8040893077850342,
    -1.804124355316162,
    -1.803358793258667,
    -1.8022572994232178,
    -1.8015984296798706,
    -1.800981044769287,
    -1.8018985986709595,
    -1.8021866083145142,
    -1.803013801574707,
    -1.8036696910858154,
    -1.8043473958969116,
    -1.8053462505340576,
    -1.8069270849227905,
    -1.809127688407898,
    -1.812044382095337,
    -1.8154141902923584,
    -1.8185969591140747,
    -1.82118821144104,
    -1.823925256729126,
    -1.826589822769165,
    -1.8290185928344727,
    -1.8315074443817139,
    -1.8343981504440308,
    -1.8371089696884155,
    -1.8398195505142212,
    -1.8421095609664917,
    -1.8439472913742065,
    -1.8463422060012817,
    -1.8498427867889404,
    -1.8531830310821533,
    -1.8558356761932373,
    -1.8576605319976807,
    -1.8592907190322876,
    -1.8609213829040527,
    -1.8614832162857056,
    -1.861574411392212,
    -1.8615561723709106,
    -1.8618879318237305,
    -1.8633021116256714,
    -1.8647280931472778,
    -1.8660975694656372,
    -1.8672664165496826,
    -1.8679615259170532,
    -1.8685331344604492,
    -1.8701735734939575,
    -1.872102975845337,
    -1.8740328550338745,
    -1.8759171962738037,
    -1.8777046203613281,
    -1.8793442249298096,
    -1.8809044361114502,
    -1.8823838233947754,
    -1.8852055072784424,
    -1.8891352415084839,
    -1.893882393836975,
    -1.8987938165664673,
    -1.90370512008667,
    -1.9086360931396484,
    -1.91366708278656
  ]
}