{
  "arm": 73,
  "p": 0.356,
  "q": 0.712,
  "whittle": [
    -1.906758427619934,
    -1.9027472734451294,
    -1.898327112197876,
    -1.8935418128967285,
    -1.888411045074463,
    -1.8826955556869507,
    -1.8769844770431519,
    -1.871952772140503,
    -1.8690639734268188,
    -1.8663487434387207,
    -1.8638502359390259,
    -1.8613775968551636,
    -1.8583115339279175,
    -1.854761004447937,
    -1.851204752922058,
    -1.847642421722412,
    -1.8440853357315063,
    -1.840528130531311,
    -1.8369861841201782,
    -1.8335238695144653,
    -1.8296277523040771,
    -1.8246402740478516,
    -1.8185029029846191,
    -1.8140462636947632,
    -1.809977412223816,
    -1.8064024448394775,
    -1.8061021566390991,
    -1.8079982995986938,
    -1.809588074684143,
    -1.8107365369796753,
    -1.8113244771957397,
    -1.8109233379364014,
    -1.810485601425171,
    -1.8101195096969604,
    -1.8097448348999023,
    -1.8095465898513794,
    -1.8082287311553955,
    -1.806247591972351,
    -1.803802251815796,
    -1.8018044233322144,
    -1.8010107278823853,
    -1.8008671998977661,
    -1.800916075706482,
    -1.8000144958496094,
    -1.798282265663147,
    -1.7976155281066895,
    -1.7970532178878784,
    -1.797816514968872,
    -1.7982966899871826,
    -1.7993667125701904,
    -1.8000340461730957,
    -1.8007516860961914,
    -1.801798939704895,
    -1.8039036989212036,
    -1.8060990571975708,
    -1.809289574623108,
    -1.812648057937622,
    -1.8160908222198486,
    -1.818956732749939,
    -1.821584939956665,
    -1.824386477470398,
    -1.8268153667449951,
    -1.8294223546981812,
    -1.832308292388916,
    -1.835252285003662,
    -1.8377476930618286,
    -1.8398592472076416,
    -1.8415353298187256,
    -1.8430445194244385,
    -1.846413254737854,
    -1.8497118949890137,
    -1.8530101776123047,
    -1.855392336845398,
    -1.857010006904602,
    -1.8585875034332275,
    -1.859885573387146,
    -1.8599698543548584,
    -1.8599854707717896,
    -1.860939621925354,
    -1.862782597541809,
    -1.8642725944519043,
    -1.8656216859817505,
    -1.8667980432510376,
    -1.8679968118667603,
    -1.8689866065979004,
    -1.8707730770111084,
    -1.8727138042449951,
    -1.8747174739837646,
    -1.8766013383865356,
    -1.8783882856369019,
    -1.8800714015960693,
    -1.8817516565322876,
    -1.8832837343215942,
    -1.8853625059127808,
    -1.8896445035934448,
    -1.8944573402404785,
    -1.8993687629699707,
    -1.9042805433273315,
    -1.9092177152633667,
    -1.9142589569091797
  ]
}