{
  "arm": 52,
  "p": 0.637,
  "q": 0.88,
  "whittle": [
    -1.9081732034683228,
    -1.904131293296814,
    -1.8997511863708496,
    -1.8948779106140137,
    -1.8897197246551514,
    -1.8841030597686768,
    -1.8782684803009033,
    -1.8727494478225708,
    -1.8695974349975586,
    -1.8668819665908813,
    -1.8644192218780518,
    -1.8619492053985596,
    -1.8591270446777344,
    -1.8555877208709717,
    -1.8520317077636719,
    -1.8485344648361206,
    -1.8449772596359253,
    -1.84142005443573,
    -1.837863564491272,
    -1.8346537351608276,
    -1.8307312726974487,
    -1.8259528875350952,
    -1.8198362588882446,
    -1.8155021667480469,
    -1.8114558458328247,
    -1.8077493906021118,
    -1.8074712753295898,
    -1.8094123601913452,
    -1.810984492301941,
    -1.8120372295379639,
    -1.8130123615264893,
    -1.8119977712631226,
    -1.8114745616912842,
    -1.8111116886138916,
    -1.8106378316879272,
    -1.8103538751602173,
    -1.8091291189193726,
    -1.8074653148651123,
    -1.8050934076309204,
    -1.8030344247817993,
    -1.8020086288452148,
    -1.8018708229064941,
    -1.8020304441452026,
    -1.8011977672576904,
    -1.7994654178619385,
    -1.7987490892410278,
    -1.7981230020523071,
    -1.7993998527526855,
    -1.8001002073287964,
    -1.800925850868225,
    -1.8015931844711304,
    -1.8023583889007568,
    -1.8040287494659424,
    -1.806131362915039,
    -1.8083233833312988,
    -1.8113281726837158,
    -1.814640760421753,
    -1.8180668354034424,
    -1.8211538791656494,
    -1.823745608329773,
    -1.826482892036438,
    -1.8289119005203247,
    -1.8312759399414062,
    -1.8339685201644897,
    -1.8368033170700073,
    -1.8394254446029663,
    -1.8414942026138306,
    -1.8430626392364502,
    -1.8445734977722168,
    -1.8476157188415527,
    -1.8509141206741333,
    -1.8542125225067139,
    -1.8567166328430176,
    -1.858528733253479,
    -1.860106110572815,
    -1.8616780042648315,
    -1.8623143434524536,
    -1.8625102043151855,
    -1.8632394075393677,
    -1.865081787109375,
    -1.866620659828186,
    -1.8679593801498413,
    -1.8691192865371704,
    -1.870316505432129,
    -1.8715530633926392,
    -1.873418927192688,
    -1.8753489255905151,
    -1.8772783279418945,
    -1.8791053295135498,
    -1.8808927536010742,
    -1.882707953453064,
    -1.8843985795974731,
    -1.886007308959961,
    -1.8876314163208008,
    -1.8920453786849976,
    -1.896737813949585,
    -1.9016495943069458,
    -1.9065784215927124,
    -1.9115244150161743,
    -1.9165846109390259
  ]
}