{
  "arm": 59,
  "p": 0.287,
  "q": 0.298,
  "whittle": [
    -1.905066728591919,
    -1.9010494947433472,
    -1.8965188264846802,
    -1.8919450044631958,
    -1.8868626356124878,
    -1.8813738822937012,
    -1.8760486841201782,
    -1.8719000816345215,
    -1.8692961931228638,
    -1.8666186332702637,
    -1.86416494846344,
    -1.8617244958877563,
    -1.8583918809890747,
    -1.8548153638839722,
    -1.8512694835662842,
    -1.8477009534835815,
    -1.8441214561462402,
    -1.8405647277832031,
    -1.837024211883545,
    -1.8334541320800781,
    -1.82958984375,
    -1.8246099948883057,
    -1.8183189630508423,
    -1.813815712928772,
    -1.8097604513168335,
    -1.8068119287490845,
    -1.806418776512146,
    -1.8082141876220703,
    -1.8100005388259888,
    -1.811156153678894,
    -1.8116644620895386,
    -1.8115322589874268,
    -1.8111613988876343,
    -1.810895562171936,
    -1.8106106519699097,
    -1.8101634979248047,
    -1.8094338178634644,
    -1.8071470260620117,
    -1.8049083948135376,
    -1.8026589155197144,
    -1.8021104335784912,
    -1.8022955656051636,
    -1.8022842407226562,
    -1.8014681339263916,
    -1.800119400024414,
    -1.799460768699646,
    -1.7988709211349487,
    -1.799521803855896,
    -1.799841284751892,
    -1.8008341789245605,
    -1.8015007972717285,
    -1.802186131477356,
    -1.8030637502670288,
    -1.8047369718551636,
    -1.8069393634796143,
    -1.8100372552871704,
    -1.8134291172027588,
    -1.8167505264282227,
    -1.8193418979644775,
    -1.8221429586410522,
    -1.8247971534729004,
    -1.8272258043289185,
    -1.829949140548706,
    -1.8328689336776733,
    -1.83567214012146,
    -1.8383593559265137,
    -1.8404710292816162,
    -1.8422681093215942,
    -1.8444466590881348,
    -1.8479326963424683,
    -1.8512312173843384,
    -1.8541252613067627,
    -1.8560622930526733,
    -1.857692837715149,
    -1.8593233823776245,
    -1.8598182201385498,
    -1.8599053621292114,
    -1.8599110841751099,
    -1.8604743480682373,
    -1.862130045890808,
    -1.863524079322815,
    -1.86492121219635,
    -1.8661283254623413,
    -1.866974949836731,
    -1.8676081895828247,
    -1.8693257570266724,
    -1.8712552785873413,
    -1.8732303380966187,
    -1.8751636743545532,
    -1.876950979232788,
    -1.8786002397537231,
    -1.8801504373550415,
    -1.8816298246383667,
    -1.884304404258728,
    -1.8883512020111084,
    -1.8931759595870972,
    -1.898087739944458,
    -1.9029988050460815,
    -1.9079216718673706,
    -1.9129470586776733
  ]
}