{
  "arm": 88,
  "p": 0.581,
  "q": 0.814,
  "whittle": [
    -1.9077742099761963,
    -1.9037423133850098,
    -1.8993476629257202,
    -1.8945010900497437,
    -1.8893572092056274,
    -1.883737325668335,
    -1.8779321908950806,
    -1.8726199865341187,
    -1.8695262670516968,
    -1.86681067943573,
    -1.8643474578857422,
    -1.861875057220459,
    -1.8589891195297241,
    -1.8554455041885376,
    -1.8518893718719482,
    -1.8483788967132568,
    -1.844821810722351,
    -1.8412648439407349,
    -1.837710976600647,
    -1.8344498872756958,
    -1.8305284976959229,
    -1.8256818056106567,
    -1.8195828199386597,
    -1.815222978591919,
    -1.8111662864685059,
    -1.8074594736099243,
    -1.807255744934082,
    -1.8091801404953003,
    -1.8107930421829224,
    -1.8118300437927246,
    -1.8127361536026,
    -1.8118171691894531,
    -1.8113517761230469,
    -1.8109889030456543,
    -1.8105162382125854,
    -1.810320496559143,
    -1.8090740442276,
    -1.8073663711547852,
    -1.8049513101577759,
    -1.802890419960022,
    -1.801954746246338,
    -1.801816463470459,
    -1.8019429445266724,
    -1.8011140823364258,
    -1.7993818521499634,
    -1.7987086772918701,
    -1.7981126308441162,
    -1.7992702722549438,
    -1.799911618232727,
    -1.800776481628418,
    -1.8014434576034546,
    -1.802176833152771,
    -1.8037077188491821,
    -1.8058078289031982,
    -1.8080031871795654,
    -1.811031699180603,
    -1.8143543004989624,
    -1.817780613899231,
    -1.8207966089248657,
    -1.8233880996704102,
    -1.8261460065841675,
    -1.828574776649475,
    -1.8309547901153564,
    -1.8337161540985107,
    -1.8365510702133179,
    -1.839180588722229,
    -1.841289758682251,
    -1.8428609371185303,
    -1.8443758487701416,
    -1.847534418106079,
    -1.8508327007293701,
    -1.8541313409805298,
    -1.8565821647644043,
    -1.8583239316940308,
    -1.8599015474319458,
    -1.8614742755889893,
    -1.8619232177734375,
    -1.86203932762146,
    -1.8627853393554688,
    -1.8646160364151,
    -1.8661547899246216,
    -1.8674806356430054,
    -1.8686481714248657,
    -1.8698395490646362,
    -1.8709759712219238,
    -1.8728219270706177,
    -1.8747519254684448,
    -1.87669038772583,
    -1.8785345554351807,
    -1.8803216218948364,
    -1.8821001052856445,
    -1.8837908506393433,
    -1.8853784799575806,
    -1.8871327638626099,
    -1.891505479812622,
    -1.8962205648422241,
    -1.9011321067810059,
    -1.9060553312301636,
    -1.9110009670257568,
    -1.916056513786316
  ]
}