{
  "arm": 66,
  "p": 0.706,
  "q": 0.505,
  "whittle": [
    -1.9070197343826294,
    -1.90302312374115,
    -1.8984237909317017,
    -1.8937498331069946,
    -1.888718843460083,
    -1.8833588361740112,
    -1.8775917291641235,
    -1.873132348060608,
    -1.8701759576797485,
    -1.8674604892730713,
    -1.8650555610656738,
    -1.8626034259796143,
    -1.8596410751342773,
    -1.8560782670974731,
    -1.8525292873382568,
    -1.84903883934021,
    -1.8454816341400146,
    -1.8419241905212402,
    -1.8383673429489136,
    -1.835086464881897,
    -1.8312245607376099,
    -1.8265188932418823,
    -1.8203235864639282,
    -1.8160014152526855,
    -1.811954379081726,
    -1.808599591255188,
    -1.808542251586914,
    -1.8103928565979004,
    -1.812170147895813,
    -1.8133201599121094,
    -1.8142226934432983,
    -1.8133260011672974,
    -1.8126801252365112,
    -1.8123140335083008,
    -1.8118748664855957,
    -1.8120282888412476,
    -1.8109893798828125,
    -1.8092366456985474,
    -1.806882619857788,
    -1.8047014474868774,
    -1.80402672290802,
    -1.8040575981140137,
    -1.804099440574646,
    -1.8034356832504272,
    -1.8020579814910889,
    -1.8013992309570312,
    -1.8007675409317017,
    -1.8021724224090576,
    -1.8027273416519165,
    -1.80337393283844,
    -1.8040412664413452,
    -1.804778814315796,
    -1.8061574697494507,
    -1.8082195520401,
    -1.8104195594787598,
    -1.8132349252700806,
    -1.8165485858917236,
    -1.819956660270691,
    -1.8227261304855347,
    -1.825317621231079,
    -1.8280311822891235,
    -1.8304601907730103,
    -1.8327349424362183,
    -1.835382342338562,
    -1.8381551504135132,
    -1.8408658504486084,
    -1.843091368675232,
    -1.8447582721710205,
    -1.8464914560317993,
    -1.849936842918396,
    -1.853235125541687,
    -1.8562023639678955,
    -1.858514428138733,
    -1.860145092010498,
    -1.8617331981658936,
    -1.863310694694519,
    -1.8635483980178833,
    -1.8636444807052612,
    -1.8640092611312866,
    -1.865548014640808,
    -1.8670867681503296,
    -1.868371605873108,
    -1.869577407836914,
    -1.8705658912658691,
    -1.871347427368164,
    -1.8731778860092163,
    -1.8751075267791748,
    -1.8770372867584229,
    -1.8788014650344849,
    -1.8805886507034302,
    -1.8823397159576416,
    -1.8840241432189941,
    -1.8855756521224976,
    -1.887677788734436,
    -1.891849160194397,
    -1.8964922428131104,
    -1.9014036655426025,
    -1.9063299894332886,
    -1.9112756252288818,
    -1.916330337524414
  ]
}