{
  "arm": 99,
  "p": 0.219,
  "q": 0.429,
  "whittle": [
    -1.9053434133529663,
    -1.9013522863388062,
    -1.8968429565429688,
    -1.892205834388733,
    -1.8871054649353027,
    -1.8814826011657715,
    -1.8758612871170044,
    -1.8716731071472168,
    -1.8689926862716675,
    -1.8663051128387451,
    -1.8638170957565308,
    -1.8613440990447998,
    -1.858065128326416,
    -1.8544965982437134,
    -1.8509403467178345,
    -1.8473711013793945,
    -1.8437882661819458,
    -1.8402310609817505,
    -1.8366950750350952,
    -1.833182454109192,
    -1.8291616439819336,
    -1.8241525888442993,
    -1.8179303407669067,
    -1.8134050369262695,
    -1.8093448877334595,
    -1.8062167167663574,
    -1.8057852983474731,
    -1.807578206062317,
    -1.8093057870864868,
    -1.8105177879333496,
    -1.8109203577041626,
    -1.810837984085083,
    -1.8105134963989258,
    -1.810220718383789,
    -1.8099381923675537,
    -1.8095107078552246,
    -1.8085590600967407,
    -1.8062692880630493,
    -1.8040035963058472,
    -1.8018288612365723,
    -1.8012399673461914,
    -1.8012819290161133,
    -1.8012158870697021,
    -1.800378441810608,
    -1.7988669872283936,
    -1.798208236694336,
    -1.7976353168487549,
    -1.7981846332550049,
    -1.7985975742340088,
    -1.7996042966842651,
    -1.8002716302871704,
    -1.800964117050171,
    -1.801811933517456,
    -1.8035625219345093,
    -1.80576491355896,
    -1.8089662790298462,
    -1.8123619556427002,
    -1.8157835006713867,
    -1.8183844089508057,
    -1.8211994171142578,
    -1.8238636255264282,
    -1.826292634010315,
    -1.8290736675262451,
    -1.8320317268371582,
    -1.834916353225708,
    -1.8374818563461304,
    -1.8395934104919434,
    -1.8413825035095215,
    -1.8433588743209839,
    -1.8468061685562134,
    -1.8501044511795044,
    -1.8531609773635864,
    -1.8551990985870361,
    -1.8568296432495117,
    -1.8584531545639038,
    -1.8589977025985718,
    -1.8590822219848633,
    -1.8591253757476807,
    -1.8598415851593018,
    -1.8616142272949219,
    -1.8630024194717407,
    -1.8643815517425537,
    -1.865612506866455,
    -1.866592526435852,
    -1.8673317432403564,
    -1.8690528869628906,
    -1.871003270149231,
    -1.87300705909729,
    -1.8749364614486694,
    -1.8767238855361938,
    -1.878380298614502,
    -1.879945158958435,
    -1.8814244270324707,
    -1.8839671611785889,
    -1.888094425201416,
    -1.8929563760757446,
    -1.8978677988052368,
    -1.9027793407440186,
    -1.907699704170227,
    -1.912725567817688
  ]
}