{
  "arm": 67,
  "p": 0.206,
  "q": 0.772,
  "whittle": [
    -1.9065426588058472,
    -1.902529239654541,
    -1.8981202840805054,
    -1.8933382034301758,
    -1.8881813287734985,
    -1.8823360204696655,
    -1.8766757249832153,
    -1.8714345693588257,
    -1.8686188459396362,
    -1.8659032583236694,
    -1.8633623123168945,
    -1.8608907461166382,
    -1.8577631711959839,
    -1.8542160987854004,
    -1.850659966468811,
    -1.8470722436904907,
    -1.8435064554214478,
    -1.839949607849121,
    -1.8364161252975464,
    -1.8328980207443237,
    -1.8288465738296509,
    -1.8238080739974976,
    -1.8177334070205688,
    -1.8132182359695435,
    -1.8091461658477783,
    -1.8055140972137451,
    -1.8051064014434814,
    -1.8069987297058105,
    -1.8085232973098755,
    -1.8096990585327148,
    -1.810119867324829,
    -1.8100197315216064,
    -1.809614658355713,
    -1.8092448711395264,
    -1.808912754058838,
    -1.8086868524551392,
    -1.8071752786636353,
    -1.8050607442855835,
    -1.8026294708251953,
    -1.8006837368011475,
    -1.799825668334961,
    -1.7996594905853271,
    -1.7997019290924072,
    -1.7986828088760376,
    -1.7969504594802856,
    -1.7961573600769043,
    -1.7956132888793945,
    -1.7961140871047974,
    -1.7967106103897095,
    -1.797791838645935,
    -1.7984589338302612,
    -1.7991762161254883,
    -1.8000730276107788,
    -1.8021605014801025,
    -1.8044214248657227,
    -1.8076956272125244,
    -1.8110746145248413,
    -1.8145384788513184,
    -1.8174126148223877,
    -1.8201383352279663,
    -1.822895884513855,
    -1.8253246545791626,
    -1.828080177307129,
    -1.8310600519180298,
    -1.8340389728546143,
    -1.8364408016204834,
    -1.838552474975586,
    -1.8402472734451294,
    -1.841741919517517,
    -1.8450429439544678,
    -1.848341464996338,
    -1.8516401052474976,
    -1.8541350364685059,
    -1.8557482957839966,
    -1.857325553894043,
    -1.8583922386169434,
    -1.8584765195846558,
    -1.8585549592971802,
    -1.8597615957260132,
    -1.86159086227417,
    -1.863029956817627,
    -1.8644040822982788,
    -1.8655990362167358,
    -1.8667824268341064,
    -1.8679171800613403,
    -1.8696892261505127,
    -1.8716931343078613,
    -1.873697280883789,
    -1.875594973564148,
    -1.8773822784423828,
    -1.8790587186813354,
    -1.880707025527954,
    -1.882225513458252,
    -1.8844072818756104,
    -1.8886451721191406,
    -1.8935297727584839,
    -1.8984414339065552,
    -1.903352975845337,
    -1.9082796573638916,
    -1.913314700126648
  ]
}