{
  "arm": 77,
  "p": 0.456,
  "q": 0.357,
  "whittle": [
    -1.905766248703003,
    -1.901766300201416,
    -1.8971911668777466,
    -1.8926048278808594,
    -1.8875303268432617,
    -1.8821101188659668,
    -1.876671552658081,
    -1.8723664283752441,
    -1.869681477546692,
    -1.8669846057891846,
    -1.8645600080490112,
    -1.8621145486831665,
    -1.8589142560958862,
    -1.8553415536880493,
    -1.8517982959747314,
    -1.848244071006775,
    -1.8446868658065796,
    -1.8411297798156738,
    -1.8375804424285889,
    -1.8340561389923096,
    -1.8302885293960571,
    -1.8254016637802124,
    -1.8191369771957397,
    -1.8147056102752686,
    -1.8106495141983032,
    -1.8075783252716064,
    -1.8073186874389648,
    -1.8091329336166382,
    -1.8109413385391235,
    -1.8121246099472046,
    -1.8127585649490356,
    -1.8124510049819946,
    -1.8118335008621216,
    -1.8114519119262695,
    -1.811188817024231,
    -1.8110761642456055,
    -1.8101361989974976,
    -1.8080700635910034,
    -1.8057466745376587,
    -1.8035476207733154,
    -1.8029567003250122,
    -1.8031034469604492,
    -1.8031373023986816,
    -1.8023761510849,
    -1.8010406494140625,
    -1.8003822565078735,
    -1.7997822761535645,
    -1.8007556200027466,
    -1.8011150360107422,
    -1.801979660987854,
    -1.8026468753814697,
    -1.803342342376709,
    -1.8043546676635742,
    -1.8062323331832886,
    -1.8084336519241333,
    -1.8114126920700073,
    -1.8147709369659424,
    -1.8181763887405396,
    -1.820767879486084,
    -1.8234221935272217,
    -1.826162338256836,
    -1.8285911083221436,
    -1.8310668468475342,
    -1.8339016437530518,
    -1.8367263078689575,
    -1.8394371271133423,
    -1.8415955305099487,
    -1.8433802127838135,
    -1.8453792333602905,
    -1.8488603830337524,
    -1.8521586656570435,
    -1.855055570602417,
    -1.8571208715438843,
    -1.8587512969970703,
    -1.8603777885437012,
    -1.861322283744812,
    -1.8614091873168945,
    -1.8613554239273071,
    -1.8619030714035034,
    -1.8635027408599854,
    -1.864974856376648,
    -1.8663067817687988,
    -1.8675129413604736,
    -1.8683935403823853,
    -1.8690673112869263,
    -1.8708271980285645,
    -1.8727566003799438,
    -1.8746861219406128,
    -1.8765767812728882,
    -1.8783642053604126,
    -1.8800183534622192,
    -1.8816730976104736,
    -1.883156418800354,
    -1.885634422302246,
    -1.8897160291671753,
    -1.8944660425186157,
    -1.8993778228759766,
    -1.9042891263961792,
    -1.9092265367507935,
    -1.9142621755599976
  ]
}