{
  "arm": 32,
  "p": 0.513,
  "q": 0.288,
  "whittle": [
    -1.9056814908981323,
    -1.9016683101654053,
    -1.8970441818237305,
    -1.8925036191940308,
    -1.8874616622924805,
    -1.8821258544921875,
    -1.8768843412399292,
    -1.8724654912948608,
    -1.869896411895752,
    -1.8672035932540894,
    -1.8648017644882202,
    -1.8623747825622559,
    -1.8591573238372803,
    -1.8555806875228882,
    -1.8520524501800537,
    -1.848495602607727,
    -1.8449383974075317,
    -1.841381311416626,
    -1.8378287553787231,
    -1.8343024253845215,
    -1.8306663036346436,
    -1.8257485628128052,
    -1.8194471597671509,
    -1.8150361776351929,
    -1.8109828233718872,
    -1.8080012798309326,
    -1.807777762413025,
    -1.8095769882202148,
    -1.811440348625183,
    -1.8125942945480347,
    -1.813293695449829,
    -1.8129472732543945,
    -1.8122769594192505,
    -1.8118984699249268,
    -1.8116366863250732,
    -1.811548113822937,
    -1.8107131719589233,
    -1.8086724281311035,
    -1.8063606023788452,
    -1.8041740655899048,
    -1.8035467863082886,
    -1.8037993907928467,
    -1.803833246231079,
    -1.803098201751709,
    -1.8018580675125122,
    -1.8011993169784546,
    -1.8005889654159546,
    -1.8016669750213623,
    -1.8020216226577759,
    -1.8028074502944946,
    -1.8034746646881104,
    -1.8041671514511108,
    -1.8052259683609009,
    -1.807065725326538,
    -1.8092663288116455,
    -1.8121764659881592,
    -1.8155262470245361,
    -1.8188775777816772,
    -1.8214691877365112,
    -1.8240998983383179,
    -1.8268436193466187,
    -1.8292722702026367,
    -1.8316527605056763,
    -1.8344876766204834,
    -1.8372722864151,
    -1.8399832248687744,
    -1.8422187566757202,
    -1.8440202474594116,
    -1.8461031913757324,
    -1.8496038913726807,
    -1.8529043197631836,
    -1.8557078838348389,
    -1.8577290773391724,
    -1.8593595027923584,
    -1.8609898090362549,
    -1.8619533777236938,
    -1.8620421886444092,
    -1.861998438835144,
    -1.862421989440918,
    -1.8639448881149292,
    -1.8654285669326782,
    -1.8667502403259277,
    -1.8679559230804443,
    -1.8687635660171509,
    -1.869381070137024,
    -1.8711429834365845,
    -1.8730727434158325,
    -1.8750025033950806,
    -1.8768573999404907,
    -1.8786449432373047,
    -1.8802951574325562,
    -1.8819562196731567,
    -1.8834364414215088,
    -1.885972261428833,
    -1.890008568763733,
    -1.8947292566299438,
    -1.8996407985687256,
    -1.9045524597167969,
    -1.9094926118850708,
    -1.914530634880066
  ]
}