{
  "arm": 81,
  "p": 0.331,
  "q": 0.37,
  "whittle": [
    -1.9054529666900635,
    -1.9014525413513184,
    -1.896934986114502,
    -1.892309546470642,
    -1.8872238397598267,
    -1.8817139863967896,
    -1.8762092590332031,
    -1.8720585107803345,
    -1.8693422079086304,
    -1.8666530847549438,
    -1.8641986846923828,
    -1.8617440462112427,
    -1.858485221862793,
    -1.8549131155014038,
    -1.8513585329055786,
    -1.847798228263855,
    -1.844229817390442,
    -1.8406727313995361,
    -1.8371304273605347,
    -1.8335782289505005,
    -1.8296810388565063,
    -1.8247654438018799,
    -1.8185101747512817,
    -1.814028024673462,
    -1.809970736503601,
    -1.8069064617156982,
    -1.8065537214279175,
    -1.8083707094192505,
    -1.8101297616958618,
    -1.8113172054290771,
    -1.8118433952331543,
    -1.811652421951294,
    -1.8111982345581055,
    -1.8108752965927124,
    -1.8106001615524292,
    -1.8102964162826538,
    -1.8093998432159424,
    -1.8072021007537842,
    -1.804921269416809,
    -1.8027094602584839,
    -1.802137017250061,
    -1.802247405052185,
    -1.8022385835647583,
    -1.8014395236968994,
    -1.8000365495681763,
    -1.799377679824829,
    -1.7987903356552124,
    -1.7995487451553345,
    -1.7998522520065308,
    -1.8008508682250977,
    -1.8015180826187134,
    -1.8022104501724243,
    -1.8031209707260132,
    -1.804916501045227,
    -1.8071188926696777,
    -1.8102058172225952,
    -1.8135855197906494,
    -1.8169810771942139,
    -1.8195726871490479,
    -1.8223190307617188,
    -1.825011968612671,
    -1.8274407386779785,
    -1.8301106691360474,
    -1.8329771757125854,
    -1.8358250856399536,
    -1.8384966850280762,
    -1.8406084775924683,
    -1.842395544052124,
    -1.8444286584854126,
    -1.8478983640670776,
    -1.8511968851089478,
    -1.8541513681411743,
    -1.856177806854248,
    -1.857808232307434,
    -1.8594380617141724,
    -1.860130786895752,
    -1.8602172136306763,
    -1.8602122068405151,
    -1.8608226776123047,
    -1.8625010251998901,
    -1.8639247417449951,
    -1.8652979135513306,
    -1.8665038347244263,
    -1.8674131631851196,
    -1.8681020736694336,
    -1.8698381185531616,
    -1.871767520904541,
    -1.8737361431121826,
    -1.8756568431854248,
    -1.8774439096450806,
    -1.8790977001190186,
    -1.88069748878479,
    -1.8821767568588257,
    -1.8847211599349976,
    -1.8888134956359863,
    -1.8936214447021484,
    -1.8985331058502197,
    -1.903444766998291,
    -1.908372402191162,
    -1.9134020805358887
  ]
}