{
  "arm": 94,
  "p": 0.881,
  "q": 0.755,
  "whittle": [
    -1.9082961082458496,
    -1.9043916463851929,
    -1.8998602628707886,
    -1.8950674533843994,
    -1.8900078535079956,
    -1.8846160173416138,
    -1.8787645101547241,
    -1.8736590147018433,
    -1.8703515529632568,
    -1.8676363229751587,
    -1.8652108907699585,
    -1.8627749681472778,
    -1.8600397109985352,
    -1.8564928770065308,
    -1.852936863899231,
    -1.8494945764541626,
    -1.8459374904632568,
    -1.8423802852630615,
    -1.8388686180114746,
    -1.835778832435608,
    -1.8317805528640747,
    -1.8271697759628296,
    -1.8210980892181396,
    -1.8168584108352661,
    -1.8128461837768555,
    -1.8091394901275635,
    -1.809138536453247,
    -1.8110522031784058,
    -1.812620759010315,
    -1.813825011253357,
    -1.814939260482788,
    -1.813642978668213,
    -1.812960147857666,
    -1.812597393989563,
    -1.8121341466903687,
    -1.8120383024215698,
    -1.8110777139663696,
    -1.8094514608383179,
    -1.8071726560592651,
    -1.8049911260604858,
    -1.8041095733642578,
    -1.8040478229522705,
    -1.8040958642959595,
    -1.8034920692443848,
    -1.8019359111785889,
    -1.8012770414352417,
    -1.8005468845367432,
    -1.8022513389587402,
    -1.8030271530151367,
    -1.8036234378814697,
    -1.804291009902954,
    -1.8051952123641968,
    -1.8069943189620972,
    -1.809068202972412,
    -1.8112682104110718,
    -1.8140134811401367,
    -1.8172938823699951,
    -1.8207141160964966,
    -1.823733925819397,
    -1.8263252973556519,
    -1.8289761543273926,
    -1.8314048051834106,
    -1.833608627319336,
    -1.8360648155212402,
    -1.838899850845337,
    -1.8415520191192627,
    -1.843652606010437,
    -1.84524405002594,
    -1.8467919826507568,
    -1.849977970123291,
    -1.8532764911651611,
    -1.8564764261245728,
    -1.8588578701019287,
    -1.8606632947921753,
    -1.8622407913208008,
    -1.8638163805007935,
    -1.864837646484375,
    -1.8650466203689575,
    -1.8653960227966309,
    -1.8670140504837036,
    -1.8685530424118042,
    -1.8698760271072388,
    -1.8710618019104004,
    -1.8720927238464355,
    -1.8732376098632812,
    -1.8751367330551147,
    -1.8770663738250732,
    -1.8789961338043213,
    -1.8806825876235962,
    -1.8825105428695679,
    -1.8843392133712769,
    -1.8860301971435547,
    -1.8876560926437378,
    -1.889327883720398,
    -1.8936189413070679,
    -1.8981940746307373,
    -1.90310537815094,
    -1.9080510139465332,
    -1.9129966497421265,
    -1.9180433750152588
  ]
}