{
  "arm": 64,
  "p": 0.506,
  "q": 0.683,
  "whittle": [
    -1.9070857763290405,
    -1.9030730724334717,
    -1.8986361026763916,
    -1.8938511610031128,
    -1.8887380361557007,
    -1.8831359148025513,
    -1.8773764371871948,
    -1.8724533319473267,
    -1.8694761991500854,
    -1.8667608499526978,
    -1.86430025100708,
    -1.8618271350860596,
    -1.858836054801941,
    -1.855284333229065,
    -1.8517283201217651,
    -1.8481998443603516,
    -1.8446427583694458,
    -1.84108567237854,
    -1.8375352621078491,
    -1.8341877460479736,
    -1.8302644491195679,
    -1.82535982131958,
    -1.8192603588104248,
    -1.814863920211792,
    -1.810797095298767,
    -1.807233452796936,
    -1.8070423603057861,
    -1.8089338541030884,
    -1.8105895519256592,
    -1.8116997480392456,
    -1.8124648332595825,
    -1.8117363452911377,
    -1.8112854957580566,
    -1.810922384262085,
    -1.8104901313781738,
    -1.8104013204574585,
    -1.8091634511947632,
    -1.8073333501815796,
    -1.8049113750457764,
    -1.8028292655944824,
    -1.8020741939544678,
    -1.8019359111785889,
    -1.8020023107528687,
    -1.801201581954956,
    -1.7995555400848389,
    -1.7988969087600708,
    -1.7983192205429077,
    -1.7993413209915161,
    -1.799882173538208,
    -1.8007878065109253,
    -1.8014552593231201,
    -1.8021758794784546,
    -1.8034398555755615,
    -1.8055322170257568,
    -1.8077348470687866,
    -1.8107786178588867,
    -1.814116358757019,
    -1.817541480064392,
    -1.8204240798950195,
    -1.823015570640564,
    -1.8258002996444702,
    -1.8282291889190674,
    -1.8306465148925781,
    -1.8334815502166748,
    -1.8363763093948364,
    -1.838969111442566,
    -1.841080904006958,
    -1.8427255153656006,
    -1.8442509174346924,
    -1.847632884979248,
    -1.8509312868118286,
    -1.8541723489761353,
    -1.8565614223480225,
    -1.8581782579421997,
    -1.8597557544708252,
    -1.8613303899765015,
    -1.861419439315796,
    -1.8614503145217896,
    -1.8621958494186401,
    -1.8639817237854004,
    -1.8655208349227905,
    -1.8668224811553955,
    -1.8680051565170288,
    -1.8691693544387817,
    -1.870118498802185,
    -1.8719314336776733,
    -1.8738611936569214,
    -1.8758093118667603,
    -1.8776761293411255,
    -1.8794634342193604,
    -1.881188154220581,
    -1.882872462272644,
    -1.8844239711761475,
    -1.886412262916565,
    -1.8907021284103394,
    -1.8954449892044067,
    -1.9003567695617676,
    -1.905271053314209,
    -1.9102166891098022,
    -1.915264368057251
  ]
}