{
  "arm": 38,
  "p": 0.812,
  "q": 0.228,
  "whittle": [
    -1.906326174736023,
    -1.9023083448410034,
    -1.8975361585617065,
    -1.89303719997406,
    -1.8880996704101562,
    -1.8829044103622437,
    -1.8779911994934082,
    -1.8735324144363403,
    -1.8707351684570312,
    -1.8680275678634644,
    -1.865669846534729,
    -1.8633034229278564,
    -1.8602038621902466,
    -1.8566253185272217,
    -1.8531285524368286,
    -1.849608302116394,
    -1.8460513353347778,
    -1.842494249343872,
    -1.8389370441436768,
    -1.835695505142212,
    -1.832168698310852,
    -1.827014684677124,
    -1.8209573030471802,
    -1.8166663646697998,
    -1.8126267194747925,
    -1.809662103652954,
    -1.8096580505371094,
    -1.811444640159607,
    -1.8133552074432373,
    -1.8145719766616821,
    -1.8152836561203003,
    -1.8147211074829102,
    -1.813867211341858,
    -1.8134726285934448,
    -1.8131272792816162,
    -1.8133877515792847,
    -1.8127096891403198,
    -1.8108434677124023,
    -1.8085733652114868,
    -1.8063924312591553,
    -1.8056130409240723,
    -1.806045413017273,
    -1.8060840368270874,
    -1.8053473234176636,
    -1.8044248819351196,
    -1.803766131401062,
    -1.8031048774719238,
    -1.80471932888031,
    -1.8051936626434326,
    -1.805651068687439,
    -1.8063181638717651,
    -1.8070718050003052,
    -1.808301568031311,
    -1.8103199005126953,
    -1.812517762184143,
    -1.815158486366272,
    -1.8184601068496704,
    -1.8218289613723755,
    -1.824399471282959,
    -1.8269908428192139,
    -1.829667091369629,
    -1.8320960998535156,
    -1.834301471710205,
    -1.8368314504623413,
    -1.8394895792007446,
    -1.842200517654419,
    -1.8446601629257202,
    -1.8464542627334595,
    -1.8485114574432373,
    -1.8520112037658691,
    -1.855345606803894,
    -1.8579808473587036,
    -1.8600661754608154,
    -1.8616968393325806,
    -1.8633270263671875,
    -1.8648430109024048,
    -1.8649345636367798,
    -1.865028738975525,
    -1.865394115447998,
    -1.8664709329605103,
    -1.8678734302520752,
    -1.869155764579773,
    -1.8703616857528687,
    -1.871073603630066,
    -1.8716460466384888,
    -1.8734474182128906,
    -1.8753770589828491,
    -1.8773070573806763,
    -1.8790695667266846,
    -1.880782127380371,
    -1.8825079202651978,
    -1.8841853141784668,
    -1.8857125043869019,
    -1.8881208896636963,
    -1.892112374305725,
    -1.8966938257217407,
    -1.901605486869812,
    -1.9065334796905518,
    -1.9114794731140137,
    -1.9165427684783936
  ]
}