{
  "arm": 98,
  "p": 0.719,
  "q": 0.163,
  "whittle": [
    -1.905823826789856,
    -1.9017895460128784,
    -1.8970330953598022,
    -1.8925763368606567,
    -1.8876245021820068,
    -1.8824418783187866,
    -1.877649188041687,
    -1.8731921911239624,
    -1.870554804801941,
    -1.8678611516952515,
    -1.8655048608779907,
    -1.8631359338760376,
    -1.8599374294281006,
    -1.8563580513000488,
    -1.8528653383255005,
    -1.849319577217102,
    -1.8457627296447754,
    -1.8422051668167114,
    -1.8386483192443848,
    -1.8353447914123535,
    -1.831835389137268,
    -1.8266738653182983,
    -1.8205405473709106,
    -1.8161877393722534,
    -1.812139868736267,
    -1.8093003034591675,
    -1.8092200756072998,
    -1.8109909296035767,
    -1.8129712343215942,
    -1.8140913248062134,
    -1.8147952556610107,
    -1.8144633769989014,
    -1.813576340675354,
    -1.8131712675094604,
    -1.812901258468628,
    -1.8130131959915161,
    -1.8123998641967773,
    -1.8104419708251953,
    -1.8081793785095215,
    -1.8059982061386108,
    -1.8052527904510498,
    -1.805736780166626,
    -1.8057712316513062,
    -1.805018424987793,
    -1.8041030168533325,
    -1.803444504737854,
    -1.8028059005737305,
    -1.8042490482330322,
    -1.8046461343765259,
    -1.8051817417144775,
    -1.8058488368988037,
    -1.8065391778945923,
    -1.8077189922332764,
    -1.809617280960083,
    -1.8118157386779785,
    -1.8145157098770142,
    -1.8178330659866333,
    -1.8211073875427246,
    -1.8236955404281616,
    -1.8262871503829956,
    -1.8289965391159058,
    -1.831425428390503,
    -1.833678960800171,
    -1.836304783821106,
    -1.8389796018600464,
    -1.841689944267273,
    -1.8441307544708252,
    -1.845963954925537,
    -1.8481467962265015,
    -1.8516473770141602,
    -1.8549935817718506,
    -1.8575927019119263,
    -1.8595757484436035,
    -1.8612061738967896,
    -1.8628367185592651,
    -1.864060640335083,
    -1.8641525506973267,
    -1.864213228225708,
    -1.8645708560943604,
    -1.8656690120697021,
    -1.8671104907989502,
    -1.8683851957321167,
    -1.8695908784866333,
    -1.8702529668807983,
    -1.8708250522613525,
    -1.8725515604019165,
    -1.874481201171875,
    -1.876410961151123,
    -1.8781970739364624,
    -1.8799326419830322,
    -1.8816145658493042,
    -1.883286476135254,
    -1.8847771883010864,
    -1.8873484134674072,
    -1.891300082206726,
    -1.8959211111068726,
    -1.9008322954177856,
    -1.9057519435882568,
    -1.9106978178024292,
    -1.91575288772583
  ]
}