{
  "arm": 78,
  "p": 0.856,
  "q": 0.623,
  "whittle": [
    -1.9078270196914673,
    -1.903860330581665,
    -1.8992700576782227,
    -1.894539713859558,
    -1.8895248174667358,
    -1.8841842412948608,
    -1.8783328533172607,
    -1.8736803531646729,
    -1.8704298734664917,
    -1.8677146434783936,
    -1.8653054237365723,
    -1.8628666400909424,
    -1.8600552082061768,
    -1.856500267982483,
    -1.852944254875183,
    -1.849495530128479,
    -1.8459383249282837,
    -1.842381238937378,
    -1.8388240337371826,
    -1.8357013463974,
    -1.8317360877990723,
    -1.8271628618240356,
    -1.8210245370864868,
    -1.8167688846588135,
    -1.8127484321594238,
    -1.809158444404602,
    -1.8092232942581177,
    -1.8111048936843872,
    -1.8127611875534058,
    -1.8139375448226929,
    -1.8149845600128174,
    -1.8137874603271484,
    -1.8131413459777832,
    -1.8127785921096802,
    -1.812320351600647,
    -1.8123695850372314,
    -1.811437964439392,
    -1.8097940683364868,
    -1.8074718713760376,
    -1.8052904605865479,
    -1.804532766342163,
    -1.8044946193695068,
    -1.804542899131775,
    -1.8039345741271973,
    -1.8025017976760864,
    -1.8018430471420288,
    -1.8011337518692017,
    -1.8028398752212524,
    -1.8035413026809692,
    -1.8040658235549927,
    -1.804733157157898,
    -1.8055946826934814,
    -1.8072271347045898,
    -1.8093034029006958,
    -1.8115029335021973,
    -1.8142274618148804,
    -1.8175157308578491,
    -1.8209247589111328,
    -1.823828935623169,
    -1.8264203071594238,
    -1.8290799856185913,
    -1.831508994102478,
    -1.8337066173553467,
    -1.83620023727417,
    -1.838990330696106,
    -1.841660737991333,
    -1.8438788652420044,
    -1.8454816341400146,
    -1.8470408916473389,
    -1.8504406213760376,
    -1.8537390232086182,
    -1.8567936420440674,
    -1.8591903448104858,
    -1.8608808517456055,
    -1.862458348274231,
    -1.8640356063842773,
    -1.8647897243499756,
    -1.8649617433547974,
    -1.8653204441070557,
    -1.8667819499969482,
    -1.8683207035064697,
    -1.8696268796920776,
    -1.8708240985870361,
    -1.8718044757843018,
    -1.8727744817733765,
    -1.8746508359909058,
    -1.8765804767608643,
    -1.8785102367401123,
    -1.8802170753479004,
    -1.8820010423660278,
    -1.883815884590149,
    -1.8855067491531372,
    -1.8871043920516968,
    -1.8889398574829102,
    -1.8931840658187866,
    -1.8977646827697754,
    -1.9026761054992676,
    -1.907616376876831,
    -1.9125620126724243,
    -1.917629599571228
  ]
}