{
  "arm": 82,
  "p": 0.731,
  "q": 0.637,
  "whittle": [
    -1.9075676202774048,
    -1.9035533666610718,
    -1.8990141153335571,
    -1.894277572631836,
    -1.8892205953598022,
    -1.8837904930114746,
    -1.8779582977294922,
    -1.8732054233551025,
    -1.8700975179672241,
    -1.8673820495605469,
    -1.864960789680481,
    -1.8625043630599976,
    -1.8596254587173462,
    -1.8560709953308105,
    -1.8525148630142212,
    -1.849037766456604,
    -1.8454806804656982,
    -1.8419235944747925,
    -1.8383665084838867,
    -1.8351763486862183,
    -1.8312196731567383,
    -1.8265256881713867,
    -1.8203970193862915,
    -1.8160910606384277,
    -1.8120516538619995,
    -1.8084847927093506,
    -1.808457612991333,
    -1.8103407621383667,
    -1.8120296001434326,
    -1.813150405883789,
    -1.8141757249832153,
    -1.8130652904510498,
    -1.8124958276748657,
    -1.8121328353881836,
    -1.8116711378097534,
    -1.8116923570632935,
    -1.8106263875961304,
    -1.8089648485183716,
    -1.8065835237503052,
    -1.804402232170105,
    -1.8036880493164062,
    -1.8036068677902222,
    -1.8036524057388306,
    -1.8029932975769043,
    -1.8014919757843018,
    -1.8008328676223755,
    -1.8001805543899536,
    -1.8016430139541626,
    -1.8022735118865967,
    -1.8029320240020752,
    -1.80359947681427,
    -1.8043797016143799,
    -1.8059113025665283,
    -1.8079839944839478,
    -1.8101845979690552,
    -1.8130207061767578,
    -1.8163267374038696,
    -1.8197466135025024,
    -1.8226312398910522,
    -1.8252226114273071,
    -1.8279272317886353,
    -1.8303557634353638,
    -1.8326226472854614,
    -1.8352471590042114,
    -1.8380502462387085,
    -1.8407573699951172,
    -1.8429069519042969,
    -1.8445184230804443,
    -1.846072793006897,
    -1.8494740724563599,
    -1.8527723550796509,
    -1.8558846712112427,
    -1.858282446861267,
    -1.8599380254745483,
    -1.8615154027938843,
    -1.8630925416946411,
    -1.8635672330856323,
    -1.8637229204177856,
    -1.8641496896743774,
    -1.865779995918274,
    -1.8673189878463745,
    -1.8686224222183228,
    -1.8698155879974365,
    -1.8708579540252686,
    -1.8718106746673584,
    -1.8736637830734253,
    -1.8755933046340942,
    -1.8775229454040527,
    -1.8792825937271118,
    -1.8810700178146362,
    -1.8828572034835815,
    -1.8845478296279907,
    -1.8861273527145386,
    -1.8880280256271362,
    -1.8922840356826782,
    -1.8969217538833618,
    -1.901833176612854,
    -1.906764268875122,
    -1.911710262298584,
    -1.9167680740356445
  ]
}