{
  "arm": 55,
  "p": 0.188,
  "q": 0.653,
  "whittle": [
    -1.9060616493225098,
    -1.9020640850067139,
    -1.8976130485534668,
    -1.8928840160369873,
    -1.8877583742141724,
    -1.8819624185562134,
    -1.876319408416748,
    -1.8714449405670166,
    -1.8686970472335815,
    -1.86598539352417,
    -1.8634580373764038,
    -1.8609858751296997,
    -1.8577923774719238,
    -1.8542379140853882,
    -1.8506817817687988,
    -1.8470990657806396,
    -1.843523383140564,
    -1.8399664163589478,
    -1.8364334106445312,
    -1.832921028137207,
    -1.8289263248443604,
    -1.823867917060852,
    -1.817690134048462,
    -1.813161849975586,
    -1.8090938329696655,
    -1.8056412935256958,
    -1.8052083253860474,
    -1.807051658630371,
    -1.8086535930633545,
    -1.8098788261413574,
    -1.8102355003356934,
    -1.8101763725280762,
    -1.809817910194397,
    -1.8094518184661865,
    -1.8091672658920288,
    -1.8089410066604614,
    -1.8075318336486816,
    -1.8053312301635742,
    -1.8029664754867554,
    -1.8009408712387085,
    -1.8002740144729614,
    -1.8000816106796265,
    -1.800082802772522,
    -1.7991135120391846,
    -1.797381043434143,
    -1.7967015504837036,
    -1.7961492538452148,
    -1.7966324090957642,
    -1.7971782684326172,
    -1.7982293367385864,
    -1.798896312713623,
    -1.799603819847107,
    -1.8004353046417236,
    -1.8024183511734009,
    -1.8046562671661377,
    -1.8079285621643066,
    -1.8113155364990234,
    -1.8147883415222168,
    -1.8175404071807861,
    -1.8203140497207642,
    -1.8230302333831787,
    -1.8254590034484863,
    -1.8282488584518433,
    -1.8312156200408936,
    -1.8342193365097046,
    -1.8366305828094482,
    -1.8387421369552612,
    -1.8404912948608398,
    -1.842106819152832,
    -1.845492959022522,
    -1.848791241645813,
    -1.8520896434783936,
    -1.8543413877487183,
    -1.8559716939926147,
    -1.8575550317764282,
    -1.8583910465240479,
    -1.8584754467010498,
    -1.85854971408844,
    -1.8596128225326538,
    -1.8614178895950317,
    -1.8628301620483398,
    -1.8642046451568604,
    -1.8654215335845947,
    -1.8665379285812378,
    -1.8675353527069092,
    -1.8692800998687744,
    -1.8712801933288574,
    -1.8732837438583374,
    -1.8751955032348633,
    -1.8769828081130981,
    -1.878652572631836,
    -1.880271315574646,
    -1.8817651271820068,
    -1.8840974569320679,
    -1.8882871866226196,
    -1.8931742906570435,
    -1.8980857133865356,
    -1.9029972553253174,
    -1.907920241355896,
    -1.912950873374939
  ]
}