{
  "arm": 58,
  "p": 0.787,
  "q": 0.742,
  "whittle": [
    -1.9080605506896973,
    -1.9040781259536743,
    -1.899573564529419,
    -1.8947874307632446,
    -1.8897054195404053,
    -1.8842582702636719,
    -1.8784068822860718,
    -1.8733221292495728,
    -1.8701268434524536,
    -1.8674113750457764,
    -1.8649801015853882,
    -1.862531304359436,
    -1.859734296798706,
    -1.8561866283416748,
    -1.852630376815796,
    -1.8491666316986084,
    -1.8456096649169922,
    -1.8420524597167969,
    -1.838495135307312,
    -1.83537757396698,
    -1.8314018249511719,
    -1.8267114162445068,
    -1.8206353187561035,
    -1.8163566589355469,
    -1.8123297691345215,
    -1.80862295627594,
    -1.8086042404174805,
    -1.8105134963989258,
    -1.8121206760406494,
    -1.8132611513137817,
    -1.8143593072891235,
    -1.8131119012832642,
    -1.8125288486480713,
    -1.8121659755706787,
    -1.8117009401321411,
    -1.8116093873977661,
    -1.810557246208191,
    -1.8089169263839722,
    -1.806588053703308,
    -1.8044068813323975,
    -1.803566575050354,
    -1.803486943244934,
    -1.8035353422164917,
    -1.8028943538665771,
    -1.801310420036316,
    -1.8006515502929688,
    -1.799965739250183,
    -1.8015464544296265,
    -1.8022500276565552,
    -1.8028876781463623,
    -1.803554892539978,
    -1.8043936491012573,
    -1.8060840368270874,
    -1.8081634044647217,
    -1.8103638887405396,
    -1.813185453414917,
    -1.816480278968811,
    -1.8199018239974976,
    -1.8228915929794312,
    -1.8254833221435547,
    -1.82816743850708,
    -1.8305962085723877,
    -1.8328481912612915,
    -1.8354051113128662,
    -1.8382400274276733,
    -1.8409236669540405,
    -1.8430107831954956,
    -1.8445969820022583,
    -1.84613835811615,
    -1.8493655920028687,
    -1.8526639938354492,
    -1.8558799028396606,
    -1.8582649230957031,
    -1.86002516746521,
    -1.8616029024124146,
    -1.86317777633667,
    -1.8639276027679443,
    -1.8641433715820312,
    -1.8645870685577393,
    -1.8662554025650024,
    -1.867794156074524,
    -1.8691167831420898,
    -1.8702971935272217,
    -1.8713635206222534,
    -1.872465968132019,
    -1.874343991279602,
    -1.876273512840271,
    -1.8782036304473877,
    -1.8799394369125366,
    -1.8817368745803833,
    -1.8835605382919312,
    -1.8852512836456299,
    -1.8868591785430908,
    -1.8885749578475952,
    -1.8928972482681274,
    -1.8975147008895874,
    -1.9024262428283691,
    -1.907364010810852,
    -1.9123097658157349,
    -1.9173734188079834
  ]
}