{
  "arm": 89,
  "p": 0.381,
  "q": 0.133,
  "whittle": [
    -1.9047423601150513,
    -1.9006925821304321,
    -1.8960676193237305,
    -1.8916280269622803,
    -1.886580228805542,
    -1.8812655210494995,
    -1.8764007091522217,
    -1.872031331062317,
    -1.8697001934051514,
    -1.8670328855514526,
    -1.864626169204712,
    -1.862228512763977,
    -1.8588252067565918,
    -1.855244755744934,
    -1.8517321348190308,
    -1.8481450080871582,
    -1.844571590423584,
    -1.8410146236419678,
    -1.8374680280685425,
    -1.8338512182235718,
    -1.8302953243255615,
    -1.8252276182174683,
    -1.8188776969909668,
    -1.814378023147583,
    -1.8103177547454834,
    -1.807604432106018,
    -1.807266354560852,
    -1.8090285062789917,
    -1.8109277486801147,
    -1.8120126724243164,
    -1.8126429319381714,
    -1.8124585151672363,
    -1.8120172023773193,
    -1.811781406402588,
    -1.8114980459213257,
    -1.8110363483428955,
    -1.8105813264846802,
    -1.8083081245422363,
    -1.8060691356658936,
    -1.8038363456726074,
    -1.8032586574554443,
    -1.8036539554595947,
    -1.8036895990371704,
    -1.802898645401001,
    -1.8017590045928955,
    -1.8011000156402588,
    -1.8004887104034424,
    -1.8012858629226685,
    -1.8015737533569336,
    -1.8024654388427734,
    -1.8031196594238281,
    -1.8037962913513184,
    -1.8047491312026978,
    -1.8063009977340698,
    -1.808501958847046,
    -1.8114691972732544,
    -1.814849615097046,
    -1.818034291267395,
    -1.8206257820129395,
    -1.8234024047851562,
    -1.826047420501709,
    -1.8284763097763062,
    -1.8310565948486328,
    -1.8339719772338867,
    -1.836682677268982,
    -1.8393936157226562,
    -1.8416399955749512,
    -1.8434736728668213,
    -1.8458762168884277,
    -1.8493765592575073,
    -1.8527095317840576,
    -1.8553963899612427,
    -1.8572105169296265,
    -1.8588407039642334,
    -1.8604713678359985,
    -1.8609299659729004,
    -1.861020803451538,
    -1.861022710800171,
    -1.8613520860671997,
    -1.8628467321395874,
    -1.8642518520355225,
    -1.8656392097473145,
    -1.8667970895767212,
    -1.867522954940796,
    -1.86809504032135,
    -1.8697373867034912,
    -1.8716672658920288,
    -1.8735967874526978,
    -1.8755128383636475,
    -1.8773003816604614,
    -1.8789407014846802,
    -1.880476474761963,
    -1.8819561004638672,
    -1.8847980499267578,
    -1.8887370824813843,
    -1.8935108184814453,
    -1.8984222412109375,
    -1.9033340215682983,
    -1.9082602262496948,
    -1.9132866859436035
  ]
}