{
  "arm": 28,
  "p": 0.675,
  "q": 0.643,
  "whittle": [
    -1.9074281454086304,
    -1.9034150838851929,
    -1.8988982439041138,
    -1.8941590785980225,
    -1.8890833854675293,
    -1.883613109588623,
    -1.8777997493743896,
    -1.8730214834213257,
    -1.8699487447738647,
    -1.867233395576477,
    -1.864806890487671,
    -1.8623424768447876,
    -1.8594332933425903,
    -1.8558789491653442,
    -1.8523229360580444,
    -1.8488329648971558,
    -1.84527587890625,
    -1.8417187929153442,
    -1.8381617069244385,
    -1.83493971824646,
    -1.8309847116470337,
    -1.8262403011322021,
    -1.8201162815093994,
    -1.8157871961593628,
    -1.8117396831512451,
    -1.8081835508346558,
    -1.808115005493164,
    -1.809998631477356,
    -1.8117026090621948,
    -1.8128024339675903,
    -1.8137649297714233,
    -1.812747597694397,
    -1.8122069835662842,
    -1.8118441104888916,
    -1.8113807439804077,
    -1.8113900423049927,
    -1.8102641105651855,
    -1.8085800409317017,
    -1.806186556816101,
    -1.8040066957473755,
    -1.8033109903335571,
    -1.8032106161117554,
    -1.8032546043395996,
    -1.8025727272033691,
    -1.8010411262512207,
    -1.800382375717163,
    -1.7997550964355469,
    -1.801101565361023,
    -1.801707148551941,
    -1.8024253845214844,
    -1.8030925989151,
    -1.8038365840911865,
    -1.8053169250488281,
    -1.80739426612854,
    -1.809594988822937,
    -1.812481164932251,
    -1.8157951831817627,
    -1.8192170858383179,
    -1.8220953941345215,
    -1.8246870040893555,
    -1.82741117477417,
    -1.8298401832580566,
    -1.8321378231048584,
    -1.8348207473754883,
    -1.8376424312591553,
    -1.8403533697128296,
    -1.8424720764160156,
    -1.8440895080566406,
    -1.8456424474716187,
    -1.8490424156188965,
    -1.8523406982421875,
    -1.8554787635803223,
    -1.8578766584396362,
    -1.8595165014266968,
    -1.8610939979553223,
    -1.8626701831817627,
    -1.863054871559143,
    -1.863169550895691,
    -1.8636655807495117,
    -1.8653312921524048,
    -1.8668702840805054,
    -1.868172287940979,
    -1.8693633079528809,
    -1.8704336881637573,
    -1.871378779411316,
    -1.8732210397720337,
    -1.8751506805419922,
    -1.8770802021026611,
    -1.8788708448410034,
    -1.8806580305099487,
    -1.8824286460876465,
    -1.8841173648834229,
    -1.88568913936615,
    -1.887618899345398,
    -1.8918800354003906,
    -1.8965438604354858,
    -1.901455283164978,
    -1.9063819646835327,
    -1.9113277196884155,
    -1.9163830280303955
  ]
}