{
  "arm": 57,
  "p": 0.388,
  "q": 0.475,
  "whittle": [
    -1.9059958457946777,
    -1.9020137786865234,
    -1.8975099325180054,
    -1.892822265625,
    -1.8877302408218384,
    -1.8821851015090942,
    -1.8764973878860474,
    -1.8721919059753418,
    -1.8693903684616089,
    -1.8666850328445435,
    -1.8642282485961914,
    -1.8617547750473022,
    -1.8585973978042603,
    -1.855031967163086,
    -1.851475715637207,
    -1.8479194641113281,
    -1.8443622589111328,
    -1.8408050537109375,
    -1.8372602462768555,
    -1.8337582349777222,
    -1.8298498392105103,
    -1.8249562978744507,
    -1.8187532424926758,
    -1.8142991065979004,
    -1.8102387189865112,
    -1.807007074356079,
    -1.806707739830017,
    -1.808549404144287,
    -1.8102734088897705,
    -1.811498999595642,
    -1.812043309211731,
    -1.8117834329605103,
    -1.811217188835144,
    -1.8108247518539429,
    -1.8105535507202148,
    -1.8104472160339355,
    -1.8093109130859375,
    -1.8072348833084106,
    -1.8048794269561768,
    -1.802738904953003,
    -1.802130937576294,
    -1.8021320104599,
    -1.8021234273910522,
    -1.8013477325439453,
    -1.7998625040054321,
    -1.7992037534713745,
    -1.7986197471618652,
    -1.7994638681411743,
    -1.7998461723327637,
    -1.800815224647522,
    -1.8014824390411377,
    -1.8021842241287231,
    -1.8031467199325562,
    -1.805105447769165,
    -1.8073081970214844,
    -1.8103852272033691,
    -1.813747763633728,
    -1.8171964883804321,
    -1.8198423385620117,
    -1.8225147724151611,
    -1.8252609968185425,
    -1.8276900053024292,
    -1.830281376838684,
    -1.8331162929534912,
    -1.8359981775283813,
    -1.8386421203613281,
    -1.8407537937164307,
    -1.8425179719924927,
    -1.8443515300750732,
    -1.84779691696167,
    -1.8510955572128296,
    -1.8541407585144043,
    -1.8562941551208496,
    -1.8579246997833252,
    -1.859532356262207,
    -1.8605198860168457,
    -1.860604166984558,
    -1.8605867624282837,
    -1.8612685203552246,
    -1.86298406124115,
    -1.864447832107544,
    -1.8657876253128052,
    -1.8669936656951904,
    -1.8679956197738647,
    -1.8687649965286255,
    -1.8705261945724487,
    -1.8724557161331177,
    -1.8744187355041504,
    -1.8763213157653809,
    -1.8781083822250366,
    -1.8797688484191895,
    -1.881422996520996,
    -1.8829169273376465,
    -1.8852757215499878,
    -1.8894343376159668,
    -1.894221544265747,
    -1.8991329669952393,
    -1.904044270515442,
    -1.9089792966842651,
    -1.9140149354934692
  ]
}