{
  "arm": 42,
  "p": 0.763,
  "q": 0.584,
  "whittle": [
    -1.9074686765670776,
    -1.9034600257873535,
    -1.8988820314407349,
    -1.8941705226898193,
    -1.8891392946243286,
    -1.8837618827819824,
    -1.8779257535934448,
    -1.8733391761779785,
    -1.870235800743103,
    -1.8675202131271362,
    -1.8651090860366821,
    -1.8626571893692017,
    -1.8597726821899414,
    -1.856215000152588,
    -1.852658987045288,
    -1.8491889238357544,
    -1.8456315994262695,
    -1.8420745134353638,
    -1.838517665863037,
    -1.8353164196014404,
    -1.8313729763031006,
    -1.8267329931259155,
    -1.820576786994934,
    -1.8162813186645508,
    -1.8122453689575195,
    -1.8087488412857056,
    -1.8087408542633057,
    -1.8106114864349365,
    -1.8123221397399902,
    -1.8134686946868896,
    -1.8144623041152954,
    -1.8133947849273682,
    -1.812774896621704,
    -1.8124120235443115,
    -1.8119531869888306,
    -1.8120384216308594,
    -1.8110264539718628,
    -1.8093546628952026,
    -1.80698561668396,
    -1.8048043251037598,
    -1.8041261434555054,
    -1.8040645122528076,
    -1.8041093349456787,
    -1.8034652471542358,
    -1.8020319938659668,
    -1.8013732433319092,
    -1.80070960521698,
    -1.8022364377975464,
    -1.802857518196106,
    -1.8034673929214478,
    -1.804134488105774,
    -1.8049261569976807,
    -1.8064393997192383,
    -1.8085049390792847,
    -1.8107050657272339,
    -1.813496708869934,
    -1.816799521446228,
    -1.8202117681503296,
    -1.8230605125427246,
    -1.82565176486969,
    -1.8283449411392212,
    -1.8307737112045288,
    -1.8330206871032715,
    -1.8356105089187622,
    -1.8383837938308716,
    -1.8410948514938354,
    -1.8432947397232056,
    -1.8449211120605469,
    -1.8465431928634644,
    -1.8499622344970703,
    -1.8532602787017822,
    -1.8563004732131958,
    -1.8587031364440918,
    -1.8603284358978271,
    -1.861905813217163,
    -1.8634834289550781,
    -1.8639436960220337,
    -1.8641020059585571,
    -1.8644641637802124,
    -1.8660250902175903,
    -1.8675637245178223,
    -1.8688602447509766,
    -1.8700604438781738,
    -1.8710640668869019,
    -1.8719582557678223,
    -1.8738106489181519,
    -1.8757402896881104,
    -1.8776698112487793,
    -1.879408836364746,
    -1.8811959028244019,
    -1.8829822540283203,
    -1.8846718072891235,
    -1.8862470388412476,
    -1.888199806213379,
    -1.8924211263656616,
    -1.8970417976379395,
    -1.9019534587860107,
    -1.9068857431411743,
    -1.9118314981460571,
    -1.916891098022461
  ]
}