{
  "arm": 80,
  "p": 0.531,
  "q": 0.103,
  "whittle": [
    -1.9050661325454712,
    -1.901013731956482,
    -1.8963149785995483,
    -1.89189612865448,
    -1.8869004249572754,
    -1.8817033767700195,
    -1.8769558668136597,
    -1.8725022077560425,
    -1.8701207637786865,
    -1.867448329925537,
    -1.865077257156372,
    -1.8626939058303833,
    -1.8593486547470093,
    -1.8557687997817993,
    -1.8522719144821167,
    -1.848686933517456,
    -1.8451298475265503,
    -1.841572642326355,
    -1.8380179405212402,
    -1.8345404863357544,
    -1.8310474157333374,
    -1.8259891271591187,
    -1.8196542263031006,
    -1.815195918083191,
    -1.8111389875411987,
    -1.8084372282028198,
    -1.8082091808319092,
    -1.8099653720855713,
    -1.8119311332702637,
    -1.813004493713379,
    -1.8137059211730957,
    -1.8134466409683228,
    -1.812814712524414,
    -1.812515139579773,
    -1.8122419118881226,
    -1.8119986057281494,
    -1.811519742012024,
    -1.809396743774414,
    -1.8071579933166504,
    -1.8049490451812744,
    -1.8042922019958496,
    -1.804780125617981,
    -1.804814100265503,
    -1.8040575981140137,
    -1.8030459880828857,
    -1.8023872375488281,
    -1.801760196685791,
    -1.802876591682434,
    -1.8031644821166992,
    -1.8038873672485352,
    -1.8045459985733032,
    -1.8052253723144531,
    -1.806293249130249,
    -1.8079330921173096,
    -1.8101325035095215,
    -1.8129680156707764,
    -1.8163208961486816,
    -1.8195042610168457,
    -1.8220958709716797,
    -1.8247661590576172,
    -1.8274637460708618,
    -1.8298925161361694,
    -1.8322465419769287,
    -1.835084080696106,
    -1.8377948999404907,
    -1.8405057191848755,
    -1.8428642749786377,
    -1.8447073698043823,
    -1.8470829725265503,
    -1.850583791732788,
    -1.8539340496063232,
    -1.8565363883972168,
    -1.8583827018737793,
    -1.8600127696990967,
    -1.8616435527801514,
    -1.8623794317245483,
    -1.862471580505371,
    -1.8624531030654907,
    -1.862815260887146,
    -1.8640458583831787,
    -1.865506649017334,
    -1.8668460845947266,
    -1.8680356740951538,
    -1.8686816692352295,
    -1.8692532777786255,
    -1.8708937168121338,
    -1.8728232383728027,
    -1.8747531175613403,
    -1.876585841178894,
    -1.878373146057129,
    -1.8800125122070312,
    -1.8816139698028564,
    -1.8830934762954712,
    -1.885875940322876,
    -1.889792799949646,
    -1.8944965600967407,
    -1.8994078636169434,
    -1.9043196439743042,
    -1.909257173538208,
    -1.914296269416809
  ]
}