{
  "arm": 17,
  "p": 0.325,
  "q": 0.159,
  "whittle": [
    -1.9046748876571655,
    -1.900628685951233,
    -1.896037220954895,
    -1.8915752172470093,
    -1.8865091800689697,
    -1.8811405897140503,
    -1.8761929273605347,
    -1.8719308376312256,
    -1.8695287704467773,
    -1.8668615818023682,
    -1.864439606666565,
    -1.8620327711105347,
    -1.8586194515228271,
    -1.8550388813018799,
    -1.851517677307129,
    -1.8479337692260742,
    -1.844353199005127,
    -1.8407961130142212,
    -1.8372529745101929,
    -1.8336273431777954,
    -1.8299906253814697,
    -1.8249242305755615,
    -1.8185745477676392,
    -1.8140676021575928,
    -1.8100067377090454,
    -1.8072659969329834,
    -1.8068881034851074,
    -1.808656096458435,
    -1.8105229139328003,
    -1.811618447303772,
    -1.8121951818466187,
    -1.8120583295822144,
    -1.8116836547851562,
    -1.8114641904830933,
    -1.811178207397461,
    -1.8106498718261719,
    -1.8101741075515747,
    -1.807853102684021,
    -1.8056142330169678,
    -1.8033727407455444,
    -1.802822232246399,
    -1.8031644821166992,
    -1.8032009601593018,
    -1.802384614944458,
    -1.8011940717697144,
    -1.8005350828170776,
    -1.7999308109283447,
    -1.8006141185760498,
    -1.8009021282196045,
    -1.8018598556518555,
    -1.802513837814331,
    -1.8031904697418213,
    -1.8040978908538818,
    -1.8056397438049316,
    -1.8078383207321167,
    -1.8108596801757812,
    -1.8142496347427368,
    -1.8174489736557007,
    -1.8200404644012451,
    -1.822852611541748,
    -1.8254820108413696,
    -1.8279109001159668,
    -1.8305820226669312,
    -1.8335185050964355,
    -1.8362358808517456,
    -1.83894681930542,
    -1.8411420583724976,
    -1.8429691791534424,
    -1.8453571796417236,
    -1.8488577604293823,
    -1.8521806001663208,
    -1.8549147844314575,
    -1.8567308187484741,
    -1.8583611249923706,
    -1.8599917888641357,
    -1.860368251800537,
    -1.8604581356048584,
    -1.8604763746261597,
    -1.8608570098876953,
    -1.8624027967453003,
    -1.8637893199920654,
    -1.8651926517486572,
    -1.8663458824157715,
    -1.8671083450317383,
    -1.8676811456680298,
    -1.869337558746338,
    -1.8712669610977173,
    -1.8732037544250488,
    -1.8751451969146729,
    -1.8769326210021973,
    -1.8785737752914429,
    -1.880091667175293,
    -1.8815703392028809,
    -1.884413719177246,
    -1.8883707523345947,
    -1.8931713104248047,
    -1.8980828523635864,
    -1.9029943943023682,
    -1.9079171419143677,
    -1.912940502166748
  ]
}