{
  "arm": 83,
  "p": 0.231,
  "q": 0.192,
  "whittle": [
    -1.904523253440857,
    -1.9004815816879272,
    -1.8959317207336426,
    -1.8914316892623901,
    -1.8863565921783447,
    -1.8809032440185547,
    -1.8758442401885986,
    -1.8717597723007202,
    -1.8692514896392822,
    -1.8665844202041626,
    -1.8641395568847656,
    -1.8617206811904907,
    -1.8582812547683716,
    -1.8547005653381348,
    -1.8511676788330078,
    -1.8475878238677979,
    -1.8439936637878418,
    -1.8404364585876465,
    -1.836898684501648,
    -1.8332858085632324,
    -1.8294968605041504,
    -1.8244247436523438,
    -1.8180811405181885,
    -1.8135502338409424,
    -1.8094881772994995,
    -1.806717872619629,
    -1.8062807321548462,
    -1.807998538017273,
    -1.809865117073059,
    -1.8109740018844604,
    -1.811463713645935,
    -1.8114094734191895,
    -1.8111728429794312,
    -1.8109629154205322,
    -1.810673475265503,
    -1.8100208044052124,
    -1.8095319271087646,
    -1.8071240186691284,
    -1.8048855066299438,
    -1.8026586771011353,
    -1.8021262884140015,
    -1.8024215698242188,
    -1.80241060256958,
    -1.801571249961853,
    -1.8003064393997192,
    -1.7996476888656616,
    -1.7990543842315674,
    -1.7995429039001465,
    -1.7999262809753418,
    -1.8008967638015747,
    -1.8015497922897339,
    -1.8022258281707764,
    -1.8031104803085327,
    -1.804587483406067,
    -1.8067641258239746,
    -1.8098750114440918,
    -1.813279151916504,
    -1.8164927959442139,
    -1.8190840482711792,
    -1.8219587802886963,
    -1.8245593309402466,
    -1.8269882202148438,
    -1.829781174659729,
    -1.8327709436416626,
    -1.8355083465576172,
    -1.838219165802002,
    -1.840335726737976,
    -1.8421536684036255,
    -1.84453547000885,
    -1.8480360507965088,
    -1.8513444662094116,
    -1.8541462421417236,
    -1.8559561967849731,
    -1.8575867414474487,
    -1.8592171669006348,
    -1.8594399690628052,
    -1.8595287799835205,
    -1.8595772981643677,
    -1.8600224256515503,
    -1.8616344928741455,
    -1.8630088567733765,
    -1.8644155263900757,
    -1.865580439567566,
    -1.8663994073867798,
    -1.8669724464416504,
    -1.8686434030532837,
    -1.8705726861953735,
    -1.872553825378418,
    -1.8745044469833374,
    -1.8762917518615723,
    -1.8779343366622925,
    -1.8794182538986206,
    -1.8808948993682861,
    -1.8837560415267944,
    -1.8877358436584473,
    -1.8925809860229492,
    -1.8974924087524414,
    -1.9024041891098022,
    -1.907320261001587,
    -1.9123395681381226
  ]
}