{
  "arm": 31,
  "p": 0.113,
  "q": 0.732,
  "whittle": [
    -1.9061307907104492,
    -1.9021252393722534,
    -1.8976969718933105,
    -1.8929489850997925,
    -1.887762427330017,
    -1.8819111585617065,
    -1.8763315677642822,
    -1.8711577653884888,
    -1.8684254884719849,
    -1.865709900856018,
    -1.8631541728973389,
    -1.860682725906372,
    -1.8574814796447754,
    -1.8539314270019531,
    -1.8503755331039429,
    -1.8467836380004883,
    -1.8432005643844604,
    -1.8396437168121338,
    -1.8361150026321411,
    -1.83260178565979,
    -1.8283802270889282,
    -1.823341727256775,
    -1.8172866106033325,
    -1.8127310276031494,
    -1.8086599111557007,
    -1.805106282234192,
    -1.8046246767044067,
    -1.806444764137268,
    -1.8080209493637085,
    -1.8092416524887085,
    -1.8095322847366333,
    -1.8095479011535645,
    -1.8092631101608276,
    -1.8089029788970947,
    -1.8086134195327759,
    -1.8083873987197876,
    -1.8068177700042725,
    -1.804577350616455,
    -1.8022027015686035,
    -1.800228238105774,
    -1.799452304840088,
    -1.799257755279541,
    -1.7992726564407349,
    -1.7982184886932373,
    -1.7964860200881958,
    -1.795693278312683,
    -1.795154333114624,
    -1.7955005168914795,
    -1.7961463928222656,
    -1.7971985340118408,
    -1.797865629196167,
    -1.7985788583755493,
    -1.7993972301483154,
    -1.8013654947280884,
    -1.8036949634552002,
    -1.8069666624069214,
    -1.8103618621826172,
    -1.813842535018921,
    -1.8166468143463135,
    -1.8194552659988403,
    -1.8221632242202759,
    -1.824592113494873,
    -1.8274503946304321,
    -1.8304729461669922,
    -1.8335001468658447,
    -1.8358428478240967,
    -1.8379542827606201,
    -1.83969247341156,
    -1.841208577156067,
    -1.844569206237793,
    -1.847867488861084,
    -1.8511661291122437,
    -1.8535741567611694,
    -1.8551990985870361,
    -1.8567763566970825,
    -1.8575752973556519,
    -1.8576593399047852,
    -1.8577699661254883,
    -1.8590264320373535,
    -1.860833764076233,
    -1.8622283935546875,
    -1.863602876663208,
    -1.864835262298584,
    -1.865968942642212,
    -1.8670989274978638,
    -1.8688790798187256,
    -1.8708829879760742,
    -1.8728867769241333,
    -1.8748005628585815,
    -1.8765877485275269,
    -1.878261685371399,
    -1.8798693418502808,
    -1.8813655376434326,
    -1.8836957216262817,
    -1.887893795967102,
    -1.8928049802780151,
    -1.8977166414260864,
    -1.9026283025741577,
    -1.9075469970703125,
    -1.91257643699646
  ]
}