{
  "arm": 16,
  "p": 0.525,
  "q": 0.841,
  "whittle": [
    -1.9077101945877075,
    -1.9036767482757568,
    -1.8993113040924072,
    -1.894440770149231,
    -1.889285683631897,
    -1.8836151361465454,
    -1.8778258562088013,
    -1.8724240064620972,
    -1.8693546056747437,
    -1.866639494895935,
    -1.8641600608825684,
    -1.8616873025894165,
    -1.858781099319458,
    -1.8552387952804565,
    -1.8516829013824463,
    -1.8481597900390625,
    -1.8446027040481567,
    -1.8410454988479614,
    -1.8374948501586914,
    -1.8341941833496094,
    -1.8302847146987915,
    -1.825438141822815,
    -1.8192938566207886,
    -1.8149124383926392,
    -1.8108478784561157,
    -1.8071410655975342,
    -1.8068760633468628,
    -1.80880606174469,
    -1.810386300086975,
    -1.8114317655563354,
    -1.812279462814331,
    -1.8114500045776367,
    -1.8110146522521973,
    -1.8106518983840942,
    -1.8101768493652344,
    -1.8099441528320312,
    -1.8086631298065186,
    -1.8069168329238892,
    -1.8044800758361816,
    -1.8024574518203735,
    -1.8014830350875854,
    -1.8013447523117065,
    -1.8014696836471558,
    -1.8005954027175903,
    -1.7988630533218384,
    -1.7981380224227905,
    -1.7975661754608154,
    -1.798608660697937,
    -1.7992346286773682,
    -1.8001656532287598,
    -1.800832748413086,
    -1.8015661239624023,
    -1.8030338287353516,
    -1.8051396608352661,
    -1.8073309659957886,
    -1.8104212284088135,
    -1.813751220703125,
    -1.817178726196289,
    -1.8202087879180908,
    -1.8228002786636353,
    -1.825577974319458,
    -1.8280068635940552,
    -1.830423355102539,
    -1.8332393169403076,
    -1.8360754251480103,
    -1.8386799097061157,
    -1.8407915830612183,
    -1.8423653841018677,
    -1.843872308731079,
    -1.847000241279602,
    -1.850298523902893,
    -1.8535970449447632,
    -1.8560965061187744,
    -1.8578389883041382,
    -1.8594166040420532,
    -1.8609884977340698,
    -1.8613752126693726,
    -1.8614524602890015,
    -1.8622925281524658,
    -1.864172101020813,
    -1.8657108545303345,
    -1.8670388460159302,
    -1.8682016134262085,
    -1.869411587715149,
    -1.8705861568450928,
    -1.8724243640899658,
    -1.8743538856506348,
    -1.8763198852539062,
    -1.8781688213348389,
    -1.8799561262130737,
    -1.8817214965820312,
    -1.88341224193573,
    -1.884995698928833,
    -1.8867502212524414,
    -1.8911412954330444,
    -1.8958832025527954,
    -1.9007946252822876,
    -1.905713677406311,
    -1.910659670829773,
    -1.9157131910324097
  ]
}