{
  "arm": 9,
  "p": 0.35,
  "q": 0.396,
  "whittle": [
    -1.9056016206741333,
    -1.9016070365905762,
    -1.897091031074524,
    -1.8924498558044434,
    -1.8873628377914429,
    -1.8818472623825073,
    -1.8762787580490112,
    -1.8721145391464233,
    -1.8693668842315674,
    -1.8666733503341675,
    -1.864219307899475,
    -1.8617596626281738,
    -1.8585294485092163,
    -1.8549588918685913,
    -1.851402997970581,
    -1.8478440046310425,
    -1.8442803621292114,
    -1.8407230377197266,
    -1.8371800184249878,
    -1.833633542060852,
    -1.8297287225723267,
    -1.8248370885849,
    -1.8185944557189941,
    -1.8141216039657593,
    -1.8100634813308716,
    -1.8069567680358887,
    -1.806620717048645,
    -1.8084437847137451,
    -1.810195803642273,
    -1.8113950490951538,
    -1.8119304180145264,
    -1.8117152452468872,
    -1.8112266063690186,
    -1.810881495475769,
    -1.810610294342041,
    -1.8103636503219604,
    -1.8094046115875244,
    -1.8072423934936523,
    -1.804941177368164,
    -1.8027474880218506,
    -1.8021655082702637,
    -1.8022494316101074,
    -1.8022433519363403,
    -1.8014510869979858,
    -1.8000297546386719,
    -1.7993708848953247,
    -1.7987838983535767,
    -1.7995717525482178,
    -1.7998974323272705,
    -1.8008836507797241,
    -1.8015507459640503,
    -1.8022454977035522,
    -1.8031713962554932,
    -1.805012583732605,
    -1.8072153329849243,
    -1.810295820236206,
    -1.81367027759552,
    -1.8170934915542603,
    -1.8196849822998047,
    -1.8224092721939087,
    -1.8251173496246338,
    -1.8275461196899414,
    -1.8301929235458374,
    -1.8330377340316772,
    -1.8359020948410034,
    -1.8385698795318604,
    -1.840681552886963,
    -1.8424650430679321,
    -1.8444443941116333,
    -1.847908616065979,
    -1.8512065410614014,
    -1.8541821241378784,
    -1.856242299079895,
    -1.857872486114502,
    -1.8594964742660522,
    -1.860273003578186,
    -1.8603589534759521,
    -1.8603490591049194,
    -1.8609751462936401,
    -1.8626596927642822,
    -1.8640952110290527,
    -1.8654589653015137,
    -1.8666647672653198,
    -1.8675963878631592,
    -1.86830472946167,
    -1.87004816532135,
    -1.871977686882019,
    -1.8739429712295532,
    -1.8758583068847656,
    -1.87764573097229,
    -1.8793010711669922,
    -1.8809202909469604,
    -1.8824000358581543,
    -1.884894847869873,
    -1.8890035152435303,
    -1.8938043117523193,
    -1.8987157344818115,
    -1.9036270380020142,
    -1.9085570573806763,
    -1.913588523864746
  ]
}