{
  "arm": 96,
  "p": 0.519,
  "q": 0.577,
  "whittle": [
    -1.9067407846450806,
    -1.9027414321899414,
    -1.898244857788086,
    -1.8935256004333496,
    -1.888433814048767,
    -1.8829033374786377,
    -1.8771543502807617,
    -1.8725558519363403,
    -1.8696234226226807,
    -1.8669079542160034,
    -1.8644654750823975,
    -1.8619922399520874,
    -1.858959674835205,
    -1.8554011583328247,
    -1.851845145225525,
    -1.8483190536499023,
    -1.8447619676589966,
    -1.8412047624588013,
    -1.8376531600952148,
    -1.8342951536178589,
    -1.8303582668304443,
    -1.8255196809768677,
    -1.8193657398223877,
    -1.8149698972702026,
    -1.8109066486358643,
    -1.8074973821640015,
    -1.8073066473007202,
    -1.809172511100769,
    -1.8108878135681152,
    -1.8120330572128296,
    -1.8127766847610474,
    -1.812146544456482,
    -1.8116012811660767,
    -1.8112305402755737,
    -1.8108454942703247,
    -1.8108375072479248,
    -1.8096405267715454,
    -1.8077659606933594,
    -1.8053736686706543,
    -1.803238868713379,
    -1.8025990724563599,
    -1.8024930953979492,
    -1.8025305271148682,
    -1.8017884492874146,
    -1.8002561330795288,
    -1.7995972633361816,
    -1.799010157585144,
    -1.800066351890564,
    -1.8005625009536743,
    -1.8014246225357056,
    -1.8020918369293213,
    -1.8028054237365723,
    -1.803979516029358,
    -1.8060564994812012,
    -1.8082584142684937,
    -1.8112573623657227,
    -1.8145960569381714,
    -1.8180193901062012,
    -1.8208080530166626,
    -1.823399305343628,
    -1.8261796236038208,
    -1.8286083936691284,
    -1.8309983015060425,
    -1.8338329792022705,
    -1.836694359779358,
    -1.8393592834472656,
    -1.841470718383789,
    -1.8431553840637207,
    -1.844819188117981,
    -1.8482422828674316,
    -1.8515406847000122,
    -1.85465407371521,
    -1.8569555282592773,
    -1.8585859537124634,
    -1.860168695449829,
    -1.861606478691101,
    -1.8616909980773926,
    -1.8617074489593506,
    -1.8623521327972412,
    -1.8640613555908203,
    -1.8655952215194702,
    -1.8668855428695679,
    -1.8680821657180786,
    -1.869164228439331,
    -1.8700085878372192,
    -1.8718104362487793,
    -1.8737401962280273,
    -1.8756697177886963,
    -1.8775407075881958,
    -1.8793278932571411,
    -1.8810343742370605,
    -1.8827152252197266,
    -1.884249210357666,
    -1.8863766193389893,
    -1.8905985355377197,
    -1.8953301906585693,
    -1.900241732597351,
    -1.905154824256897,
    -1.9101008176803589,
    -1.9151462316513062
  ]
}