{
  "arm": 87,
  "p": 0.181,
  "q": 0.548,
  "whittle": [
    -1.9056628942489624,
    -1.9016786813735962,
    -1.8971916437149048,
    -1.892507553100586,
    -1.887392520904541,
    -1.8816633224487305,
    -1.8760383129119873,
    -1.8714823722839355,
    -1.8687795400619507,
    -1.8660805225372314,
    -1.8635668754577637,
    -1.8610942363739014,
    -1.8578482866287231,
    -1.8542869091033936,
    -1.8507307767868042,
    -1.8471527099609375,
    -1.843570351600647,
    -1.840013027191162,
    -1.8364801406860352,
    -1.8329728841781616,
    -1.828958511352539,
    -1.823856234550476,
    -1.8176954984664917,
    -1.8131600618362427,
    -1.8090953826904297,
    -1.8057997226715088,
    -1.80535089969635,
    -1.807157039642334,
    -1.8088239431381226,
    -1.8100874423980713,
    -1.8104015588760376,
    -1.8103535175323486,
    -1.810039758682251,
    -1.8097118139266968,
    -1.8094321489334106,
    -1.8091436624526978,
    -1.8078950643539429,
    -1.8056286573410034,
    -1.8033188581466675,
    -1.801222801208496,
    -1.8005967140197754,
    -1.8005096912384033,
    -1.80047607421875,
    -1.799555778503418,
    -1.7979061603546143,
    -1.7972474098205566,
    -1.7966872453689575,
    -1.7971705198287964,
    -1.797664999961853,
    -1.7986903190612793,
    -1.7993578910827637,
    -1.8000575304031372,
    -1.80088210105896,
    -1.8027362823486328,
    -1.804945707321167,
    -1.8082146644592285,
    -1.8116096258163452,
    -1.815088152885437,
    -1.8177357912063599,
    -1.8205451965332031,
    -1.823228120803833,
    -1.8256570100784302,
    -1.828465223312378,
    -1.8314377069473267,
    -1.8343955278396606,
    -1.836866021156311,
    -1.838977575302124,
    -1.8407574892044067,
    -1.8425403833389282,
    -1.8459538221359253,
    -1.8492522239685059,
    -1.852447509765625,
    -1.854587197303772,
    -1.8562177419662476,
    -1.8578206300735474,
    -1.858473300933838,
    -1.8585574626922607,
    -1.8586257696151733,
    -1.8595508337020874,
    -1.8613368272781372,
    -1.8627289533615112,
    -1.8641033172607422,
    -1.8653367757797241,
    -1.8663972616195679,
    -1.8672691583633423,
    -1.8689985275268555,
    -1.8709841966629028,
    -1.8729877471923828,
    -1.8749107122421265,
    -1.8766982555389404,
    -1.8783611059188843,
    -1.8799514770507812,
    -1.8814306259155273,
    -1.8838859796524048,
    -1.8880372047424316,
    -1.8929224014282227,
    -1.8978335857391357,
    -1.9027451276779175,
    -1.9076652526855469,
    -1.9126925468444824
  ]
}