{
  "arm": 61,
  "p": 0.488,
  "q": 0.831,
  "whittle": [
    -1.9075676202774048,
    -1.9035366773605347,
    -1.899165391921997,
    -1.8943060636520386,
    -1.8891512155532837,
    -1.883461594581604,
    -1.877686858177185,
    -1.8723102807998657,
    -1.8692716360092163,
    -1.8665560483932495,
    -1.8640700578689575,
    -1.8615972995758057,
    -1.858664631843567,
    -1.8551217317581177,
    -1.8515655994415283,
    -1.8480339050292969,
    -1.8444768190383911,
    -1.8409196138381958,
    -1.8373709917068481,
    -1.8340386152267456,
    -1.8301339149475098,
    -1.8252688646316528,
    -1.8191137313842773,
    -1.8147165775299072,
    -1.8106461763381958,
    -1.8069391250610352,
    -1.8066743612289429,
    -1.8086016178131104,
    -1.8101744651794434,
    -1.8112355470657349,
    -1.8120321035385132,
    -1.8112646341323853,
    -1.8108561038970947,
    -1.810492992401123,
    -1.8100179433822632,
    -1.8097933530807495,
    -1.8084981441497803,
    -1.8067246675491333,
    -1.804267168045044,
    -1.802258014678955,
    -1.801296591758728,
    -1.8011583089828491,
    -1.8012726306915283,
    -1.8003830909729004,
    -1.7986503839492798,
    -1.7979196310043335,
    -1.7973556518554688,
    -1.7983307838439941,
    -1.7989338636398315,
    -1.7999000549316406,
    -1.8005675077438354,
    -1.8012984991073608,
    -1.8026940822601318,
    -1.8048017024993896,
    -1.8069924116134644,
    -1.8101117610931396,
    -1.8134474754333496,
    -1.8168754577636719,
    -1.8198895454406738,
    -1.8224810361862183,
    -1.8252718448638916,
    -1.8277008533477783,
    -1.8301531076431274,
    -1.832991361618042,
    -1.83584463596344,
    -1.838425636291504,
    -1.8405373096466064,
    -1.8421261310577393,
    -1.8436311483383179,
    -1.846782922744751,
    -1.8500813245773315,
    -1.853379726409912,
    -1.855881929397583,
    -1.857602596282959,
    -1.859179973602295,
    -1.8607522249221802,
    -1.861041784286499,
    -1.861096739768982,
    -1.8619860410690308,
    -1.8638721704483032,
    -1.8654110431671143,
    -1.866735816001892,
    -1.8678991794586182,
    -1.869109034538269,
    -1.8702726364135742,
    -1.8721020221710205,
    -1.8740313053131104,
    -1.8760112524032593,
    -1.8778660297393799,
    -1.8796532154083252,
    -1.8814042806625366,
    -1.8830935955047607,
    -1.8846690654754639,
    -1.8864690065383911,
    -1.89084792137146,
    -1.8956061601638794,
    -1.9005177021026611,
    -1.905434250831604,
    -1.9103797674179077,
    -1.915431022644043
  ]
}