{
  "arm": 33,
  "p": 0.312,
  "q": 0.554,
  "whittle": [
    -1.9060618877410889,
    -1.902072548866272,
    -1.8975952863693237,
    -1.8928842544555664,
    -1.887778639793396,
    -1.8821302652359009,
    -1.8764578104019165,
    -1.871901512145996,
    -1.8691160678863525,
    -1.866406798362732,
    -1.8639217615127563,
    -1.8614486455917358,
    -1.8582829236984253,
    -1.854722499847412,
    -1.8511663675308228,
    -1.8475967645645142,
    -1.8440357446670532,
    -1.8404788970947266,
    -1.8369386196136475,
    -1.8334300518035889,
    -1.8295029401779175,
    -1.8245055675506592,
    -1.8183447122573853,
    -1.8138631582260132,
    -1.8097994327545166,
    -1.8064671754837036,
    -1.806118130683899,
    -1.807977318763733,
    -1.8096344470977783,
    -1.8108558654785156,
    -1.8113329410552979,
    -1.8111491203308105,
    -1.8106579780578613,
    -1.8102713823318481,
    -1.809993863105774,
    -1.8098243474960327,
    -1.8085914850234985,
    -1.8064743280410767,
    -1.8041095733642578,
    -1.8020206689834595,
    -1.8013889789581299,
    -1.8013018369674683,
    -1.8012902736663818,
    -1.8004454374313354,
    -1.7988470792770386,
    -1.7981882095336914,
    -1.7976170778274536,
    -1.7983230352401733,
    -1.7987207174301147,
    -1.7997761964797974,
    -1.800443410873413,
    -1.8011481761932373,
    -1.8020601272583008,
    -1.8040425777435303,
    -1.8062450885772705,
    -1.8094136714935303,
    -1.8127847909927368,
    -1.8162418603897095,
    -1.8189393281936646,
    -1.8216471672058105,
    -1.8243852853775024,
    -1.8268141746520996,
    -1.829484462738037,
    -1.8323664665222168,
    -1.8352978229522705,
    -1.8378467559814453,
    -1.8399583101272583,
    -1.8417121171951294,
    -1.8434463739395142,
    -1.846866250038147,
    -1.850164532661438,
    -1.8533198833465576,
    -1.8555198907852173,
    -1.8571504354476929,
    -1.8587466478347778,
    -1.8596948385238647,
    -1.8597795963287354,
    -1.8597978353500366,
    -1.8605839014053345,
    -1.8623915910720825,
    -1.8638375997543335,
    -1.8652032613754272,
    -1.8663994073867798,
    -1.867486596107483,
    -1.8683204650878906,
    -1.870077133178711,
    -1.8720093965530396,
    -1.8740137815475464,
    -1.8759186267852783,
    -1.8777059316635132,
    -1.8793704509735107,
    -1.8810133934020996,
    -1.8825093507766724,
    -1.8848106861114502,
    -1.8890198469161987,
    -1.8938456773757935,
    -1.898756980895996,
    -1.9036685228347778,
    -1.9085988998413086,
    -1.913633108139038
  ]
}