{
  "arm": 13,
  "p": 0.45,
  "q": 0.752,
  "whittle": [
    -1.9071730375289917,
    -1.9031540155410767,
    -1.8987531661987305,
    -1.8939337730407715,
    -1.8887981176376343,
    -1.8831239938735962,
    -1.8773739337921143,
    -1.8722330331802368,
    -1.8692599534988403,
    -1.8665446043014526,
    -1.8640611171722412,
    -1.861588716506958,
    -1.8585964441299438,
    -1.8550488948822021,
    -1.8514925241470337,
    -1.8479520082473755,
    -1.8443948030471802,
    -1.8408374786376953,
    -1.8372905254364014,
    -1.8339120149612427,
    -1.8300049304962158,
    -1.8250744342803955,
    -1.8189551830291748,
    -1.814538836479187,
    -1.8104690313339233,
    -1.80681574344635,
    -1.8065887689590454,
    -1.8084958791732788,
    -1.8100969791412354,
    -1.8111999034881592,
    -1.8119193315505981,
    -1.811246633529663,
    -1.8108514547348022,
    -1.8104885816574097,
    -1.8100483417510986,
    -1.8098788261413574,
    -1.8085919618606567,
    -1.8067375421524048,
    -1.8042914867401123,
    -1.802266240119934,
    -1.8014140129089355,
    -1.801275610923767,
    -1.8013551235198975,
    -1.8004863262176514,
    -1.7987537384033203,
    -1.7980870008468628,
    -1.7975200414657593,
    -1.7984389066696167,
    -1.7989851236343384,
    -1.7999684810638428,
    -1.800635814666748,
    -1.8013598918914795,
    -1.802606225013733,
    -1.80470871925354,
    -1.8069043159484863,
    -1.8100261688232422,
    -1.8133697509765625,
    -1.8167974948883057,
    -1.8197319507598877,
    -1.8223235607147217,
    -1.8251280784606934,
    -1.827556848526001,
    -1.8300598859786987,
    -1.8329029083251953,
    -1.835797905921936,
    -1.8383533954620361,
    -1.8404648303985596,
    -1.8420976400375366,
    -1.84360933303833,
    -1.8468945026397705,
    -1.8501927852630615,
    -1.853491187095642,
    -1.8559229373931885,
    -1.8575668334960938,
    -1.8591444492340088,
    -1.8607120513916016,
    -1.860796332359314,
    -1.860813021659851,
    -1.861685037612915,
    -1.8635478019714355,
    -1.8650825023651123,
    -1.8663973808288574,
    -1.867570400238037,
    -1.8687794208526611,
    -1.8698127269744873,
    -1.8716233968734741,
    -1.8735533952713013,
    -1.8755358457565308,
    -1.8774033784866333,
    -1.879190444946289,
    -1.880912184715271,
    -1.8825973272323608,
    -1.8841521739959717,
    -1.8860816955566406,
    -1.8904167413711548,
    -1.895188808441162,
    -1.900100588798523,
    -1.9050120115280151,
    -1.909957766532898,
    -1.915004849433899
  ]
}