{
  "theta0": 5.0,
  "theta1": 0.2888888888888889,
  "theta2": 0.0,
  "whittle": [
    -0.1782291978597641,
    0.7005124688148499,
    1.9135860204696655,
    2.7680132389068604,
    3.341935634613037,
    3.4986274242401123,
    3.381981611251831,
    3.1258366107940674,
    2.9489660263061523,
    2.8252694606781006,
    2.7861270904541016,
    2.8121392726898193,
    2.848573684692383,
    2.882499933242798,
    2.9151296615600586,
    2.9514083862304688,
    2.9863107204437256,
    3.019822597503662,
    3.0515122413635254,
    3.0829904079437256,
    3.1151411533355713,
    3.1472911834716797,
    3.179441452026367,
    3.211594820022583,
    3.243717670440674,
    3.2750213146209717,
    3.3068437576293945,
    3.3364739418029785,
    3.3645873069763184,
    3.3911967277526855,
    3.4175212383270264,
    3.4438111782073975,
    3.47009539604187,
    3.496380090713501,
    3.5226643085479736,
    3.5489485263824463,
    3.575232744216919,
    3.6001169681549072,
    3.6214592456817627,
    3.6383979320526123,
    3.655336618423462,
    3.6722753047943115,
    3.6851966381073,
    3.687680244445801,
    3.6900217533111572,
    3.6923627853393555,
    3.69470477104187,
    3.6970460414886475,
    3.699443817138672,
    3.7017829418182373,
    3.704122304916382,
    3.7062857151031494,
    3.7081751823425293,
    3.7097344398498535,
    3.7112796306610107,
    3.7128241062164307,
    3.714369535446167,
    3.715791940689087,
    3.717041492462158,
    3.718290090560913,
    3.7195398807525635,
    3.7207891941070557,
    3.722039222717285,
    3.7232882976531982,
    3.7245373725891113,
    3.725785970687866,
    3.7270355224609375,
    3.728285074234009,
    3.72953462600708,
    3.7307844161987305,
    3.7320334911346436,
    3.733283281326294,
    3.7345314025878906,
    3.735781669616699,
    3.737030267715454,
    3.738279342651367,
    3.7395293712615967,
    3.740778684616089,
    3.742027521133423,
    3.743276834487915,
    3.7445261478424072,
    3.7457752227783203,
    3.7470247745513916,
    3.7482738494873047,
    3.7495229244232178,
    3.7515993118286133,
    3.754514455795288,
    3.7574286460876465,
    3.760342597961426,
    3.763258934020996,
    3.7661736011505127,
    3.769087314605713,
    3.7720019817352295,
    3.7749176025390625,
    3.777832269668579,
    3.780747890472412,
    3.7836616039276123,
    3.786576509475708,
    3.7894906997680664,
    3.792405843734741
  ]
}