{
  "theta0": 6.111111111111111,
  "theta1": 0.9111111111111112,
  "theta2": 0.0,
  "whittle": [
    2.0160558223724365,
    2.830568552017212,
    3.9264583587646484,
    4.890921115875244,
    5.56412935256958,
    5.911275863647461,
    5.916864395141602,
    5.559112548828125,
    5.07452917098999,
    4.55938196182251,
    4.162988662719727,
    3.9535939693450928,
    3.805013418197632,
    3.7113571166992188,
    3.7068495750427246,
    3.7346031665802,
    3.765681743621826,
    3.796800136566162,
    3.828519105911255,
    3.8625051975250244,
    3.899430990219116,
    3.9339516162872314,
    3.9663374423980713,
    3.997426748275757,
    4.028304576873779,
    4.059183120727539,
    4.091221332550049,
    4.123257637023926,
    4.153232574462891,
    4.182958126068115,
    4.212684154510498,
    4.242410182952881,
    4.273024082183838,
    4.304732322692871,
    4.3364410400390625,
    4.368150234222412,
    4.397640228271484,
    4.425750255584717,
    4.453860282897949,
    4.481970310211182,
    4.510079860687256,
    4.53818941116333,
    4.5662994384765625,
    4.594412803649902,
    4.622525691986084,
    4.645235538482666,
    4.666215896606445,
    4.681148529052734,
    4.6916351318359375,
    4.702122688293457,
    4.712609767913818,
    4.723097801208496,
    4.729496002197266,
    4.731837272644043,
    4.73383903503418,
    4.735729694366455,
    4.737620830535889,
    4.73932409286499,
    4.740921974182129,
    4.742518901824951,
    4.744173049926758,
    4.746006011962891,
    4.747599124908447,
    4.749192237854004,
    4.7507853507995605,
    4.752379417419434,
    4.75397253036499,
    4.755565643310547,
    4.7571587562561035,
    4.75875186920166,
    4.760014533996582,
    4.761263847351074,
    4.76251220703125,
    4.7637619972229,
    4.765012264251709,
    4.766260623931885,
    4.767509937286377,
    4.7687602043151855,
    4.770008563995361,
    4.771258354187012,
    4.772507190704346,
    4.773756504058838,
    4.775006294250488,
    4.776254177093506,
    4.7775044441223145,
    4.778753757476807,
    4.780004024505615,
    4.781253337860107,
    4.782501220703125,
    4.783750534057617,
    4.784999847412109,
    4.78624963760376,
    4.78749942779541,
    4.788748741149902,
    4.78999662399292,
    4.7912468910217285,
    4.792496681213379,
    4.793745994567871,
    4.794994831085205,
    4.796243667602539
  ]
}