{
  "theta0": 6.111111111111111,
  "theta1": 0.2,
  "theta2": 0.0,
  "whittle": [
    -0.20566034317016602,
    0.5041623711585999,
    1.834990382194519,
    2.8555963039398193,
    3.661515235900879,
    4.294793605804443,
    4.58695125579834,
    4.457885265350342,
    4.15728235244751,
    3.86421799659729,
    3.6944921016693115,
    3.571364402770996,
    3.500333547592163,
    3.4845046997070312,
    3.518486738204956,
    3.554898738861084,
    3.5904970169067383,
    3.623264789581299,
    3.655970573425293,
    3.690426826477051,
    3.7239601612091064,
    3.756493091583252,
    3.7887380123138428,
    3.8196306228637695,
    3.8509366512298584,
    3.883086681365967,
    3.9152376651763916,
    3.947387456893921,
    3.9795382022857666,
    4.011688709259033,
    4.0438408851623535,
    4.074600696563721,
    4.106085777282715,
    4.1379075050354,
    4.167738437652588,
    4.1946258544921875,
    4.221113204956055,
    4.247483730316162,
    4.273801803588867,
    4.300085544586182,
    4.3263702392578125,
    4.352654457092285,
    4.3789381980896,
    4.4052228927612305,
    4.430546283721924,
    4.452807426452637,
    4.475069046020508,
    4.4962334632873535,
    4.513171672821045,
    4.530111789703369,
    4.547049522399902,
    4.562466621398926,
    4.571090221405029,
    4.573431015014648,
    4.575772762298584,
    4.578113555908203,
    4.580456256866455,
    4.582797050476074,
    4.585174560546875,
    4.5875396728515625,
    4.589879989624023,
    4.592219352722168,
    4.594147205352783,
    4.596035480499268,
    4.5976762771606445,
    4.599221229553223,
    4.600767135620117,
    4.602311611175537,
    4.603856563568115,
    4.605401992797852,
    4.6069464683532715,
    4.608224391937256,
    4.609473705291748,
    4.61072301864624,
    4.611972808837891,
    4.613221645355225,
    4.614470958709717,
    4.615719795227051,
    4.616969108581543,
    4.618218898773193,
    4.6194682121276855,
    4.620717525482178,
    4.621967315673828,
    4.623216152191162,
    4.6244659423828125,
    4.62571382522583,
    4.626964569091797,
    4.628212928771973,
    4.629462242126465,
    4.630711555480957,
    4.631960868835449,
    4.633211135864258,
    4.634459018707275,
    4.635708808898926,
    4.63695764541626,
    4.638207912445068,
    4.6394572257995605,
    4.640706539154053,
    4.6419548988342285,
    4.643205642700195
  ]
}