{
  "theta0": 7.777777777777778,
  "theta1": 0.37777777777777777,
  "theta2": 0.0,
  "whittle": [
    0.6352031230926514,
    1.28913152217865,
    2.5023412704467773,
    3.7753677368164062,
    4.698261737823486,
    5.519726753234863,
    6.209104537963867,
    6.718707084655762,
    6.71988582611084,
    6.462666988372803,
    5.999946117401123,
    5.545843124389648,
    5.176975250244141,
    4.965566635131836,
    4.827342510223389,
    4.721443176269531,
    4.647151947021484,
    4.626983165740967,
    4.641946792602539,
    4.675192356109619,
    4.711062908172607,
    4.744969844818115,
    4.776592254638672,
    4.807997703552246,
    4.84187650680542,
    4.874145984649658,
    4.907896518707275,
    4.941376209259033,
    4.9723639488220215,
    5.003256797790527,
    5.034148693084717,
    5.065042018890381,
    5.095934867858887,
    5.1280741691589355,
    5.160223960876465,
    5.1923747062683105,
    5.224524974822998,
    5.256675720214844,
    5.288825511932373,
    5.319980621337891,
    5.349835395812988,
    5.379689693450928,
    5.41013240814209,
    5.441950798034668,
    5.473769664764404,
    5.505000114440918,
    5.533274173736572,
    5.561551094055176,
    5.589064598083496,
    5.6153883934021,
    5.641712665557861,
    5.668035984039307,
    5.694360733032227,
    5.7206711769104,
    5.746954917907715,
    5.773239612579346,
    5.797308921813965,
    5.819570541381836,
    5.841830730438232,
    5.8640923500061035,
    5.881885051727295,
    5.8988237380981445,
    5.915762424468994,
    5.932700157165527,
    5.949639797210693,
    5.963745594024658,
    5.966678619384766,
    5.969018459320068,
    5.971359729766846,
    5.973702907562256,
    5.976044178009033,
    5.978385925292969,
    5.980727195739746,
    5.983067989349365,
    5.98512601852417,
    5.987049102783203,
    5.989079475402832,
    5.990968704223633,
    5.992858409881592,
    5.994746685028076,
    5.996637344360352,
    5.998526573181152,
    6.000415802001953,
    6.002185344696045,
    6.003729343414307,
    6.005083084106445,
    6.006331920623779,
    6.007580280303955,
    6.008831024169922,
    6.010080337524414,
    6.011329174041748,
    6.012578964233398,
    6.013827800750732,
    6.015076637268066,
    6.016326904296875,
    6.017576217651367,
    6.018825054168701,
    6.020073890686035,
    6.021322727203369,
    6.022572040557861
  ]
}