{
  "theta0": 7.222222222222222,
  "theta1": 0.2,
  "theta2": 0.0,
  "whittle": [
    -0.0060150474309921265,
    0.6214632987976074,
    1.9060138463974,
    3.151916027069092,
    4.042155742645264,
    4.810458660125732,
    5.4523234367370605,
    5.810596942901611,
    5.711479663848877,
    5.367181301116943,
    4.961886882781982,
    4.657474517822266,
    4.483255863189697,
    4.352869987487793,
    4.264904975891113,
    4.2164225578308105,
    4.214249134063721,
    4.247011184692383,
    4.282244682312012,
    4.318238735198975,
    4.3535075187683105,
    4.384955406188965,
    4.418508052825928,
    4.450284481048584,
    4.483302593231201,
    4.516368389129639,
    4.548196315765381,
    4.57908821105957,
    4.609981060028076,
    4.640880584716797,
    4.673030853271484,
    4.70518159866333,
    4.737331390380859,
    4.769482135772705,
    4.801632881164551,
    4.833783149719238,
    4.865932941436768,
    4.89668083190918,
    4.926535606384277,
    4.958106517791748,
    4.98992919921875,
    5.020727157592773,
    5.048130035400391,
    5.0746169090271,
    5.101104259490967,
    5.127591609954834,
    5.153945446014404,
    5.180246829986572,
    5.206531524658203,
    5.232815265655518,
    5.259099960327148,
    5.285384654998779,
    5.30830192565918,
    5.330562591552734,
    5.352823734283447,
    5.375084400177002,
    5.394425392150879,
    5.411363124847412,
    5.428301811218262,
    5.445240497589111,
    5.462179660797119,
    5.472644329071045,
    5.476641654968262,
    5.478983402252197,
    5.481325149536133,
    5.483665466308594,
    5.486007213592529,
    5.488348960876465,
    5.4906907081604,
    5.4930572509765625,
    5.4954681396484375,
    5.497620105743408,
    5.499508857727051,
    5.501397132873535,
    5.503286838531494,
    5.505176067352295,
    5.506802082061768,
    5.508347511291504,
    5.509891986846924,
    5.511436939239502,
    5.51298189163208,
    5.514527320861816,
    5.5160393714904785,
    5.517289161682129,
    5.518537998199463,
    5.519786834716797,
    5.521036624908447,
    5.522284984588623,
    5.523534774780273,
    5.524784564971924,
    5.5260329246521,
    5.52728271484375,
    5.528531551361084,
    5.529780864715576,
    5.531030654907227,
    5.532279968261719,
    5.533529758453369,
    5.534778118133545,
    5.536027431488037,
    5.537276744842529
  ]
}