{
  "theta0": 7.777777777777778,
  "theta1": 0.2888888888888889,
  "theta2": 0.0,
  "whittle": [
    0.35616862773895264,
    1.0044794082641602,
    2.2258455753326416,
    3.5101890563964844,
    4.439155578613281,
    5.279331207275391,
    5.975315570831299,
    6.500646114349365,
    6.556601047515869,
    6.339219570159912,
    5.887507438659668,
    5.453622817993164,
    5.111934661865234,
    4.92038631439209,
    4.786143779754639,
    4.687679290771484,
    4.616267681121826,
    4.599454879760742,
    4.6183271408081055,
    4.651299953460693,
    4.6873393058776855,
    4.72318172454834,
    4.75508451461792,
    4.786459922790527,
    4.820683479309082,
    4.852386951446533,
    4.885775566101074,
    4.918841361999512,
    4.950144290924072,
    4.981037139892578,
    5.011929512023926,
    5.042821884155273,
    5.073925971984863,
    5.106075763702393,
    5.138226509094238,
    5.170376777648926,
    5.202527046203613,
    5.234677791595459,
    5.2668280601501465,
    5.298924922943115,
    5.328779220581055,
    5.358633518218994,
    5.389170169830322,
    5.4209885597229,
    5.4528069496154785,
    5.483178615570068,
    5.51145601272583,
    5.538620471954346,
    5.565107345581055,
    5.5915398597717285,
    5.617862701416016,
    5.644186973571777,
    5.670498847961426,
    5.696783542633057,
    5.723067283630371,
    5.749351978302002,
    5.772243022918701,
    5.794504165649414,
    5.816765785217285,
    5.839027404785156,
    5.858466625213623,
    5.875406742095947,
    5.892344951629639,
    5.909285068511963,
    5.9262237548828125,
    5.94305419921875,
    5.9468770027160645,
    5.949218273162842,
    5.951559543609619,
    5.953902244567871,
    5.95624303817749,
    5.958584308624268,
    5.960925579071045,
    5.963267803192139,
    5.9656081199646,
    5.96774435043335,
    5.969689846038818,
    5.971579074859619,
    5.9734673500061035,
    5.9753570556640625,
    5.977246284484863,
    5.979135513305664,
    5.9810028076171875,
    5.982546806335449,
    5.984091758728027,
    5.985636234283447,
    5.987182140350342,
    5.9884514808654785,
    5.989700794219971,
    5.990950107574463,
    5.992198944091797,
    5.9934492111206055,
    5.9946980476379395,
    5.995948314666748,
    5.997196674346924,
    5.998445510864258,
    5.999695777893066,
    6.000945091247559,
    6.002193450927734,
    6.003442764282227
  ]
}