{
  "theta0": 9.444444444444445,
  "theta1": 0.6444444444444445,
  "theta2": 0.0,
  "whittle": [
    1.827163577079773,
    2.493987798690796,
    3.4640047550201416,
    4.777395248413086,
    5.856640338897705,
    6.814764976501465,
    7.614749908447266,
    8.306543350219727,
    8.878917694091797,
    9.073389053344727,
    8.895729064941406,
    8.522499084472656,
    8.040603637695312,
    7.53599214553833,
    7.038086414337158,
    6.592548847198486,
    6.338865280151367,
    6.175103664398193,
    6.029321193695068,
    5.913607120513916,
    5.834444046020508,
    5.797018051147461,
    5.793313026428223,
    5.819655418395996,
    5.85164737701416,
    5.8853325843811035,
    5.918272018432617,
    5.949838161468506,
    5.981316566467285,
    6.012783050537109,
    6.045653820037842,
    6.077921390533447,
    6.111037731170654,
    6.143587589263916,
    6.175453186035156,
    6.20731782913208,
    6.239182949066162,
    6.270888328552246,
    6.301780700683594,
    6.332672595977783,
    6.363564968109131,
    6.395060062408447,
    6.427210330963135,
    6.4593610763549805,
    6.49151086807251,
    6.523661136627197,
    6.555811882019043,
    6.586422443389893,
    6.61627721786499,
    6.6461310386657715,
    6.675986289978027,
    6.705841064453125,
    6.735695838928223,
    6.766971111297607,
    6.7987895011901855,
    6.830608367919922,
    6.8624267578125,
    6.892376899719238,
    6.920650482177734,
    6.948779582977295,
    6.976889610290527,
    7.004999160766602,
    7.033109188079834,
    7.059795379638672,
    7.086115837097168,
    7.112437725067139,
    7.1387619972229,
    7.1650848388671875,
    7.189120292663574,
    7.211397171020508,
    7.233658790588379,
    7.255920886993408,
    7.274014949798584,
    7.29095458984375,
    7.307892322540283,
    7.324831008911133,
    7.341770172119141,
    7.355352401733398,
    7.365838050842285,
    7.3763275146484375,
    7.382067680358887,
    7.384408473968506,
    7.3867506980896,
    7.3890910148620605,
    7.39143180847168,
    7.393627166748047,
    7.395519733428955,
    7.3974103927612305,
    7.399300575256348,
    7.4011921882629395,
    7.403083801269531,
    7.404975414276123,
    7.406866550445557,
    7.408975124359131,
    7.410961627960205,
    7.4128499031066895,
    7.414739608764648,
    7.416595458984375,
    7.418189525604248,
    7.419782638549805
  ]
}