{
  "theta0": 6.666666666666666,
  "theta1": 0.6444444444444445,
  "theta2": 0.0,
  "whittle": [
    1.2723063230514526,
    1.9997934103012085,
    3.226752519607544,
    4.2647504806518555,
    5.114007949829102,
    5.717557430267334,
    6.082108974456787,
    5.976038455963135,
    5.58381462097168,
    5.079927444458008,
    4.610506534576416,
    4.325544357299805,
    4.170949459075928,
    4.0451979637146,
    3.987804651260376,
    3.985865354537964,
    4.018483638763428,
    4.049814701080322,
    4.080792427062988,
    4.1124982833862305,
    4.144629001617432,
    4.179431438446045,
    4.215307235717773,
    4.2477874755859375,
    4.279587268829346,
    4.310465335845947,
    4.341350078582764,
    4.372241973876953,
    4.404123783111572,
    4.436275005340576,
    4.468425750732422,
    4.500575542449951,
    4.5312066078186035,
    4.561062335968018,
    4.590916156768799,
    4.6209588050842285,
    4.652667999267578,
    4.684375762939453,
    4.716084957122803,
    4.745241165161133,
    4.773350715637207,
    4.801460266113281,
    4.8295722007751465,
    4.857685565948486,
    4.88577127456665,
    4.912095069885254,
    4.938418865203857,
    4.9647393226623535,
    4.991024017333984,
    5.017009735107422,
    5.037006378173828,
    5.0539445877075195,
    5.070883750915527,
    5.087821960449219,
    5.100065231323242,
    5.1105523109436035,
    5.120527744293213,
    5.122869968414307,
    5.125210762023926,
    5.127552509307861,
    5.129894256591797,
    5.132206439971924,
    5.134097099304199,
    5.135987758636475,
    5.137878894805908,
    5.139892578125,
    5.1418890953063965,
    5.143777370452881,
    5.145491600036621,
    5.147084712982178,
    5.148678779602051,
    5.150271415710449,
    5.151865482330322,
    5.153409481048584,
    5.154658794403076,
    5.15590763092041,
    5.157156944274902,
    5.1584062576293945,
    5.159655570983887,
    5.160904407501221,
    5.162154197692871,
    5.163403034210205,
    5.164652347564697,
    5.1659016609191895,
    5.167150974273682,
    5.168400287628174,
    5.169650554656982,
    5.1708984375,
    5.172147750854492,
    5.173398017883301,
    5.174646377563477,
    5.175895690917969,
    5.177145481109619,
    5.178393840789795,
    5.1796441078186035,
    5.180893421173096,
    5.182143688201904,
    5.183391571044922,
    5.184640884399414,
    5.18588924407959
  ]
}