{
  "theta0": 10.0,
  "theta1": 1.0,
  "theta2": 0.0,
  "whittle": [
    3.081038236618042,
    3.753821611404419,
    4.723531723022461,
    5.936953067779541,
    6.9948410987854,
    7.953356742858887,
    8.832459449768066,
    9.494952201843262,
    10.014372825622559,
    10.192500114440918,
    10.152671813964844,
    9.855616569519043,
    9.432513236999512,
    8.952117919921875,
    8.432299613952637,
    7.897448539733887,
    7.386324882507324,
    7.012887001037598,
    6.790027618408203,
    6.632406234741211,
    6.497575283050537,
    6.391465663909912,
    6.311380863189697,
    6.26715612411499,
    6.261325836181641,
    6.287748336791992,
    6.320350646972656,
    6.352405548095703,
    6.384390354156494,
    6.416003227233887,
    6.447524070739746,
    6.4788641929626465,
    6.511049747467041,
    6.543316841125488,
    6.576590538024902,
    6.608436584472656,
    6.64028787612915,
    6.672146797180176,
    6.704011917114258,
    6.735877513885498,
    6.76774263381958,
    6.799607276916504,
    6.831473350524902,
    6.863065242767334,
    6.894099235534668,
    6.9262495040893555,
    6.958399772644043,
    6.990550994873047,
    7.021978378295898,
    7.051833152770996,
    7.081688404083252,
    7.11154317855835,
    7.141396999359131,
    7.1712517738342285,
    7.201106548309326,
    7.230960845947266,
    7.260925769805908,
    7.29274320602417,
    7.324507236480713,
    7.3562164306640625,
    7.387925148010254,
    7.419632911682129,
    7.448039531707764,
    7.4761505126953125,
    7.504260540008545,
    7.532369613647461,
    7.56048059463501,
    7.588588714599609,
    7.616699695587158,
    7.644809722900391,
    7.672919750213623,
    7.700567245483398,
    7.726888179779053,
    7.7504048347473145,
    7.772707939147949,
    7.791323184967041,
    7.808305740356445,
    7.825247764587402,
    7.84218692779541,
    7.855554580688477,
    7.866043567657471,
    7.876530170440674,
    7.887017726898193,
    7.8975043296813965,
    7.9079909324646,
    7.914046287536621,
    7.916163444519043,
    7.918053150177002,
    7.919945240020752,
    7.921835899353027,
    7.923726558685303,
    7.9256181716918945,
    7.927510738372803,
    7.929401874542236,
    7.9312920570373535,
    7.933183670043945,
    7.935051918029785,
    7.936649799346924,
    7.938244819641113,
    7.939935207366943
  ]
}