{
  "theta0": 10.0,
  "theta1": 0.2888888888888889,
  "theta2": 0.0,
  "whittle": [
    0.8040544390678406,
    1.4791040420532227,
    2.4108734130859375,
    3.7146663665771484,
    4.964651107788086,
    5.943062782287598,
    6.8528876304626465,
    7.577444076538086,
    8.260382652282715,
    8.82249641418457,
    8.98464584350586,
    8.816201210021973,
    8.441390037536621,
    7.972100734710693,
    7.500654220581055,
    7.062384605407715,
    6.726372718811035,
    6.518373966217041,
    6.367396831512451,
    6.245763778686523,
    6.15889835357666,
    6.086162090301514,
    6.055405616760254,
    6.049281597137451,
    6.075559139251709,
    6.106875896453857,
    6.140613079071045,
    6.176199436187744,
    6.210097789764404,
    6.243756294250488,
    6.275223255157471,
    6.3060150146484375,
    6.3389668464660645,
    6.370473384857178,
    6.402802467346191,
    6.436413764953613,
    6.468278884887695,
    6.4999542236328125,
    6.53084659576416,
    6.561738967895508,
    6.5926313400268555,
    6.623524188995361,
    6.654416561126709,
    6.685964107513428,
    6.718114376068115,
    6.750263690948486,
    6.78241491317749,
    6.814565181732178,
    6.846715927124023,
    6.878865718841553,
    6.911016941070557,
    6.9430975914001465,
    6.972951889038086,
    7.002807140350342,
    7.0326619148254395,
    7.062515735626221,
    7.093226432800293,
    7.125044345855713,
    7.156862735748291,
    7.188681125640869,
    7.217440605163574,
    7.245632171630859,
    7.272115230560303,
    7.298601150512695,
    7.325089931488037,
    7.351576328277588,
    7.378063678741455,
    7.404459476470947,
    7.430785655975342,
    7.457106590270996,
    7.483232498168945,
    7.5054931640625,
    7.5277533531188965,
    7.550014972686768,
    7.572276592254639,
    7.594536781311035,
    7.616797924041748,
    7.637911796569824,
    7.654849529266357,
    7.67179012298584,
    7.688727378845215,
    7.705666542053223,
    7.722606182098389,
    7.739543914794922,
    7.753296375274658,
    7.75563907623291,
    7.7579803466796875,
    7.7603230476379395,
    7.762664318084717,
    7.765005111694336,
    7.767345905303955,
    7.769688606262207,
    7.772029399871826,
    7.774369716644287,
    7.776416301727295,
    7.778308391571045,
    7.7801995277404785,
    7.782156467437744,
    7.7841925621032715,
    7.786080837249756
  ]
}