{
  "maxWait": 100,
  "theta_pairs": [
    [
      7.777777777777778,
      0.37777777777777777,
      0.0
    ],
    [
      7.777777777777778,
      0.2888888888888889,
      0.0
    ],
    [
      5.0,
      0.2888888888888889,
      0.0
    ],
    [
      10.0,
      1.0,
      0.0
    ],
    [
      6.666666666666666,
      0.6444444444444445,
      0.0
    ],
    [
      7.222222222222222,
      0.2,
      0.0
    ],
    [
      10.0,
      0.2888888888888889,
      0.0
    ],
    [
      6.111111111111111,
      0.2,
      0.0
    ],
    [
      9.444444444444445,
      0.6444444444444445,
      0.0
    ],
    [
      6.111111111111111,
      0.9111111111111112,
      0.0
    ],
    [
      6.111111111111111,
      0.4666666666666667,
      0.0
    ],
    [
      9.444444444444445,
      0.2,
      0.0
    ],
    [
      7.222222222222222,
      0.6444444444444445,
      0.0
    ],
    [
      7.222222222222222,
      0.7333333333333334,
      0.0
    ],
    [
      6.111111111111111,
      0.37777777777777777,
      0.0
    ],
    [
      7.777777777777778,
      0.6444444444444445,
      0.0
    ],
    [
      7.777777777777778,
      0.9111111111111112,
      0.0
    ],
    [
      5.0,
      0.37777777777777777,
      0.0
    ],
    [
      6.111111111111111,
      0.7333333333333334,
      0.0
    ],
    [
      8.333333333333334,
      0.8222222222222222,
      0.0
    ],
    [
      8.333333333333334,
      0.2,
      0.0
    ],
    [
      8.88888888888889,
      0.2888888888888889,
      0.0
    ],
    [
      8.333333333333334,
      0.37777777777777777,
      0.0
    ],
    [
      5.0,
      0.7333333333333334,
      0.0
    ],
    [
      5.555555555555555,
      0.2,
      0.0
    ],
    [
      7.777777777777778,
      1.0,
      0.0
    ],
    [
      5.555555555555555,
      0.4666666666666667,
      0.0
    ],
    [
      8.88888888888889,
      0.7333333333333334,
      0.0
    ],
    [
      5.555555555555555,
      0.8222222222222222,
      0.0
    ],
    [
      8.333333333333334,
      0.4666666666666667,
      0.0
    ],
    [
      10.0,
      0.9111111111111112,
      0.0
    ],
    [
      7.777777777777778,
      0.8222222222222222,
      0.0
    ],
    [
      7.222222222222222,
      1.0,
      0.0
    ],
    [
      6.666666666666666,
      0.4666666666666667,
      0.0
    ],
    [
      6.111111111111111,
      0.5555555555555556,
      0.0
    ],
    [
      7.777777777777778,
      0.5555555555555556,
      0.0
    ],
    [
      5.0,
      0.9111111111111112,
      0.0
    ],
    [
      7.222222222222222,
      0.37777777777777777,
      0.0
    ],
    [
      5.555555555555555,
      0.6444444444444445,
      0.0
    ],
    [
      9.444444444444445,
      0.37777777777777777,
      0.0
    ],
    [
      8.333333333333334,
      0.7333333333333334,
      0.0
    ],
    [
      8.88888888888889,
      0.4666666666666667,
      0.0
    ],
    [
      8.333333333333334,
      1.0,
      0.0
    ],
    [
      7.777777777777778,
      0.2,
      0.0
    ],
    [
      9.444444444444445,
      0.9111111111111112,
      0.0
    ],
    [
      6.666666666666666,
      0.7333333333333334,
      0.0
    ],
    [
      6.666666666666666,
      0.2888888888888889,
      0.0
    ],
    [
      6.666666666666666,
      0.2,
      0.0
    ],
    [
      10.0,
      0.8222222222222222,
      0.0
    ],
    [
      8.333333333333334,
      0.5555555555555556,
      0.0
    ],
    [
      5.0,
      1.0,
      0.0
    ],
    [
      7.777777777777778,
      0.7333333333333334,
      0.0
    ],
    [
      10.0,
      0.37777777777777777,
      0.0
    ],
    [
      7.222222222222222,
      0.2888888888888889,
      0.0
    ],
    [
      9.444444444444445,
      0.7333333333333334,
      0.0
    ],
    [
      8.333333333333334,
      0.9111111111111112,
      0.0
    ],
    [
      7.222222222222222,
      0.9111111111111112,
      0.0
    ],
    [
      6.666666666666666,
      0.9111111111111112,
      0.0
    ],
    [
      8.88888888888889,
      0.37777777777777777,
      0.0
    ],
    [
      6.666666666666666,
      0.37777777777777777,
      0.0
    ],
    [
      8.88888888888889,
      0.5555555555555556,
      0.0
    ],
    [
      10.0,
      0.6444444444444445,
      0.0
    ],
    [
      10.0,
      0.7333333333333334,
      0.0
    ],
    [
      6.666666666666666,
      0.8222222222222222,
      0.0
    ],
    [
      5.555555555555555,
      0.37777777777777777,
      0.0
    ],
    [
      9.444444444444445,
      1.0,
      0.0
    ],
    [
      6.111111111111111,
      1.0,
      0.0
    ],
    [
      7.777777777777778,
      0.4666666666666667,
      0.0
    ],
    [
      5.0,
      0.2,
      0.0
    ],
    [
      8.88888888888889,
      0.2,
      0.0
    ],
    [
      10.0,
      0.2,
      0.0
    ],
    [
      5.0,
      0.6444444444444445,
      0.0
    ],
    [
      7.222222222222222,
      0.8222222222222222,
      0.0
    ],
    [
      5.0,
      0.4666666666666667,
      0.0
    ],
    [
      7.222222222222222,
      0.4666666666666667,
      0.0
    ],
    [
      5.555555555555555,
      1.0,
      0.0
    ],
    [
      8.88888888888889,
      0.6444444444444445,
      0.0
    ],
    [
      6.111111111111111,
      0.2888888888888889,
      0.0
    ],
    [
      5.555555555555555,
      0.5555555555555556,
      0.0
    ],
    [
      6.111111111111111,
      0.8222222222222222,
      0.0
    ],
    [
      6.666666666666666,
      0.5555555555555556,
      0.0
    ],
    [
      8.88888888888889,
      1.0,
      0.0
    ],
    [
      8.88888888888889,
      0.8222222222222222,
      0.0
    ],
    [
      5.555555555555555,
      0.9111111111111112,
      0.0
    ],
    [
      5.0,
      0.8222222222222222,
      0.0
    ],
    [
      10.0,
      0.5555555555555556,
      0.0
    ],
    [
      7.222222222222222,
      0.5555555555555556,
      0.0
    ],
    [
      6.111111111111111,
      0.6444444444444445,
      0.0
    ],
    [
      9.444444444444445,
      0.2888888888888889,
      0.0
    ],
    [
      6.666666666666666,
      1.0,
      0.0
    ],
    [
      5.555555555555555,
      0.7333333333333334,
      0.0
    ],
    [
      9.444444444444445,
      0.4666666666666667,
      0.0
    ],
    [
      9.444444444444445,
      0.8222222222222222,
      0.0
    ],
    [
      8.88888888888889,
      0.9111111111111112,
      0.0
    ],
    [
      8.333333333333334,
      0.2888888888888889,
      0.0
    ],
    [
      8.333333333333334,
      0.6444444444444445,
      0.0
    ],
    [
      5.0,
      0.5555555555555556,
      0.0
    ],
    [
      10.0,
      0.4666666666666667,
      0.0
    ],
    [
      9.444444444444445,
      0.5555555555555556,
      0.0
    ],
    [
      5.555555555555555,
      0.2888888888888889,
      0.0
    ]
  ]
}