{
  "theta0": 6.111111111111111,
  "theta1": 0.2,
  "theta2": 0.0,
  "whittle": [
    0.3669724762439728,
    0.3619879186153412,
    0.347868412733078,
    0.3423779606819153,
    0.34269675612449646,
    0.3486521542072296,
    0.3488953411579132,
    0.3442724645137787,
    0.3392363488674164,
    0.3360562026500702,
    0.3354648947715759,
    0.33109521865844727,
    0.3272266089916229,
    0.32522520422935486,
    0.32250910997390747,
    0.3173172175884247,
    0.311600923538208,
    0.30579623579978943,
    0.30027809739112854,
    0.2949141263961792,
    0.2893495261669159,
    0.2839396595954895,
    0.279529333114624,
    0.2750077247619629,
    0.2705170810222626,
    0.265485942363739,
    0.259270042181015,
    0.2536889314651489,
    0.24817988276481628,
    0.24273866415023804,
    0.2373015433549881,
    0.23186476528644562,
    0.2266659438610077,
    0.2215602844953537,
    0.2165999561548233,
    0.21163903176784515,
    0.20712585747241974,
    0.20329521596431732,
    0.19947762787342072,
    0.19570381939411163,
    0.19190441071987152,
    0.18772682547569275,
    0.18376772105693817,
    0.17970611155033112,
    0.1764092892408371,
    0.17314861714839935,
    0.16988758742809296,
    0.16662658751010895,
    0.16336609423160553,
    0.16010503470897675,
    0.15694262087345123,
    0.1540631651878357,
    0.15118278563022614,
    0.14830321073532104,
    0.14542318880558014,
    0.14251795411109924,
    0.13949109613895416,
    0.13646498322486877,
    0.13355012238025665,
    0.13085611164569855,
    0.12816117703914642,
    0.12546688318252563,
    0.12277369201183319,
    0.12012624740600586,
    0.11753189563751221,
    0.11482065916061401,
    0.1119350790977478,
    0.10928726196289062,
    0.10671377182006836,
    0.10411965847015381,
    0.10151039063930511,
    0.09859715402126312,
    0.09568466246128082,
    0.09283743798732758,
    0.09029574692249298,
    0.08775326609611511,
    0.08523892611265182,
    0.08272520452737808,
    0.08021173626184464,
    0.07769775390625,
    0.07517857849597931,
    0.07263688743114471,
    0.07009556889533997,
    0.06755495071411133,
    0.06501330435276031,
    0.06247251108288765,
    0.05993108078837395,
    0.057390447705984116,
    0.05484798178076744,
    0.0523078627884388,
    0.049766648560762405,
    0.04722480848431587,
    0.044684212654829025,
    0.04214326664805412,
    0.03967677429318428,
    0.03721747174859047,
    0.034757841378450394,
    0.03245185688138008,
    0.03036077693104744,
    0.0282682366669178
  ]
}