{
  "theta0": 5.0,
  "theta1": 0.2888888888888889,
  "theta2": 0.0,
  "whittle": [
    1.4476494789123535,
    1.486962914466858,
    1.536711573600769,
    1.5881130695343018,
    1.6411089897155762,
    1.6955658197402954,
    1.7493886947631836,
    1.8002045154571533,
    1.8477956056594849,
    1.8932007551193237,
    1.9375821352005005,
    1.9793511629104614,
    2.016599178314209,
    2.0513131618499756,
    2.0852620601654053,
    2.117780923843384,
    2.149250030517578,
    2.1801111698150635,
    2.2099523544311523,
    2.237654685974121,
    2.263775110244751,
    2.288936138153076,
    2.3135898113250732,
    2.3365767002105713,
    2.3581318855285645,
    2.3793981075286865,
    2.4002492427825928,
    2.4210193157196045,
    2.4414331912994385,
    2.461707353591919,
    2.4819812774658203,
    2.5014774799346924,
    2.5206353664398193,
    2.5397934913635254,
    2.5589513778686523,
    2.5781095027923584,
    2.5972676277160645,
    2.6163086891174316,
    2.63529109954834,
    2.6542344093322754,
    2.6730830669403076,
    2.6922640800476074,
    2.711423873901367,
    2.7307870388031006,
    2.750149726867676,
    2.769512891769409,
    2.788926839828491,
    2.8083605766296387,
    2.827937364578247,
    2.8476922512054443,
    2.8674468994140625,
    2.8872575759887695,
    2.9073398113250732,
    2.927558660507202,
    2.947777509689331,
    2.9681313037872314,
    2.9889800548553467,
    3.009962558746338,
    3.0309717655181885,
    3.051985025405884,
    3.0729970932006836,
    3.0940098762512207,
    3.1151230335235596,
    3.136650562286377,
    3.1581788063049316,
    3.179969072341919,
    3.2018027305603027,
    3.2236361503601074,
    3.245469570159912,
    3.267302989959717,
    3.2891361713409424,
    3.310969591140747,
    3.332803249359131,
    3.3546371459960938,
    3.376585006713867,
    3.3988707065582275,
    3.421157121658325,
    3.4434430599212646,
    3.4657294750213623,
    3.48801589012146,
    3.5103018283843994,
    3.5326735973358154,
    3.5550997257232666,
    3.577526092529297,
    3.599952459335327,
    3.6225697994232178,
    3.6452255249023438,
    3.6683335304260254,
    3.691619634628296,
    3.7151010036468506,
    3.7385947704315186,
    3.762136697769165,
    3.7856791019439697,
    3.8092215061187744,
    3.832764148712158,
    3.8565845489501953,
    3.880427360534668,
    3.904270648956299,
    3.9281132221221924,
    3.951956272125244
  ]
}