{
  "theta0": 5.0,
  "theta1": 0.2888888888888889,
  "theta2": 0.0,
  "whittle": [
    -0.009279895573854446,
    -0.0652991458773613,
    -0.11714114993810654,
    -0.16494590044021606,
    -0.20213258266448975,
    -0.23284730315208435,
    -0.25842905044555664,
    -0.2854748070240021,
    -0.30823591351509094,
    -0.3306909203529358,
    -0.35323771834373474,
    -0.37595927715301514,
    -0.3988231420516968,
    -0.4213234782218933,
    -0.4424237608909607,
    -0.46359825134277344,
    -0.48498743772506714,
    -0.507267415523529,
    -0.5307098627090454,
    -0.5542399287223816,
    -0.5779895186424255,
    -0.6029443740844727,
    -0.6275879144668579,
    -0.6524781584739685,
    -0.6774117350578308,
    -0.7013020515441895,
    -0.7247229814529419,
    -0.7481439709663391,
    -0.7713568806648254,
    -0.7942475080490112,
    -0.8167328238487244,
    -0.8388545513153076,
    -0.8606847524642944,
    -0.8825145363807678,
    -0.9043442010879517,
    -0.9261742830276489,
    -0.9480043649673462,
    -0.96983402967453,
    -0.9914758801460266,
    -1.0129327774047852,
    -1.0342192649841309,
    -1.0555399656295776,
    -1.0768609046936035,
    -1.09817373752594,
    -1.1193583011627197,
    -1.1409040689468384,
    -1.1626633405685425,
    -1.184422254562378,
    -1.206128478050232,
    -1.2277194261550903,
    -1.249316930770874,
    -1.270902156829834,
    -1.2924774885177612,
    -1.3140320777893066,
    -1.3355863094329834,
    -1.357206106185913,
    -1.3788503408432007,
    -1.4005063772201538,
    -1.4222475290298462,
    -1.4439890384674072,
    -1.4657301902770996,
    -1.487471342086792,
    -1.5092123746871948,
    -1.5309536457061768,
    -1.552676796913147,
    -1.5743964910507202,
    -1.5961155891418457,
    -1.6178343296051025,
    -1.6394203901290894,
    -1.6610112190246582,
    -1.6827095746994019,
    -1.7044076919555664,
    -1.7260706424713135,
    -1.7477655410766602,
    -1.7694602012634277,
    -1.7911548614501953,
    -1.8128494024276733,
    -1.8345446586608887,
    -1.8562390804290771,
    -1.8779335021972656,
    -1.8996293544769287,
    -1.9213236570358276,
    -1.9430183172225952,
    -1.964713215827942,
    -1.9864071607589722,
    -2.0082149505615234,
    -2.0300190448760986,
    -2.051788330078125,
    -2.073561191558838,
    -2.0953330993652344,
    -2.1171069145202637,
    -2.1388790607452393,
    -2.160651683807373,
    -2.1824254989624023,
    -2.204197406768799,
    -2.2259702682495117,
    -2.2477431297302246,
    -2.2695164680480957,
    -2.291288375854492,
    -2.3130617141723633
  ]
}