{
  "theta0": 10.0,
  "theta1": 1.0,
  "theta2": 0.0,
  "whittle": [
    15.345175743103027,
    15.800576210021973,
    16.2559757232666,
    16.711374282836914,
    17.166772842407227,
    17.622173309326172,
    18.07756996154785,
    18.531938552856445,
    18.986278533935547,
    19.439138412475586,
    19.89227294921875,
    20.345806121826172,
    20.800582885742188,
    21.25575828552246,
    21.71249771118164,
    22.178531646728516,
    22.655357360839844,
    23.132883071899414,
    23.611684799194336,
    24.096040725708008,
    24.580907821655273,
    25.065977096557617,
    25.551990509033203,
    26.041948318481445,
    26.53375244140625,
    27.02591323852539,
    27.51824188232422,
    28.014585494995117,
    28.512956619262695,
    29.01200294494629,
    29.513084411621094,
    30.017045974731445,
    30.522233963012695,
    31.027809143066406,
    31.534326553344727,
    32.041290283203125,
    32.548255920410156,
    33.0549201965332,
    33.5615119934082,
    34.068111419677734,
    34.574703216552734,
    35.081302642822266,
    35.58789825439453,
    36.094486236572266,
    36.60516357421875,
    37.1173210144043,
    37.629478454589844,
    38.145809173583984,
    38.66463088989258,
    39.183448791503906,
    39.705352783203125,
    40.230289459228516,
    40.75617980957031,
    41.28246307373047,
    41.80875778198242,
    42.335052490234375,
    42.8613395690918,
    43.38762283325195,
    43.913917541503906,
    44.440208435058594,
    44.966495513916016,
    45.49302291870117,
    46.021728515625,
    46.55165481567383,
    47.083038330078125,
    47.61455535888672,
    48.14791488647461,
    48.68319320678711,
    49.21943283081055,
    49.75567626953125,
    50.29191970825195,
    50.828163146972656,
    51.36549377441406,
    51.90303039550781,
    52.440650939941406,
    52.9782829284668,
    53.51591110229492,
    54.05354309082031,
    54.59117126464844,
    55.1287956237793,
    55.66691207885742,
    56.20573425292969,
    56.744625091552734,
    57.28369903564453,
    57.822776794433594,
    58.361846923828125,
    58.90092468261719,
    59.43999099731445,
    59.979068756103516,
    60.51814270019531,
    61.05721664428711,
    61.59628677368164,
    62.13535690307617,
    62.6744384765625,
    63.21350860595703,
    63.75258255004883,
    64.29165649414062,
    64.83073425292969,
    65.36980438232422,
    65.90888214111328
  ]
}