{
  "theta0": 6.666666666666666,
  "theta1": 0.6444444444444445,
  "theta2": 0.0,
  "whittle": [
    2.7196874618530273,
    2.70257830619812,
    2.685309648513794,
    2.6675705909729004,
    2.6506245136260986,
    2.6339077949523926,
    2.6165690422058105,
    2.596236228942871,
    2.5705573558807373,
    2.5415029525756836,
    2.5087311267852783,
    2.475381374359131,
    2.4420220851898193,
    2.4085896015167236,
    2.3749568462371826,
    2.341392755508423,
    2.3074605464935303,
    2.2750051021575928,
    2.2432706356048584,
    2.2119059562683105,
    2.180844306945801,
    2.151711940765381,
    2.124919891357422,
    2.0993547439575195,
    2.0770375728607178,
    2.0606021881103516,
    2.0481207370758057,
    2.036245822906494,
    2.025272846221924,
    2.0190017223358154,
    2.015479803085327,
    2.0146145820617676,
    2.0158796310424805,
    2.018312692642212,
    2.0232133865356445,
    2.0290377140045166,
    2.0354316234588623,
    2.042602062225342,
    2.051410675048828,
    2.061192274093628,
    2.07102632522583,
    2.0819103717803955,
    2.0934221744537354,
    2.1050686836242676,
    2.1167407035827637,
    2.1284399032592773,
    2.1401398181915283,
    2.1519556045532227,
    2.1637725830078125,
    2.175588846206665,
    2.1874096393585205,
    2.1996543407440186,
    2.2120046615600586,
    2.224998950958252,
    2.238337278366089,
    2.2527382373809814,
    2.2671568393707275,
    2.281851291656494,
    2.2967848777770996,
    2.31199049949646,
    2.327263832092285,
    2.3426685333251953,
    2.3583462238311768,
    2.374023675918579,
    2.390131711959839,
    2.4067509174346924,
    2.4234395027160645,
    2.4406230449676514,
    2.4581546783447266,
    2.475689172744751,
    2.493227481842041,
    2.5108208656311035,
    2.52854061126709,
    2.5466067790985107,
    2.5646724700927734,
    2.5827383995056152,
    2.600804328918457,
    2.618870496749878,
    2.6369361877441406,
    2.6551506519317627,
    2.673576831817627,
    2.692002296447754,
    2.7104074954986572,
    2.729038953781128,
    2.747917413711548,
    2.7668497562408447,
    2.7857820987701416,
    2.8047142028808594,
    2.8237640857696533,
    2.8429415225982666,
    2.8621621131896973,
    2.8816065788269043,
    2.9012935161590576,
    2.920987367630005,
    2.9406824111938477,
    2.960378885269165,
    2.9800753593444824,
    2.9997715950012207,
    3.019468069076538,
    3.0391643047332764
  ]
}