{
  "theta0": 6.111111111111111,
  "theta1": 0.9111111111111112,
  "theta2": 0.0,
  "whittle": [
    0.5658302307128906,
    0.5742970108985901,
    0.5878170132637024,
    0.6026338934898376,
    0.6273415684700012,
    0.6581904292106628,
    0.7021297216415405,
    0.75935959815979,
    0.8192961812019348,
    0.8880071043968201,
    0.9599561095237732,
    1.0331100225448608,
    1.1089472770690918,
    1.1860114336013794,
    1.261379361152649,
    1.3358796834945679,
    1.4113267660140991,
    1.4864379167556763,
    1.561172604560852,
    1.6369762420654297,
    1.7123829126358032,
    1.7872081995010376,
    1.8619000911712646,
    1.9364635944366455,
    2.011601209640503,
    2.086613416671753,
    2.1617679595947266,
    2.2371468544006348,
    2.312161684036255,
    2.3870813846588135,
    2.4620699882507324,
    2.5370450019836426,
    2.612029552459717,
    2.687498092651367,
    2.7636609077453613,
    2.8398184776306152,
    2.915994644165039,
    2.9925386905670166,
    3.069323778152466,
    3.1462531089782715,
    3.2232913970947266,
    3.3003251552581787,
    3.377359628677368,
    3.4543936252593994,
    3.5318970680236816,
    3.6097140312194824,
    3.687471628189087,
    3.7650442123413086,
    3.8426144123077393,
    3.920182943344116,
    3.9977521896362305,
    4.075188636779785,
    4.152594089508057,
    4.2300004959106445,
    4.307406902313232,
    4.38481330871582,
    4.462979316711426,
    4.541163921356201,
    4.619348526000977,
    4.697573184967041,
    4.775075912475586,
    4.852217674255371,
    4.928884029388428,
    5.005321979522705,
    5.081759929656982,
    5.15819787979126,
    5.234634876251221,
    5.311073303222656,
    5.387511730194092,
    5.463949680328369,
    5.540387153625488,
    5.616825103759766,
    5.693263053894043,
    5.7697014808654785,
    5.846138954162598,
    5.922577381134033,
    5.9990153312683105,
    6.07548189163208,
    6.1521992683410645,
    6.228916645050049,
    6.305566787719727,
    6.382140159606934,
    6.458713054656982,
    6.535253524780273,
    6.611786842346191,
    6.688320159912109,
    6.764854431152344,
    6.841386795043945,
    6.9179205894470215,
    6.994454383850098,
    7.070987701416016,
    7.14752197265625,
    7.224055290222168,
    7.300588607788086,
    7.377122402191162,
    7.453656196594238,
    7.5301899909973145,
    7.606723785400391,
    7.68325662612915,
    7.759790420532227
  ]
}