{
  "theta0": 6.666666666666666,
  "theta1": 0.6444444444444445,
  "theta2": 0.0,
  "whittle": [
    0.30755671858787537,
    0.3614625334739685,
    0.4203959107398987,
    0.5070216655731201,
    0.60592120885849,
    0.710972011089325,
    0.817208468914032,
    0.9259951710700989,
    1.032253623008728,
    1.1345688104629517,
    1.2293611764907837,
    1.3265540599822998,
    1.4240044355392456,
    1.518750548362732,
    1.6103473901748657,
    1.699038028717041,
    1.7876554727554321,
    1.8755437135696411,
    1.9628288745880127,
    2.0498223304748535,
    2.1374988555908203,
    2.225456476211548,
    2.313272714614868,
    2.4010891914367676,
    2.48966383934021,
    2.580071210861206,
    2.6712465286254883,
    2.7635180950164795,
    2.8553991317749023,
    2.9472475051879883,
    3.039062738418579,
    3.130878448486328,
    3.222899913787842,
    3.3150362968444824,
    3.4071145057678223,
    3.49888277053833,
    3.590651273727417,
    3.682419538497925,
    3.774188280105591,
    3.865879774093628,
    3.9573497772216797,
    4.048701286315918,
    4.140108585357666,
    4.2315826416015625,
    4.323009967803955,
    4.414438247680664,
    4.505865097045898,
    4.5976033210754395,
    4.689549922943115,
    4.781496047973633,
    4.873444080352783,
    4.965334892272949,
    5.057146072387695,
    5.149009704589844,
    5.241050720214844,
    5.333091735839844,
    5.425132751464844,
    5.517174243927002,
    5.609215259552002,
    5.701255798339844,
    5.793285846710205,
    5.885136604309082,
    5.976987838745117,
    6.068709850311279,
    6.160430431365967,
    6.25214958190918,
    6.344045162200928,
    6.436059951782227,
    6.52800989151001,
    6.619832992553711,
    6.711655139923096,
    6.803478240966797,
    6.895301818847656,
    6.987124443054199,
    7.078947067260742,
    7.170770645141602,
    7.2625932693481445,
    7.354434490203857,
    7.446369171142578,
    7.538537502288818,
    7.630700588226318,
    7.722676753997803,
    7.814653396606445,
    7.906630039215088,
    7.998607635498047,
    8.090582847595215,
    8.182561874389648,
    8.274537086486816,
    8.366608619689941,
    8.45877742767334,
    8.550996780395508,
    8.643214225769043,
    8.735432624816895,
    8.827651023864746,
    8.919869422912598,
    9.012086868286133,
    9.1043062210083,
    9.196523666381836,
    9.288741111755371,
    9.380960464477539
  ]
}