{
  "theta0": 6.111111111111111,
  "theta1": 0.2,
  "theta2": 0.0,
  "whittle": [
    1.0950539112091064,
    1.1619703769683838,
    1.2288897037506104,
    1.294560194015503,
    1.3602938652038574,
    1.4253225326538086,
    1.4902933835983276,
    1.5537229776382446,
    1.615946888923645,
    1.6776124238967896,
    1.7390953302383423,
    1.7996257543563843,
    1.8586738109588623,
    1.9175915718078613,
    1.9765980243682861,
    2.0356292724609375,
    2.0946462154388428,
    2.153087615966797,
    2.2112667560577393,
    2.2694013118743896,
    2.327547788619995,
    2.3864448070526123,
    2.4453814029693604,
    2.5043046474456787,
    2.563204526901245,
    2.622081995010376,
    2.6809134483337402,
    2.740149736404419,
    2.799696207046509,
    2.859215021133423,
    2.918921947479248,
    2.978745937347412,
    3.0387094020843506,
    3.098783254623413,
    3.159097909927368,
    3.2196569442749023,
    3.280214786529541,
    3.3410892486572266,
    3.4025940895080566,
    3.464306354522705,
    3.526555061340332,
    3.5888631343841553,
    3.6511709690093994,
    3.713667631149292,
    3.776251792907715,
    3.8388664722442627,
    3.901484966278076,
    3.9641034603118896,
    4.026913642883301,
    4.089821815490723,
    4.152730941772461,
    4.215639591217041,
    4.278553009033203,
    4.34166955947876,
    4.404829502105713,
    4.467990875244141,
    4.531354904174805,
    4.594762802124023,
    4.658170700073242,
    4.721578598022461,
    4.78498649597168,
    4.848394393920898,
    4.911802768707275,
    4.975210666656494,
    5.038627624511719,
    5.102242946624756,
    5.165857791900635,
    5.229473114013672,
    5.293087959289551,
    5.35670280456543,
    5.420317649841309,
    5.4839324951171875,
    5.547547340393066,
    5.611162185668945,
    5.674777984619141,
    5.7383928298950195,
    5.80200719833374,
    5.865623474121094,
    5.929237365722656,
    5.992852687835693,
    6.0564703941345215,
    6.120145797729492,
    6.183821201324463,
    6.247497081756592,
    6.311173915863037,
    6.374864101409912,
    6.438601016998291,
    6.502387046813965,
    6.566173553466797,
    6.629962921142578,
    6.6937761306762695,
    6.757589340209961,
    6.821402549743652,
    6.885215759277344,
    6.949028968811035,
    7.012842178344727,
    7.076655387878418,
    7.140468597412109,
    7.204281806945801,
    7.268095016479492
  ]
}