{
  "theta0": 7.222222222222222,
  "theta1": 0.2,
  "theta2": 0.0,
  "whittle": [
    0.033712465316057205,
    -0.004305524751543999,
    -0.02140006236732006,
    0.010361271910369396,
    0.059704117476940155,
    0.11678140610456467,
    0.1733534187078476,
    0.2262445092201233,
    0.26906582713127136,
    0.2945757508277893,
    0.32027992606163025,
    0.34814804792404175,
    0.37345412373542786,
    0.39342424273490906,
    0.41108161211013794,
    0.42670705914497375,
    0.4421062767505646,
    0.4570872485637665,
    0.4724707007408142,
    0.48791319131851196,
    0.5033524632453918,
    0.5188908576965332,
    0.5347420573234558,
    0.550822913646698,
    0.5671067833900452,
    0.5817835330963135,
    0.59601229429245,
    0.6093099117279053,
    0.6226075887680054,
    0.6359836459159851,
    0.6492670774459839,
    0.662475049495697,
    0.6756550073623657,
    0.6888918280601501,
    0.7021297812461853,
    0.7152126431465149,
    0.7282710671424866,
    0.7413297891616821,
    0.7543284296989441,
    0.7672032117843628,
    0.780057430267334,
    0.7930400967597961,
    0.8060626983642578,
    0.8190852999687195,
    0.8326738476753235,
    0.8463901281356812,
    0.8601204752922058,
    0.8738405108451843,
    0.8873727321624756,
    0.9006019830703735,
    0.9138318300247192,
    0.9270615577697754,
    0.940556526184082,
    0.9541183710098267,
    0.9676799178123474,
    0.9812418818473816,
    0.9948036670684814,
    1.0083656311035156,
    1.0219271183013916,
    1.0354892015457153,
    1.04905104637146,
    1.0626131296157837,
    1.0761748552322388,
    1.0897365808486938,
    1.1032981872558594,
    1.1168606281280518,
    1.1304219961166382,
    1.1439841985702515,
    1.1575884819030762,
    1.1712902784347534,
    1.1849911212921143,
    1.1986931562423706,
    1.2123950719833374,
    1.2260961532592773,
    1.239797830581665,
    1.2534996271133423,
    1.2672016620635986,
    1.2809028625488281,
    1.2946045398712158,
    1.3083064556121826,
    1.3220080137252808,
    1.3357096910476685,
    1.349410891532898,
    1.3631514310836792,
    1.3769910335540771,
    1.3908311128616333,
    1.4046701192855835,
    1.4185105562210083,
    1.4323501586914062,
    1.4461896419525146,
    1.4600293636322021,
    1.4738688468933105,
    1.4877092838287354,
    1.5015480518341064,
    1.5153878927230835,
    1.52922785282135,
    1.5430670976638794,
    1.556906819343567,
    1.5707476139068604,
    1.5845872163772583
  ]
}