{
  "theta0": 9.444444444444445,
  "theta1": 0.6444444444444445,
  "theta2": 0.0,
  "whittle": [
    0.7906491756439209,
    0.8203538656234741,
    0.8979032039642334,
    0.9970275163650513,
    1.1200580596923828,
    1.2542393207550049,
    1.4159809350967407,
    1.5900779962539673,
    1.76006281375885,
    1.9267305135726929,
    2.085437536239624,
    2.2466952800750732,
    2.4074599742889404,
    2.572936534881592,
    2.742819309234619,
    2.9143121242523193,
    3.0858523845672607,
    3.2532780170440674,
    3.417062282562256,
    3.578385829925537,
    3.7402076721191406,
    3.9036972522735596,
    4.066885471343994,
    4.233027935028076,
    4.399768352508545,
    4.567459583282471,
    4.736232280731201,
    4.9056243896484375,
    5.075016498565674,
    5.2440056800842285,
    5.412681579589844,
    5.581358432769775,
    5.749366283416748,
    5.916829586029053,
    6.08461856842041,
    6.252684593200684,
    6.421143531799316,
    6.58965539932251,
    6.758074760437012,
    6.926715850830078,
    7.09656286239624,
    7.266734600067139,
    7.4375104904174805,
    7.608532428741455,
    7.780150413513184,
    7.951525688171387,
    8.122361183166504,
    8.293195724487305,
    8.464033126831055,
    8.634867668151855,
    8.805310249328613,
    8.975557327270508,
    9.145432472229004,
    9.314759254455566,
    9.483927726745605,
    9.65310001373291,
    9.822270393371582,
    9.99144172668457,
    10.160611152648926,
    10.329716682434082,
    10.498680114746094,
    10.667532920837402,
    10.836344718933105,
    11.00515365600586,
    11.17387580871582,
    11.342510223388672,
    11.511091232299805,
    11.679669380187988,
    11.848240852355957,
    12.01681137084961,
    12.185381889343262,
    12.35395336151123,
    12.522374153137207,
    12.690608978271484,
    12.858988761901855,
    13.027368545532227,
    13.195748329162598,
    13.364127159118652,
    13.53250789642334,
    13.700886726379395,
    13.869266510009766,
    14.037646293640137,
    14.205936431884766,
    14.374183654785156,
    14.54243278503418,
    14.710680961608887,
    14.878928184509277,
    15.047175407409668,
    15.215423583984375,
    15.383672714233398,
    15.551919937133789,
    15.720169067382812,
    15.88835334777832,
    16.056468963623047,
    16.22446060180664,
    16.392454147338867,
    16.560443878173828,
    16.728435516357422,
    16.896577835083008,
    17.064783096313477
  ]
}