{
  "theta0": 10.0,
  "theta1": 0.2888888888888889,
  "theta2": 0.0,
  "whittle": [
    2.544513702392578,
    3.584172010421753,
    4.745290279388428,
    5.907837390899658,
    7.072991847991943,
    8.24129581451416,
    9.41960620880127,
    10.596909523010254,
    11.762325286865234,
    12.873062133789062,
    13.927888870239258,
    14.966599464416504,
    15.998856544494629,
    17.02899169921875,
    18.058101654052734,
    19.08856773376465,
    20.11931610107422,
    21.149904251098633,
    22.179929733276367,
    23.209491729736328,
    24.23898696899414,
    25.26848030090332,
    26.297975540161133,
    27.32747459411621,
    28.357839584350586,
    29.390222549438477,
    30.423051834106445,
    31.45588493347168,
    32.488712310791016,
    33.521541595458984,
    34.55437469482422,
    35.58720779418945,
    36.620033264160156,
    37.65285873413086,
    38.68568420410156,
    39.71851348876953,
    40.751338958740234,
    41.7841682434082,
    42.816993713378906,
    43.849876403808594,
    44.88441467285156,
    45.9189567565918,
    46.95349884033203,
    47.988037109375,
    49.022579193115234,
    50.05746078491211,
    51.093406677246094,
    52.12934875488281,
    53.1652946472168,
    54.201236724853516,
    55.2371826171875,
    56.27312469482422,
    57.30907440185547,
    58.34501647949219,
    59.3809928894043,
    60.41698455810547,
    61.452980041503906,
    62.488975524902344,
    63.52513122558594,
    64.56150817871094,
    65.59815216064453,
    66.63480377197266,
    67.67144012451172,
    68.70809173583984,
    69.74474334716797,
    70.7813949584961,
    71.81808471679688,
    72.8547592163086,
    73.89143371582031,
    74.92810821533203,
    75.96479797363281,
    77.00149536132812,
    78.0382308959961,
    79.0750732421875,
    80.1124038696289,
    81.14971923828125,
    82.18738555908203,
    83.22515869140625,
    84.262939453125,
    85.30081176757812,
    86.3387222290039,
    87.37662506103516,
    88.41453552246094,
    89.45243835449219,
    90.49034118652344,
    91.5282974243164,
    92.5663070678711,
    93.60431671142578,
    94.64231872558594,
    95.68031311035156,
    96.71833038330078,
    97.75633239746094,
    98.79434204101562,
    99.83233642578125,
    100.870361328125,
    101.90836334228516,
    102.94636535644531,
    103.984375,
    105.02238464355469,
    106.06039428710938
  ]
}