{
  "theta0": 6.111111111111111,
  "theta1": 0.9111111111111112,
  "theta2": 0.0,
  "whittle": [
    3.656096935272217,
    3.700451135635376,
    3.744596481323242,
    3.7883548736572266,
    3.831667423248291,
    3.8748106956481934,
    3.9181110858917236,
    3.9586896896362305,
    3.9929463863372803,
    4.020440101623535,
    4.040694713592529,
    4.053818702697754,
    4.06231689453125,
    4.067198753356934,
    4.070740222930908,
    4.0701494216918945,
    4.068413734436035,
    4.066587448120117,
    4.064296245574951,
    4.062005519866943,
    4.059511661529541,
    4.056904315948486,
    4.054296493530273,
    4.05159330368042,
    4.0485944747924805,
    4.045583724975586,
    4.042287826538086,
    4.03883695602417,
    4.035268306732178,
    4.031553745269775,
    4.027758598327637,
    4.024007320404053,
    4.020771026611328,
    4.019007205963135,
    4.018248558044434,
    4.018232822418213,
    4.019670486450195,
    4.021946907043457,
    4.025099277496338,
    4.029258728027344,
    4.035621166229248,
    4.041983604431152,
    4.048459053039551,
    4.05527925491333,
    4.062801361083984,
    4.070323467254639,
    4.078970909118652,
    4.088139057159424,
    4.097336769104004,
    4.107325553894043,
    4.117764949798584,
    4.128493309020996,
    4.140449523925781,
    4.1535444259643555,
    4.16738748550415,
    4.181239604949951,
    4.195127964019775,
    4.20925235748291,
    4.224514484405518,
    4.240128040313721,
    4.255741119384766,
    4.271586894989014,
    4.288115501403809,
    4.306953430175781,
    4.326107978820801,
    4.345302104949951,
    4.365451335906982,
    4.385818004608154,
    4.4067912101745605,
    4.428154468536377,
    4.449709892272949,
    4.4723219871521,
    4.495649814605713,
    4.519353866577148,
    4.543087482452393,
    4.566870212554932,
    4.5906782150268555,
    4.6144866943359375,
    4.638362407684326,
    4.662387371063232,
    4.686957836151123,
    4.711793422698975,
    4.7366485595703125,
    4.76150369644165,
    4.786415100097656,
    4.8114423751831055,
    4.83668327331543,
    4.8620381355285645,
    4.887393474578857,
    4.9128642082214355,
    4.938706398010254,
    4.964548587799072,
    4.990393161773682,
    5.0164618492126465,
    5.042745113372803,
    5.069028377532959,
    5.095311164855957,
    5.1215949058532715,
    5.147877216339111,
    5.174158096313477
  ]
}