{
  "theta0": 7.777777777777778,
  "theta1": 0.37777777777777777,
  "theta2": 0.0,
  "whittle": [
    3.4039766788482666,
    3.6351981163024902,
    3.869159460067749,
    4.098430633544922,
    4.322169780731201,
    4.547044277191162,
    4.7747087478637695,
    5.002689361572266,
    5.230669975280762,
    5.458212852478027,
    5.685640335083008,
    5.91306734085083,
    6.140591621398926,
    6.368447303771973,
    6.596129417419434,
    6.823296546936035,
    7.050854682922363,
    7.278075218200684,
    7.5054168701171875,
    7.732783794403076,
    7.960207939147949,
    8.18763542175293,
    8.414738655090332,
    8.641268730163574,
    8.86566162109375,
    9.088592529296875,
    9.311359405517578,
    9.533968925476074,
    9.756704330444336,
    9.979440689086914,
    10.202150344848633,
    10.424956321716309,
    10.648067474365234,
    10.870697021484375,
    11.093313217163086,
    11.315929412841797,
    11.538545608520508,
    11.761159896850586,
    11.98376750946045,
    12.206902503967285,
    12.430156707763672,
    12.653410911560059,
    12.876665115356445,
    13.099859237670898,
    13.322931289672852,
    13.546004295349121,
    13.769075393676758,
    13.992147445678711,
    14.215219497680664,
    14.438125610351562,
    14.660852432250977,
    14.883522987365723,
    15.105949401855469,
    15.328367233276367,
    15.550785064697266,
    15.77320384979248,
    15.995620727539062,
    16.21803855895996,
    16.44045639038086,
    16.662874221801758,
    16.885263442993164,
    17.107553482055664,
    17.329547882080078,
    17.551498413085938,
    17.77345085144043,
    17.995389938354492,
    18.21710777282715,
    18.438825607299805,
    18.660377502441406,
    18.881887435913086,
    19.103395462036133,
    19.32490348815918,
    19.546411514282227,
    19.767927169799805,
    19.989444732666016,
    20.210962295532227,
    20.43248176574707,
    20.653776168823242,
    20.874971389770508,
    21.096166610717773,
    21.31736183166504,
    21.538530349731445,
    21.759553909301758,
    21.980581283569336,
    22.20160484313965,
    22.422632217407227,
    22.64360237121582,
    22.864477157592773,
    23.08535385131836,
    23.30622673034668,
    23.527103424072266,
    23.747976303100586,
    23.96885108947754,
    24.189725875854492,
    24.41060447692871,
    24.631479263305664,
    24.852357864379883,
    25.0732364654541,
    25.294095993041992,
    25.514917373657227
  ]
}