{
  "theta0": 7.777777777777778,
  "theta1": 0.37777777777777777,
  "theta2": 0.0,
  "whittle": [
    0.6883746385574341,
    0.7129111886024475,
    0.7522849440574646,
    0.8109825849533081,
    0.8742545247077942,
    0.944206178188324,
    1.0100938081741333,
    1.073467493057251,
    1.1371238231658936,
    1.205566644668579,
    1.2775667905807495,
    1.3476017713546753,
    1.4175894260406494,
    1.4843510389328003,
    1.5506162643432617,
    1.6183875799179077,
    1.6854634284973145,
    1.7502440214157104,
    1.8138965368270874,
    1.880748987197876,
    1.948149561882019,
    2.0129945278167725,
    2.076378583908081,
    2.1394946575164795,
    2.202869415283203,
    2.267000436782837,
    2.329680919647217,
    2.390841484069824,
    2.452542543411255,
    2.514151096343994,
    2.5757594108581543,
    2.637077808380127,
    2.6980738639831543,
    2.7594196796417236,
    2.8208065032958984,
    2.8814761638641357,
    2.9417338371276855,
    3.0024430751800537,
    3.0635666847229004,
    3.1246907711029053,
    3.185814380645752,
    3.246882438659668,
    3.307931423187256,
    3.3689804077148438,
    3.430030107498169,
    3.4910786151885986,
    3.5521280765533447,
    3.613177537918091,
    3.6748344898223877,
    3.7368087768554688,
    3.79884934425354,
    3.860891103744507,
    3.9229323863983154,
    3.984973430633545,
    4.047013759613037,
    4.10905647277832,
    4.171097278594971,
    4.233138561248779,
    4.295116901397705,
    4.357079982757568,
    4.419043064117432,
    4.481007099151611,
    4.542972564697266,
    4.605051040649414,
    4.667403697967529,
    4.730011940002441,
    4.792778015136719,
    4.855554103851318,
    4.918330192565918,
    4.981088638305664,
    5.043702125549316,
    5.106315612792969,
    5.16893196105957,
    5.231551647186279,
    5.2941718101501465,
    5.356791973114014,
    5.419412136077881,
    5.482020854949951,
    5.544684886932373,
    5.607349395751953,
    5.670021057128906,
    5.732693672180176,
    5.795339584350586,
    5.857968330383301,
    5.920411109924316,
    5.982807159423828,
    6.045203685760498,
    6.10759973526001,
    6.1699957847595215,
    6.232390403747559,
    6.2947869300842285,
    6.357183456420898,
    6.419816017150879,
    6.48268985748291,
    6.5455641746521,
    6.6084370613098145,
    6.671310901641846,
    6.734184741973877,
    6.79705810546875,
    6.859933376312256
  ]
}