{
  "theta0": 7.777777777777778,
  "theta1": 0.2888888888888889,
  "theta2": 0.0,
  "whittle": [
    0.7511966228485107,
    0.7933182120323181,
    0.848005473613739,
    0.9084932208061218,
    0.9792807698249817,
    1.0681127309799194,
    1.153860092163086,
    1.2424826622009277,
    1.3430699110031128,
    1.4537962675094604,
    1.5720385313034058,
    1.6920921802520752,
    1.8182289600372314,
    1.944404125213623,
    2.0668680667877197,
    2.1877963542938232,
    2.30865740776062,
    2.4267325401306152,
    2.5444631576538086,
    2.6635169982910156,
    2.781362771987915,
    2.8980140686035156,
    3.0144729614257812,
    3.1316912174224854,
    3.2495105266571045,
    3.367033004760742,
    3.4851996898651123,
    3.603732109069824,
    3.722391128540039,
    3.8402678966522217,
    3.9578049182891846,
    4.075331211090088,
    4.192679405212402,
    4.309912204742432,
    4.427145481109619,
    4.544375896453857,
    4.661513805389404,
    4.778187274932861,
    4.8948073387146,
    5.011375427246094,
    5.128278732299805,
    5.245218276977539,
    5.362178325653076,
    5.4791388511657715,
    5.596069812774658,
    5.7130446434021,
    5.830109596252441,
    5.9473443031311035,
    6.064553260803223,
    6.181565284729004,
    6.298300266265869,
    6.414978981018066,
    6.531683921813965,
    6.648416519165039,
    6.765148162841797,
    6.881880760192871,
    6.998612880706787,
    7.115345001220703,
    7.232077121734619,
    7.348809242248535,
    7.465541839599609,
    7.582272529602051,
    7.6990065574646,
    7.815737247467041,
    7.93214750289917,
    8.048562049865723,
    8.16518497467041,
    8.281807899475098,
    8.398179054260254,
    8.514473915100098,
    8.630851745605469,
    8.746941566467285,
    8.863029479980469,
    8.979120254516602,
    9.095211029052734,
    9.211736679077148,
    9.328001022338867,
    9.44426441192627,
    9.560554504394531,
    9.676956176757812,
    9.793357849121094,
    9.909757614135742,
    10.026151657104492,
    10.142577171325684,
    10.259098052978516,
    10.375618934631348,
    10.49213981628418,
    10.608659744262695,
    10.725178718566895,
    10.841700553894043,
    10.958220481872559,
    11.074742317199707,
    11.191264152526855,
    11.307703971862793,
    11.424112319946289,
    11.540522575378418,
    11.656929016113281,
    11.77333927154541,
    11.889748573303223,
    12.006158828735352
  ]
}