{
  "theta0": 7.777777777777778,
  "theta1": 0.2888888888888889,
  "theta2": 0.0,
  "whittle": [
    1.343522310256958,
    1.4094572067260742,
    1.4753540754318237,
    1.5412318706512451,
    1.6070592403411865,
    1.6727662086486816,
    1.7382811307907104,
    1.8020392656326294,
    1.86417555809021,
    1.9248080253601074,
    1.9847933053970337,
    2.044461250305176,
    2.1048531532287598,
    2.1660537719726562,
    2.2280678749084473,
    2.2909700870513916,
    2.353872060775757,
    2.418858289718628,
    2.485966682434082,
    2.5532174110412598,
    2.6219241619110107,
    2.690502166748047,
    2.7590243816375732,
    2.827531099319458,
    2.8960342407226562,
    2.964484691619873,
    3.032958984375,
    3.1015071868896484,
    3.1700551509857178,
    3.238602876663208,
    3.307133674621582,
    3.3756537437438965,
    3.4441585540771484,
    3.5125720500946045,
    3.58097505569458,
    3.6496503353118896,
    3.718461751937866,
    3.7872486114501953,
    3.8560354709625244,
    3.9248220920562744,
    3.9936134815216064,
    4.062417030334473,
    4.131219863891602,
    4.200023174285889,
    4.268826007843018,
    4.337624549865723,
    4.406422138214111,
    4.475213527679443,
    4.544038772583008,
    4.612890243530273,
    4.681739330291748,
    4.75059175491333,
    4.8194451332092285,
    4.888299942016602,
    4.957154273986816,
    5.026037216186523,
    5.094921112060547,
    5.163843154907227,
    5.232807636260986,
    5.301860332489014,
    5.3709282875061035,
    5.439995765686035,
    5.509063720703125,
    5.578130722045898,
    5.64719820022583,
    5.71626615524292,
    5.785333633422852,
    5.854402542114258,
    5.923476696014404,
    5.9925618171691895,
    6.061647891998291,
    6.130732536315918,
    6.199818134307861,
    6.268902778625488,
    6.337987899780273,
    6.407078742980957,
    6.476206302642822,
    6.5453338623046875,
    6.6144609451293945,
    6.683588027954102,
    6.752715587615967,
    6.821842670440674,
    6.890969753265381,
    6.960096836090088,
    7.029224395751953,
    7.09835147857666,
    7.167479038238525,
    7.236606121063232,
    7.3057332038879395,
    7.374860763549805,
    7.443987846374512,
    7.513114929199219,
    7.582242012023926,
    7.651369571685791,
    7.720497131347656,
    7.789624214172363,
    7.858760356903076,
    7.927928447723389,
    7.997094631195068,
    8.066263198852539
  ]
}