{
  "theta0": 9.444444444444445,
  "theta1": 0.6444444444444445,
  "theta2": 0.0,
  "whittle": [
    3.06087589263916,
    3.146904945373535,
    3.2345147132873535,
    3.322399377822876,
    3.4096829891204834,
    3.497044086456299,
    3.5844058990478516,
    3.6716864109039307,
    3.7585535049438477,
    3.845694065093994,
    3.9327504634857178,
    4.018450736999512,
    4.1035990715026855,
    4.187080383300781,
    4.269988059997559,
    4.3528523445129395,
    4.435737609863281,
    4.518535137176514,
    4.602211952209473,
    4.686637878417969,
    4.771751403808594,
    4.856893062591553,
    4.9421491622924805,
    5.027308464050293,
    5.112445831298828,
    5.197693347930908,
    5.282976150512695,
    5.368258953094482,
    5.453617095947266,
    5.539771556854248,
    5.6262030601501465,
    5.712634086608887,
    5.799065589904785,
    5.885629177093506,
    5.972480773925781,
    6.0600481033325195,
    6.1476850509643555,
    6.236360549926758,
    6.328774929046631,
    6.421355724334717,
    6.514156818389893,
    6.606959342956543,
    6.699895858764648,
    6.795142650604248,
    6.892571449279785,
    6.992285251617432,
    7.0941691398620605,
    7.196896553039551,
    7.30014705657959,
    7.4044060707092285,
    7.5092926025390625,
    7.6146440505981445,
    7.720428943634033,
    7.8268961906433105,
    7.933373928070068,
    8.039851188659668,
    8.146329879760742,
    8.253192901611328,
    8.360514640808105,
    8.467835426330566,
    8.575156211853027,
    8.682477951049805,
    8.789911270141602,
    8.897371292114258,
    9.004831314086914,
    9.112292289733887,
    9.219752311706543,
    9.327211380004883,
    9.434671401977539,
    9.542132377624512,
    9.649591445922852,
    9.757052421569824,
    9.86451244354248,
    9.971973419189453,
    10.079432487487793,
    10.186893463134766,
    10.294352531433105,
    10.402060508728027,
    10.509841918945312,
    10.617624282836914,
    10.725406646728516,
    10.833189010620117,
    10.940971374511719,
    11.048752784729004,
    11.156536102294922,
    11.264318466186523,
    11.372099876403809,
    11.47988224029541,
    11.587663650512695,
    11.695446968078613,
    11.803228378295898,
    11.911011695861816,
    12.018792152404785,
    12.126574516296387,
    12.234356880187988,
    12.342138290405273,
    12.449942588806152,
    12.557769775390625,
    12.665597915649414,
    12.77342414855957
  ]
}