{
  "theta0": 10.0,
  "theta1": 1.0,
  "theta2": 0.0,
  "whittle": [
    -0.3106279671192169,
    -0.3393249809741974,
    -0.36342838406562805,
    -0.3747253119945526,
    -0.3826030194759369,
    -0.39441272616386414,
    -0.41029900312423706,
    -0.4287247657775879,
    -0.4430099427700043,
    -0.4530741274356842,
    -0.4678919315338135,
    -0.49793070554733276,
    -0.5397400856018066,
    -0.5789533853530884,
    -0.616215169429779,
    -0.6518343687057495,
    -0.689070999622345,
    -0.7265164852142334,
    -0.7631839513778687,
    -0.7994979619979858,
    -0.8346570134162903,
    -0.8705945014953613,
    -0.9088054299354553,
    -0.9485560655593872,
    -0.9879236817359924,
    -1.0250922441482544,
    -1.0630958080291748,
    -1.1018486022949219,
    -1.1409252882003784,
    -1.179983139038086,
    -1.2192875146865845,
    -1.2570158243179321,
    -1.2917674779891968,
    -1.3264105319976807,
    -1.3611513376235962,
    -1.39591383934021,
    -1.4295542240142822,
    -1.4629141092300415,
    -1.4959732294082642,
    -1.5295567512512207,
    -1.5629462003707886,
    -1.5959151983261108,
    -1.6288846731185913,
    -1.6618103981018066,
    -1.6946059465408325,
    -1.7273657321929932,
    -1.7599302530288696,
    -1.7926089763641357,
    -1.825346827507019,
    -1.8582484722137451,
    -1.8899712562561035,
    -1.9211622476577759,
    -1.9527238607406616,
    -1.9842900037765503,
    -2.0160696506500244,
    -2.047849416732788,
    -2.0795483589172363,
    -2.110922336578369,
    -2.1421868801116943,
    -2.1734507083892822,
    -2.204759359359741,
    -2.2362468242645264,
    -2.2674221992492676,
    -2.29809308052063,
    -2.328962802886963,
    -2.359769821166992,
    -2.3905770778656006,
    -2.421384334564209,
    -2.4521913528442383,
    -2.4829986095428467,
    -2.513805866241455,
    -2.5446128845214844,
    -2.575420379638672,
    -2.606226921081543,
    -2.6370344161987305,
    -2.667841672897339,
    -2.6986491680145264,
    -2.7294564247131348,
    -2.7602641582489014,
    -2.7911713123321533,
    -2.8223373889923096,
    -2.853503465652466,
    -2.8846704959869385,
    -2.915834903717041,
    -2.947000026702881,
    -2.9781653881073,
    -3.0093297958374023,
    -3.040494918823242,
    -3.0716605186462402,
    -3.102825403213501,
    -3.1339902877807617,
    -3.1651551723480225,
    -3.196331739425659,
    -3.2275326251983643,
    -3.258732557296753,
    -3.289933443069458,
    -3.3211350440979004,
    -3.3523356914520264,
    -3.3835363388061523,
    -3.4149200916290283
  ]
}