{
  "theta0": 7.222222222222222,
  "theta1": 0.2,
  "theta2": 0.0,
  "whittle": [
    0.5893777012825012,
    0.667193591594696,
    0.7464383840560913,
    0.8266568779945374,
    0.9059067368507385,
    0.9850543141365051,
    1.0633600950241089,
    1.1377588510513306,
    1.2103214263916016,
    1.2809083461761475,
    1.350849986076355,
    1.4189116954803467,
    1.4846636056900024,
    1.5497486591339111,
    1.6147741079330444,
    1.679673433303833,
    1.7444037199020386,
    1.8091340065002441,
    1.8738641738891602,
    1.9385877847671509,
    2.0033047199249268,
    2.068021535873413,
    2.1327388286590576,
    2.197431802749634,
    2.2620720863342285,
    2.326730489730835,
    2.3913891315460205,
    2.456047296524048,
    2.520705461502075,
    2.5853641033172607,
    2.650022506713867,
    2.7146809101104736,
    2.779339075088501,
    2.8439977169036865,
    2.908656358718872,
    2.9733145236968994,
    3.037973165512085,
    3.1026313304901123,
    3.1672897338867188,
    3.231948137283325,
    3.2966067790985107,
    3.361264944076538,
    3.4259235858917236,
    3.4905927181243896,
    3.5553672313690186,
    3.6201417446136475,
    3.6849162578582764,
    3.7496910095214844,
    3.814465284347534,
    3.879239797592163,
    3.94401478767395,
    4.0087890625,
    4.073564052581787,
    4.138338088989258,
    4.203113079071045,
    4.267887592315674,
    4.332662105560303,
    4.397436618804932,
    4.4622111320495605,
    4.5269856452941895,
    4.591760158538818,
    4.656534671783447,
    4.721312999725342,
    4.786109447479248,
    4.850907802581787,
    4.915707111358643,
    4.980506420135498,
    5.045306205749512,
    5.110105514526367,
    5.174901962280273,
    5.239695072174072,
    5.304488182067871,
    5.369280815124512,
    5.4340739250183105,
    5.498867511749268,
    5.563660144805908,
    5.628453731536865,
    5.693246364593506,
    5.758039951324463,
    5.822833061218262,
    5.8876261711120605,
    5.952418804168701,
    6.0172119140625,
    6.082023620605469,
    6.146840572357178,
    6.211658000946045,
    6.276475429534912,
    6.341291904449463,
    6.406108379364014,
    6.470962047576904,
    6.535826206207275,
    6.600691318511963,
    6.665555477142334,
    6.730419635772705,
    6.795284748077393,
    6.860148906707764,
    6.925013542175293,
    6.989878177642822,
    7.054765224456787,
    7.119720458984375
  ]
}