{
  "theta0": 10.0,
  "theta1": 0.2888888888888889,
  "theta2": 0.0,
  "whittle": [
    -0.30475544929504395,
    -0.32974404096603394,
    -0.33578985929489136,
    -0.3483797311782837,
    -0.3545724153518677,
    -0.36005735397338867,
    -0.3676707148551941,
    -0.3800736665725708,
    -0.39292120933532715,
    -0.40569210052490234,
    -0.4154784083366394,
    -0.4242919087409973,
    -0.43143272399902344,
    -0.4332706332206726,
    -0.4280018210411072,
    -0.4224475026130676,
    -0.41637372970581055,
    -0.4101604223251343,
    -0.4045742154121399,
    -0.4039623737335205,
    -0.403800904750824,
    -0.40389835834503174,
    -0.402887225151062,
    -0.3983280658721924,
    -0.39366310834884644,
    -0.3915584087371826,
    -0.39109402894973755,
    -0.3916015625,
    -0.3932120203971863,
    -0.3976302146911621,
    -0.4020090699195862,
    -0.40736252069473267,
    -0.41286927461624146,
    -0.4186059832572937,
    -0.42456305027008057,
    -0.4302685260772705,
    -0.4352046847343445,
    -0.4400660991668701,
    -0.4443432092666626,
    -0.44859641790390015,
    -0.4532244801521301,
    -0.4597567319869995,
    -0.46609777212142944,
    -0.47180289030075073,
    -0.47774219512939453,
    -0.48395806550979614,
    -0.49005013704299927,
    -0.495743989944458,
    -0.501333475112915,
    -0.506756603717804,
    -0.5121550559997559,
    -0.5175475478172302,
    -0.5229634046554565,
    -0.5274560451507568,
    -0.5316089987754822,
    -0.5357980728149414,
    -0.5400013327598572,
    -0.5442045331001282,
    -0.5487135052680969,
    -0.5535762906074524,
    -0.5584391355514526,
    -0.5633178949356079,
    -0.5682330131530762,
    -0.5731008648872375,
    -0.5772716403007507,
    -0.5814430117607117,
    -0.5856141448020935,
    -0.5897846817970276,
    -0.5939657688140869,
    -0.5981926321983337,
    -0.602497398853302,
    -0.6069089770317078,
    -0.6113207340240479,
    -0.6157328486442566,
    -0.6203129887580872,
    -0.6249133944511414,
    -0.6298266649246216,
    -0.6347499489784241,
    -0.63967365026474,
    -0.6445972919464111,
    -0.6495208144187927,
    -0.6544444561004639,
    -0.659368097782135,
    -0.664324164390564,
    -0.669346034526825,
    -0.6742093563079834,
    -0.6791067123413086,
    -0.6841493844985962,
    -0.6890101432800293,
    -0.693809986114502,
    -0.698608934879303,
    -0.7034088373184204,
    -0.708297073841095,
    -0.7133896350860596,
    -0.7186693549156189,
    -0.7239489555358887,
    -0.7292285561561584,
    -0.7344794273376465,
    -0.739696204662323,
    -0.7451983690261841
  ]
}