{
  "arm": 59,
  "p": 0.287,
  "q": 0.298,
  "whittle": [
    -1.903188705444336,
    -1.899031639099121,
    -1.8943814039230347,
    -1.8900574445724487,
    -1.8851009607315063,
    -1.8797259330749512,
    -1.8749966621398926,
    -1.871110439300537,
    -1.8686186075210571,
    -1.8660938739776611,
    -1.8638989925384521,
    -1.8616105318069458,
    -1.8583245277404785,
    -1.854862093925476,
    -1.8514326810836792,
    -1.847927212715149,
    -1.8444722890853882,
    -1.84103262424469,
    -1.8376305103302002,
    -1.8341790437698364,
    -1.830431580543518,
    -1.825421690940857,
    -1.8193260431289673,
    -1.815246820449829,
    -1.8112202882766724,
    -1.809382677078247,
    -1.8096095323562622,
    -1.8115912675857544,
    -1.8134727478027344,
    -1.8148778676986694,
    -1.8154972791671753,
    -1.8150768280029297,
    -1.8143534660339355,
    -1.814226508140564,
    -1.8140901327133179,
    -1.8138914108276367,
    -1.8133076429367065,
    -1.8111629486083984,
    -1.8090673685073853,
    -1.807032585144043,
    -1.8068811893463135,
    -1.8073844909667969,
    -1.8075401782989502,
    -1.8068674802780151,
    -1.8056577444076538,
    -1.8051334619522095,
    -1.806053638458252,
    -1.8074451684951782,
    -1.8084441423416138,
    -1.8095948696136475,
    -1.8104201555252075,
    -1.8112643957138062,
    -1.8126592636108398,
    -1.814759612083435,
    -1.817698359489441,
    -1.8211402893066406,
    -1.8247047662734985,
    -1.828214406967163,
    -1.8309714794158936,
    -1.833940029144287,
    -1.8366562128067017,
    -1.839438557624817,
    -1.842764139175415,
    -1.8458276987075806,
    -1.8487714529037476,
    -1.8516199588775635,
    -1.8538904190063477,
    -1.8557490110397339,
    -1.8588532209396362,
    -1.8624975681304932,
    -1.8659533262252808,
    -1.8690811395645142,
    -1.8716508150100708,
    -1.8737545013427734,
    -1.8755403757095337,
    -1.8772778511047363,
    -1.8778409957885742,
    -1.8780027627944946,
    -1.8790451288223267,
    -1.8809207677841187,
    -1.8824796676635742,
    -1.883782148361206,
    -1.885135293006897,
    -1.8861380815505981,
    -1.8869222402572632,
    -1.888782262802124,
    -1.8908518552780151,
    -1.8929303884506226,
    -1.894846796989441,
    -1.896718144416809,
    -1.8985062837600708,
    -1.9002197980880737,
    -1.9018914699554443,
    -1.9046289920806885,
    -1.9087673425674438,
    -1.9136697053909302,
    -1.9187216758728027,
    -1.9237980842590332,
    -1.9288842678070068,
    -1.934051752090454
  ]
}