{
  "arm": 18,
  "p": 0.725,
  "q": 0.426,
  "whittle": [
    -1.937321662902832,
    -1.9328944683074951,
    -1.9281636476516724,
    -1.9236942529678345,
    -1.91884183883667,
    -1.913744568824768,
    -1.9083975553512573,
    -1.9040976762771606,
    -1.9014246463775635,
    -1.899062156677246,
    -1.8969578742980957,
    -1.8948936462402344,
    -1.8918229341506958,
    -1.8885020017623901,
    -1.885188102722168,
    -1.881827473640442,
    -1.8784979581832886,
    -1.8751682043075562,
    -1.8718730211257935,
    -1.868659257888794,
    -1.8651615381240845,
    -1.8606458902359009,
    -1.8551167249679565,
    -1.850946307182312,
    -1.847154974937439,
    -1.846968412399292,
    -1.847801923751831,
    -1.850052833557129,
    -1.8521146774291992,
    -1.8539320230484009,
    -1.8550057411193848,
    -1.85459303855896,
    -1.8544622659683228,
    -1.8543567657470703,
    -1.8545968532562256,
    -1.8553813695907593,
    -1.854668140411377,
    -1.853157639503479,
    -1.851098656654358,
    -1.8494930267333984,
    -1.8500564098358154,
    -1.8504126071929932,
    -1.850730299949646,
    -1.8500643968582153,
    -1.8490467071533203,
    -1.848659873008728,
    -1.8507698774337769,
    -1.8527828454971313,
    -1.8538119792938232,
    -1.8552277088165283,
    -1.8563514947891235,
    -1.8575819730758667,
    -1.8593285083770752,
    -1.8617089986801147,
    -1.86449134349823,
    -1.8680942058563232,
    -1.871731162071228,
    -1.8754770755767822,
    -1.8785189390182495,
    -1.8814245462417603,
    -1.8841984272003174,
    -1.8869503736495972,
    -1.8900630474090576,
    -1.8932150602340698,
    -1.89626145362854,
    -1.8992903232574463,
    -1.9018598794937134,
    -1.9040240049362183,
    -1.9076383113861084,
    -1.9114254713058472,
    -1.915038824081421,
    -1.9184168577194214,
    -1.9211342334747314,
    -1.923727035522461,
    -1.9256155490875244,
    -1.9275038242340088,
    -1.9292545318603516,
    -1.929675579071045,
    -1.9304044246673584,
    -1.9323662519454956,
    -1.9340221881866455,
    -1.9355028867721558,
    -1.93697988986969,
    -1.9381893873214722,
    -1.9391942024230957,
    -1.9413154125213623,
    -1.9435468912124634,
    -1.9457842111587524,
    -1.9477455615997314,
    -1.9497054815292358,
    -1.9515571594238281,
    -1.9533910751342773,
    -1.9553468227386475,
    -1.9577547311782837,
    -1.9616693258285522,
    -1.9665015935897827,
    -1.971758484840393,
    -1.9770240783691406,
    -1.9822896718978882,
    -1.9876699447631836
  ]
}