{
  "arm": 52,
  "p": 0.637,
  "q": 0.88,
  "whittle": [
    -1.8851344585418701,
    -1.8811087608337402,
    -1.8767595291137695,
    -1.8718280792236328,
    -1.8665885925292969,
    -1.860898494720459,
    -1.8549926280975342,
    -1.8491451740264893,
    -1.8459105491638184,
    -1.8431265354156494,
    -1.8404414653778076,
    -1.8378958702087402,
    -1.835097074508667,
    -1.831472635269165,
    -1.8278400897979736,
    -1.8242771625518799,
    -1.820641279220581,
    -1.8170058727264404,
    -1.8133962154388428,
    -1.8102214336395264,
    -1.8062331676483154,
    -1.801405906677246,
    -1.795304775238037,
    -1.7910292148590088,
    -1.7869949340820312,
    -1.7832143306732178,
    -1.7821383476257324,
    -1.7841029167175293,
    -1.7855758666992188,
    -1.7865452766418457,
    -1.7872874736785889,
    -1.7860586643218994,
    -1.785088062286377,
    -1.784639596939087,
    -1.784081220626831,
    -1.7832729816436768,
    -1.7819621562957764,
    -1.7802071571350098,
    -1.7777550220489502,
    -1.77555513381958,
    -1.7741811275482178,
    -1.7739617824554443,
    -1.7741127014160156,
    -1.7732288837432861,
    -1.7714157104492188,
    -1.7706139087677002,
    -1.7700035572052002,
    -1.7701835632324219,
    -1.770798921585083,
    -1.771414041519165,
    -1.7719995975494385,
    -1.772686243057251,
    -1.7742855548858643,
    -1.7762985229492188,
    -1.7784020900726318,
    -1.781515121459961,
    -1.7847323417663574,
    -1.7880589962005615,
    -1.7910480499267578,
    -1.7935514450073242,
    -1.7962632179260254,
    -1.7985985279083252,
    -1.800933599472046,
    -1.8035461902618408,
    -1.8062870502471924,
    -1.8088388442993164,
    -1.8108317852020264,
    -1.812331199645996,
    -1.8137500286102295,
    -1.81614089012146,
    -1.8193445205688477,
    -1.8225481510162354,
    -1.8248426914215088,
    -1.826343059539795,
    -1.8278286457061768,
    -1.8292624950408936,
    -1.8295598030090332,
    -1.8297228813171387,
    -1.830540418624878,
    -1.8323001861572266,
    -1.8337528705596924,
    -1.835092306137085,
    -1.8361825942993164,
    -1.8372976779937744,
    -1.838451862335205,
    -1.8402214050292969,
    -1.8421261310577393,
    -1.84403395652771,
    -1.8457434177398682,
    -1.8474347591400146,
    -1.8491919040679932,
    -1.8507699966430664,
    -1.8521521091461182,
    -1.8540751934051514,
    -1.8584721088409424,
    -1.863133192062378,
    -1.8679313659667969,
    -1.8727381229400635,
    -1.877570629119873,
    -1.8825154304504395
  ]
}