{
  "arm": 45,
  "p": 0.463,
  "q": 0.436,
  "whittle": [
    -2.0118865966796875,
    -2.007344961166382,
    -2.002699613571167,
    -1.9983102083206177,
    -1.9935150146484375,
    -1.9883166551589966,
    -1.982852816581726,
    -1.9787060022354126,
    -1.9759000539779663,
    -1.9736741781234741,
    -1.9716532230377197,
    -1.9696462154388428,
    -1.9666779041290283,
    -1.9634448289871216,
    -1.9601531028747559,
    -1.95676851272583,
    -1.9535210132598877,
    -1.9502735137939453,
    -1.9470760822296143,
    -1.9438048601150513,
    -1.9395675659179688,
    -1.935402750968933,
    -1.930304765701294,
    -1.9259943962097168,
    -1.923732876777649,
    -1.9237757921218872,
    -1.9242956638336182,
    -1.9265449047088623,
    -1.9289737939834595,
    -1.9308176040649414,
    -1.9317851066589355,
    -1.9324885606765747,
    -1.93231201171875,
    -1.9322044849395752,
    -1.9326592683792114,
    -1.933229684829712,
    -1.9320546388626099,
    -1.9303195476531982,
    -1.9282265901565552,
    -1.9263442754745483,
    -1.9266057014465332,
    -1.9268608093261719,
    -1.9268745183944702,
    -1.9257174730300903,
    -1.9245771169662476,
    -1.9244650602340698,
    -1.9265339374542236,
    -1.9280122518539429,
    -1.9286611080169678,
    -1.930005669593811,
    -1.9309505224227905,
    -1.9321552515029907,
    -1.9335331916809082,
    -1.9358694553375244,
    -1.9383927583694458,
    -1.941386103630066,
    -1.9450950622558594,
    -1.9488987922668457,
    -1.9518764019012451,
    -1.954822301864624,
    -1.9577833414077759,
    -1.9605563879013062,
    -1.963334083557129,
    -1.9664722681045532,
    -1.9694979190826416,
    -1.9725669622421265,
    -1.9750288724899292,
    -1.9776465892791748,
    -1.9813088178634644,
    -1.9851305484771729,
    -1.9888383150100708,
    -1.9923899173736572,
    -1.9951317310333252,
    -1.997899055480957,
    -1.9998568296432495,
    -2.0015363693237305,
    -2.0020413398742676,
    -2.0026626586914062,
    -2.0032174587249756,
    -2.004354953765869,
    -2.005929946899414,
    -2.0073635578155518,
    -2.0088491439819336,
    -2.0101165771484375,
    -2.011136054992676,
    -2.013261556625366,
    -2.015562057495117,
    -2.017864227294922,
    -2.020014524459839,
    -2.022047281265259,
    -2.0239334106445312,
    -2.0256969928741455,
    -2.027630567550659,
    -2.0304391384124756,
    -2.0346567630767822,
    -2.0389811992645264,
    -2.044325351715088,
    -2.049725294113159,
    -2.0551249980926514,
    -2.0606250762939453
  ]
}