{
  "arm": 56,
  "p": 0.588,
  "q": 0.209,
  "whittle": [
    -1.811201572418213,
    -1.8071774244308472,
    -1.8025617599487305,
    -1.7975866794586182,
    -1.7923674583435059,
    -1.7869690656661987,
    -1.7816073894500732,
    -1.7770063877105713,
    -1.7744245529174805,
    -1.771589756011963,
    -1.768813133239746,
    -1.7662492990493774,
    -1.7626920938491821,
    -1.7589545249938965,
    -1.755299687385559,
    -1.751707911491394,
    -1.7480071783065796,
    -1.7443063259124756,
    -1.7408016920089722,
    -1.73746657371521,
    -1.7338427305221558,
    -1.7281386852264404,
    -1.7217738628387451,
    -1.7172952890396118,
    -1.7132446765899658,
    -1.7094922065734863,
    -1.7088420391082764,
    -1.7109909057617188,
    -1.7127883434295654,
    -1.7137466669082642,
    -1.7144033908843994,
    -1.7137359380722046,
    -1.7128353118896484,
    -1.7124545574188232,
    -1.7121702432632446,
    -1.7119085788726807,
    -1.7114994525909424,
    -1.7094939947128296,
    -1.7072099447250366,
    -1.7052502632141113,
    -1.7056562900543213,
    -1.7058619260787964,
    -1.7061183452606201,
    -1.7058911323547363,
    -1.7047536373138428,
    -1.7041679620742798,
    -1.703895926475525,
    -1.7041682004928589,
    -1.7050042152404785,
    -1.706043004989624,
    -1.7067346572875977,
    -1.7074445486068726,
    -1.7084826231002808,
    -1.7103824615478516,
    -1.7135363817214966,
    -1.7167683839797974,
    -1.720092535018921,
    -1.7233794927597046,
    -1.7259825468063354,
    -1.7285921573638916,
    -1.7311196327209473,
    -1.7336565256118774,
    -1.737047553062439,
    -1.7398881912231445,
    -1.7425600290298462,
    -1.7452373504638672,
    -1.7475292682647705,
    -1.7491973638534546,
    -1.751535177230835,
    -1.7550009489059448,
    -1.7582918405532837,
    -1.7609483003616333,
    -1.7626371383666992,
    -1.764259934425354,
    -1.7658438682556152,
    -1.7673718929290771,
    -1.768094539642334,
    -1.7686004638671875,
    -1.7700090408325195,
    -1.7718175649642944,
    -1.773339867591858,
    -1.7747586965560913,
    -1.7760121822357178,
    -1.7767540216445923,
    -1.7773792743682861,
    -1.7791651487350464,
    -1.7811133861541748,
    -1.7830612659454346,
    -1.7848325967788696,
    -1.7864865064620972,
    -1.787947177886963,
    -1.7893526554107666,
    -1.790840744972229,
    -1.7941310405731201,
    -1.798685073852539,
    -1.8034560680389404,
    -1.8082269430160522,
    -1.8130122423171997,
    -1.8178174495697021,
    -1.822716474533081
  ]
}