{
  "arm": 20,
  "p": 0.625,
  "q": 0.248,
  "whittle": [
    -1.950864553451538,
    -1.9466909170150757,
    -1.9418898820877075,
    -1.9376130104064941,
    -1.932734727859497,
    -1.9276273250579834,
    -1.9229661226272583,
    -1.9186233282089233,
    -1.9161460399627686,
    -1.9136402606964111,
    -1.911463737487793,
    -1.9093519449234009,
    -1.9062951803207397,
    -1.9028571844100952,
    -1.8994683027267456,
    -1.8960062265396118,
    -1.8925782442092896,
    -1.8891499042510986,
    -1.8857332468032837,
    -1.8822441101074219,
    -1.8786003589630127,
    -1.8737727403640747,
    -1.8677726984024048,
    -1.8634883165359497,
    -1.8594863414764404,
    -1.8579751253128052,
    -1.8580797910690308,
    -1.8599159717559814,
    -1.8619940280914307,
    -1.8634029626846313,
    -1.8642569780349731,
    -1.8643455505371094,
    -1.863818645477295,
    -1.8635221719741821,
    -1.8632947206497192,
    -1.8636616468429565,
    -1.8629043102264404,
    -1.861045241355896,
    -1.8588435649871826,
    -1.8567572832107544,
    -1.8562599420547485,
    -1.8567613363265991,
    -1.8568205833435059,
    -1.8559285402297974,
    -1.8549256324768066,
    -1.8543744087219238,
    -1.8548223972320557,
    -1.856492280960083,
    -1.8569741249084473,
    -1.8575445413589478,
    -1.8583033084869385,
    -1.8591203689575195,
    -1.8604120016098022,
    -1.8625235557556152,
    -1.864830493927002,
    -1.8672802448272705,
    -1.8707374334335327,
    -1.8741939067840576,
    -1.8768868446350098,
    -1.8795799016952515,
    -1.8823539018630981,
    -1.884894609451294,
    -1.8869930505752563,
    -1.88955819606781,
    -1.8923494815826416,
    -1.8951785564422607,
    -1.8976236581802368,
    -1.899538516998291,
    -1.9023077487945557,
    -1.9059282541275024,
    -1.9093650579452515,
    -1.9123114347457886,
    -1.9148311614990234,
    -1.9169902801513672,
    -1.9187196493148804,
    -1.9200390577316284,
    -1.9202898740768433,
    -1.9205830097198486,
    -1.9209495782852173,
    -1.9215974807739258,
    -1.9230427742004395,
    -1.924285650253296,
    -1.925590991973877,
    -1.9264397621154785,
    -1.927101731300354,
    -1.9289945363998413,
    -1.9310495853424072,
    -1.9331045150756836,
    -1.9350659847259521,
    -1.936850905418396,
    -1.9385004043579102,
    -1.9402695894241333,
    -1.9420557022094727,
    -1.9448058605194092,
    -1.9485511779785156,
    -1.9530750513076782,
    -1.958148717880249,
    -1.9632407426834106,
    -1.9683483839035034,
    -1.9735606908798218
  ]
}