{
  "arm": 26,
  "p": 0.775,
  "q": 0.11,
  "whittle": [
    -1.9560275077819824,
    -1.9515084028244019,
    -1.9470219612121582,
    -1.9427534341812134,
    -1.9379687309265137,
    -1.9330357313156128,
    -1.928841233253479,
    -1.924599289894104,
    -1.922445297241211,
    -1.920201063156128,
    -1.9181394577026367,
    -1.9162589311599731,
    -1.913104772567749,
    -1.9098025560379028,
    -1.9065577983856201,
    -1.9031825065612793,
    -1.8998843431472778,
    -1.8965861797332764,
    -1.8933063745498657,
    -1.890278935432434,
    -1.886968731880188,
    -1.881966471672058,
    -1.877076506614685,
    -1.8731193542480469,
    -1.8704372644424438,
    -1.8704795837402344,
    -1.871551752090454,
    -1.873722791671753,
    -1.8760957717895508,
    -1.8777674436569214,
    -1.8786451816558838,
    -1.8792599439620972,
    -1.8788440227508545,
    -1.8786789178848267,
    -1.8793238401412964,
    -1.8797905445098877,
    -1.8795127868652344,
    -1.8777779340744019,
    -1.8757542371749878,
    -1.8739039897918701,
    -1.8741847276687622,
    -1.8748644590377808,
    -1.8751140832901,
    -1.8744138479232788,
    -1.8740098476409912,
    -1.8735742568969727,
    -1.8753374814987183,
    -1.8773407936096191,
    -1.8781260251998901,
    -1.878700613975525,
    -1.8796406984329224,
    -1.8807669878005981,
    -1.882386326789856,
    -1.884706974029541,
    -1.8871161937713623,
    -1.8895002603530884,
    -1.8929905891418457,
    -1.8964446783065796,
    -1.8992187976837158,
    -1.902001142501831,
    -1.904640793800354,
    -1.9071840047836304,
    -1.9093120098114014,
    -1.9113805294036865,
    -1.9142510890960693,
    -1.9171663522720337,
    -1.919824242591858,
    -1.9218107461929321,
    -1.92534339427948,
    -1.9290449619293213,
    -1.9326070547103882,
    -1.9354701042175293,
    -1.9375653266906738,
    -1.9393763542175293,
    -1.9411873817443848,
    -1.94269597530365,
    -1.9431449174880981,
    -1.9435737133026123,
    -1.9439446926116943,
    -1.9441832304000854,
    -1.94514799118042,
    -1.9464921951293945,
    -1.9478310346603394,
    -1.9486163854599,
    -1.9493389129638672,
    -1.9511950016021729,
    -1.953316330909729,
    -1.9554375410079956,
    -1.9573830366134644,
    -1.9592324495315552,
    -1.9609407186508179,
    -1.9626222848892212,
    -1.964352011680603,
    -1.9672679901123047,
    -1.9710854291915894,
    -1.9750323295593262,
    -1.9799797534942627,
    -1.985155463218689,
    -1.9903314113616943,
    -1.9956274032592773
  ]
}