{
  "arm": 40,
  "p": 0.562,
  "q": 0.762,
  "whittle": [
    -1.8641568422317505,
    -1.860119104385376,
    -1.8557355403900146,
    -1.8508248329162598,
    -1.845590353012085,
    -1.839892029762268,
    -1.8340100049972534,
    -1.8286051750183105,
    -1.8254776000976562,
    -1.8226736783981323,
    -1.819929838180542,
    -1.8173569440841675,
    -1.8143436908721924,
    -1.810686469078064,
    -1.807041049003601,
    -1.803503155708313,
    -1.7998548746109009,
    -1.7962065935134888,
    -1.7926651239395142,
    -1.789497971534729,
    -1.7855123281478882,
    -1.780342936515808,
    -1.7740641832351685,
    -1.7695603370666504,
    -1.7654552459716797,
    -1.7616817951202393,
    -1.760339379310608,
    -1.7622770071029663,
    -1.7638105154037476,
    -1.7647639513015747,
    -1.7655116319656372,
    -1.7646604776382446,
    -1.7638975381851196,
    -1.7634813785552979,
    -1.762960433959961,
    -1.7625155448913574,
    -1.761671543121338,
    -1.7599308490753174,
    -1.7574598789215088,
    -1.7555124759674072,
    -1.7547240257263184,
    -1.754549503326416,
    -1.7548357248306274,
    -1.7541084289550781,
    -1.7523715496063232,
    -1.7516603469848633,
    -1.7512080669403076,
    -1.7514597177505493,
    -1.7520551681518555,
    -1.753171682357788,
    -1.753807783126831,
    -1.7545011043548584,
    -1.7557461261749268,
    -1.7576878070831299,
    -1.760058879852295,
    -1.763280987739563,
    -1.7665417194366455,
    -1.7699147462844849,
    -1.7728264331817627,
    -1.7753764390945435,
    -1.778024435043335,
    -1.780402421951294,
    -1.7831189632415771,
    -1.7860803604125977,
    -1.7888747453689575,
    -1.7915524244308472,
    -1.7935984134674072,
    -1.7951152324676514,
    -1.7965812683105469,
    -1.7997386455535889,
    -1.802978277206421,
    -1.8062176704406738,
    -1.8084425926208496,
    -1.81000554561615,
    -1.8115190267562866,
    -1.8129947185516357,
    -1.8136935234069824,
    -1.8136552572250366,
    -1.814986228942871,
    -1.8168312311172485,
    -1.8183337450027466,
    -1.8197133541107178,
    -1.820853590965271,
    -1.8219908475875854,
    -1.82301926612854,
    -1.8248261213302612,
    -1.8267621994018555,
    -1.8286981582641602,
    -1.8304543495178223,
    -1.8321741819381714,
    -1.8339319229125977,
    -1.835377812385559,
    -1.836782455444336,
    -1.8389772176742554,
    -1.8433486223220825,
    -1.8481240272521973,
    -1.852929949760437,
    -1.8577361106872559,
    -1.862574577331543,
    -1.867519736289978
  ]
}