{
  "arm": 4,
  "p": 0.6,
  "q": 0.722,
  "whittle": [
    -1.8355413675308228,
    -1.8315752744674683,
    -1.8271453380584717,
    -1.8222943544387817,
    -1.8171201944351196,
    -1.8113123178482056,
    -1.8052717447280884,
    -1.799803614616394,
    -1.7965021133422852,
    -1.79347562789917,
    -1.7903412580490112,
    -1.7876157760620117,
    -1.7845951318740845,
    -1.7807743549346924,
    -1.7769490480422974,
    -1.7732809782028198,
    -1.7694538831710815,
    -1.7656266689300537,
    -1.7621651887893677,
    -1.75879967212677,
    -1.7546225786209106,
    -1.7493188381195068,
    -1.7427188158035278,
    -1.7382261753082275,
    -1.7340302467346191,
    -1.7300478219985962,
    -1.726812720298767,
    -1.7281721830368042,
    -1.7294079065322876,
    -1.730177402496338,
    -1.7303217649459839,
    -1.7286155223846436,
    -1.7270333766937256,
    -1.7263879776000977,
    -1.725643277168274,
    -1.7249583005905151,
    -1.7231653928756714,
    -1.7213267087936401,
    -1.7186449766159058,
    -1.716204285621643,
    -1.7143009901046753,
    -1.7134672403335571,
    -1.7134212255477905,
    -1.7123684883117676,
    -1.7104628086090088,
    -1.7095260620117188,
    -1.7088109254837036,
    -1.7072978019714355,
    -1.7071751356124878,
    -1.7075142860412598,
    -1.7079226970672607,
    -1.7083849906921387,
    -1.7092571258544922,
    -1.7108206748962402,
    -1.712742567062378,
    -1.7155882120132446,
    -1.7186137437820435,
    -1.721734642982483,
    -1.724370002746582,
    -1.7266920804977417,
    -1.7293376922607422,
    -1.7314798831939697,
    -1.7336221933364868,
    -1.7361103296279907,
    -1.738673448562622,
    -1.7412307262420654,
    -1.7430661916732788,
    -1.7444956302642822,
    -1.7457479238510132,
    -1.7473998069763184,
    -1.7504184246063232,
    -1.7534090280532837,
    -1.7553327083587646,
    -1.7566912174224854,
    -1.7579542398452759,
    -1.7592172622680664,
    -1.7597544193267822,
    -1.759629487991333,
    -1.760764479637146,
    -1.7623295783996582,
    -1.7636306285858154,
    -1.7648749351501465,
    -1.7661601305007935,
    -1.7671209573745728,
    -1.767980694770813,
    -1.769619345664978,
    -1.7713507413864136,
    -1.7730820178985596,
    -1.7746614217758179,
    -1.7762142419815063,
    -1.7776389122009277,
    -1.7788432836532593,
    -1.780163288116455,
    -1.7828705310821533,
    -1.787101149559021,
    -1.7916842699050903,
    -1.7962676286697388,
    -1.8008511066436768,
    -1.8054345846176147,
    -1.8101346492767334
  ]
}