{
  "arm": 24,
  "p": 0.575,
  "q": 0.604,
  "whittle": [
    -1.8342796564102173,
    -1.8302829265594482,
    -1.8257287740707397,
    -1.8207948207855225,
    -1.8158154487609863,
    -1.809933066368103,
    -1.803797960281372,
    -1.79830801486969,
    -1.794849157333374,
    -1.79160475730896,
    -1.7883566617965698,
    -1.7854743003845215,
    -1.7823452949523926,
    -1.7784062623977661,
    -1.7744629383087158,
    -1.7706853151321411,
    -1.7667447328567505,
    -1.7627956867218018,
    -1.7589071989059448,
    -1.755412220954895,
    -1.7509031295776367,
    -1.7450602054595947,
    -1.7383311986923218,
    -1.7331044673919678,
    -1.7287074327468872,
    -1.7245372533798218,
    -1.720594048500061,
    -1.719866156578064,
    -1.721195936203003,
    -1.7218416929244995,
    -1.721833348274231,
    -1.7200193405151367,
    -1.7180415391921997,
    -1.7172542810440063,
    -1.7164419889450073,
    -1.7157474756240845,
    -1.7137421369552612,
    -1.710995078086853,
    -1.708248257637024,
    -1.705764651298523,
    -1.7040165662765503,
    -1.7030203342437744,
    -1.7029097080230713,
    -1.701792597770691,
    -1.699912428855896,
    -1.6988942623138428,
    -1.6981467008590698,
    -1.6965816020965576,
    -1.6959847211837769,
    -1.6962730884552002,
    -1.6965970993041992,
    -1.6969661712646484,
    -1.6976696252822876,
    -1.6989014148712158,
    -1.7011202573776245,
    -1.7040126323699951,
    -1.7069848775863647,
    -1.7100125551223755,
    -1.7124638557434082,
    -1.7147077322006226,
    -1.7173584699630737,
    -1.7194629907608032,
    -1.7217847108840942,
    -1.7244517803192139,
    -1.7269865274429321,
    -1.7295445203781128,
    -1.7313026189804077,
    -1.732742428779602,
    -1.7339274883270264,
    -1.7352919578552246,
    -1.7373522520065308,
    -1.7401303052902222,
    -1.7418135404586792,
    -1.7429758310317993,
    -1.74418044090271,
    -1.74510657787323,
    -1.744936227798462,
    -1.7447013854980469,
    -1.7456202507019043,
    -1.7471816539764404,
    -1.748497724533081,
    -1.7496895790100098,
    -1.7509005069732666,
    -1.7519091367721558,
    -1.7525417804718018,
    -1.7540799379348755,
    -1.7557311058044434,
    -1.7573826313018799,
    -1.7589644193649292,
    -1.7603418827056885,
    -1.7615455389022827,
    -1.7626726627349854,
    -1.7640681266784668,
    -1.7667948007583618,
    -1.7709875106811523,
    -1.775491714477539,
    -1.7799959182739258,
    -1.7844997644424438,
    -1.7890043258666992,
    -1.7936121225357056
  ]
}