{
  "arm": 60,
  "p": 0.688,
  "q": 0.564,
  "whittle": [
    -1.881368637084961,
    -1.8774720430374146,
    -1.8730478286743164,
    -1.8681751489639282,
    -1.8631441593170166,
    -1.8574843406677246,
    -1.8514353036880493,
    -1.845744252204895,
    -1.8421659469604492,
    -1.839219093322754,
    -1.83638596534729,
    -1.833666205406189,
    -1.8309293985366821,
    -1.827117919921875,
    -1.8233027458190918,
    -1.8196173906326294,
    -1.81580650806427,
    -1.8119956254959106,
    -1.8081845045089722,
    -1.804382562637329,
    -1.799472689628601,
    -1.793642282485962,
    -1.787245512008667,
    -1.7818254232406616,
    -1.7773622274398804,
    -1.7731646299362183,
    -1.769208312034607,
    -1.768894910812378,
    -1.7705636024475098,
    -1.7713885307312012,
    -1.7716227769851685,
    -1.7686073780059814,
    -1.7667158842086792,
    -1.7661468982696533,
    -1.7654861211776733,
    -1.7649189233779907,
    -1.7627345323562622,
    -1.7606942653656006,
    -1.7581344842910767,
    -1.755976915359497,
    -1.754252314567566,
    -1.7543128728866577,
    -1.7542415857315063,
    -1.753321886062622,
    -1.7517147064208984,
    -1.7508879899978638,
    -1.7502223253250122,
    -1.7515578269958496,
    -1.752249002456665,
    -1.7532461881637573,
    -1.7537788152694702,
    -1.7543851137161255,
    -1.7558553218841553,
    -1.757922887802124,
    -1.7610361576080322,
    -1.7641927003860474,
    -1.7674140930175781,
    -1.7707403898239136,
    -1.7734501361846924,
    -1.775942325592041,
    -1.7787541151046753,
    -1.7814913988113403,
    -1.78446626663208,
    -1.7871947288513184,
    -1.789961814880371,
    -1.7928649187088013,
    -1.7949432134628296,
    -1.7965861558914185,
    -1.7980421781539917,
    -1.8008644580841064,
    -1.804062008857727,
    -1.807022213935852,
    -1.8092542886734009,
    -1.8115781545639038,
    -1.8134769201278687,
    -1.8149133920669556,
    -1.816074252128601,
    -1.8158985376358032,
    -1.8172435760498047,
    -1.8190455436706543,
    -1.8205163478851318,
    -1.8218833208084106,
    -1.8229900598526,
    -1.8239555358886719,
    -1.8247952461242676,
    -1.8266016244888306,
    -1.828503966331482,
    -1.8304063081741333,
    -1.8321841955184937,
    -1.8338816165924072,
    -1.8355692625045776,
    -1.837001085281372,
    -1.838389277458191,
    -1.8405836820602417,
    -1.8447370529174805,
    -1.8492870330810547,
    -1.8540809154510498,
    -1.8588919639587402,
    -1.8637200593948364,
    -1.8686532974243164
  ]
}