{
  "arm": 23,
  "p": 0.175,
  "q": 0.337,
  "whittle": [
    -1.8489192724227905,
    -1.8450727462768555,
    -1.8404749631881714,
    -1.8360495567321777,
    -1.8311189413070679,
    -1.8252954483032227,
    -1.819480299949646,
    -1.8150430917739868,
    -1.8121808767318726,
    -1.8091535568237305,
    -1.8060439825057983,
    -1.803369164466858,
    -1.7999920845031738,
    -1.796187162399292,
    -1.7923853397369385,
    -1.7886594533920288,
    -1.7848236560821533,
    -1.7810208797454834,
    -1.777221918106079,
    -1.7736823558807373,
    -1.769598126411438,
    -1.7641687393188477,
    -1.7575798034667969,
    -1.752632737159729,
    -1.7483516931533813,
    -1.7443040609359741,
    -1.7409368753433228,
    -1.7416021823883057,
    -1.7431259155273438,
    -1.743707299232483,
    -1.7436944246292114,
    -1.7428359985351562,
    -1.7419593334197998,
    -1.7414460182189941,
    -1.7408695220947266,
    -1.740357756614685,
    -1.7386292219161987,
    -1.735783576965332,
    -1.7332816123962402,
    -1.7308202981948853,
    -1.7291189432144165,
    -1.7284622192382812,
    -1.7284173965454102,
    -1.7276886701583862,
    -1.7261098623275757,
    -1.7251781225204468,
    -1.7242331504821777,
    -1.72244393825531,
    -1.721852421760559,
    -1.7222933769226074,
    -1.7226805686950684,
    -1.723085641860962,
    -1.7236926555633545,
    -1.7248239517211914,
    -1.7265830039978027,
    -1.7293567657470703,
    -1.7324258089065552,
    -1.7353930473327637,
    -1.7376797199249268,
    -1.7402393817901611,
    -1.7427520751953125,
    -1.744857907295227,
    -1.7470098733901978,
    -1.7497587203979492,
    -1.7524793148040771,
    -1.7547701597213745,
    -1.7565678358078003,
    -1.7581651210784912,
    -1.7595007419586182,
    -1.7611887454986572,
    -1.7639223337173462,
    -1.7659273147583008,
    -1.7670539617538452,
    -1.7683721780776978,
    -1.7688944339752197,
    -1.768524408340454,
    -1.7682311534881592,
    -1.7681865692138672,
    -1.76863694190979,
    -1.7700623273849487,
    -1.7712044715881348,
    -1.7724173069000244,
    -1.7735984325408936,
    -1.7744308710098267,
    -1.7748754024505615,
    -1.7763184309005737,
    -1.7779942750930786,
    -1.7796696424484253,
    -1.781293272972107,
    -1.7825307846069336,
    -1.7836560010910034,
    -1.784754753112793,
    -1.7859055995941162,
    -1.7884418964385986,
    -1.79265296459198,
    -1.797194004058838,
    -1.8017351627349854,
    -1.8062760829925537,
    -1.8108171224594116,
    -1.815429925918579
  ]
}