{
  "arm": 48,
  "p": 0.537,
  "q": 0.525,
  "whittle": [
    -1.878875970840454,
    -1.8749724626541138,
    -1.8705480098724365,
    -1.8659740686416626,
    -1.8608733415603638,
    -1.8553744554519653,
    -1.8498116731643677,
    -1.845504879951477,
    -1.8427393436431885,
    -1.840004324913025,
    -1.8374183177947998,
    -1.8349229097366333,
    -1.83212411403656,
    -1.8285261392593384,
    -1.8249441385269165,
    -1.8214777708053589,
    -1.8178915977478027,
    -1.814305305480957,
    -1.8107191324234009,
    -1.8075144290924072,
    -1.8035699129104614,
    -1.798563003540039,
    -1.7921963930130005,
    -1.7878776788711548,
    -1.7838189601898193,
    -1.7800672054290771,
    -1.7792400121688843,
    -1.7809617519378662,
    -1.7826495170593262,
    -1.7836368083953857,
    -1.7843416929244995,
    -1.7833435535430908,
    -1.7824245691299438,
    -1.782006025314331,
    -1.781599998474121,
    -1.7812929153442383,
    -1.7801352739334106,
    -1.7782179117202759,
    -1.7758104801177979,
    -1.773697853088379,
    -1.7732867002487183,
    -1.773341178894043,
    -1.7734287977218628,
    -1.772745966911316,
    -1.7712444067001343,
    -1.7705458402633667,
    -1.7699759006500244,
    -1.7708346843719482,
    -1.7712494134902954,
    -1.772076964378357,
    -1.7727142572402954,
    -1.773393154144287,
    -1.7743638753890991,
    -1.7763941287994385,
    -1.7785519361495972,
    -1.7816630601882935,
    -1.7849558591842651,
    -1.7883282899856567,
    -1.791025161743164,
    -1.7935723066329956,
    -1.79632568359375,
    -1.7987046241760254,
    -1.8012433052062988,
    -1.8040711879730225,
    -1.8068645000457764,
    -1.8095165491104126,
    -1.8115779161453247,
    -1.8132359981536865,
    -1.8147330284118652,
    -1.818071961402893,
    -1.821315884590149,
    -1.8243179321289062,
    -1.8266233205795288,
    -1.8283839225769043,
    -1.8299520015716553,
    -1.8305772542953491,
    -1.830608606338501,
    -1.8304905891418457,
    -1.8308923244476318,
    -1.8324748277664185,
    -1.8339589834213257,
    -1.8353065252304077,
    -1.8365195989608765,
    -1.8375003337860107,
    -1.8382530212402344,
    -1.8400017023086548,
    -1.8419418334960938,
    -1.8438822031021118,
    -1.8457555770874023,
    -1.8474773168563843,
    -1.849197268486023,
    -1.8507949113845825,
    -1.8522074222564697,
    -1.8544001579284668,
    -1.8588247299194336,
    -1.8634681701660156,
    -1.8682937622070312,
    -1.8731193542480469,
    -1.8779778480529785,
    -1.8829350471496582
  ]
}