{
  "arm": 19,
  "p": 0.225,
  "q": 0.693,
  "whittle": [
    -1.925119161605835,
    -1.9211384057998657,
    -1.9166958332061768,
    -1.9121710062026978,
    -1.9070664644241333,
    -1.9013020992279053,
    -1.895668864250183,
    -1.8905340433120728,
    -1.8877689838409424,
    -1.8850769996643066,
    -1.8825839757919312,
    -1.8801358938217163,
    -1.877097725868225,
    -1.873569130897522,
    -1.8700299263000488,
    -1.8664538860321045,
    -1.8629043102264404,
    -1.8593651056289673,
    -1.8558454513549805,
    -1.8523480892181396,
    -1.8483457565307617,
    -1.843540906906128,
    -1.8373383283615112,
    -1.8329871892929077,
    -1.8289072513580322,
    -1.8258228302001953,
    -1.8254579305648804,
    -1.8270795345306396,
    -1.8285694122314453,
    -1.8296185731887817,
    -1.83002507686615,
    -1.8297390937805176,
    -1.8293668031692505,
    -1.8289624452590942,
    -1.828637719154358,
    -1.8285657167434692,
    -1.8271375894546509,
    -1.8249690532684326,
    -1.8225362300872803,
    -1.8203531503677368,
    -1.8194382190704346,
    -1.8192270994186401,
    -1.818924903869629,
    -1.8182090520858765,
    -1.8164443969726562,
    -1.8157083988189697,
    -1.8150230646133423,
    -1.815064549446106,
    -1.8154650926589966,
    -1.8162275552749634,
    -1.8168456554412842,
    -1.817509651184082,
    -1.8183610439300537,
    -1.8204283714294434,
    -1.8225828409194946,
    -1.8252713680267334,
    -1.8286027908325195,
    -1.8320046663284302,
    -1.8347549438476562,
    -1.8374336957931519,
    -1.8402140140533447,
    -1.8425906896591187,
    -1.8449678421020508,
    -1.8481321334838867,
    -1.8510866165161133,
    -1.853630542755127,
    -1.8556956052780151,
    -1.857496738433838,
    -1.8589946031570435,
    -1.8623257875442505,
    -1.8655768632888794,
    -1.8688281774520874,
    -1.8708943128585815,
    -1.8724702596664429,
    -1.874008297920227,
    -1.8749420642852783,
    -1.8749735355377197,
    -1.8748983144760132,
    -1.8751929998397827,
    -1.8768608570098877,
    -1.8782225847244263,
    -1.8794361352920532,
    -1.880555510520935,
    -1.881633996963501,
    -1.8825862407684326,
    -1.8842881917953491,
    -1.8861653804779053,
    -1.8880431652069092,
    -1.8897929191589355,
    -1.8915315866470337,
    -1.8931541442871094,
    -1.8947254419326782,
    -1.8961999416351318,
    -1.898380160331726,
    -1.901780366897583,
    -1.906406044960022,
    -1.9112818241119385,
    -1.916157841682434,
    -1.9210336208343506,
    -1.926025390625
  ]
}