{
  "arm": 54,
  "p": 0.838,
  "q": 0.386,
  "whittle": [
    -1.8177111148834229,
    -1.8137131929397583,
    -1.809179663658142,
    -1.8042113780975342,
    -1.79899263381958,
    -1.7935373783111572,
    -1.7875092029571533,
    -1.7827805280685425,
    -1.7795190811157227,
    -1.7765785455703735,
    -1.7735918760299683,
    -1.7709221839904785,
    -1.7675021886825562,
    -1.7636973857879639,
    -1.7599446773529053,
    -1.7563350200653076,
    -1.7525508403778076,
    -1.7488223314285278,
    -1.7454452514648438,
    -1.7420165538787842,
    -1.7381680011749268,
    -1.7327134609222412,
    -1.726191759109497,
    -1.7214475870132446,
    -1.7173185348510742,
    -1.7134579420089722,
    -1.7113943099975586,
    -1.7134896516799927,
    -1.7151165008544922,
    -1.7160778045654297,
    -1.7166696786880493,
    -1.7156810760498047,
    -1.7143826484680176,
    -1.713874340057373,
    -1.713285207748413,
    -1.7127773761749268,
    -1.712141513824463,
    -1.7103124856948853,
    -1.7078938484191895,
    -1.7057157754898071,
    -1.7051875591278076,
    -1.7051411867141724,
    -1.7051987648010254,
    -1.7047536373138428,
    -1.7034353017807007,
    -1.7026365995407104,
    -1.7021734714508057,
    -1.7013649940490723,
    -1.7018455266952515,
    -1.702866792678833,
    -1.703444004058838,
    -1.7040590047836304,
    -1.7051968574523926,
    -1.7069149017333984,
    -1.709580659866333,
    -1.712715983390808,
    -1.7158790826797485,
    -1.719146490097046,
    -1.721744179725647,
    -1.7242400646209717,
    -1.7267485857009888,
    -1.7290617227554321,
    -1.731785774230957,
    -1.7346221208572388,
    -1.73733651638031,
    -1.739913821220398,
    -1.7421526908874512,
    -1.7436740398406982,
    -1.7451112270355225,
    -1.7481409311294556,
    -1.7513083219528198,
    -1.7539869546890259,
    -1.7555218935012817,
    -1.757034182548523,
    -1.7584717273712158,
    -1.7598868608474731,
    -1.7610058784484863,
    -1.7611263990402222,
    -1.7625653743743896,
    -1.7642549276351929,
    -1.765717625617981,
    -1.767119288444519,
    -1.7683547735214233,
    -1.7691659927368164,
    -1.769851565361023,
    -1.77162766456604,
    -1.7734907865524292,
    -1.7753536701202393,
    -1.7770178318023682,
    -1.778663992881775,
    -1.7801125049591064,
    -1.7814387083053589,
    -1.7830326557159424,
    -1.7859498262405396,
    -1.7903746366500854,
    -1.795068621635437,
    -1.7997630834579468,
    -1.8044580221176147,
    -1.809186577796936,
    -1.8140277862548828
  ]
}