{
  "arm": 49,
  "p": 0.338,
  "q": 0.791,
  "whittle": [
    -1.8477764129638672,
    -1.8436295986175537,
    -1.8391424417495728,
    -1.8338667154312134,
    -1.8286744356155396,
    -1.8228744268417358,
    -1.817130446434021,
    -1.8119094371795654,
    -1.809100866317749,
    -1.8063626289367676,
    -1.8037933111190796,
    -1.801283359527588,
    -1.7979811429977417,
    -1.794409155845642,
    -1.7908462285995483,
    -1.7872956991195679,
    -1.7837308645248413,
    -1.7801661491394043,
    -1.7766282558441162,
    -1.773541808128357,
    -1.76968252658844,
    -1.7648617029190063,
    -1.759343147277832,
    -1.7548553943634033,
    -1.7510665655136108,
    -1.747872233390808,
    -1.748917818069458,
    -1.7512503862380981,
    -1.7527570724487305,
    -1.7541818618774414,
    -1.7548174858093262,
    -1.7547919750213623,
    -1.7544788122177124,
    -1.7541800737380981,
    -1.7538394927978516,
    -1.7536423206329346,
    -1.752806544303894,
    -1.7509294748306274,
    -1.7485506534576416,
    -1.7470595836639404,
    -1.7470494508743286,
    -1.7469924688339233,
    -1.7475253343582153,
    -1.74675714969635,
    -1.7450958490371704,
    -1.7444863319396973,
    -1.7443031072616577,
    -1.744745135307312,
    -1.7460129261016846,
    -1.7472106218338013,
    -1.7479709386825562,
    -1.7487820386886597,
    -1.7500073909759521,
    -1.7520617246627808,
    -1.755224585533142,
    -1.7585384845733643,
    -1.7619627714157104,
    -1.76548171043396,
    -1.7684898376464844,
    -1.77118718624115,
    -1.7737945318222046,
    -1.7762895822525024,
    -1.7795761823654175,
    -1.7826910018920898,
    -1.7855104207992554,
    -1.7879847288131714,
    -1.7901517152786255,
    -1.7916990518569946,
    -1.7941105365753174,
    -1.797512173652649,
    -1.8008583784103394,
    -1.8042049407958984,
    -1.8064943552017212,
    -1.8081586360931396,
    -1.8097975254058838,
    -1.8113831281661987,
    -1.8119783401489258,
    -1.8127437829971313,
    -1.8145328760147095,
    -1.8164621591567993,
    -1.8180357217788696,
    -1.8194446563720703,
    -1.8206820487976074,
    -1.8219635486602783,
    -1.823150634765625,
    -1.825013518333435,
    -1.8270444869995117,
    -1.8290748596191406,
    -1.830893635749817,
    -1.832710862159729,
    -1.8344930410385132,
    -1.8360791206359863,
    -1.8375720977783203,
    -1.8404616117477417,
    -1.8451495170593262,
    -1.8500365018844604,
    -1.8549237251281738,
    -1.8598304986953735,
    -1.8647515773773193,
    -1.8697683811187744
  ]
}