{
  "arm": 66,
  "p": 0.706,
  "q": 0.505,
  "whittle": [
    -1.9326053857803345,
    -1.9285956621170044,
    -1.9240561723709106,
    -1.9195448160171509,
    -1.9145711660385132,
    -1.9092662334442139,
    -1.9036667346954346,
    -1.8992570638656616,
    -1.8964141607284546,
    -1.8937491178512573,
    -1.891405701637268,
    -1.8890146017074585,
    -1.8859955072402954,
    -1.882490873336792,
    -1.8789876699447632,
    -1.8755099773406982,
    -1.8719993829727173,
    -1.8684890270233154,
    -1.864978551864624,
    -1.8617624044418335,
    -1.8579597473144531,
    -1.8534080982208252,
    -1.8475381135940552,
    -1.8432114124298096,
    -1.83920419216156,
    -1.8364259004592896,
    -1.8366072177886963,
    -1.8384493589401245,
    -1.8402528762817383,
    -1.8415303230285645,
    -1.8424456119537354,
    -1.8420261144638062,
    -1.8413734436035156,
    -1.840999722480774,
    -1.8405635356903076,
    -1.840979814529419,
    -1.839742660522461,
    -1.8379814624786377,
    -1.8356157541275024,
    -1.8334239721298218,
    -1.83241605758667,
    -1.8324562311172485,
    -1.8324774503707886,
    -1.831732988357544,
    -1.8305500745773315,
    -1.8298887014389038,
    -1.829227328300476,
    -1.830142855644226,
    -1.8306578397750854,
    -1.8307819366455078,
    -1.8314193487167358,
    -1.832146167755127,
    -1.833483338356018,
    -1.8355275392532349,
    -1.837712287902832,
    -1.8398579359054565,
    -1.8429734706878662,
    -1.846343755722046,
    -1.8490774631500244,
    -1.8516323566436768,
    -1.8543789386749268,
    -1.8567763566970825,
    -1.859107494354248,
    -1.8610889911651611,
    -1.8636325597763062,
    -1.866319179534912,
    -1.868517518043518,
    -1.870194673538208,
    -1.8717267513275146,
    -1.8747849464416504,
    -1.8780574798583984,
    -1.8809902667999268,
    -1.8828002214431763,
    -1.8843958377838135,
    -1.8859516382217407,
    -1.8872458934783936,
    -1.8874789476394653,
    -1.887611746788025,
    -1.8879354000091553,
    -1.8886940479278564,
    -1.8901160955429077,
    -1.8913440704345703,
    -1.8925124406814575,
    -1.8934683799743652,
    -1.8942062854766846,
    -1.8960137367248535,
    -1.8979233503341675,
    -1.8998327255249023,
    -1.9015718698501587,
    -1.90325927734375,
    -1.9049699306488037,
    -1.9066381454467773,
    -1.9082177877426147,
    -1.9104255437850952,
    -1.9141147136688232,
    -1.9186509847640991,
    -1.9235670566558838,
    -1.9284892082214355,
    -1.93343985080719,
    -1.938499927520752
  ]
}