{
  "arm": 74,
  "p": 0.756,
  "q": 0.268,
  "whittle": [
    -1.9855035543441772,
    -1.9814114570617676,
    -1.9766358137130737,
    -1.9723459482192993,
    -1.9676035642623901,
    -1.9625309705734253,
    -1.957489013671875,
    -1.9531488418579102,
    -1.9503453969955444,
    -1.947849154472351,
    -1.945674180984497,
    -1.9436122179031372,
    -1.940598726272583,
    -1.9371625185012817,
    -1.9337718486785889,
    -1.9302592277526855,
    -1.9268274307250977,
    -1.9233953952789307,
    -1.919977068901062,
    -1.9165173768997192,
    -1.9127706289291382,
    -1.9077987670898438,
    -1.9015947580337524,
    -1.8973053693771362,
    -1.8931676149368286,
    -1.8915784358978271,
    -1.891005516052246,
    -1.8925838470458984,
    -1.8946754932403564,
    -1.8960607051849365,
    -1.8968985080718994,
    -1.8969651460647583,
    -1.896009087562561,
    -1.895679235458374,
    -1.895351767539978,
    -1.8956249952316284,
    -1.89474618434906,
    -1.8929299116134644,
    -1.8906922340393066,
    -1.8885608911514282,
    -1.8869256973266602,
    -1.8874825239181519,
    -1.887427568435669,
    -1.8864641189575195,
    -1.8855242729187012,
    -1.8849488496780396,
    -1.885843276977539,
    -1.8873807191848755,
    -1.8879998922348022,
    -1.888278603553772,
    -1.889017939567566,
    -1.889999270439148,
    -1.891585111618042,
    -1.8937044143676758,
    -1.895985722541809,
    -1.89824378490448,
    -1.9016751050949097,
    -1.9051449298858643,
    -1.9077986478805542,
    -1.9104599952697754,
    -1.9132311344146729,
    -1.9155809879302979,
    -1.917567253112793,
    -1.9199877977371216,
    -1.9227944612503052,
    -1.9256083965301514,
    -1.9281069040298462,
    -1.9299768209457397,
    -1.932241678237915,
    -1.9358463287353516,
    -1.9392699003219604,
    -1.9422147274017334,
    -1.9447100162506104,
    -1.946697473526001,
    -1.9483911991119385,
    -1.950010061264038,
    -1.9504382610321045,
    -1.9507205486297607,
    -1.9510362148284912,
    -1.9513481855392456,
    -1.952659249305725,
    -1.9538888931274414,
    -1.9551680088043213,
    -1.9559894800186157,
    -1.9566279649734497,
    -1.9585435390472412,
    -1.9605931043624878,
    -1.962645173072815,
    -1.964587688446045,
    -1.9663739204406738,
    -1.9680061340332031,
    -1.9696584939956665,
    -1.9714477062225342,
    -1.9739699363708496,
    -1.9777296781539917,
    -1.9815202951431274,
    -1.9863815307617188,
    -1.9915122985839844,
    -1.99664306640625,
    -2.0018913745880127
  ]
}