{
  "arm": 39,
  "p": 0.163,
  "q": 0.495,
  "whittle": [
    -1.9249529838562012,
    -1.9210703372955322,
    -1.916554570198059,
    -1.9121140241622925,
    -1.907076358795166,
    -1.9013276100158691,
    -1.895674228668213,
    -1.8910635709762573,
    -1.8882652521133423,
    -1.885528564453125,
    -1.882886528968811,
    -1.8803720474243164,
    -1.8772172927856445,
    -1.8735991716384888,
    -1.8699837923049927,
    -1.8663517236709595,
    -1.8626962900161743,
    -1.8590794801712036,
    -1.8554821014404297,
    -1.8519178628921509,
    -1.8473047018051147,
    -1.841998815536499,
    -1.8355669975280762,
    -1.8307888507843018,
    -1.8265825510025024,
    -1.8226481676101685,
    -1.8213733434677124,
    -1.822056770324707,
    -1.8237870931625366,
    -1.824746012687683,
    -1.8249948024749756,
    -1.8247179985046387,
    -1.824126958847046,
    -1.8237508535385132,
    -1.8233836889266968,
    -1.8228541612625122,
    -1.821335792541504,
    -1.8189373016357422,
    -1.816576600074768,
    -1.8142558336257935,
    -1.8128544092178345,
    -1.8129216432571411,
    -1.812379002571106,
    -1.8114495277404785,
    -1.8097646236419678,
    -1.8090366125106812,
    -1.808308482170105,
    -1.808191180229187,
    -1.8084015846252441,
    -1.8092166185379028,
    -1.809800386428833,
    -1.8104130029678345,
    -1.8111010789871216,
    -1.8129796981811523,
    -1.8151159286499023,
    -1.8181794881820679,
    -1.8215360641479492,
    -1.8249262571334839,
    -1.827465534210205,
    -1.8302350044250488,
    -1.8330516815185547,
    -1.835413932800293,
    -1.8379276990890503,
    -1.840755581855774,
    -1.8437422513961792,
    -1.8462074995040894,
    -1.8482580184936523,
    -1.850098729133606,
    -1.8516207933425903,
    -1.8545416593551636,
    -1.8577815294265747,
    -1.8608587980270386,
    -1.8629734516143799,
    -1.8645418882369995,
    -1.8660991191864014,
    -1.8661983013153076,
    -1.8662210702896118,
    -1.8661930561065674,
    -1.8667222261428833,
    -1.8684369325637817,
    -1.869747519493103,
    -1.8710561990737915,
    -1.8723218441009521,
    -1.8732879161834717,
    -1.8740332126617432,
    -1.8757562637329102,
    -1.8777124881744385,
    -1.8796693086624146,
    -1.8815797567367554,
    -1.8833235502243042,
    -1.8849422931671143,
    -1.8864368200302124,
    -1.8878583908081055,
    -1.8903510570526123,
    -1.8941420316696167,
    -1.8988683223724365,
    -1.903748631477356,
    -1.9086288213729858,
    -1.9135092496871948,
    -1.9184948205947876
  ]
}