{
  "arm": 55,
  "p": 0.188,
  "q": 0.653,
  "whittle": [
    -1.9398832321166992,
    -1.9360034465789795,
    -1.9315985441207886,
    -1.9269274473190308,
    -1.9218831062316895,
    -1.9160853624343872,
    -1.9104444980621338,
    -1.9048089981079102,
    -1.9018151760101318,
    -1.8991010189056396,
    -1.8966513872146606,
    -1.8941733837127686,
    -1.8910870552062988,
    -1.887534499168396,
    -1.883974313735962,
    -1.8803541660308838,
    -1.8767650127410889,
    -1.873207449913025,
    -1.8696855306625366,
    -1.8661750555038452,
    -1.8614487648010254,
    -1.856362223625183,
    -1.8499141931533813,
    -1.8454101085662842,
    -1.841164469718933,
    -1.8376576900482178,
    -1.836622953414917,
    -1.8375470638275146,
    -1.8392276763916016,
    -1.8403067588806152,
    -1.8406659364700317,
    -1.8400195837020874,
    -1.8394925594329834,
    -1.8391181230545044,
    -1.8388389348983765,
    -1.8386026620864868,
    -1.8371330499649048,
    -1.8349379301071167,
    -1.8325779438018799,
    -1.8305730819702148,
    -1.8293107748031616,
    -1.8293044567108154,
    -1.8289560079574585,
    -1.8279868364334106,
    -1.8262672424316406,
    -1.8256068229675293,
    -1.825028419494629,
    -1.8258960247039795,
    -1.826643466949463,
    -1.8277183771133423,
    -1.828405737876892,
    -1.8291361331939697,
    -1.8302314281463623,
    -1.8323802947998047,
    -1.8349711894989014,
    -1.83829927444458,
    -1.8417681455612183,
    -1.8452914953231812,
    -1.8481035232543945,
    -1.8509280681610107,
    -1.853823184967041,
    -1.8563075065612793,
    -1.8595178127288818,
    -1.8626012802124023,
    -1.8656896352767944,
    -1.8684024810791016,
    -1.8705720901489258,
    -1.8724819421768188,
    -1.8745685815811157,
    -1.878017783164978,
    -1.8813787698745728,
    -1.8848206996917725,
    -1.8873010873794556,
    -1.8891549110412598,
    -1.8907884359359741,
    -1.8917851448059082,
    -1.8919365406036377,
    -1.891937017440796,
    -1.8929760456085205,
    -1.8948322534561157,
    -1.8962936401367188,
    -1.8976589441299438,
    -1.8988662958145142,
    -1.900028109550476,
    -1.9010628461837769,
    -1.9028611183166504,
    -1.904852032661438,
    -1.9068959951400757,
    -1.908829927444458,
    -1.9106853008270264,
    -1.9124239683151245,
    -1.9140619039535522,
    -1.9157383441925049,
    -1.918134331703186,
    -1.921676754951477,
    -1.9264684915542603,
    -1.9314697980880737,
    -1.936470866203308,
    -1.9414857625961304,
    -1.9466075897216797
  ]
}