{
  "arm": 14,
  "p": 0.85,
  "q": 0.307,
  "whittle": [
    -2.0291683673858643,
    -2.0251307487487793,
    -2.020798921585083,
    -2.0166029930114746,
    -2.012105703353882,
    -2.007094621658325,
    -2.0026814937591553,
    -1.9984160661697388,
    -1.9956969022750854,
    -1.9932119846343994,
    -1.9910955429077148,
    -1.9890518188476562,
    -1.986657977104187,
    -1.9832643270492554,
    -1.9799089431762695,
    -1.9764964580535889,
    -1.9731003046035767,
    -1.9697037935256958,
    -1.9663074016571045,
    -1.9628615379333496,
    -1.95905339717865,
    -1.9540306329727173,
    -1.9483965635299683,
    -1.9437114000320435,
    -1.939560055732727,
    -1.9377785921096802,
    -1.9368300437927246,
    -1.9375971555709839,
    -1.9395408630371094,
    -1.9408811330795288,
    -1.9417479038238525,
    -1.9418963193893433,
    -1.9413508176803589,
    -1.9409654140472412,
    -1.9405148029327393,
    -1.9406630992889404,
    -1.9396142959594727,
    -1.9377963542938232,
    -1.9354770183563232,
    -1.9332717657089233,
    -1.9311093091964722,
    -1.9313727617263794,
    -1.9308167695999146,
    -1.9297714233398438,
    -1.9289602041244507,
    -1.928322434425354,
    -1.9281775951385498,
    -1.9297285079956055,
    -1.930153489112854,
    -1.9297949075698853,
    -1.9297947883605957,
    -1.930665135383606,
    -1.9320805072784424,
    -1.934100866317749,
    -1.936292290687561,
    -1.9384249448776245,
    -1.9405968189239502,
    -1.9428917169570923,
    -1.945365071296692,
    -1.9478932619094849,
    -1.9507256746292114,
    -1.953245997428894,
    -1.9552310705184937,
    -1.9572254419326782,
    -1.9593206644058228,
    -1.9617791175842285,
    -1.9642032384872437,
    -1.9660634994506836,
    -1.967604398727417,
    -1.9703669548034668,
    -1.9736751317977905,
    -1.9765050411224365,
    -1.978403091430664,
    -1.9799907207489014,
    -1.9814412593841553,
    -1.9816269874572754,
    -1.9820606708526611,
    -1.9821285009384155,
    -1.982237696647644,
    -1.9823095798492432,
    -1.9818602800369263,
    -1.9826385974884033,
    -1.9837738275527954,
    -1.9844766855239868,
    -1.9849896430969238,
    -1.9868329763412476,
    -1.988781452178955,
    -1.9907304048538208,
    -1.9926652908325195,
    -1.9943556785583496,
    -1.9959231615066528,
    -1.9974520206451416,
    -1.9991604089736938,
    -2.001662254333496,
    -2.005476951599121,
    -2.009169101715088,
    -2.0130043029785156,
    -2.0179004669189453,
    -2.0229599475860596,
    -2.0281596183776855
  ]
}