{
  "arm": 7,
  "p": 0.15,
  "q": 0.811,
  "whittle": [
    -1.828463077545166,
    -1.8243911266326904,
    -1.8199758529663086,
    -1.8148880004882812,
    -1.8094905614852905,
    -1.8034623861312866,
    -1.7976925373077393,
    -1.7918323278427124,
    -1.7888755798339844,
    -1.785967230796814,
    -1.7830435037612915,
    -1.780398964881897,
    -1.7768299579620361,
    -1.7731034755706787,
    -1.7693952322006226,
    -1.7657192945480347,
    -1.7619942426681519,
    -1.758283019065857,
    -1.7546193599700928,
    -1.751083254814148,
    -1.7461967468261719,
    -1.7410434484481812,
    -1.7349413633346558,
    -1.7303194999694824,
    -1.726253628730774,
    -1.7225425243377686,
    -1.722161889076233,
    -1.7242525815963745,
    -1.7255783081054688,
    -1.7267820835113525,
    -1.7270636558532715,
    -1.7269599437713623,
    -1.7266221046447754,
    -1.7261871099472046,
    -1.7258121967315674,
    -1.725541353225708,
    -1.7240699529647827,
    -1.7218891382217407,
    -1.7194421291351318,
    -1.7177685499191284,
    -1.7176910638809204,
    -1.717638611793518,
    -1.7180300951004028,
    -1.7172483205795288,
    -1.715488076210022,
    -1.7146600484848022,
    -1.7143747806549072,
    -1.7141015529632568,
    -1.715457558631897,
    -1.716514229774475,
    -1.7171740531921387,
    -1.7178802490234375,
    -1.7188383340835571,
    -1.7208558320999146,
    -1.7240408658981323,
    -1.7272299528121948,
    -1.7305656671524048,
    -1.7339903116226196,
    -1.7368394136428833,
    -1.7395656108856201,
    -1.741956353187561,
    -1.7443406581878662,
    -1.7476811408996582,
    -1.750653862953186,
    -1.7534830570220947,
    -1.75571608543396,
    -1.7577605247497559,
    -1.7592236995697021,
    -1.7607018947601318,
    -1.7639762163162231,
    -1.767207384109497,
    -1.7704386711120605,
    -1.772181749343872,
    -1.7737572193145752,
    -1.7752735614776611,
    -1.776077389717102,
    -1.7761470079421997,
    -1.7776281833648682,
    -1.7792600393295288,
    -1.7808585166931152,
    -1.7822623252868652,
    -1.7837110757827759,
    -1.7851483821868896,
    -1.7863495349884033,
    -1.7875837087631226,
    -1.789333462715149,
    -1.7912527322769165,
    -1.793172001838684,
    -1.7949719429016113,
    -1.7966917753219604,
    -1.7981212139129639,
    -1.7995034456253052,
    -1.8010637760162354,
    -1.8041390180587769,
    -1.8087127208709717,
    -1.8134733438491821,
    -1.8182337284088135,
    -1.8230074644088745,
    -1.8278019428253174,
    -1.8326815366744995
  ]
}