{
  "arm": 96,
  "p": 0.519,
  "q": 0.577,
  "whittle": [
    -1.8730010986328125,
    -1.8690234422683716,
    -1.8645685911178589,
    -1.859861135482788,
    -1.8546820878982544,
    -1.8490716218948364,
    -1.8432447910308838,
    -1.8383911848068237,
    -1.8354114294052124,
    -1.832620620727539,
    -1.8298569917678833,
    -1.8273017406463623,
    -1.8243227005004883,
    -1.8206732273101807,
    -1.8170396089553833,
    -1.813484787940979,
    -1.8098493814468384,
    -1.806213617324829,
    -1.8026371002197266,
    -1.7994736433029175,
    -1.7954866886138916,
    -1.790580153465271,
    -1.7841870784759521,
    -1.7798938751220703,
    -1.7758101224899292,
    -1.772019386291504,
    -1.7704676389694214,
    -1.7720873355865479,
    -1.7737140655517578,
    -1.7747021913528442,
    -1.7753779888153076,
    -1.7747716903686523,
    -1.774055004119873,
    -1.7736083269119263,
    -1.7731633186340332,
    -1.7728248834609985,
    -1.7718509435653687,
    -1.7699216604232788,
    -1.7674795389175415,
    -1.7653706073760986,
    -1.764931321144104,
    -1.7647520303726196,
    -1.764933466911316,
    -1.764365315437317,
    -1.7627832889556885,
    -1.7620625495910645,
    -1.7614283561706543,
    -1.7617628574371338,
    -1.762260913848877,
    -1.7631686925888062,
    -1.7637807130813599,
    -1.76443612575531,
    -1.7655816078186035,
    -1.7676033973693848,
    -1.7698230743408203,
    -1.7730098962783813,
    -1.776258945465088,
    -1.7795900106430054,
    -1.7822973728179932,
    -1.7848114967346191,
    -1.7875646352767944,
    -1.7899080514907837,
    -1.7921302318572998,
    -1.79470956325531,
    -1.7975292205810547,
    -1.8000986576080322,
    -1.8021209239959717,
    -1.8037221431732178,
    -1.8051692247390747,
    -1.808158278465271,
    -1.8113569021224976,
    -1.8141244649887085,
    -1.8156131505966187,
    -1.8171494007110596,
    -1.8186613321304321,
    -1.8191156387329102,
    -1.8190964460372925,
    -1.8189976215362549,
    -1.819546103477478,
    -1.8211709260940552,
    -1.8226065635681152,
    -1.8239047527313232,
    -1.8250794410705566,
    -1.82606840133667,
    -1.8268178701400757,
    -1.828555941581726,
    -1.8304460048675537,
    -1.832335352897644,
    -1.8340836763381958,
    -1.835755705833435,
    -1.8374073505401611,
    -1.8388181924819946,
    -1.8401801586151123,
    -1.8424237966537476,
    -1.8467941284179688,
    -1.851459264755249,
    -1.8562308549880981,
    -1.8610084056854248,
    -1.8658143281936646,
    -1.8707178831100464
  ]
}