{
  "arm": 16,
  "p": 0.525,
  "q": 0.841,
  "whittle": [
    -1.8687185049057007,
    -1.8646034002304077,
    -1.860239028930664,
    -1.855129599571228,
    -1.8499329090118408,
    -1.8442306518554688,
    -1.8384102582931519,
    -1.8331036567687988,
    -1.8300812244415283,
    -1.8273359537124634,
    -1.8247839212417603,
    -1.8222718238830566,
    -1.819219708442688,
    -1.8156384229660034,
    -1.8120592832565308,
    -1.8085483312606812,
    -1.804966688156128,
    -1.8013851642608643,
    -1.7978148460388184,
    -1.7946617603302002,
    -1.7907432317733765,
    -1.7856827974319458,
    -1.7797534465789795,
    -1.7751924991607666,
    -1.7711504697799683,
    -1.7675154209136963,
    -1.7678539752960205,
    -1.7700709104537964,
    -1.7716206312179565,
    -1.7727538347244263,
    -1.773624062538147,
    -1.7730423212051392,
    -1.772478461265564,
    -1.772146224975586,
    -1.7717043161392212,
    -1.7713242769241333,
    -1.770344853401184,
    -1.7686430215835571,
    -1.766256332397461,
    -1.764445185661316,
    -1.7639867067337036,
    -1.7638962268829346,
    -1.764265537261963,
    -1.7634657621383667,
    -1.761775016784668,
    -1.7610865831375122,
    -1.7608256340026855,
    -1.7615755796432495,
    -1.7624213695526123,
    -1.7636425495147705,
    -1.7643734216690063,
    -1.7651671171188354,
    -1.7665120363235474,
    -1.7684482336044312,
    -1.7712440490722656,
    -1.7745745182037354,
    -1.7779512405395508,
    -1.7814494371414185,
    -1.7845412492752075,
    -1.7872015237808228,
    -1.7898917198181152,
    -1.792381763458252,
    -1.795549988746643,
    -1.79868483543396,
    -1.8015762567520142,
    -1.8041638135910034,
    -1.806328535079956,
    -1.8078795671463013,
    -1.809802770614624,
    -1.8131924867630005,
    -1.8165452480316162,
    -1.8198978900909424,
    -1.8224388360977173,
    -1.824396014213562,
    -1.82603919506073,
    -1.827650547027588,
    -1.8286449909210205,
    -1.8290456533432007,
    -1.8309694528579712,
    -1.8329445123672485,
    -1.834567904472351,
    -1.8360129594802856,
    -1.8372502326965332,
    -1.8385396003723145,
    -1.8397974967956543,
    -1.8416916131973267,
    -1.8437424898147583,
    -1.8457940816879272,
    -1.847657322883606,
    -1.8494975566864014,
    -1.8513633012771606,
    -1.8530584573745728,
    -1.8545759916305542,
    -1.857120156288147,
    -1.861742377281189,
    -1.8666661977767944,
    -1.8715895414352417,
    -1.876522421836853,
    -1.881480097770691,
    -1.886545181274414
  ]
}