{
  "arm": 95,
  "p": 0.119,
  "q": 0.311,
  "whittle": [
    -1.9781782627105713,
    -1.9739333391189575,
    -1.969396948814392,
    -1.9650394916534424,
    -1.9602560997009277,
    -1.954970359802246,
    -1.950753927230835,
    -1.9473415613174438,
    -1.9449602365493774,
    -1.9426990747451782,
    -1.9406955242156982,
    -1.938724160194397,
    -1.9356061220169067,
    -1.932360053062439,
    -1.9290876388549805,
    -1.9257018566131592,
    -1.9224077463150024,
    -1.9191588163375854,
    -1.9159449338912964,
    -1.9125615358352661,
    -1.9087622165679932,
    -1.9047715663909912,
    -1.8996078968048096,
    -1.8953142166137695,
    -1.8926297426223755,
    -1.8926643133163452,
    -1.8929377794265747,
    -1.8948267698287964,
    -1.8972156047821045,
    -1.8987923860549927,
    -1.8993760347366333,
    -1.9003100395202637,
    -1.9003459215164185,
    -1.9003798961639404,
    -1.8999086618423462,
    -1.9003709554672241,
    -1.8995044231414795,
    -1.8972413539886475,
    -1.8952107429504395,
    -1.8931101560592651,
    -1.892980694770813,
    -1.8932900428771973,
    -1.893174409866333,
    -1.8918710947036743,
    -1.89063560962677,
    -1.8901983499526978,
    -1.8912664651870728,
    -1.892321228981018,
    -1.8928613662719727,
    -1.8940393924713135,
    -1.894897222518921,
    -1.895748257637024,
    -1.8968585729599,
    -1.8987640142440796,
    -1.9011926651000977,
    -1.9040961265563965,
    -1.9077509641647339,
    -1.9113136529922485,
    -1.9141250848770142,
    -1.9172745943069458,
    -1.920127511024475,
    -1.9227877855300903,
    -1.9256279468536377,
    -1.9288760423660278,
    -1.931832194328308,
    -1.93464994430542,
    -1.9369916915893555,
    -1.938959002494812,
    -1.9422173500061035,
    -1.9459326267242432,
    -1.9494729042053223,
    -1.9528663158416748,
    -1.955474853515625,
    -1.957326054573059,
    -1.958734393119812,
    -1.959100604057312,
    -1.9594664573669434,
    -1.9598439931869507,
    -1.9604007005691528,
    -1.9616469144821167,
    -1.9632264375686646,
    -1.9646190404891968,
    -1.9659926891326904,
    -1.9671202898025513,
    -1.9679478406906128,
    -1.9698691368103027,
    -1.9720487594604492,
    -1.9742282629013062,
    -1.9763765335083008,
    -1.978285312652588,
    -1.9800677299499512,
    -1.9818356037139893,
    -1.9837045669555664,
    -1.987143635749817,
    -1.9911854267120361,
    -1.9957242012023926,
    -2.0009469985961914,
    -2.0061702728271484,
    -2.0114176273345947,
    -2.0167503356933594
  ]
}