{
  "arm": 88,
  "p": 0.581,
  "q": 0.814,
  "whittle": [
    -1.9132006168365479,
    -1.909191370010376,
    -1.9048748016357422,
    -1.9001702070236206,
    -1.8949179649353027,
    -1.8892011642456055,
    -1.8833024501800537,
    -1.8774625062942505,
    -1.8741084337234497,
    -1.8713035583496094,
    -1.8684971332550049,
    -1.865935206413269,
    -1.8630101680755615,
    -1.859365463256836,
    -1.8557077646255493,
    -1.8521127700805664,
    -1.848453402519226,
    -1.8447941541671753,
    -1.841134786605835,
    -1.8377820253372192,
    -1.8337645530700684,
    -1.8286778926849365,
    -1.822208046913147,
    -1.8177857398986816,
    -1.813572883605957,
    -1.8097038269042969,
    -1.8077870607376099,
    -1.80912184715271,
    -1.8106565475463867,
    -1.8115702867507935,
    -1.8122894763946533,
    -1.811505675315857,
    -1.8108632564544678,
    -1.8103817701339722,
    -1.8097914457321167,
    -1.8092153072357178,
    -1.8078703880310059,
    -1.806039571762085,
    -1.8035045862197876,
    -1.8013298511505127,
    -1.8000551462173462,
    -1.7998002767562866,
    -1.7998974323272705,
    -1.7992901802062988,
    -1.797512173652649,
    -1.7967283725738525,
    -1.7959424257278442,
    -1.7954665422439575,
    -1.7958314418792725,
    -1.7962855100631714,
    -1.7968230247497559,
    -1.797426462173462,
    -1.7986993789672852,
    -1.8006752729415894,
    -1.802749752998352,
    -1.804959774017334,
    -1.8081417083740234,
    -1.811415433883667,
    -1.814287781715393,
    -1.8167450428009033,
    -1.8194481134414673,
    -1.8217421770095825,
    -1.8238892555236816,
    -1.8257908821105957,
    -1.8284951448440552,
    -1.8310376405715942,
    -1.8330175876617432,
    -1.8345086574554443,
    -1.8358957767486572,
    -1.8382155895233154,
    -1.8413876295089722,
    -1.844559669494629,
    -1.8461309671401978,
    -1.847605586051941,
    -1.8490537405014038,
    -1.8496239185333252,
    -1.8495789766311646,
    -1.849408745765686,
    -1.8499759435653687,
    -1.851733684539795,
    -1.8531413078308105,
    -1.8544509410858154,
    -1.8556064367294312,
    -1.8566787242889404,
    -1.8577067852020264,
    -1.85950767993927,
    -1.861396312713623,
    -1.8632851839065552,
    -1.8650972843170166,
    -1.8667845726013184,
    -1.868497371673584,
    -1.8700321912765503,
    -1.8714022636413574,
    -1.8731086254119873,
    -1.8773754835128784,
    -1.8820617198944092,
    -1.886866569519043,
    -1.8916712999343872,
    -1.896493911743164,
    -1.9014413356781006
  ]
}