{
  "arm": 41,
  "p": 0.363,
  "q": 0.317,
  "whittle": [
    -1.9811943769454956,
    -1.97706937789917,
    -1.9724533557891846,
    -1.9681845903396606,
    -1.963302493095398,
    -1.95803964138031,
    -1.9529916048049927,
    -1.9489156007766724,
    -1.9464178085327148,
    -1.9440011978149414,
    -1.9418864250183105,
    -1.939774513244629,
    -1.9364913702011108,
    -1.9331337213516235,
    -1.9297807216644287,
    -1.926296591758728,
    -1.9229214191436768,
    -1.9195622205734253,
    -1.916236162185669,
    -1.912841796875,
    -1.9087939262390137,
    -1.9043011665344238,
    -1.8984166383743286,
    -1.8940199613571167,
    -1.890220046043396,
    -1.8893423080444336,
    -1.8894184827804565,
    -1.8912525177001953,
    -1.8934043645858765,
    -1.894993782043457,
    -1.8957675695419312,
    -1.8962804079055786,
    -1.8966937065124512,
    -1.89657723903656,
    -1.8963440656661987,
    -1.8967875242233276,
    -1.8962541818618774,
    -1.8942351341247559,
    -1.8921356201171875,
    -1.8900450468063354,
    -1.8899303674697876,
    -1.8903707265853882,
    -1.8904930353164673,
    -1.8897919654846191,
    -1.8887382745742798,
    -1.888269066810608,
    -1.888819932937622,
    -1.8899891376495361,
    -1.8904526233673096,
    -1.8913347721099854,
    -1.8921594619750977,
    -1.8930226564407349,
    -1.8943254947662354,
    -1.8963919878005981,
    -1.898779034614563,
    -1.901134967803955,
    -1.9047104120254517,
    -1.9082698822021484,
    -1.9110345840454102,
    -1.9139482975006104,
    -1.916755199432373,
    -1.919374942779541,
    -1.9218885898590088,
    -1.924635410308838,
    -1.9275977611541748,
    -1.9305098056793213,
    -1.9328246116638184,
    -1.9347892999649048,
    -1.9378695487976074,
    -1.9415552616119385,
    -1.945050835609436,
    -1.9483065605163574,
    -1.9505566358566284,
    -1.9523630142211914,
    -1.9541479349136353,
    -1.9548379182815552,
    -1.955159068107605,
    -1.955533504486084,
    -1.9560160636901855,
    -1.9569106101989746,
    -1.9584720134735107,
    -1.9597530364990234,
    -1.9611220359802246,
    -1.9621341228485107,
    -1.962917685508728,
    -1.9648497104644775,
    -1.9669852256774902,
    -1.969120740890503,
    -1.9711443185806274,
    -1.9730111360549927,
    -1.974724292755127,
    -1.9764565229415894,
    -1.9783248901367188,
    -1.9812395572662354,
    -1.9850996732711792,
    -1.9892525672912598,
    -1.994430661201477,
    -1.999609112739563,
    -2.0048205852508545,
    -2.0101218223571777
  ]
}