{
  "arm": 91,
  "p": 0.281,
  "q": 0.666,
  "whittle": [
    -1.8553389310836792,
    -1.8513076305389404,
    -1.8468605279922485,
    -1.8422647714614868,
    -1.8370153903961182,
    -1.8311563730239868,
    -1.825359582901001,
    -1.820499062538147,
    -1.817681074142456,
    -1.8148221969604492,
    -1.8119271993637085,
    -1.8093353509902954,
    -1.8061902523040771,
    -1.802497386932373,
    -1.7988126277923584,
    -1.7951815128326416,
    -1.7914950847625732,
    -1.7878092527389526,
    -1.7841252088546753,
    -1.7808388471603394,
    -1.7767183780670166,
    -1.7714625597000122,
    -1.764986276626587,
    -1.7604402303695679,
    -1.7562925815582275,
    -1.7524205446243286,
    -1.7499911785125732,
    -1.7517356872558594,
    -1.753201961517334,
    -1.754103183746338,
    -1.7543684244155884,
    -1.7535971403121948,
    -1.7528142929077148,
    -1.7523387670516968,
    -1.7519099712371826,
    -1.7515766620635986,
    -1.7499648332595825,
    -1.7477750778198242,
    -1.7452713251113892,
    -1.7431780099868774,
    -1.742221713066101,
    -1.7419562339782715,
    -1.7421252727508545,
    -1.7411736249923706,
    -1.739353895187378,
    -1.7385828495025635,
    -1.7381254434585571,
    -1.7374101877212524,
    -1.7377821207046509,
    -1.7387524843215942,
    -1.7393271923065186,
    -1.739943504333496,
    -1.740784764289856,
    -1.742560863494873,
    -1.7450058460235596,
    -1.7481625080108643,
    -1.751412272453308,
    -1.7547438144683838,
    -1.7574204206466675,
    -1.7600140571594238,
    -1.7627259492874146,
    -1.7650394439697266,
    -1.767853021621704,
    -1.7706613540649414,
    -1.7735267877578735,
    -1.775917887687683,
    -1.7779144048690796,
    -1.7795218229293823,
    -1.7809224128723145,
    -1.7834209203720093,
    -1.7865980863571167,
    -1.7897748947143555,
    -1.7914990186691284,
    -1.7930220365524292,
    -1.794458270072937,
    -1.7958730459213257,
    -1.7959874868392944,
    -1.796217918395996,
    -1.7978042364120483,
    -1.799533724784851,
    -1.8008947372436523,
    -1.8021780252456665,
    -1.8034874200820923,
    -1.8046011924743652,
    -1.8055442571640015,
    -1.8072597980499268,
    -1.8091418743133545,
    -1.8110233545303345,
    -1.8127801418304443,
    -1.8144422769546509,
    -1.8159265518188477,
    -1.8172777891159058,
    -1.8186287879943848,
    -1.82145357131958,
    -1.8259371519088745,
    -1.8306846618652344,
    -1.8354320526123047,
    -1.8401793241500854,
    -1.8449268341064453,
    -1.849791169166565
  ]
}