{
  "arm": 35,
  "p": 0.213,
  "q": 0.14,
  "whittle": [
    -1.9852441549301147,
    -1.9811522960662842,
    -1.9767224788665771,
    -1.9724349975585938,
    -1.9676222801208496,
    -1.9623117446899414,
    -1.9576948881149292,
    -1.9535834789276123,
    -1.9512362480163574,
    -1.9486863613128662,
    -1.9464936256408691,
    -1.944260835647583,
    -1.9408777952194214,
    -1.9373995065689087,
    -1.9339561462402344,
    -1.9303545951843262,
    -1.9268306493759155,
    -1.9233624935150146,
    -1.9199252128601074,
    -1.91631281375885,
    -1.9121017456054688,
    -1.9069339036941528,
    -1.9006119966506958,
    -1.8961046934127808,
    -1.8919857740402222,
    -1.890729546546936,
    -1.890156626701355,
    -1.8912057876586914,
    -1.893119215965271,
    -1.8941755294799805,
    -1.8947031497955322,
    -1.8948285579681396,
    -1.8945286273956299,
    -1.894343376159668,
    -1.8936076164245605,
    -1.893381118774414,
    -1.8928003311157227,
    -1.8903536796569824,
    -1.8881118297576904,
    -1.8858554363250732,
    -1.8841832876205444,
    -1.8844643831253052,
    -1.8840060234069824,
    -1.8829909563064575,
    -1.8817328214645386,
    -1.881105661392212,
    -1.8807249069213867,
    -1.8815308809280396,
    -1.8818291425704956,
    -1.88230299949646,
    -1.8829405307769775,
    -1.8835872411727905,
    -1.8844404220581055,
    -1.886141061782837,
    -1.8883737325668335,
    -1.890581488609314,
    -1.8939342498779297,
    -1.8971192836761475,
    -1.8997248411178589,
    -1.902649164199829,
    -1.9054498672485352,
    -1.9079099893569946,
    -1.9104479551315308,
    -1.9133055210113525,
    -1.9162425994873047,
    -1.919006109237671,
    -1.9211859703063965,
    -1.9231879711151123,
    -1.9254016876220703,
    -1.9289559125900269,
    -1.9323298931121826,
    -1.9352151155471802,
    -1.9376014471054077,
    -1.9392644166946411,
    -1.9408972263336182,
    -1.9410088062286377,
    -1.9411872625350952,
    -1.9415546655654907,
    -1.9418232440948486,
    -1.9421762228012085,
    -1.9435651302337646,
    -1.9448468685150146,
    -1.9459775686264038,
    -1.9467964172363281,
    -1.947376012802124,
    -1.9490300416946411,
    -1.9510276317596436,
    -1.953029990196228,
    -1.9549952745437622,
    -1.9567335844039917,
    -1.9583990573883057,
    -1.959999442100525,
    -1.9616585969924927,
    -1.9646292924880981,
    -1.9683319330215454,
    -1.9720475673675537,
    -1.9769575595855713,
    -1.9820082187652588,
    -1.9870588779449463,
    -1.9922078847885132
  ]
}