{
  "arm": 86,
  "p": 0.831,
  "q": 0.281,
  "whittle": [
    -1.8509889841079712,
    -1.8469525575637817,
    -1.8421292304992676,
    -1.83749520778656,
    -1.832482099533081,
    -1.8272582292556763,
    -1.8223936557769775,
    -1.817910075187683,
    -1.81526780128479,
    -1.8125349283218384,
    -1.8101060390472412,
    -1.8076717853546143,
    -1.8046132326126099,
    -1.8010084629058838,
    -1.7974967956542969,
    -1.7940082550048828,
    -1.790436863899231,
    -1.7868655920028687,
    -1.7835153341293335,
    -1.780333399772644,
    -1.77678644657135,
    -1.7717422246932983,
    -1.765933871269226,
    -1.7617592811584473,
    -1.757934331893921,
    -1.7545123100280762,
    -1.7551872730255127,
    -1.7572741508483887,
    -1.7590643167495728,
    -1.7602652311325073,
    -1.7609866857528687,
    -1.7596290111541748,
    -1.7586510181427002,
    -1.758314847946167,
    -1.7579621076583862,
    -1.7582030296325684,
    -1.757707118988037,
    -1.7559319734573364,
    -1.7537016868591309,
    -1.7515690326690674,
    -1.7515331506729126,
    -1.7518473863601685,
    -1.751944661140442,
    -1.7513556480407715,
    -1.7502989768981934,
    -1.7496657371520996,
    -1.749401569366455,
    -1.7508394718170166,
    -1.7514169216156006,
    -1.7524396181106567,
    -1.7531794309616089,
    -1.7539699077606201,
    -1.7552921772003174,
    -1.7573695182800293,
    -1.7604060173034668,
    -1.7637481689453125,
    -1.7671045064926147,
    -1.7705583572387695,
    -1.7732540369033813,
    -1.7759218215942383,
    -1.77863609790802,
    -1.7811304330825806,
    -1.7842248678207397,
    -1.7871581315994263,
    -1.789812684059143,
    -1.7925735712051392,
    -1.7950679063796997,
    -1.7968610525131226,
    -1.799450397491455,
    -1.8029958009719849,
    -1.8063690662384033,
    -1.8091050386428833,
    -1.811557650566101,
    -1.8133476972579956,
    -1.8150107860565186,
    -1.8166016340255737,
    -1.8176531791687012,
    -1.8179125785827637,
    -1.8191239833831787,
    -1.820739984512329,
    -1.8223650455474854,
    -1.8237606287002563,
    -1.825044870376587,
    -1.8258858919143677,
    -1.8265756368637085,
    -1.8284316062927246,
    -1.830396294593811,
    -1.8323400020599365,
    -1.8341009616851807,
    -1.8359142541885376,
    -1.8377307653427124,
    -1.8393394947052002,
    -1.8408602476119995,
    -1.8436667919158936,
    -1.8481597900390625,
    -1.8529151678085327,
    -1.8578104972839355,
    -1.862733006477356,
    -1.8676624298095703,
    -1.872707724571228
  ]
}