{
  "arm": 64,
  "p": 0.506,
  "q": 0.683,
  "whittle": [
    -1.9572736024856567,
    -1.9533154964447021,
    -1.9486881494522095,
    -1.9438350200653076,
    -1.938868761062622,
    -1.9332561492919922,
    -1.9274858236312866,
    -1.9221289157867432,
    -1.9187666177749634,
    -1.9160453081130981,
    -1.9137041568756104,
    -1.9113397598266602,
    -1.908281922340393,
    -1.9047412872314453,
    -1.901183843612671,
    -1.8976062536239624,
    -1.8940531015396118,
    -1.8905001878738403,
    -1.886979103088379,
    -1.883470892906189,
    -1.878698468208313,
    -1.873335361480713,
    -1.8669447898864746,
    -1.8622430562973022,
    -1.8579597473144531,
    -1.854400634765625,
    -1.8533689975738525,
    -1.8544158935546875,
    -1.8561943769454956,
    -1.8572463989257812,
    -1.8579344749450684,
    -1.8568989038467407,
    -1.856541395187378,
    -1.856204867362976,
    -1.855808973312378,
    -1.855625867843628,
    -1.8542042970657349,
    -1.8524028062820435,
    -1.8500030040740967,
    -1.8480502367019653,
    -1.8466979265213013,
    -1.8466877937316895,
    -1.846522331237793,
    -1.8453491926193237,
    -1.8437352180480957,
    -1.8431286811828613,
    -1.8436826467514038,
    -1.845238447189331,
    -1.8458659648895264,
    -1.847051739692688,
    -1.8477675914764404,
    -1.8487334251403809,
    -1.850289225578308,
    -1.8524549007415771,
    -1.854761004447937,
    -1.8581308126449585,
    -1.8615933656692505,
    -1.8651373386383057,
    -1.8681215047836304,
    -1.8708014488220215,
    -1.8737208843231201,
    -1.876248836517334,
    -1.8791531324386597,
    -1.8820918798446655,
    -1.8850946426391602,
    -1.8880813121795654,
    -1.8902945518493652,
    -1.8920103311538696,
    -1.8936400413513184,
    -1.8968713283538818,
    -1.9002771377563477,
    -1.903698444366455,
    -1.9062081575393677,
    -1.9087644815444946,
    -1.910927653312683,
    -1.9126086235046387,
    -1.914011001586914,
    -1.9141254425048828,
    -1.9149445295333862,
    -1.916916847229004,
    -1.918560266494751,
    -1.9199110269546509,
    -1.9211409091949463,
    -1.9224070310592651,
    -1.9234514236450195,
    -1.9253816604614258,
    -1.9274295568466187,
    -1.9294885396957397,
    -1.9314366579055786,
    -1.9333348274230957,
    -1.9351422786712646,
    -1.9369170665740967,
    -1.9387078285217285,
    -1.9407464265823364,
    -1.9441992044448853,
    -1.9488589763641357,
    -1.9539309740066528,
    -1.9590126276016235,
    -1.964119791984558,
    -1.9693315029144287
  ]
}