{
  "arm": 61,
  "p": 0.488,
  "q": 0.831,
  "whittle": [
    -1.8598871231079102,
    -1.8558509349822998,
    -1.851456642150879,
    -1.8465664386749268,
    -1.8412909507751465,
    -1.8354911804199219,
    -1.8296072483062744,
    -1.8241868019104004,
    -1.821094036102295,
    -1.8182711601257324,
    -1.8154246807098389,
    -1.812837839126587,
    -1.809746265411377,
    -1.8060698509216309,
    -1.8024013042449951,
    -1.7988066673278809,
    -1.7951343059539795,
    -1.7914624214172363,
    -1.7878856658935547,
    -1.7846968173980713,
    -1.78061842918396,
    -1.775437831878662,
    -1.7690138816833496,
    -1.7646663188934326,
    -1.7605431079864502,
    -1.7567448616027832,
    -1.7547862529754639,
    -1.756653070449829,
    -1.7580711841583252,
    -1.7589967250823975,
    -1.7595934867858887,
    -1.7583670616149902,
    -1.757568120956421,
    -1.7571239471435547,
    -1.756570816040039,
    -1.7561163902282715,
    -1.7549071311950684,
    -1.7530627250671387,
    -1.7505440711975098,
    -1.748558759689331,
    -1.7476584911346436,
    -1.7474586963653564,
    -1.747756004333496,
    -1.7469329833984375,
    -1.74513578414917,
    -1.7443327903747559,
    -1.7438781261444092,
    -1.744210958480835,
    -1.7448244094848633,
    -1.745915174484253,
    -1.7465248107910156,
    -1.7471935749053955,
    -1.748560905456543,
    -1.750589370727539,
    -1.7532744407653809,
    -1.7564644813537598,
    -1.7597196102142334,
    -1.7630600929260254,
    -1.765989065170288,
    -1.7685091495513916,
    -1.7712430953979492,
    -1.773589849472046,
    -1.776259183883667,
    -1.779003381729126,
    -1.7817680835723877,
    -1.7842676639556885,
    -1.7862839698791504,
    -1.7877779006958008,
    -1.7891957759857178,
    -1.7914378643035889,
    -1.7946410179138184,
    -1.7978439331054688,
    -1.799748182296753,
    -1.8012690544128418,
    -1.8027293682098389,
    -1.8041679859161377,
    -1.8047077655792236,
    -1.8047075271606445,
    -1.8062736988067627,
    -1.8080847263336182,
    -1.8095531463623047,
    -1.810880184173584,
    -1.8120605945587158,
    -1.8132102489471436,
    -1.814361572265625,
    -1.816162347793579,
    -1.8180654048919678,
    -1.8199679851531982,
    -1.8217122554779053,
    -1.8233952522277832,
    -1.825085163116455,
    -1.8264570236206055,
    -1.8278286457061768,
    -1.8301467895507812,
    -1.8345153331756592,
    -1.8392724990844727,
    -1.8440427780151367,
    -1.8488235473632812,
    -1.8536279201507568,
    -1.8585350513458252
  ]
}