{
  "arm": 47,
  "p": 0.138,
  "q": 0.258,
  "whittle": [
    -1.8356934785842896,
    -1.8318183422088623,
    -1.8271756172180176,
    -1.8223291635513306,
    -1.8171026706695557,
    -1.8114242553710938,
    -1.805726408958435,
    -1.8017996549606323,
    -1.7990013360977173,
    -1.7962031364440918,
    -1.7934647798538208,
    -1.790879726409912,
    -1.787395715713501,
    -1.7836734056472778,
    -1.7799811363220215,
    -1.7763540744781494,
    -1.772623896598816,
    -1.768933892250061,
    -1.7652747631072998,
    -1.761643648147583,
    -1.757417917251587,
    -1.7519116401672363,
    -1.7455226182937622,
    -1.7409189939498901,
    -1.7366844415664673,
    -1.7328637838363647,
    -1.73124361038208,
    -1.7329671382904053,
    -1.7346782684326172,
    -1.7354049682617188,
    -1.7357131242752075,
    -1.7343913316726685,
    -1.7333767414093018,
    -1.7331013679504395,
    -1.732778549194336,
    -1.7324851751327515,
    -1.7315658330917358,
    -1.7290620803833008,
    -1.726792335510254,
    -1.7248287200927734,
    -1.724241018295288,
    -1.724434733390808,
    -1.7246323823928833,
    -1.7236135005950928,
    -1.7222100496292114,
    -1.7215827703475952,
    -1.721204161643982,
    -1.7215092182159424,
    -1.7226777076721191,
    -1.7236226797103882,
    -1.7242753505706787,
    -1.7249497175216675,
    -1.7258634567260742,
    -1.7282203435897827,
    -1.7314223051071167,
    -1.7346876859664917,
    -1.7380692958831787,
    -1.7413216829299927,
    -1.743913173675537,
    -1.7468352317810059,
    -1.7493809461593628,
    -1.7526861429214478,
    -1.7560771703720093,
    -1.7592209577560425,
    -1.7621253728866577,
    -1.7647134065628052,
    -1.766804575920105,
    -1.76858389377594,
    -1.7709780931472778,
    -1.7744320631027222,
    -1.7776985168457031,
    -1.7805559635162354,
    -1.7828789949417114,
    -1.784516453742981,
    -1.7860831022262573,
    -1.787574291229248,
    -1.7876414060592651,
    -1.7883391380310059,
    -1.7899352312088013,
    -1.7914255857467651,
    -1.7928082942962646,
    -1.7941884994506836,
    -1.7954212427139282,
    -1.7963472604751587,
    -1.7970253229141235,
    -1.798726201057434,
    -1.8006690740585327,
    -1.8026212453842163,
    -1.8044228553771973,
    -1.8061530590057373,
    -1.8075454235076904,
    -1.8088715076446533,
    -1.8102883100509644,
    -1.8135204315185547,
    -1.8179038763046265,
    -1.8227022886276245,
    -1.8275011777877808,
    -1.8322993516921997,
    -1.8371200561523438,
    -1.8420217037200928
  ]
}