{
  "arm": 67,
  "p": 0.206,
  "q": 0.772,
  "whittle": [
    -1.9998799562454224,
    -1.9958834648132324,
    -1.9914366006851196,
    -1.987070918083191,
    -1.9821946620941162,
    -1.9766124486923218,
    -1.9712246656417847,
    -1.9666858911514282,
    -1.9641274213790894,
    -1.9617233276367188,
    -1.9596891403198242,
    -1.9576349258422852,
    -1.9546570777893066,
    -1.9514223337173462,
    -1.9481353759765625,
    -1.9447004795074463,
    -1.9414079189300537,
    -1.9381256103515625,
    -1.9348841905593872,
    -1.931645393371582,
    -1.9274392127990723,
    -1.923081874847412,
    -1.9176490306854248,
    -1.9132726192474365,
    -1.9099222421646118,
    -1.9093017578125,
    -1.90974760055542,
    -1.911729335784912,
    -1.9137266874313354,
    -1.9154928922653198,
    -1.9162559509277344,
    -1.9173918962478638,
    -1.9179444313049316,
    -1.9177545309066772,
    -1.9176437854766846,
    -1.9182109832763672,
    -1.9166890382766724,
    -1.9147597551345825,
    -1.9125021696090698,
    -1.9105730056762695,
    -1.9106534719467163,
    -1.9106606245040894,
    -1.9102898836135864,
    -1.9095861911773682,
    -1.9080299139022827,
    -1.9074249267578125,
    -1.908517599105835,
    -1.9095319509506226,
    -1.9101110696792603,
    -1.911073923110962,
    -1.9118869304656982,
    -1.9126983880996704,
    -1.914075255393982,
    -1.916379690170288,
    -1.9187475442886353,
    -1.9210680723190308,
    -1.9244358539581299,
    -1.9280729293823242,
    -1.9311162233352661,
    -1.933987021446228,
    -1.936828851699829,
    -1.939421534538269,
    -1.941788673400879,
    -1.9439656734466553,
    -1.9470109939575195,
    -1.9495337009429932,
    -1.9518086910247803,
    -1.953605055809021,
    -1.955743670463562,
    -1.959273338317871,
    -1.9627448320388794,
    -1.966415286064148,
    -1.9685505628585815,
    -1.9702931642532349,
    -1.9719072580337524,
    -1.9721964597702026,
    -1.972486138343811,
    -1.9727249145507812,
    -1.9732775688171387,
    -1.9743430614471436,
    -1.9758986234664917,
    -1.977169394493103,
    -1.978463888168335,
    -1.9797768592834473,
    -1.9810298681259155,
    -1.982965350151062,
    -1.9850770235061646,
    -1.9871885776519775,
    -1.9892194271087646,
    -1.9910646677017212,
    -1.9928174018859863,
    -1.9945517778396606,
    -1.9964003562927246,
    -1.998947262763977,
    -2.002889394760132,
    -2.0067825317382812,
    -2.0119540691375732,
    -2.017139196395874,
    -2.0223453044891357,
    -2.0276458263397217
  ]
}