{
  "arm": 46,
  "p": 0.863,
  "q": 0.702,
  "whittle": [
    -1.8488993644714355,
    -1.8449375629425049,
    -1.8405095338821411,
    -1.8353235721588135,
    -1.8301637172698975,
    -1.824599027633667,
    -1.8185691833496094,
    -1.8131864070892334,
    -1.8096379041671753,
    -1.8067492246627808,
    -1.803928256034851,
    -1.8012645244598389,
    -1.7983673810958862,
    -1.7946178913116455,
    -1.790874719619751,
    -1.7873225212097168,
    -1.7835838794708252,
    -1.779845118522644,
    -1.776318073272705,
    -1.7730344533920288,
    -1.7688733339309692,
    -1.7635327577590942,
    -1.7570359706878662,
    -1.7524664402008057,
    -1.748279094696045,
    -1.7444244623184204,
    -1.7417205572128296,
    -1.7434048652648926,
    -1.744842290878296,
    -1.745898962020874,
    -1.746599793434143,
    -1.7449088096618652,
    -1.7436341047286987,
    -1.7431524991989136,
    -1.7425774335861206,
    -1.7418285608291626,
    -1.7409424781799316,
    -1.739341378211975,
    -1.7369494438171387,
    -1.734798550605774,
    -1.7333576679229736,
    -1.7332326173782349,
    -1.7333418130874634,
    -1.7324280738830566,
    -1.7308303117752075,
    -1.730065941810608,
    -1.7294493913650513,
    -1.7300869226455688,
    -1.7307885885238647,
    -1.7320114374160767,
    -1.7326147556304932,
    -1.733323097229004,
    -1.7347477674484253,
    -1.7367608547210693,
    -1.739513874053955,
    -1.7427150011062622,
    -1.7459282875061035,
    -1.7492725849151611,
    -1.752172589302063,
    -1.754705548286438,
    -1.7573330402374268,
    -1.7596899271011353,
    -1.7625749111175537,
    -1.7653299570083618,
    -1.76808500289917,
    -1.7707979679107666,
    -1.7728753089904785,
    -1.77437424659729,
    -1.7758523225784302,
    -1.778759479522705,
    -1.7819770574569702,
    -1.7850539684295654,
    -1.7872638702392578,
    -1.7893376350402832,
    -1.790798306465149,
    -1.792258858680725,
    -1.7936382293701172,
    -1.7937288284301758,
    -1.7952053546905518,
    -1.7969880104064941,
    -1.7984859943389893,
    -1.799964189529419,
    -1.8010963201522827,
    -1.8020645380020142,
    -1.8030890226364136,
    -1.8049495220184326,
    -1.806867003440857,
    -1.8087843656539917,
    -1.8105056285858154,
    -1.8122693300247192,
    -1.8140170574188232,
    -1.8154429197311401,
    -1.8168282508850098,
    -1.8192505836486816,
    -1.8236207962036133,
    -1.8283272981643677,
    -1.8331000804901123,
    -1.8378922939300537,
    -1.8426990509033203,
    -1.8476239442825317
  ]
}