{
  "arm": 44,
  "p": 0.662,
  "q": 0.169,
  "whittle": [
    -1.8998826742172241,
    -1.8956151008605957,
    -1.890806794166565,
    -1.8864883184432983,
    -1.8815923929214478,
    -1.8765438795089722,
    -1.8721307516098022,
    -1.8677887916564941,
    -1.8655081987380981,
    -1.8630703687667847,
    -1.8609020709991455,
    -1.8587526082992554,
    -1.8554952144622803,
    -1.8520691394805908,
    -1.848724603652954,
    -1.8453168869018555,
    -1.8419134616851807,
    -1.8385106325149536,
    -1.8351284265518188,
    -1.8320311307907104,
    -1.828682541847229,
    -1.8237648010253906,
    -1.817937970161438,
    -1.8136866092681885,
    -1.8098057508468628,
    -1.8084429502487183,
    -1.8091063499450684,
    -1.81120765209198,
    -1.8133518695831299,
    -1.814803123474121,
    -1.81568443775177,
    -1.8155192136764526,
    -1.8151135444641113,
    -1.8149524927139282,
    -1.8149373531341553,
    -1.8155114650726318,
    -1.8152049779891968,
    -1.8134430646896362,
    -1.811395525932312,
    -1.8099186420440674,
    -1.8105130195617676,
    -1.8112133741378784,
    -1.8114757537841797,
    -1.8111844062805176,
    -1.810346007347107,
    -1.8098944425582886,
    -1.8111594915390015,
    -1.8130775690078735,
    -1.8137155771255493,
    -1.814995527267456,
    -1.8159009218215942,
    -1.8170493841171265,
    -1.8184798955917358,
    -1.8207073211669922,
    -1.8233088254928589,
    -1.8268264532089233,
    -1.830405831336975,
    -1.8339393138885498,
    -1.836775779724121,
    -1.839612364768982,
    -1.8423839807510376,
    -1.8450589179992676,
    -1.8480656147003174,
    -1.851001501083374,
    -1.8539228439331055,
    -1.8568673133850098,
    -1.8594870567321777,
    -1.8615894317626953,
    -1.8651679754257202,
    -1.8689019680023193,
    -1.8724751472473145,
    -1.875430941581726,
    -1.8780765533447266,
    -1.880210041999817,
    -1.8820582628250122,
    -1.883872628211975,
    -1.885687232017517,
    -1.8861286640167236,
    -1.8868542909622192,
    -1.888614296913147,
    -1.890238881111145,
    -1.8916192054748535,
    -1.8930635452270508,
    -1.8939749002456665,
    -1.8947800397872925,
    -1.8967235088348389,
    -1.898874044418335,
    -1.9010272026062012,
    -1.9029645919799805,
    -1.90483820438385,
    -1.90658438205719,
    -1.9084535837173462,
    -1.9102745056152344,
    -1.9129115343093872,
    -1.9172375202178955,
    -1.922065258026123,
    -1.927193284034729,
    -1.932347059249878,
    -1.9375004768371582,
    -1.9427603483200073
  ]
}