{
  "arm": 28,
  "p": 0.675,
  "q": 0.643,
  "whittle": [
    -1.892351746559143,
    -1.8882384300231934,
    -1.883602499961853,
    -1.8787989616394043,
    -1.87370765209198,
    -1.8682535886764526,
    -1.8624590635299683,
    -1.8576080799102783,
    -1.8545528650283813,
    -1.8518563508987427,
    -1.8494458198547363,
    -1.8469892740249634,
    -1.8437671661376953,
    -1.8402503728866577,
    -1.8367255926132202,
    -1.8332172632217407,
    -1.829692006111145,
    -1.8261672258377075,
    -1.8228274583816528,
    -1.8197933435440063,
    -1.8158955574035645,
    -1.8115125894546509,
    -1.8061939477920532,
    -1.8020398616790771,
    -1.7982492446899414,
    -1.795897364616394,
    -1.7970305681228638,
    -1.7992920875549316,
    -1.800976276397705,
    -1.802552342414856,
    -1.8035330772399902,
    -1.8030141592025757,
    -1.8026131391525269,
    -1.802269697189331,
    -1.801856517791748,
    -1.8024274110794067,
    -1.801317572593689,
    -1.7996821403503418,
    -1.7973383665084839,
    -1.7952063083648682,
    -1.795181393623352,
    -1.7951284646987915,
    -1.7953479290008545,
    -1.795136570930481,
    -1.793705940246582,
    -1.7930854558944702,
    -1.7925670146942139,
    -1.7940696477890015,
    -1.7948092222213745,
    -1.7955986261367798,
    -1.7963038682937622,
    -1.797081708908081,
    -1.7988126277923584,
    -1.8009915351867676,
    -1.8032190799713135,
    -1.806031346321106,
    -1.8093477487564087,
    -1.8127877712249756,
    -1.8156764507293701,
    -1.8182822465896606,
    -1.8207844495773315,
    -1.823224425315857,
    -1.8252956867218018,
    -1.8273900747299194,
    -1.8299311399459839,
    -1.8326449394226074,
    -1.8347009420394897,
    -1.8362877368927002,
    -1.838269591331482,
    -1.8416705131530762,
    -1.844969391822815,
    -1.8478753566741943,
    -1.8494726419448853,
    -1.8511006832122803,
    -1.852677345275879,
    -1.8537323474884033,
    -1.8538411855697632,
    -1.8539752960205078,
    -1.854451298713684,
    -1.8560564517974854,
    -1.8575918674468994,
    -1.8588300943374634,
    -1.8600423336029053,
    -1.8611171245574951,
    -1.862060546875,
    -1.863892912864685,
    -1.8658123016357422,
    -1.8677316904067993,
    -1.869467854499817,
    -1.871254324913025,
    -1.8730827569961548,
    -1.8747612237930298,
    -1.8763574361801147,
    -1.878460168838501,
    -1.8828423023223877,
    -1.8875983953475952,
    -1.8925178050994873,
    -1.8974452018737793,
    -1.9023727178573608,
    -1.90740966796875
  ]
}