{
  "arm": 87,
  "p": 0.181,
  "q": 0.548,
  "whittle": [
    -1.8017488718032837,
    -1.7977699041366577,
    -1.7933584451675415,
    -1.7884423732757568,
    -1.783504605293274,
    -1.7774440050125122,
    -1.7714500427246094,
    -1.7657039165496826,
    -1.7624845504760742,
    -1.7592592239379883,
    -1.7560155391693115,
    -1.7530707120895386,
    -1.7494831085205078,
    -1.7455475330352783,
    -1.7416110038757324,
    -1.7377970218658447,
    -1.7338948249816895,
    -1.7299613952636719,
    -1.7261345386505127,
    -1.7226881980895996,
    -1.7179303169250488,
    -1.7123504877090454,
    -1.7056679725646973,
    -1.70036780834198,
    -1.6959962844848633,
    -1.6918811798095703,
    -1.6879850625991821,
    -1.6880054473876953,
    -1.6893393993377686,
    -1.690009593963623,
    -1.6896226406097412,
    -1.6889233589172363,
    -1.6872423887252808,
    -1.6866179704666138,
    -1.686018466949463,
    -1.6854807138442993,
    -1.6840617656707764,
    -1.681134581565857,
    -1.6785409450531006,
    -1.6763042211532593,
    -1.6747112274169922,
    -1.674405574798584,
    -1.6745823621749878,
    -1.673775315284729,
    -1.6718448400497437,
    -1.6708781719207764,
    -1.6703060865402222,
    -1.6684128046035767,
    -1.6672890186309814,
    -1.6680147647857666,
    -1.6684045791625977,
    -1.6688213348388672,
    -1.6694432497024536,
    -1.6705836057662964,
    -1.6725776195526123,
    -1.6754931211471558,
    -1.6785378456115723,
    -1.6816534996032715,
    -1.683972954750061,
    -1.6864702701568604,
    -1.6889581680297852,
    -1.6910583972930908,
    -1.6935452222824097,
    -1.696603775024414,
    -1.6996241807937622,
    -1.7020286321640015,
    -1.7038170099258423,
    -1.7053676843643188,
    -1.7065883874893188,
    -1.7079845666885376,
    -1.7107304334640503,
    -1.713499903678894,
    -1.7145869731903076,
    -1.7157303094863892,
    -1.7169711589813232,
    -1.717607021331787,
    -1.71738600730896,
    -1.7177892923355103,
    -1.7191678285598755,
    -1.7204725742340088,
    -1.721672534942627,
    -1.722867488861084,
    -1.7240899801254272,
    -1.7251473665237427,
    -1.7258599996566772,
    -1.7273212671279907,
    -1.728977918624878,
    -1.7306345701217651,
    -1.7320853471755981,
    -1.7333041429519653,
    -1.7344597578048706,
    -1.7355839014053345,
    -1.7369600534439087,
    -1.7400020360946655,
    -1.7442398071289062,
    -1.7487175464630127,
    -1.753196120262146,
    -1.757673978805542,
    -1.7621521949768066,
    -1.766706943511963
  ]
}