{
  "arm": 94,
  "p": 0.881,
  "q": 0.755,
  "whittle": [
    -1.850052833557129,
    -1.8460168838500977,
    -1.8414908647537231,
    -1.8363122940063477,
    -1.8310962915420532,
    -1.825607419013977,
    -1.8196665048599243,
    -1.8146356344223022,
    -1.811442255973816,
    -1.808640956878662,
    -1.805976390838623,
    -1.8034038543701172,
    -1.8005993366241455,
    -1.7969423532485962,
    -1.793302059173584,
    -1.7898290157318115,
    -1.7861855030059814,
    -1.782699704170227,
    -1.7794616222381592,
    -1.7762730121612549,
    -1.7722193002700806,
    -1.767488956451416,
    -1.761533498764038,
    -1.7572788000106812,
    -1.7533501386642456,
    -1.7495895624160767,
    -1.7487421035766602,
    -1.7508293390274048,
    -1.7522408962249756,
    -1.753400444984436,
    -1.7543303966522217,
    -1.7526191473007202,
    -1.7514475584030151,
    -1.751032829284668,
    -1.750521183013916,
    -1.749947428703308,
    -1.749334692955017,
    -1.7477710247039795,
    -1.7454609870910645,
    -1.7433172464370728,
    -1.742347002029419,
    -1.7422595024108887,
    -1.7424424886703491,
    -1.7418439388275146,
    -1.7402520179748535,
    -1.7395378351211548,
    -1.7391005754470825,
    -1.7397221326828003,
    -1.7403846979141235,
    -1.741233229637146,
    -1.7418802976608276,
    -1.7426409721374512,
    -1.744275689125061,
    -1.7463639974594116,
    -1.7487858533859253,
    -1.7520277500152588,
    -1.755259394645691,
    -1.7586472034454346,
    -1.761630654335022,
    -1.764197826385498,
    -1.7668198347091675,
    -1.7692118883132935,
    -1.7718502283096313,
    -1.7746399641036987,
    -1.7774306535720825,
    -1.7800238132476807,
    -1.7820993661880493,
    -1.7836233377456665,
    -1.785130262374878,
    -1.7882194519042969,
    -1.79147207736969,
    -1.7946367263793945,
    -1.7968716621398926,
    -1.7987860441207886,
    -1.8002959489822388,
    -1.8017895221710205,
    -1.8032658100128174,
    -1.8035695552825928,
    -1.8048573732376099,
    -1.8066065311431885,
    -1.8081339597702026,
    -1.8095566034317017,
    -1.8107300996780396,
    -1.8117494583129883,
    -1.812882423400879,
    -1.8147268295288086,
    -1.8166301250457764,
    -1.8185770511627197,
    -1.8203034400939941,
    -1.822143316268921,
    -1.823930263519287,
    -1.825478434562683,
    -1.8268932104110718,
    -1.8294168710708618,
    -1.8338055610656738,
    -1.838551640510559,
    -1.843357801437378,
    -1.84818434715271,
    -1.8530244827270508,
    -1.857965350151062
  ]
}