{
  "arm": 2,
  "p": 0.7,
  "q": 0.189,
  "whittle": [
    -1.8606935739517212,
    -1.8565458059310913,
    -1.8516077995300293,
    -1.846786618232727,
    -1.8417272567749023,
    -1.8365331888198853,
    -1.8311686515808105,
    -1.8266881704330444,
    -1.8238470554351807,
    -1.82115638256073,
    -1.8188190460205078,
    -1.8164212703704834,
    -1.8129268884658813,
    -1.809380292892456,
    -1.8059245347976685,
    -1.802427887916565,
    -1.7989118099212646,
    -1.7953957319259644,
    -1.7921491861343384,
    -1.7890758514404297,
    -1.78562331199646,
    -1.78062903881073,
    -1.775123119354248,
    -1.7707144021987915,
    -1.7669638395309448,
    -1.7652544975280762,
    -1.7662802934646606,
    -1.7685492038726807,
    -1.7706891298294067,
    -1.772207498550415,
    -1.7730010747909546,
    -1.773056983947754,
    -1.7726596593856812,
    -1.7723960876464844,
    -1.772260069847107,
    -1.7728939056396484,
    -1.77250337600708,
    -1.770712971687317,
    -1.7686057090759277,
    -1.767564296722412,
    -1.7681447267532349,
    -1.7684684991836548,
    -1.768661618232727,
    -1.7685426473617554,
    -1.7676373720169067,
    -1.7671149969100952,
    -1.7675942182540894,
    -1.7691292762756348,
    -1.7700709104537964,
    -1.7713004350662231,
    -1.7721513509750366,
    -1.773045539855957,
    -1.7744075059890747,
    -1.7764655351638794,
    -1.7796063423156738,
    -1.7830232381820679,
    -1.7865183353424072,
    -1.7900137901306152,
    -1.7927846908569336,
    -1.795555591583252,
    -1.7980812788009644,
    -1.8006830215454102,
    -1.8034796714782715,
    -1.8061590194702148,
    -1.8089805841445923,
    -1.811842441558838,
    -1.8143643140792847,
    -1.8165258169174194,
    -1.81999933719635,
    -1.8236520290374756,
    -1.8271411657333374,
    -1.8299659490585327,
    -1.83193838596344,
    -1.833732008934021,
    -1.8355194330215454,
    -1.8371583223342896,
    -1.8374123573303223,
    -1.837472677230835,
    -1.8389543294906616,
    -1.8408077955245972,
    -1.8425285816192627,
    -1.843950629234314,
    -1.8453283309936523,
    -1.846200704574585,
    -1.846953272819519,
    -1.8488531112670898,
    -1.8509167432785034,
    -1.8529810905456543,
    -1.854914903640747,
    -1.856826663017273,
    -1.858704686164856,
    -1.8605071306228638,
    -1.862140417098999,
    -1.865369200706482,
    -1.870073676109314,
    -1.875078558921814,
    -1.8801040649414062,
    -1.8851432800292969,
    -1.890182375907898,
    -1.8953287601470947
  ]
}