{
  "arm": 43,
  "p": 0.263,
  "q": 0.851,
  "whittle": [
    -1.9793634414672852,
    -1.9754140377044678,
    -1.9708495140075684,
    -1.9663057327270508,
    -1.9613933563232422,
    -1.955789566040039,
    -1.9503452777862549,
    -1.9453656673431396,
    -1.942737340927124,
    -1.9402942657470703,
    -1.938240885734558,
    -1.9361971616744995,
    -1.9332399368286133,
    -1.929993748664856,
    -1.926690936088562,
    -1.923298716545105,
    -1.920000433921814,
    -1.9167019128799438,
    -1.9134480953216553,
    -1.9101890325546265,
    -1.9062544107437134,
    -1.9020872116088867,
    -1.8967055082321167,
    -1.8923429250717163,
    -1.8881999254226685,
    -1.8874906301498413,
    -1.887900471687317,
    -1.8900612592697144,
    -1.8918085098266602,
    -1.8935056924819946,
    -1.8942604064941406,
    -1.8955134153366089,
    -1.8956639766693115,
    -1.895522117614746,
    -1.8954176902770996,
    -1.8964482545852661,
    -1.8949174880981445,
    -1.8931134939193726,
    -1.8908122777938843,
    -1.889197826385498,
    -1.8884453773498535,
    -1.8884925842285156,
    -1.8882449865341187,
    -1.8875715732574463,
    -1.8860256671905518,
    -1.8853727579116821,
    -1.8856346607208252,
    -1.886847972869873,
    -1.8874646425247192,
    -1.8885623216629028,
    -1.8894013166427612,
    -1.8902994394302368,
    -1.8916608095169067,
    -1.8938943147659302,
    -1.8962717056274414,
    -1.8986074924468994,
    -1.9020737409591675,
    -1.9057323932647705,
    -1.9089076519012451,
    -1.9117450714111328,
    -1.9146091938018799,
    -1.9172319173812866,
    -1.9198551177978516,
    -1.9228729009628296,
    -1.9260045289993286,
    -1.928589940071106,
    -1.9308949708938599,
    -1.932733416557312,
    -1.9357235431671143,
    -1.9392633438110352,
    -1.9427660703659058,
    -1.9464164972305298,
    -1.9492311477661133,
    -1.9514720439910889,
    -1.9532363414764404,
    -1.955000877380371,
    -1.9558122158050537,
    -1.9559192657470703,
    -1.9563432931900024,
    -1.9576858282089233,
    -1.95919930934906,
    -1.9604790210723877,
    -1.9617884159088135,
    -1.9631626605987549,
    -1.964556097984314,
    -1.966541051864624,
    -1.9686764478683472,
    -1.9708120822906494,
    -1.9727706909179688,
    -1.9746365547180176,
    -1.976381778717041,
    -1.978136658668518,
    -1.9800028800964355,
    -1.98241126537323,
    -1.9861286878585815,
    -1.9903937578201294,
    -1.995566964149475,
    -2.000739812850952,
    -2.0059268474578857,
    -2.0112335681915283
  ]
}