{
  "arm": 25,
  "p": 0.375,
  "q": 0.87,
  "whittle": [
    -1.8314651250839233,
    -1.8273310661315918,
    -1.822806477546692,
    -1.8174201250076294,
    -1.8122234344482422,
    -1.806426763534546,
    -1.8006762266159058,
    -1.7953276634216309,
    -1.7926230430603027,
    -1.7899048328399658,
    -1.787366271018982,
    -1.7848767042160034,
    -1.7817500829696655,
    -1.7781950235366821,
    -1.7746559381484985,
    -1.771133542060852,
    -1.767590880393982,
    -1.7640882730484009,
    -1.7609754800796509,
    -1.7579256296157837,
    -1.7540969848632812,
    -1.7493146657943726,
    -1.7439736127853394,
    -1.7397292852401733,
    -1.7359890937805176,
    -1.7328813076019287,
    -1.7338290214538574,
    -1.736183524131775,
    -1.7376267910003662,
    -1.738960862159729,
    -1.7397010326385498,
    -1.739158034324646,
    -1.738713026046753,
    -1.7384403944015503,
    -1.7380685806274414,
    -1.7379124164581299,
    -1.7372143268585205,
    -1.735471487045288,
    -1.7331081628799438,
    -1.731589913368225,
    -1.7313979864120483,
    -1.7314785718917847,
    -1.7320454120635986,
    -1.7314749956130981,
    -1.729841709136963,
    -1.7293548583984375,
    -1.729194164276123,
    -1.7296546697616577,
    -1.7311285734176636,
    -1.7323857545852661,
    -1.733182668685913,
    -1.7340341806411743,
    -1.735522747039795,
    -1.7378878593444824,
    -1.7411996126174927,
    -1.7445460557937622,
    -1.7479946613311768,
    -1.7515337467193604,
    -1.7546604871749878,
    -1.757363200187683,
    -1.7600114345550537,
    -1.762536644935608,
    -1.7660311460494995,
    -1.7691973447799683,
    -1.7720608711242676,
    -1.7745370864868164,
    -1.7767086029052734,
    -1.7782423496246338,
    -1.7807496786117554,
    -1.7841496467590332,
    -1.7875210046768188,
    -1.7908921241760254,
    -1.7933695316314697,
    -1.7950464487075806,
    -1.796697735786438,
    -1.7983109951019287,
    -1.7993416786193848,
    -1.8003458976745605,
    -1.8022255897521973,
    -1.8042060136795044,
    -1.8058406114578247,
    -1.8072456121444702,
    -1.808505892753601,
    -1.8098170757293701,
    -1.8111625909805298,
    -1.8130788803100586,
    -1.8151274919509888,
    -1.8171523809432983,
    -1.818973422050476,
    -1.820815920829773,
    -1.8226890563964844,
    -1.8242725133895874,
    -1.825951337814331,
    -1.8287956714630127,
    -1.8335515260696411,
    -1.8384406566619873,
    -1.8433294296264648,
    -1.848246693611145,
    -1.8531697988510132,
    -1.8581922054290771
  ]
}