{
  "arm": 99,
  "p": 0.219,
  "q": 0.429,
  "whittle": [
    -1.937373399734497,
    -1.9334076642990112,
    -1.9288331270217896,
    -1.9244741201400757,
    -1.9194225072860718,
    -1.9137539863586426,
    -1.9080935716629028,
    -1.9037326574325562,
    -1.900867223739624,
    -1.8981391191482544,
    -1.8954517841339111,
    -1.8929462432861328,
    -1.8897578716278076,
    -1.8861409425735474,
    -1.882528305053711,
    -1.8789565563201904,
    -1.875309944152832,
    -1.8716953992843628,
    -1.8680806159973145,
    -1.864509105682373,
    -1.8603758811950684,
    -1.8557000160217285,
    -1.849256157875061,
    -1.8443858623504639,
    -1.8398710489273071,
    -1.8359086513519287,
    -1.834734559059143,
    -1.835522174835205,
    -1.8372440338134766,
    -1.8380961418151855,
    -1.8383748531341553,
    -1.8384920358657837,
    -1.8383733034133911,
    -1.837994933128357,
    -1.8376103639602661,
    -1.8370438814163208,
    -1.8357434272766113,
    -1.833328127861023,
    -1.8309358358383179,
    -1.8285090923309326,
    -1.8270405530929565,
    -1.8269906044006348,
    -1.8264782428741455,
    -1.8256258964538574,
    -1.8240118026733398,
    -1.8232452869415283,
    -1.8224784135818481,
    -1.820703148841858,
    -1.8208600282669067,
    -1.821042537689209,
    -1.821566104888916,
    -1.822116732597351,
    -1.822797179222107,
    -1.824158787727356,
    -1.8259503841400146,
    -1.8279802799224854,
    -1.8307961225509644,
    -1.834059476852417,
    -1.8365252017974854,
    -1.8392049074172974,
    -1.8419815301895142,
    -1.8442813158035278,
    -1.8466168642044067,
    -1.8491952419281006,
    -1.852128028869629,
    -1.8545969724655151,
    -1.8565928936004639,
    -1.8584462404251099,
    -1.8599377870559692,
    -1.8624911308288574,
    -1.865681767463684,
    -1.8686096668243408,
    -1.8706032037734985,
    -1.8721203804016113,
    -1.8736329078674316,
    -1.8738350868225098,
    -1.8738410472869873,
    -1.8737213611602783,
    -1.873873233795166,
    -1.874758243560791,
    -1.8760274648666382,
    -1.8773174285888672,
    -1.8785769939422607,
    -1.87945556640625,
    -1.8800855875015259,
    -1.8817213773727417,
    -1.8836416006088257,
    -1.8855618238449097,
    -1.887481927871704,
    -1.8891957998275757,
    -1.8907804489135742,
    -1.8922810554504395,
    -1.8937692642211914,
    -1.896285891532898,
    -1.8999884128570557,
    -1.904698371887207,
    -1.9095567464828491,
    -1.9144147634506226,
    -1.919273018836975,
    -1.9242124557495117
  ]
}