{
  "arm": 98,
  "p": 0.719,
  "q": 0.163,
  "whittle": [
    -2.0011985301971436,
    -1.9966623783111572,
    -1.9921401739120483,
    -1.988045573234558,
    -1.983366847038269,
    -1.9786142110824585,
    -1.974422574043274,
    -1.9702318906784058,
    -1.9679163694381714,
    -1.9657437801361084,
    -1.9637395143508911,
    -1.9618784189224243,
    -1.9589861631393433,
    -1.9557327032089233,
    -1.9525372982025146,
    -1.9491997957229614,
    -1.9459513425827026,
    -1.9427032470703125,
    -1.9394772052764893,
    -1.9362949132919312,
    -1.932541847229004,
    -1.9276307821273804,
    -1.9226130247116089,
    -1.9183160066604614,
    -1.9157342910766602,
    -1.9154398441314697,
    -1.9158549308776855,
    -1.9178385734558105,
    -1.9202156066894531,
    -1.9219218492507935,
    -1.9229334592819214,
    -1.9239311218261719,
    -1.923897624015808,
    -1.9237712621688843,
    -1.9245076179504395,
    -1.925035834312439,
    -1.9245764017105103,
    -1.9228732585906982,
    -1.9208550453186035,
    -1.918914794921875,
    -1.9181900024414062,
    -1.9188706874847412,
    -1.9188543558120728,
    -1.9180753231048584,
    -1.917117714881897,
    -1.9167271852493286,
    -1.9182662963867188,
    -1.9200553894042969,
    -1.9206268787384033,
    -1.9213480949401855,
    -1.9222679138183594,
    -1.9234411716461182,
    -1.9248353242874146,
    -1.9267897605895996,
    -1.9292480945587158,
    -1.9317272901535034,
    -1.934716820716858,
    -1.93831467628479,
    -1.9411802291870117,
    -1.9440499544143677,
    -1.9469064474105835,
    -1.94963538646698,
    -1.9521164894104004,
    -1.95510733127594,
    -1.958090901374817,
    -1.9611185789108276,
    -1.9638751745224,
    -1.9668281078338623,
    -1.970482349395752,
    -1.9743062257766724,
    -1.9780362844467163,
    -1.9811376333236694,
    -1.983844518661499,
    -1.9865514039993286,
    -1.988705039024353,
    -1.9905868768692017,
    -1.991333246231079,
    -1.9918917417526245,
    -1.9922993183135986,
    -1.9926185607910156,
    -1.9936319589614868,
    -1.9950528144836426,
    -1.9965431690216064,
    -1.9974753856658936,
    -1.9983106851577759,
    -2.000340700149536,
    -2.002598524093628,
    -2.0048630237579346,
    -2.00702166557312,
    -2.0090157985687256,
    -2.010848045349121,
    -2.0126147270202637,
    -2.0144429206848145,
    -2.017150402069092,
    -2.0213217735290527,
    -2.025421619415283,
    -2.030184030532837,
    -2.035506248474121,
    -2.0408549308776855,
    -2.0463197231292725
  ]
}