{
  "arm": 84,
  "p": 0.631,
  "q": 0.459,
  "whittle": [
    -1.885071873664856,
    -1.8810030221939087,
    -1.876430869102478,
    -1.8716306686401367,
    -1.8665320873260498,
    -1.8611377477645874,
    -1.8557912111282349,
    -1.8513712882995605,
    -1.8486238718032837,
    -1.8458930253982544,
    -1.8433903455734253,
    -1.8409165143966675,
    -1.8379184007644653,
    -1.834334373474121,
    -1.8307740688323975,
    -1.8272850513458252,
    -1.8237130641937256,
    -1.820141077041626,
    -1.816573143005371,
    -1.8134164810180664,
    -1.8095872402191162,
    -1.8049074411392212,
    -1.7987926006317139,
    -1.7944523096084595,
    -1.7904921770095825,
    -1.7870084047317505,
    -1.7872493267059326,
    -1.7892311811447144,
    -1.790994644165039,
    -1.7922619581222534,
    -1.793078899383545,
    -1.7924318313598633,
    -1.7917802333831787,
    -1.7913992404937744,
    -1.7910178899765015,
    -1.7910512685775757,
    -1.7901333570480347,
    -1.7883117198944092,
    -1.7859653234481812,
    -1.783841848373413,
    -1.7837350368499756,
    -1.7837713956832886,
    -1.7838066816329956,
    -1.7832398414611816,
    -1.7818764448165894,
    -1.78121018409729,
    -1.7806408405303955,
    -1.781630277633667,
    -1.7820907831192017,
    -1.782819151878357,
    -1.78348708152771,
    -1.7841953039169312,
    -1.7853376865386963,
    -1.7873111963272095,
    -1.7895015478134155,
    -1.7924070358276367,
    -1.7957139015197754,
    -1.7991126775741577,
    -1.801812767982483,
    -1.8043938875198364,
    -1.8070727586746216,
    -1.809487223625183,
    -1.811748743057251,
    -1.8144171237945557,
    -1.817025899887085,
    -1.8197160959243774,
    -1.8219043016433716,
    -1.82354736328125,
    -1.825338363647461,
    -1.8287795782089233,
    -1.8320584297180176,
    -1.8349792957305908,
    -1.8368977308273315,
    -1.8385132551193237,
    -1.840103030204773,
    -1.8410649299621582,
    -1.8411297798156738,
    -1.8410313129425049,
    -1.8415385484695435,
    -1.8430546522140503,
    -1.8445817232131958,
    -1.8459386825561523,
    -1.8471357822418213,
    -1.8480883836746216,
    -1.848830223083496,
    -1.8506170511245728,
    -1.852522850036621,
    -1.8544983863830566,
    -1.8564016819000244,
    -1.8581643104553223,
    -1.8599210977554321,
    -1.8615871667861938,
    -1.8631131649017334,
    -1.8656485080718994,
    -1.870121717453003,
    -1.874913215637207,
    -1.8797882795333862,
    -1.8846755027770996,
    -1.889585018157959,
    -1.8945963382720947
  ]
}