{
  "arm": 6,
  "p": 0.8,
  "q": 0.544,
  "whittle": [
    -1.8041661977767944,
    -1.8001760244369507,
    -1.795711874961853,
    -1.7908388376235962,
    -1.785523533821106,
    -1.7799016237258911,
    -1.773801565170288,
    -1.7687932252883911,
    -1.7655223608016968,
    -1.7624247074127197,
    -1.759271502494812,
    -1.7565032243728638,
    -1.753522276878357,
    -1.7496798038482666,
    -1.7458488941192627,
    -1.7422407865524292,
    -1.7384088039398193,
    -1.734979510307312,
    -1.7315638065338135,
    -1.7281160354614258,
    -1.7239636182785034,
    -1.7188886404037476,
    -1.712436318397522,
    -1.7079873085021973,
    -1.7038986682891846,
    -1.6999870538711548,
    -1.6969467401504517,
    -1.6986753940582275,
    -1.700036883354187,
    -1.7008821964263916,
    -1.7013578414916992,
    -1.7005013227462769,
    -1.6989974975585938,
    -1.698369026184082,
    -1.6976534128189087,
    -1.696936011314392,
    -1.6955958604812622,
    -1.6939036846160889,
    -1.691309928894043,
    -1.6889805793762207,
    -1.6878325939178467,
    -1.6875499486923218,
    -1.687751054763794,
    -1.6873531341552734,
    -1.6857147216796875,
    -1.684781551361084,
    -1.6841709613800049,
    -1.6826119422912598,
    -1.681995153427124,
    -1.6823477745056152,
    -1.6827640533447266,
    -1.683225393295288,
    -1.6841042041778564,
    -1.6856625080108643,
    -1.687570333480835,
    -1.6903645992279053,
    -1.6933298110961914,
    -1.6964114904403687,
    -1.6989184617996216,
    -1.7012200355529785,
    -1.7035731077194214,
    -1.7056875228881836,
    -1.707802414894104,
    -1.7097179889678955,
    -1.7120758295059204,
    -1.7144584655761719,
    -1.716356635093689,
    -1.7176357507705688,
    -1.7188794612884521,
    -1.7207249402999878,
    -1.7235107421875,
    -1.7255654335021973,
    -1.7266656160354614,
    -1.727911114692688,
    -1.7291648387908936,
    -1.7291754484176636,
    -1.7290490865707397,
    -1.7289973497390747,
    -1.730121374130249,
    -1.73165762424469,
    -1.7330288887023926,
    -1.734384298324585,
    -1.7356600761413574,
    -1.7365201711654663,
    -1.7371947765350342,
    -1.7388125658035278,
    -1.7405023574829102,
    -1.7421919107437134,
    -1.7437950372695923,
    -1.7451552152633667,
    -1.746427059173584,
    -1.74756920337677,
    -1.7494521141052246,
    -1.752111792564392,
    -1.7565133571624756,
    -1.761016607284546,
    -1.7655197381973267,
    -1.7700226306915283,
    -1.7745356559753418,
    -1.7791813611984253
  ]
}