{
  "arm": 58,
  "p": 0.787,
  "q": 0.742,
  "whittle": [
    -1.8438419103622437,
    -1.8398689031600952,
    -1.8354510068893433,
    -1.8306418657302856,
    -1.8256065845489502,
    -1.8199419975280762,
    -1.8138821125030518,
    -1.8087626695632935,
    -1.8054802417755127,
    -1.8025349378585815,
    -1.7994635105133057,
    -1.7967740297317505,
    -1.7939502000808716,
    -1.790152907371521,
    -1.7863495349884033,
    -1.7827658653259277,
    -1.7789595127105713,
    -1.7751537561416626,
    -1.7716407775878906,
    -1.7682737112045288,
    -1.7640691995620728,
    -1.758831262588501,
    -1.7522644996643066,
    -1.7475152015686035,
    -1.743280053138733,
    -1.7392910718917847,
    -1.7359236478805542,
    -1.736702799797058,
    -1.738031268119812,
    -1.738929033279419,
    -1.739337682723999,
    -1.7377420663833618,
    -1.7360762357711792,
    -1.7354505062103271,
    -1.7347288131713867,
    -1.7338659763336182,
    -1.732383370399475,
    -1.7306631803512573,
    -1.7280892133712769,
    -1.7256624698638916,
    -1.7237199544906616,
    -1.723152995109558,
    -1.7230993509292603,
    -1.722344994544983,
    -1.7205164432525635,
    -1.7195954322814941,
    -1.71889066696167,
    -1.7178338766098022,
    -1.718316912651062,
    -1.718388319015503,
    -1.7188010215759277,
    -1.719274878501892,
    -1.7203607559204102,
    -1.7221624851226807,
    -1.724088430404663,
    -1.726643443107605,
    -1.7296476364135742,
    -1.7327520847320557,
    -1.735435128211975,
    -1.7377464771270752,
    -1.7402706146240234,
    -1.742435336112976,
    -1.744401454925537,
    -1.7465733289718628,
    -1.7491122484207153,
    -1.7516616582870483,
    -1.7534595727920532,
    -1.7548478841781616,
    -1.7560993432998657,
    -1.757495403289795,
    -1.7602723836898804,
    -1.7632040977478027,
    -1.7651088237762451,
    -1.7664077281951904,
    -1.7676522731781006,
    -1.7688941955566406,
    -1.7697187662124634,
    -1.7696726322174072,
    -1.7701976299285889,
    -1.7715857028961182,
    -1.7728562355041504,
    -1.7740952968597412,
    -1.7751390933990479,
    -1.7759875059127808,
    -1.776889443397522,
    -1.7785450220108032,
    -1.7802534103393555,
    -1.7819616794586182,
    -1.7834981679916382,
    -1.7850476503372192,
    -1.786433458328247,
    -1.7876149415969849,
    -1.7887966632843018,
    -1.7909380197525024,
    -1.7951029539108276,
    -1.7995202541351318,
    -1.8040869235992432,
    -1.8086539506912231,
    -1.813234567642212,
    -1.8179463148117065
  ]
}