{
  "arm": 93,
  "p": 0.481,
  "q": 0.488,
  "whittle": [
    -2.004887580871582,
    -2.0006017684936523,
    -1.9960323572158813,
    -1.9917669296264648,
    -1.987001657485962,
    -1.9818278551101685,
    -1.9768197536468506,
    -1.9728575944900513,
    -1.970301866531372,
    -1.9680604934692383,
    -1.9660773277282715,
    -1.9641082286834717,
    -1.9612236022949219,
    -1.9580192565917969,
    -1.9547908306121826,
    -1.951450228691101,
    -1.9482275247573853,
    -1.9450045824050903,
    -1.941814661026001,
    -1.938616394996643,
    -1.9346619844436646,
    -1.9305896759033203,
    -1.925957202911377,
    -1.9216606616973877,
    -1.9198176860809326,
    -1.9199591875076294,
    -1.9209272861480713,
    -1.9231691360473633,
    -1.9257019758224487,
    -1.9275389909744263,
    -1.9287995100021362,
    -1.9298239946365356,
    -1.9306446313858032,
    -1.9305258989334106,
    -1.9310251474380493,
    -1.931564211845398,
    -1.93045973777771,
    -1.9287530183792114,
    -1.9266226291656494,
    -1.9252805709838867,
    -1.925761342048645,
    -1.9258460998535156,
    -1.925698161125183,
    -1.9249509572982788,
    -1.923730731010437,
    -1.9233375787734985,
    -1.9250379800796509,
    -1.926342487335205,
    -1.9269318580627441,
    -1.927552580833435,
    -1.9284342527389526,
    -1.9294445514678955,
    -1.9309065341949463,
    -1.9332348108291626,
    -1.935683012008667,
    -1.938075065612793,
    -1.9412637948989868,
    -1.944955587387085,
    -1.9478765726089478,
    -1.950685977935791,
    -1.9534659385681152,
    -1.9561327695846558,
    -1.958343267440796,
    -1.9603123664855957,
    -1.9629099369049072,
    -1.9658573865890503,
    -1.9682024717330933,
    -1.9700629711151123,
    -1.9735380411148071,
    -1.977234959602356,
    -1.9808164834976196,
    -1.9843008518218994,
    -1.9862926006317139,
    -1.9881343841552734,
    -1.9895079135894775,
    -1.9898676872253418,
    -1.9902278184890747,
    -1.9906843900680542,
    -1.9911744594573975,
    -1.991561770439148,
    -1.9930487871170044,
    -1.9943684339523315,
    -1.9957720041275024,
    -1.996971845626831,
    -1.9979135990142822,
    -1.9999395608901978,
    -2.002122402191162,
    -2.004304885864258,
    -2.0064008235931396,
    -2.0083165168762207,
    -2.010089635848999,
    -2.011779546737671,
    -2.013697862625122,
    -2.016655206680298,
    -2.020758628845215,
    -2.024855852127075,
    -2.0301012992858887,
    -2.035386085510254,
    -2.040670871734619,
    -2.0460569858551025
  ]
}