{
  "arm": 68,
  "p": 0.606,
  "q": 0.327,
  "whittle": [
    -1.8379186391830444,
    -1.8340026140213013,
    -1.8293770551681519,
    -1.8247344493865967,
    -1.8198072910308838,
    -1.8142123222351074,
    -1.8082702159881592,
    -1.8035609722137451,
    -1.8006700277328491,
    -1.797574758529663,
    -1.7944058179855347,
    -1.7916679382324219,
    -1.788756251335144,
    -1.7848893404006958,
    -1.7810519933700562,
    -1.777356743812561,
    -1.7734867334365845,
    -1.769616723060608,
    -1.7657467126846313,
    -1.7621657848358154,
    -1.7582011222839355,
    -1.7525084018707275,
    -1.745859980583191,
    -1.7406607866287231,
    -1.7363523244857788,
    -1.732297420501709,
    -1.7282994985580444,
    -1.7285088300704956,
    -1.7300610542297363,
    -1.7307299375534058,
    -1.7306675910949707,
    -1.7296396493911743,
    -1.727553367614746,
    -1.7268730401992798,
    -1.7262500524520874,
    -1.7256922721862793,
    -1.723973035812378,
    -1.7215639352798462,
    -1.7189522981643677,
    -1.716481328010559,
    -1.7145167589187622,
    -1.7139511108398438,
    -1.713725209236145,
    -1.7128082513809204,
    -1.7112728357315063,
    -1.710310459136963,
    -1.7094433307647705,
    -1.7079946994781494,
    -1.7066446542739868,
    -1.7069061994552612,
    -1.7072885036468506,
    -1.707699179649353,
    -1.708263635635376,
    -1.7095577716827393,
    -1.7113440036773682,
    -1.7138354778289795,
    -1.7168707847595215,
    -1.7199361324310303,
    -1.7222445011138916,
    -1.7245527505874634,
    -1.7273257970809937,
    -1.7295562028884888,
    -1.7317304611206055,
    -1.734769344329834,
    -1.7375648021697998,
    -1.7401920557022095,
    -1.7421705722808838,
    -1.7438524961471558,
    -1.7451317310333252,
    -1.7468618154525757,
    -1.7498692274093628,
    -1.752394676208496,
    -1.7537211179733276,
    -1.7550565004348755,
    -1.7563397884368896,
    -1.7566502094268799,
    -1.7564823627471924,
    -1.756577491760254,
    -1.7576943635940552,
    -1.7591474056243896,
    -1.7604658603668213,
    -1.761738896369934,
    -1.7630058526992798,
    -1.7637839317321777,
    -1.764275312423706,
    -1.7658542394638062,
    -1.7675763368606567,
    -1.769298791885376,
    -1.770944356918335,
    -1.7723642587661743,
    -1.7736493349075317,
    -1.7748446464538574,
    -1.7760400772094727,
    -1.7790015935897827,
    -1.7832552194595337,
    -1.7878296375274658,
    -1.792404055595398,
    -1.7969783544540405,
    -1.8015528917312622,
    -1.8062223196029663
  ]
}