{
  "arm": 42,
  "p": 0.763,
  "q": 0.584,
  "whittle": [
    -1.8568803071975708,
    -1.8528225421905518,
    -1.8483269214630127,
    -1.843348503112793,
    -1.8382319211959839,
    -1.8327873945236206,
    -1.8268911838531494,
    -1.8221558332443237,
    -1.81907320022583,
    -1.8162974119186401,
    -1.8136975765228271,
    -1.8111484050750732,
    -1.8081049919128418,
    -1.804470181465149,
    -1.8008564710617065,
    -1.7973768711090088,
    -1.7937593460083008,
    -1.7901418209075928,
    -1.7867624759674072,
    -1.7835893630981445,
    -1.779613971710205,
    -1.774693489074707,
    -1.768770694732666,
    -1.764346957206726,
    -1.7604399919509888,
    -1.7567111253738403,
    -1.7564067840576172,
    -1.7586272954940796,
    -1.760238766670227,
    -1.7613279819488525,
    -1.7621806859970093,
    -1.7609388828277588,
    -1.7603507041931152,
    -1.759985327720642,
    -1.7595266103744507,
    -1.7594441175460815,
    -1.7590789794921875,
    -1.7574214935302734,
    -1.7550729513168335,
    -1.7529817819595337,
    -1.7526569366455078,
    -1.752611756324768,
    -1.7528157234191895,
    -1.751844048500061,
    -1.7504186630249023,
    -1.7497539520263672,
    -1.7493780851364136,
    -1.749671459197998,
    -1.7501548528671265,
    -1.7513266801834106,
    -1.7520275115966797,
    -1.7528326511383057,
    -1.7542567253112793,
    -1.7562239170074463,
    -1.7587754726409912,
    -1.7620692253112793,
    -1.7653883695602417,
    -1.7688393592834473,
    -1.7717199325561523,
    -1.7743513584136963,
    -1.7770284414291382,
    -1.7794872522354126,
    -1.782260537147522,
    -1.785198450088501,
    -1.7880233526229858,
    -1.7907518148422241,
    -1.7929695844650269,
    -1.7945905923843384,
    -1.7965991497039795,
    -1.8000390529632568,
    -1.803360939025879,
    -1.8064385652542114,
    -1.8087842464447021,
    -1.810624122619629,
    -1.8121943473815918,
    -1.8137568235397339,
    -1.8153071403503418,
    -1.8158926963806152,
    -1.8175382614135742,
    -1.8194721937179565,
    -1.8210760354995728,
    -1.8225167989730835,
    -1.823752522468567,
    -1.8248223066329956,
    -1.8257845640182495,
    -1.8276597261428833,
    -1.8296173810958862,
    -1.8316131830215454,
    -1.833413004875183,
    -1.8352237939834595,
    -1.8370702266693115,
    -1.838649034500122,
    -1.8401373624801636,
    -1.8428183794021606,
    -1.847304344177246,
    -1.8521888256072998,
    -1.8570730686187744,
    -1.86195707321167,
    -1.8668715953826904,
    -1.8719018697738647
  ]
}