{
  "arm": 30,
  "p": 0.875,
  "q": 0.465,
  "whittle": [
    -1.8381999731063843,
    -1.8341037034988403,
    -1.8296064138412476,
    -1.8246448040008545,
    -1.8194714784622192,
    -1.8140792846679688,
    -1.8081728219985962,
    -1.8035656213760376,
    -1.8004869222640991,
    -1.797630786895752,
    -1.794803261756897,
    -1.7922050952911377,
    -1.7891197204589844,
    -1.7853928804397583,
    -1.7817137241363525,
    -1.7782049179077148,
    -1.7744964361190796,
    -1.7708932161331177,
    -1.7675914764404297,
    -1.764251708984375,
    -1.7603843212127686,
    -1.755385398864746,
    -1.7490992546081543,
    -1.7444180250167847,
    -1.7404345273971558,
    -1.7366138696670532,
    -1.7351611852645874,
    -1.7372103929519653,
    -1.73880136013031,
    -1.7398611307144165,
    -1.7405234575271606,
    -1.7398278713226318,
    -1.7388393878936768,
    -1.7383780479431152,
    -1.7378313541412354,
    -1.7373517751693726,
    -1.7370212078094482,
    -1.735252022743225,
    -1.7328529357910156,
    -1.7305978536605835,
    -1.7304202318191528,
    -1.7303389310836792,
    -1.7303478717803955,
    -1.7299410104751587,
    -1.7285937070846558,
    -1.72783362865448,
    -1.7273962497711182,
    -1.7272988557815552,
    -1.7275946140289307,
    -1.7281317710876465,
    -1.728729248046875,
    -1.729372262954712,
    -1.7306183576583862,
    -1.7323510646820068,
    -1.734379768371582,
    -1.737441897392273,
    -1.7406188249588013,
    -1.7439144849777222,
    -1.746596336364746,
    -1.749107837677002,
    -1.7516329288482666,
    -1.7539665699005127,
    -1.7562463283538818,
    -1.7588361501693726,
    -1.7613680362701416,
    -1.763970136642456,
    -1.7661879062652588,
    -1.7677395343780518,
    -1.7692006826400757,
    -1.772149682044983,
    -1.7753440141677856,
    -1.7781213521957397,
    -1.7799001932144165,
    -1.7814466953277588,
    -1.7829113006591797,
    -1.784349799156189,
    -1.7856696844100952,
    -1.7858171463012695,
    -1.7870116233825684,
    -1.788620948791504,
    -1.7901021242141724,
    -1.7915635108947754,
    -1.792724609375,
    -1.793577790260315,
    -1.7943081855773926,
    -1.7961076498031616,
    -1.7980059385299683,
    -1.7999041080474854,
    -1.801632285118103,
    -1.803383231163025,
    -1.8050298690795898,
    -1.8063944578170776,
    -1.807888388633728,
    -1.8107751607894897,
    -1.815137267112732,
    -1.8198856115341187,
    -1.8246338367462158,
    -1.829382061958313,
    -1.8341537714004517,
    -1.8390543460845947
  ]
}