{
  "arm": 89,
  "p": 0.381,
  "q": 0.133,
  "whittle": [
    -1.9897122383117676,
    -1.9855780601501465,
    -1.9810415506362915,
    -1.9768563508987427,
    -1.9720433950424194,
    -1.9669476747512817,
    -1.9624539613723755,
    -1.958267331123352,
    -1.9561270475387573,
    -1.9538034200668335,
    -1.9517136812210083,
    -1.9497560262680054,
    -1.9466209411621094,
    -1.9432733058929443,
    -1.9399629831314087,
    -1.9364835023880005,
    -1.933119773864746,
    -1.9297760725021362,
    -1.926466941833496,
    -1.923046588897705,
    -1.9190096855163574,
    -1.9141310453414917,
    -1.907968282699585,
    -1.9038010835647583,
    -1.9008039236068726,
    -1.9000182151794434,
    -1.9001755714416504,
    -1.90190589427948,
    -1.904067873954773,
    -1.9054988622665405,
    -1.9062942266464233,
    -1.9067243337631226,
    -1.906302809715271,
    -1.9061814546585083,
    -1.9056925773620605,
    -1.9060591459274292,
    -1.9054934978485107,
    -1.903346300125122,
    -1.9012318849563599,
    -1.8991172313690186,
    -1.8983936309814453,
    -1.8990123271942139,
    -1.8987553119659424,
    -1.8978612422943115,
    -1.8967909812927246,
    -1.8962817192077637,
    -1.8976006507873535,
    -1.898851990699768,
    -1.8993204832077026,
    -1.9000706672668457,
    -1.9008359909057617,
    -1.901624083518982,
    -1.9028410911560059,
    -1.9048559665679932,
    -1.9072012901306152,
    -1.9096897840499878,
    -1.913241982460022,
    -1.916573166847229,
    -1.9192860126495361,
    -1.9221885204315186,
    -1.9249727725982666,
    -1.9275422096252441,
    -1.9299589395523071,
    -1.9327820539474487,
    -1.9356689453125,
    -1.9385364055633545,
    -1.9409316778182983,
    -1.9429218769073486,
    -1.9461140632629395,
    -1.949769377708435,
    -1.9532557725906372,
    -1.9562596082687378,
    -1.9588009119033813,
    -1.9605604410171509,
    -1.9619613885879517,
    -1.962154746055603,
    -1.9624276161193848,
    -1.9627732038497925,
    -1.9630494117736816,
    -1.9631695747375488,
    -1.9645498991012573,
    -1.9657970666885376,
    -1.9670621156692505,
    -1.9678845405578613,
    -1.9685457944869995,
    -1.9703038930892944,
    -1.9723795652389526,
    -1.9744642972946167,
    -1.9764971733093262,
    -1.9783177375793457,
    -1.9799708127975464,
    -1.9815332889556885,
    -1.9833430051803589,
    -1.98637855052948,
    -1.9901875257492065,
    -1.9939918518066406,
    -1.9985017776489258,
    -2.0036566257476807,
    -2.008826732635498,
    -2.014080286026001
  ]
}