{
  "arm": 21,
  "p": 0.425,
  "q": 0.515,
  "whittle": [
    -1.8960299491882324,
    -1.8919867277145386,
    -1.8873023986816406,
    -1.8825492858886719,
    -1.8775087594985962,
    -1.8720054626464844,
    -1.8664034605026245,
    -1.862189769744873,
    -1.8594775199890137,
    -1.8568090200424194,
    -1.8545054197311401,
    -1.8521026372909546,
    -1.8489888906478882,
    -1.8454828262329102,
    -1.8419840335845947,
    -1.8384907245635986,
    -1.834991693496704,
    -1.831492304801941,
    -1.8280185461044312,
    -1.8246291875839233,
    -1.820766568183899,
    -1.8158247470855713,
    -1.809857726097107,
    -1.805457353591919,
    -1.801487922668457,
    -1.798571228981018,
    -1.7987768650054932,
    -1.8009451627731323,
    -1.8027793169021606,
    -1.8042529821395874,
    -1.8049370050430298,
    -1.8047248125076294,
    -1.8043235540390015,
    -1.8040313720703125,
    -1.8038139343261719,
    -1.8037470579147339,
    -1.8025630712509155,
    -1.800646424293518,
    -1.7983572483062744,
    -1.796552300453186,
    -1.7966983318328857,
    -1.796729326248169,
    -1.7968794107437134,
    -1.796085000038147,
    -1.7946691513061523,
    -1.7940969467163086,
    -1.7943174839019775,
    -1.7956984043121338,
    -1.7965335845947266,
    -1.7977104187011719,
    -1.798485517501831,
    -1.7992993593215942,
    -1.8004943132400513,
    -1.8026233911514282,
    -1.8054746389389038,
    -1.808857798576355,
    -1.8123260736465454,
    -1.8158925771713257,
    -1.8187048435211182,
    -1.8214493989944458,
    -1.8241583108901978,
    -1.8266981840133667,
    -1.8297539949417114,
    -1.8326939344406128,
    -1.8355060815811157,
    -1.838253378868103,
    -1.840469241142273,
    -1.842183232307434,
    -1.8447679281234741,
    -1.8483086824417114,
    -1.8517106771469116,
    -1.8549423217773438,
    -1.8574620485305786,
    -1.859542727470398,
    -1.8612357378005981,
    -1.8626575469970703,
    -1.8628641366958618,
    -1.862951636314392,
    -1.8641211986541748,
    -1.8660539388656616,
    -1.867653489112854,
    -1.8690552711486816,
    -1.8703579902648926,
    -1.87150239944458,
    -1.8724052906036377,
    -1.8742778301239014,
    -1.8763054609298706,
    -1.878369688987732,
    -1.8803743124008179,
    -1.8822553157806396,
    -1.884010672569275,
    -1.8857685327529907,
    -1.8874696493148804,
    -1.8898848295211792,
    -1.894482135772705,
    -1.899451494216919,
    -1.9044504165649414,
    -1.9094743728637695,
    -1.914507508277893,
    -1.919634461402893
  ]
}