{
  "arm": 11,
  "p": 0.25,
  "q": 0.219,
  "whittle": [
    -1.897039771080017,
    -1.8928972482681274,
    -1.8883980512619019,
    -1.8839465379714966,
    -1.8788857460021973,
    -1.8734346628189087,
    -1.8686028718948364,
    -1.8645962476730347,
    -1.8620822429656982,
    -1.8594311475753784,
    -1.8569127321243286,
    -1.8544543981552124,
    -1.8509212732315063,
    -1.8473594188690186,
    -1.84384024143219,
    -1.8402767181396484,
    -1.836707353591919,
    -1.8331652879714966,
    -1.8296326398849487,
    -1.8262232542037964,
    -1.8225833177566528,
    -1.8180257081985474,
    -1.812038779258728,
    -1.8074852228164673,
    -1.8034164905548096,
    -1.8012877702713013,
    -1.8017092943191528,
    -1.8035492897033691,
    -1.8052880764007568,
    -1.8065416812896729,
    -1.8070027828216553,
    -1.8070907592773438,
    -1.8070799112319946,
    -1.806862473487854,
    -1.8065636157989502,
    -1.8063584566116333,
    -1.8057223558425903,
    -1.8033385276794434,
    -1.8010876178741455,
    -1.7988381385803223,
    -1.7982399463653564,
    -1.7983496189117432,
    -1.7983427047729492,
    -1.7975703477859497,
    -1.7962567806243896,
    -1.7955774068832397,
    -1.7949669361114502,
    -1.7950929403305054,
    -1.795353889465332,
    -1.7960245609283447,
    -1.7966517210006714,
    -1.797300100326538,
    -1.7981570959091187,
    -1.7994664907455444,
    -1.801324486732483,
    -1.8040467500686646,
    -1.8074032068252563,
    -1.8105953931808472,
    -1.813141107559204,
    -1.8159475326538086,
    -1.8185129165649414,
    -1.8208942413330078,
    -1.8233369588851929,
    -1.8261467218399048,
    -1.8288109302520752,
    -1.8314744234085083,
    -1.8335399627685547,
    -1.8353376388549805,
    -1.8374031782150269,
    -1.8408557176589966,
    -1.8441104888916016,
    -1.8465468883514404,
    -1.8481261730194092,
    -1.8497084379196167,
    -1.8510384559631348,
    -1.8510384559631348,
    -1.8510756492614746,
    -1.851058840751648,
    -1.8513517379760742,
    -1.8526524305343628,
    -1.8539729118347168,
    -1.8553533554077148,
    -1.8565237522125244,
    -1.8573023080825806,
    -1.8578312397003174,
    -1.8594763278961182,
    -1.861353874206543,
    -1.8632581233978271,
    -1.8651403188705444,
    -1.8668766021728516,
    -1.8684720993041992,
    -1.8699307441711426,
    -1.8713593482971191,
    -1.8743412494659424,
    -1.8783270120620728,
    -1.8831290006637573,
    -1.887987732887268,
    -1.8928464651107788,
    -1.8977049589157104,
    -1.9026707410812378
  ]
}