{
  "arm": 79,
  "p": 0.131,
  "q": 0.89,
  "whittle": [
    -1.8743393421173096,
    -1.8702850341796875,
    -1.8659273386001587,
    -1.860832929611206,
    -1.8555322885513306,
    -1.8496729135513306,
    -1.844109058380127,
    -1.838334083557129,
    -1.8355729579925537,
    -1.832851529121399,
    -1.83024263381958,
    -1.8277547359466553,
    -1.824758529663086,
    -1.82120680809021,
    -1.8176543712615967,
    -1.8140865564346313,
    -1.8105227947235107,
    -1.8069684505462646,
    -1.8034405708312988,
    -1.8000742197036743,
    -1.795857310295105,
    -1.79084312915802,
    -1.7852563858032227,
    -1.7806748151779175,
    -1.776690125465393,
    -1.773012638092041,
    -1.7729523181915283,
    -1.7750110626220703,
    -1.7764636278152466,
    -1.7776426076889038,
    -1.7780450582504272,
    -1.7778162956237793,
    -1.777457356452942,
    -1.7771356105804443,
    -1.7768220901489258,
    -1.7766398191452026,
    -1.7752416133880615,
    -1.7731618881225586,
    -1.7707586288452148,
    -1.7690608501434326,
    -1.7686266899108887,
    -1.7685192823410034,
    -1.7689611911773682,
    -1.767685055732727,
    -1.76600182056427,
    -1.765102744102478,
    -1.7648283243179321,
    -1.7651695013046265,
    -1.7663555145263672,
    -1.7675076723098755,
    -1.768242359161377,
    -1.7690348625183105,
    -1.7699999809265137,
    -1.7721068859100342,
    -1.7751219272613525,
    -1.7784466743469238,
    -1.7818902730941772,
    -1.7854279279708862,
    -1.7884584665298462,
    -1.7912745475769043,
    -1.7940304279327393,
    -1.7965203523635864,
    -1.7998863458633423,
    -1.8033047914505005,
    -1.806323766708374,
    -1.808762788772583,
    -1.8109301328659058,
    -1.8126118183135986,
    -1.8147369623184204,
    -1.818109393119812,
    -1.8214608430862427,
    -1.8248122930526733,
    -1.8275729417800903,
    -1.8292568922042847,
    -1.8308942317962646,
    -1.8323107957839966,
    -1.8324522972106934,
    -1.8331716060638428,
    -1.834986686706543,
    -1.8368933200836182,
    -1.838391661643982,
    -1.8398362398147583,
    -1.8410857915878296,
    -1.8423576354980469,
    -1.8437763452529907,
    -1.845650553703308,
    -1.8476932048797607,
    -1.8497358560562134,
    -1.8516062498092651,
    -1.8534265756607056,
    -1.8551863431930542,
    -1.856874704360962,
    -1.8583844900131226,
    -1.8609950542449951,
    -1.865472674369812,
    -1.8703927993774414,
    -1.8753126859664917,
    -1.8802324533462524,
    -1.885169506072998,
    -1.8902119398117065
  ]
}