{
  "arm": 70,
  "p": 0.806,
  "q": 0.86,
  "whittle": [
    -1.9328422546386719,
    -1.9289571046829224,
    -1.9242684841156006,
    -1.91956627368927,
    -1.9145278930664062,
    -1.9091323614120483,
    -1.9033769369125366,
    -1.8980454206466675,
    -1.8949031829833984,
    -1.8922828435897827,
    -1.8900294303894043,
    -1.8877817392349243,
    -1.885092854499817,
    -1.8816795349121094,
    -1.878230333328247,
    -1.8748332262039185,
    -1.871385931968689,
    -1.867938756942749,
    -1.8644925355911255,
    -1.8614180088043213,
    -1.8575634956359863,
    -1.8532253503799438,
    -1.847591757774353,
    -1.8434152603149414,
    -1.8395811319351196,
    -1.8370492458343506,
    -1.8378976583480835,
    -1.8400211334228516,
    -1.841654896736145,
    -1.8431397676467896,
    -1.8444596529006958,
    -1.8436994552612305,
    -1.8434250354766846,
    -1.8431651592254639,
    -1.8427964448928833,
    -1.8430441617965698,
    -1.8417954444885254,
    -1.8402687311172485,
    -1.838067650794983,
    -1.836020588874817,
    -1.8354696035385132,
    -1.8354543447494507,
    -1.8355348110198975,
    -1.834888219833374,
    -1.83328115940094,
    -1.8327181339263916,
    -1.832732915878296,
    -1.8345677852630615,
    -1.8354504108428955,
    -1.8363393545150757,
    -1.8370935916900635,
    -1.8381996154785156,
    -1.8401477336883545,
    -1.8423322439193726,
    -1.8446241617202759,
    -1.8474063873291016,
    -1.850778341293335,
    -1.854304313659668,
    -1.857504963874817,
    -1.8601828813552856,
    -1.8628466129302979,
    -1.8653676509857178,
    -1.8677539825439453,
    -1.8702229261398315,
    -1.873122215270996,
    -1.875793695449829,
    -1.8778882026672363,
    -1.8795026540756226,
    -1.8815093040466309,
    -1.88492751121521,
    -1.8883163928985596,
    -1.891760230064392,
    -1.8943085670471191,
    -1.8962502479553223,
    -1.897910714149475,
    -1.899571418762207,
    -1.900014877319336,
    -1.900264859199524,
    -1.9006861448287964,
    -1.9021331071853638,
    -1.9036998748779297,
    -1.9050452709197998,
    -1.906285047531128,
    -1.9074649810791016,
    -1.9087886810302734,
    -1.9107705354690552,
    -1.9127848148345947,
    -1.9147988557815552,
    -1.9165750741958618,
    -1.9183374643325806,
    -1.9202451705932617,
    -1.9220176935195923,
    -1.9237936735153198,
    -1.9256713390350342,
    -1.929691195487976,
    -1.9343209266662598,
    -1.9393584728240967,
    -1.9444100856781006,
    -1.9494609832763672,
    -1.9546374082565308
  ]
}