{
  "arm": 15,
  "p": 0.125,
  "q": 0.574,
  "whittle": [
    -1.7935919761657715,
    -1.7895987033843994,
    -1.7850624322891235,
    -1.7799969911575317,
    -1.7749903202056885,
    -1.7688482999801636,
    -1.7628942728042603,
    -1.7573379278182983,
    -1.7543063163757324,
    -1.7511107921600342,
    -1.74789559841156,
    -1.744971752166748,
    -1.7414966821670532,
    -1.73759126663208,
    -1.7336845397949219,
    -1.7298959493637085,
    -1.726003885269165,
    -1.7221089601516724,
    -1.718406081199646,
    -1.7149869203567505,
    -1.7104343175888062,
    -1.7050018310546875,
    -1.698314905166626,
    -1.6933428049087524,
    -1.6890641450881958,
    -1.6850224733352661,
    -1.681196928024292,
    -1.6817063093185425,
    -1.6830304861068726,
    -1.6837313175201416,
    -1.6834355592727661,
    -1.682940125465393,
    -1.6818397045135498,
    -1.6812618970870972,
    -1.680688500404358,
    -1.6801800727844238,
    -1.6787137985229492,
    -1.6755321025848389,
    -1.6729745864868164,
    -1.6707921028137207,
    -1.669494390487671,
    -1.6691489219665527,
    -1.6693350076675415,
    -1.6684247255325317,
    -1.6664621829986572,
    -1.6655539274215698,
    -1.664864182472229,
    -1.6628392934799194,
    -1.6619467735290527,
    -1.6626907587051392,
    -1.6631070375442505,
    -1.663549780845642,
    -1.6642115116119385,
    -1.6653691530227661,
    -1.6674777269363403,
    -1.6704009771347046,
    -1.673475742340088,
    -1.6766310930252075,
    -1.6789780855178833,
    -1.681532382965088,
    -1.6840035915374756,
    -1.6861252784729004,
    -1.6889257431030273,
    -1.6920106410980225,
    -1.69486403465271,
    -1.6970140933990479,
    -1.6988216638565063,
    -1.7003653049468994,
    -1.7016044855117798,
    -1.703511118888855,
    -1.7064893245697021,
    -1.7089695930480957,
    -1.7100776433944702,
    -1.7113206386566162,
    -1.7125824689865112,
    -1.7124124765396118,
    -1.7122576236724854,
    -1.7131885290145874,
    -1.714684247970581,
    -1.716017246246338,
    -1.7172225713729858,
    -1.7184650897979736,
    -1.7197076082229614,
    -1.720781683921814,
    -1.721569538116455,
    -1.7230395078659058,
    -1.7247121334075928,
    -1.7263946533203125,
    -1.727932095527649,
    -1.729166030883789,
    -1.7303296327590942,
    -1.7314687967300415,
    -1.7332826852798462,
    -1.7365522384643555,
    -1.741044044494629,
    -1.7455360889434814,
    -1.7500277757644653,
    -1.7545192241668701,
    -1.759011149406433,
    -1.7635774612426758
  ]
}