{
  "arm": 97,
  "p": 0.319,
  "q": 0.844,
  "whittle": [
    -1.9660247564315796,
    -1.9619344472885132,
    -1.9572302103042603,
    -1.9524657726287842,
    -1.9475144147872925,
    -1.9419113397598267,
    -1.9364022016525269,
    -1.9312442541122437,
    -1.9284238815307617,
    -1.9260013103485107,
    -1.923916220664978,
    -1.9218381643295288,
    -1.9188448190689087,
    -1.9155778884887695,
    -1.9122573137283325,
    -1.9087979793548584,
    -1.9054832458496094,
    -1.9021687507629395,
    -1.8989027738571167,
    -1.895628571510315,
    -1.8916655778884888,
    -1.887083888053894,
    -1.8818345069885254,
    -1.8775608539581299,
    -1.8738667964935303,
    -1.8736029863357544,
    -1.8743057250976562,
    -1.8765931129455566,
    -1.878597617149353,
    -1.8803799152374268,
    -1.8812263011932373,
    -1.882071852684021,
    -1.8819279670715332,
    -1.8817839622497559,
    -1.8817216157913208,
    -1.8825427293777466,
    -1.8810423612594604,
    -1.879348874092102,
    -1.8771096467971802,
    -1.8758318424224854,
    -1.8760823011398315,
    -1.8761882781982422,
    -1.876441240310669,
    -1.8756767511367798,
    -1.8741874694824219,
    -1.873653769493103,
    -1.875722885131836,
    -1.8771501779556274,
    -1.878136396408081,
    -1.8795204162597656,
    -1.8804340362548828,
    -1.8814876079559326,
    -1.8833500146865845,
    -1.885735273361206,
    -1.8882169723510742,
    -1.8917720317840576,
    -1.8954083919525146,
    -1.8991448879241943,
    -1.9024168252944946,
    -1.9052919149398804,
    -1.9081352949142456,
    -1.9108362197875977,
    -1.9132400751113892,
    -1.9163330793380737,
    -1.919194221496582,
    -1.9218419790267944,
    -1.9242041110992432,
    -1.9259717464447021,
    -1.9292436838150024,
    -1.9328502416610718,
    -1.9364173412322998,
    -1.9401814937591553,
    -1.9430522918701172,
    -1.9449493885040283,
    -1.9467813968658447,
    -1.948131799697876,
    -1.9485255479812622,
    -1.9487555027008057,
    -1.9498716592788696,
    -1.9519760608673096,
    -1.9536281824111938,
    -1.9549846649169922,
    -1.9563612937927246,
    -1.9578099250793457,
    -1.9592612981796265,
    -1.96132230758667,
    -1.963521122932434,
    -1.9657196998596191,
    -1.967771053314209,
    -1.9696980714797974,
    -1.971590280532837,
    -1.973494052886963,
    -1.9754366874694824,
    -1.97787344455719,
    -1.9819780588150024,
    -1.9870370626449585,
    -1.9922972917556763,
    -1.9975597858428955,
    -2.0028223991394043,
    -2.0081875324249268
  ]
}