{
  "arm": 65,
  "p": 0.306,
  "q": 0.238,
  "whittle": [
    -1.8883566856384277,
    -1.8844709396362305,
    -1.8798789978027344,
    -1.8753204345703125,
    -1.8702147006988525,
    -1.8647392988204956,
    -1.859339952468872,
    -1.8550994396209717,
    -1.8525445461273193,
    -1.849834680557251,
    -1.8472882509231567,
    -1.844821810722351,
    -1.8415027856826782,
    -1.837878942489624,
    -1.8343050479888916,
    -1.8307098150253296,
    -1.8270915746688843,
    -1.823494553565979,
    -1.8199142217636108,
    -1.8162800073623657,
    -1.812554955482483,
    -1.8072360754013062,
    -1.800855040550232,
    -1.7964271306991577,
    -1.7923345565795898,
    -1.7888784408569336,
    -1.7882567644119263,
    -1.7900199890136719,
    -1.791794776916504,
    -1.7927467823028564,
    -1.7932467460632324,
    -1.792708158493042,
    -1.7919883728027344,
    -1.7917062044143677,
    -1.7913917303085327,
    -1.7908647060394287,
    -1.7900649309158325,
    -1.7877390384674072,
    -1.785474419593811,
    -1.783210277557373,
    -1.782408356666565,
    -1.7826125621795654,
    -1.7825675010681152,
    -1.781675934791565,
    -1.780369758605957,
    -1.7796798944473267,
    -1.7791086435317993,
    -1.7796943187713623,
    -1.780086874961853,
    -1.7810523509979248,
    -1.7816942930221558,
    -1.7823565006256104,
    -1.7832530736923218,
    -1.7850250005722046,
    -1.787514090538025,
    -1.790761947631836,
    -1.7941285371780396,
    -1.7973780632019043,
    -1.7999505996704102,
    -1.8027353286743164,
    -1.8054214715957642,
    -1.8078277111053467,
    -1.8107953071594238,
    -1.8138691186904907,
    -1.816860318183899,
    -1.819546103477478,
    -1.821660041809082,
    -1.8234374523162842,
    -1.8252484798431396,
    -1.8287208080291748,
    -1.8319933414459229,
    -1.8347585201263428,
    -1.8366957902908325,
    -1.8383029699325562,
    -1.8399101495742798,
    -1.8404444456100464,
    -1.840503215789795,
    -1.8405362367630005,
    -1.8411823511123657,
    -1.8428397178649902,
    -1.8442105054855347,
    -1.845589280128479,
    -1.8468222618103027,
    -1.8476072549819946,
    -1.8481712341308594,
    -1.8498449325561523,
    -1.8517630100250244,
    -1.8537333011627197,
    -1.8556054830551147,
    -1.8573575019836426,
    -1.8589670658111572,
    -1.860336422920227,
    -1.8617750406265259,
    -1.8644191026687622,
    -1.8684693574905396,
    -1.8731741905212402,
    -1.8780351877212524,
    -1.8828965425491333,
    -1.887774109840393,
    -1.8927470445632935
  ]
}