{
  "arm": 22,
  "p": 0.825,
  "q": 0.781,
  "whittle": [
    -1.950128197669983,
    -1.946250319480896,
    -1.9415839910507202,
    -1.9370704889297485,
    -1.9321918487548828,
    -1.9268683195114136,
    -1.9211289882659912,
    -1.9163209199905396,
    -1.913257360458374,
    -1.9106500148773193,
    -1.9084522724151611,
    -1.9062458276748657,
    -1.9038296937942505,
    -1.9004125595092773,
    -1.8969670534133911,
    -1.8935855627059937,
    -1.890140414237976,
    -1.886695384979248,
    -1.8832504749298096,
    -1.8798398971557617,
    -1.87590754032135,
    -1.8712162971496582,
    -1.865111231803894,
    -1.8609787225723267,
    -1.856942892074585,
    -1.854233741760254,
    -1.8540611267089844,
    -1.8557913303375244,
    -1.8574937582015991,
    -1.858764410018921,
    -1.860032081604004,
    -1.8584535121917725,
    -1.8579424619674683,
    -1.857669472694397,
    -1.8573002815246582,
    -1.857519507408142,
    -1.8561522960662842,
    -1.8546046018600464,
    -1.8523763418197632,
    -1.8502678871154785,
    -1.8494486808776855,
    -1.8493902683258057,
    -1.8492990732192993,
    -1.8483537435531616,
    -1.8468222618103027,
    -1.8462560176849365,
    -1.846850037574768,
    -1.8486167192459106,
    -1.8495891094207764,
    -1.8504620790481567,
    -1.8512794971466064,
    -1.8525081872940063,
    -1.8543779850006104,
    -1.8565618991851807,
    -1.8588658571243286,
    -1.8618003129959106,
    -1.865214467048645,
    -1.8687688112258911,
    -1.8719210624694824,
    -1.874616026878357,
    -1.877468228340149,
    -1.8800103664398193,
    -1.882236361503601,
    -1.885102391242981,
    -1.8880544900894165,
    -1.8909595012664795,
    -1.893154263496399,
    -1.89485502243042,
    -1.896891474723816,
    -1.9003654718399048,
    -1.9037837982177734,
    -1.9072540998458862,
    -1.9097838401794434,
    -1.9121596813201904,
    -1.9138479232788086,
    -1.9155356884002686,
    -1.9165229797363281,
    -1.9167256355285645,
    -1.9171797037124634,
    -1.9184901714324951,
    -1.9200325012207031,
    -1.9214025735855103,
    -1.922666311264038,
    -1.9238296747207642,
    -1.925078272819519,
    -1.927080512046814,
    -1.9291315078735352,
    -1.93118417263031,
    -1.9330025911331177,
    -1.9347847700119019,
    -1.936667799949646,
    -1.9384512901306152,
    -1.9402633905410767,
    -1.9421591758728027,
    -1.9460132122039795,
    -1.9506794214248657,
    -1.9556324481964111,
    -1.960733413696289,
    -1.965834617614746,
    -1.9710603952407837
  ]
}