{
  "arm": 83,
  "p": 0.231,
  "q": 0.192,
  "whittle": [
    -1.828100323677063,
    -1.824173927307129,
    -1.8194931745529175,
    -1.815010666847229,
    -1.8101084232330322,
    -1.8043193817138672,
    -1.7985848188400269,
    -1.7941712141036987,
    -1.7912917137145996,
    -1.7881498336791992,
    -1.7849607467651367,
    -1.7821918725967407,
    -1.7786352634429932,
    -1.774741530418396,
    -1.7708749771118164,
    -1.7670918703079224,
    -1.7631646394729614,
    -1.7592700719833374,
    -1.7553867101669312,
    -1.7516924142837524,
    -1.7477105855941772,
    -1.741819977760315,
    -1.73514986038208,
    -1.7299277782440186,
    -1.7256072759628296,
    -1.7214887142181396,
    -1.71781587600708,
    -1.7184945344924927,
    -1.7199959754943848,
    -1.72040855884552,
    -1.7205207347869873,
    -1.7196406126022339,
    -1.7188291549682617,
    -1.7182787656784058,
    -1.7176531553268433,
    -1.7170531749725342,
    -1.7153011560440063,
    -1.7122374773025513,
    -1.7096844911575317,
    -1.7072919607162476,
    -1.7056142091751099,
    -1.705641746520996,
    -1.7056020498275757,
    -1.7048782110214233,
    -1.7033790349960327,
    -1.7023842334747314,
    -1.701339602470398,
    -1.6992992162704468,
    -1.6984196901321411,
    -1.6989775896072388,
    -1.6993106603622437,
    -1.69966459274292,
    -1.7002936601638794,
    -1.7012040615081787,
    -1.7026891708374023,
    -1.705569863319397,
    -1.7085833549499512,
    -1.7113856077194214,
    -1.7136255502700806,
    -1.7161383628845215,
    -1.7185148000717163,
    -1.7205723524093628,
    -1.722693681716919,
    -1.7251969575881958,
    -1.7275736331939697,
    -1.7299067974090576,
    -1.7316555976867676,
    -1.7332013845443726,
    -1.7345398664474487,
    -1.7364232540130615,
    -1.738806962966919,
    -1.7405428886413574,
    -1.7415939569473267,
    -1.7428686618804932,
    -1.742577075958252,
    -1.74215829372406,
    -1.741761326789856,
    -1.741646409034729,
    -1.7424719333648682,
    -1.7437833547592163,
    -1.7449098825454712,
    -1.746118426322937,
    -1.747208595275879,
    -1.7479771375656128,
    -1.7483949661254883,
    -1.7497762441635132,
    -1.7514036893844604,
    -1.7530313730239868,
    -1.7546155452728271,
    -1.7558237314224243,
    -1.7568939924240112,
    -1.7579721212387085,
    -1.7590739727020264,
    -1.762405276298523,
    -1.7667419910430908,
    -1.7712198495864868,
    -1.7756984233856201,
    -1.7801766395568848,
    -1.784654974937439,
    -1.7892024517059326
  ]
}