{
  "arm": 50,
  "p": 0.738,
  "q": 0.347,
  "whittle": [
    -2.004214286804199,
    -2.0004706382751465,
    -1.995840311050415,
    -1.9914294481277466,
    -1.9868671894073486,
    -1.9817005395889282,
    -1.9760042428970337,
    -1.9716057777404785,
    -1.9684476852416992,
    -1.9657896757125854,
    -1.9635450839996338,
    -1.9613282680511475,
    -1.9587801694869995,
    -1.9552640914916992,
    -1.951777458190918,
    -1.9482810497283936,
    -1.9447656869888306,
    -1.9412505626678467,
    -1.9377353191375732,
    -1.9341421127319336,
    -1.9299812316894531,
    -1.9245891571044922,
    -1.9181883335113525,
    -1.9128953218460083,
    -1.9086170196533203,
    -1.9052380323410034,
    -1.9041938781738281,
    -1.9036147594451904,
    -1.9056378602981567,
    -1.906712293624878,
    -1.9073054790496826,
    -1.9065446853637695,
    -1.9054232835769653,
    -1.9049980640411377,
    -1.904603362083435,
    -1.9041125774383545,
    -1.9030845165252686,
    -1.9011996984481812,
    -1.8988302946090698,
    -1.89659583568573,
    -1.8947409391403198,
    -1.8947556018829346,
    -1.8941606283187866,
    -1.8930976390838623,
    -1.8917465209960938,
    -1.8910818099975586,
    -1.8911925554275513,
    -1.892652153968811,
    -1.8929393291473389,
    -1.8930144309997559,
    -1.8936285972595215,
    -1.8943850994110107,
    -1.8956189155578613,
    -1.8976569175720215,
    -1.8998527526855469,
    -1.9020200967788696,
    -1.9049592018127441,
    -1.908388614654541,
    -1.9110193252563477,
    -1.9135971069335938,
    -1.9165546894073486,
    -1.9190702438354492,
    -1.9211766719818115,
    -1.9235647916793823,
    -1.926518440246582,
    -1.9294862747192383,
    -1.9318550825119019,
    -1.9337959289550781,
    -1.9353810548782349,
    -1.9386855363845825,
    -1.9420199394226074,
    -1.944977045059204,
    -1.9474021196365356,
    -1.9498273134231567,
    -1.9515912532806396,
    -1.9526495933532715,
    -1.9528204202651978,
    -1.9529727697372437,
    -1.9531197547912598,
    -1.9532544612884521,
    -1.9543365240097046,
    -1.9555795192718506,
    -1.9567875862121582,
    -1.9576189517974854,
    -1.958250880241394,
    -1.960115909576416,
    -1.9621003866195679,
    -1.9640874862670898,
    -1.9660522937774658,
    -1.967786431312561,
    -1.969443440437317,
    -1.9711635112762451,
    -1.9729037284851074,
    -1.9752458333969116,
    -1.979042887687683,
    -1.9827603101730347,
    -1.9874305725097656,
    -1.9924875497817993,
    -1.9975581169128418,
    -2.002765417098999
  ]
}