{
  "arm": 78,
  "p": 0.856,
  "q": 0.623,
  "whittle": [
    -1.94862961769104,
    -1.9446702003479004,
    -1.9398924112319946,
    -1.9353445768356323,
    -1.930378794670105,
    -1.925139307975769,
    -1.9193834066390991,
    -1.9143496751785278,
    -1.9109923839569092,
    -1.9084105491638184,
    -1.9062138795852661,
    -1.9040193557739258,
    -1.9010645151138306,
    -1.8976503610610962,
    -1.894210696220398,
    -1.8907909393310547,
    -1.8873560428619385,
    -1.8839212656021118,
    -1.88050377368927,
    -1.8772499561309814,
    -1.873404622077942,
    -1.8689050674438477,
    -1.8630746603012085,
    -1.8589695692062378,
    -1.8549957275390625,
    -1.8528014421463013,
    -1.853266716003418,
    -1.8553967475891113,
    -1.8572754859924316,
    -1.8588955402374268,
    -1.8600914478302002,
    -1.8593871593475342,
    -1.8589959144592285,
    -1.8587762117385864,
    -1.8585896492004395,
    -1.8592101335525513,
    -1.8581492900848389,
    -1.8566480875015259,
    -1.8544567823410034,
    -1.8524380922317505,
    -1.8524478673934937,
    -1.8525007963180542,
    -1.8526841402053833,
    -1.8522346019744873,
    -1.850943684577942,
    -1.8504319190979004,
    -1.85118567943573,
    -1.8530426025390625,
    -1.8538910150527954,
    -1.8547652959823608,
    -1.8557379245758057,
    -1.856940746307373,
    -1.8588780164718628,
    -1.861138939857483,
    -1.8634939193725586,
    -1.8666330575942993,
    -1.8700884580612183,
    -1.873671531677246,
    -1.876745581626892,
    -1.8794938325881958,
    -1.8821611404418945,
    -1.8847562074661255,
    -1.8869438171386719,
    -1.8897243738174438,
    -1.8925803899765015,
    -1.8954174518585205,
    -1.8977744579315186,
    -1.8994868993759155,
    -1.9020309448242188,
    -1.9056018590927124,
    -1.9090641736984253,
    -1.9123902320861816,
    -1.91495680809021,
    -1.916919469833374,
    -1.9186519384384155,
    -1.9203848838806152,
    -1.9216864109039307,
    -1.9219344854354858,
    -1.922446370124817,
    -1.9239790439605713,
    -1.9255092144012451,
    -1.926913857460022,
    -1.9282292127609253,
    -1.9293525218963623,
    -1.9304559230804443,
    -1.932497501373291,
    -1.934592843055725,
    -1.9366884231567383,
    -1.9385192394256592,
    -1.9403431415557861,
    -1.9421424865722656,
    -1.9439654350280762,
    -1.945807695388794,
    -1.9477893114089966,
    -1.9515901803970337,
    -1.9562968015670776,
    -1.961381196975708,
    -1.9665212631225586,
    -1.9716614484786987,
    -1.9769278764724731
  ]
}