{
  "arm": 53,
  "p": 0.438,
  "q": 0.12,
  "whittle": [
    -1.9428012371063232,
    -1.9388058185577393,
    -1.9341939687728882,
    -1.9297291040420532,
    -1.9248378276824951,
    -1.9195582866668701,
    -1.9145833253860474,
    -1.9101201295852661,
    -1.9076030254364014,
    -1.9049253463745117,
    -1.902527928352356,
    -1.900141716003418,
    -1.896835446357727,
    -1.8932442665100098,
    -1.8897168636322021,
    -1.8861098289489746,
    -1.8825187683105469,
    -1.878943920135498,
    -1.8753727674484253,
    -1.8717697858810425,
    -1.8678998947143555,
    -1.8627344369888306,
    -1.856332778930664,
    -1.8514498472213745,
    -1.8472455739974976,
    -1.8442308902740479,
    -1.8431576490402222,
    -1.8444045782089233,
    -1.8463679552078247,
    -1.8471792936325073,
    -1.8478434085845947,
    -1.8477063179016113,
    -1.8471988439559937,
    -1.8468838930130005,
    -1.8464252948760986,
    -1.8457863330841064,
    -1.8450757265090942,
    -1.842791199684143,
    -1.84048593044281,
    -1.838196873664856,
    -1.8365060091018677,
    -1.8369348049163818,
    -1.8366498947143555,
    -1.8355685472488403,
    -1.834457516670227,
    -1.8337522745132446,
    -1.8330473899841309,
    -1.8332093954086304,
    -1.8334376811981201,
    -1.8336948156356812,
    -1.8342822790145874,
    -1.834891676902771,
    -1.8357691764831543,
    -1.8372747898101807,
    -1.8393687009811401,
    -1.8414974212646484,
    -1.8448001146316528,
    -1.8479293584823608,
    -1.8504728078842163,
    -1.8531625270843506,
    -1.8559656143188477,
    -1.8583542108535767,
    -1.8607378005981445,
    -1.8633449077606201,
    -1.8661352396011353,
    -1.868818759918213,
    -1.871078372001648,
    -1.8729780912399292,
    -1.8746337890625,
    -1.8779642581939697,
    -1.8812814950942993,
    -1.8839105367660522,
    -1.886293649673462,
    -1.8879770040512085,
    -1.8895792961120605,
    -1.8904025554656982,
    -1.8905022144317627,
    -1.890645980834961,
    -1.890987753868103,
    -1.8917752504348755,
    -1.893173098564148,
    -1.8945423364639282,
    -1.8956884145736694,
    -1.8963581323623657,
    -1.8969018459320068,
    -1.8985332250595093,
    -1.9004645347595215,
    -1.9023956060409546,
    -1.9043292999267578,
    -1.9061241149902344,
    -1.9077742099761963,
    -1.909333348274231,
    -1.9109011888504028,
    -1.9137338399887085,
    -1.9173481464385986,
    -1.9219931364059448,
    -1.9269384145736694,
    -1.9318840503692627,
    -1.9368293285369873,
    -1.9418693780899048
  ]
}