{
  "arm": 5,
  "p": 0.4,
  "q": 0.278,
  "whittle": [
    -1.9815155267715454,
    -1.977723479270935,
    -1.9731338024139404,
    -1.9689488410949707,
    -1.9641568660736084,
    -1.9587106704711914,
    -1.9530060291290283,
    -1.9482815265655518,
    -1.94528067111969,
    -1.9425506591796875,
    -1.940023422241211,
    -1.937556505203247,
    -1.9343678951263428,
    -1.9307419061660767,
    -1.927135705947876,
    -1.9234744310379028,
    -1.9198269844055176,
    -1.9162033796310425,
    -1.9125802516937256,
    -1.9089140892028809,
    -1.9044867753982544,
    -1.899268627166748,
    -1.8927793502807617,
    -1.8875364065170288,
    -1.8832048177719116,
    -1.8797293901443481,
    -1.8785666227340698,
    -1.8784457445144653,
    -1.8802696466445923,
    -1.8810765743255615,
    -1.8815909624099731,
    -1.8812317848205566,
    -1.8808917999267578,
    -1.880427360534668,
    -1.8799160718917847,
    -1.8791126012802124,
    -1.8780285120010376,
    -1.875681757926941,
    -1.8732421398162842,
    -1.870821475982666,
    -1.869012713432312,
    -1.8686997890472412,
    -1.8680416345596313,
    -1.8669224977493286,
    -1.8659777641296387,
    -1.8651858568191528,
    -1.864393949508667,
    -1.8644256591796875,
    -1.8643544912338257,
    -1.8642879724502563,
    -1.8647524118423462,
    -1.8652396202087402,
    -1.865859031677246,
    -1.867478847503662,
    -1.8695263862609863,
    -1.871509075164795,
    -1.8738864660263062,
    -1.877001404762268,
    -1.879370093345642,
    -1.8818883895874023,
    -1.8846250772476196,
    -1.8868670463562012,
    -1.889012098312378,
    -1.8909001350402832,
    -1.8934919834136963,
    -1.8960565328598022,
    -1.8980563879013062,
    -1.8998757600784302,
    -1.9013397693634033,
    -1.903849720954895,
    -1.9069852828979492,
    -1.909559726715088,
    -1.9110075235366821,
    -1.9124550819396973,
    -1.9131474494934082,
    -1.9130284786224365,
    -1.9129846096038818,
    -1.9128450155258179,
    -1.9129037857055664,
    -1.9127322435379028,
    -1.9136474132537842,
    -1.9148613214492798,
    -1.9158928394317627,
    -1.916505217552185,
    -1.916902780532837,
    -1.9184902906417847,
    -1.9202818870544434,
    -1.9220728874206543,
    -1.9238505363464355,
    -1.9255143404006958,
    -1.9270446300506592,
    -1.9284712076187134,
    -1.9298725128173828,
    -1.9323225021362305,
    -1.9358247518539429,
    -1.9393274784088135,
    -1.9440475702285767,
    -1.9488916397094727,
    -1.9537354707717896,
    -1.958680272102356
  ]
}