{
  "arm": 51,
  "p": 0.238,
  "q": 0.614,
  "whittle": [
    -1.8604800701141357,
    -1.8565534353256226,
    -1.8520188331604004,
    -1.8473448753356934,
    -1.8423242568969727,
    -1.8363685607910156,
    -1.8304939270019531,
    -1.8255435228347778,
    -1.8225675821304321,
    -1.8195613622665405,
    -1.8164881467819214,
    -1.813802719116211,
    -1.8106831312179565,
    -1.8068870306015015,
    -1.803086519241333,
    -1.7993755340576172,
    -1.7955600023269653,
    -1.7917578220367432,
    -1.7879561185836792,
    -1.7842872142791748,
    -1.7797316312789917,
    -1.7742955684661865,
    -1.76768159866333,
    -1.762668490409851,
    -1.7583680152893066,
    -1.754280924797058,
    -1.750502586364746,
    -1.751070261001587,
    -1.7524429559707642,
    -1.753216028213501,
    -1.7529674768447876,
    -1.7519025802612305,
    -1.7504690885543823,
    -1.7498586177825928,
    -1.7493243217468262,
    -1.74885094165802,
    -1.7467992305755615,
    -1.7440778017044067,
    -1.7414751052856445,
    -1.7390971183776855,
    -1.7375004291534424,
    -1.736751914024353,
    -1.7366646528244019,
    -1.7355012893676758,
    -1.7335790395736694,
    -1.732679843902588,
    -1.7319931983947754,
    -1.7303390502929688,
    -1.7303982973098755,
    -1.7309545278549194,
    -1.7313897609710693,
    -1.7318618297576904,
    -1.7324727773666382,
    -1.7338440418243408,
    -1.7358968257904053,
    -1.7389147281646729,
    -1.7420663833618164,
    -1.7452641725540161,
    -1.7477402687072754,
    -1.7502497434616089,
    -1.753010869026184,
    -1.7551937103271484,
    -1.7577924728393555,
    -1.7606176137924194,
    -1.7633930444717407,
    -1.7657701969146729,
    -1.7676451206207275,
    -1.7692879438400269,
    -1.7705777883529663,
    -1.7720602750778198,
    -1.7748559713363647,
    -1.7778778076171875,
    -1.779832124710083,
    -1.7814699411392212,
    -1.7828037738800049,
    -1.7836602926254272,
    -1.783515453338623,
    -1.7835370302200317,
    -1.7845872640609741,
    -1.7861816883087158,
    -1.7874797582626343,
    -1.788744568824768,
    -1.790042757987976,
    -1.7911052703857422,
    -1.7918992042541504,
    -1.7934927940368652,
    -1.795269250869751,
    -1.7970463037490845,
    -1.7987987995147705,
    -1.8003604412078857,
    -1.8017034530639648,
    -1.8029451370239258,
    -1.8041973114013672,
    -1.8069394826889038,
    -1.811236023902893,
    -1.8158844709396362,
    -1.8205327987670898,
    -1.8251811265945435,
    -1.829829216003418,
    -1.8345613479614258
  ]
}