{
  "arm": 3,
  "p": 0.2,
  "q": 0.456,
  "whittle": [
    -1.8227651119232178,
    -1.8188364505767822,
    -1.8142461776733398,
    -1.809559941291809,
    -1.8043195009231567,
    -1.7984144687652588,
    -1.7925399541854858,
    -1.7877060174942017,
    -1.7847871780395508,
    -1.7817274332046509,
    -1.7786662578582764,
    -1.7759387493133545,
    -1.7726231813430786,
    -1.7687968015670776,
    -1.7649753093719482,
    -1.761285424232483,
    -1.7574462890625,
    -1.753630518913269,
    -1.749824047088623,
    -1.746320366859436,
    -1.7415752410888672,
    -1.736050009727478,
    -1.7294809818267822,
    -1.7245322465896606,
    -1.7202446460723877,
    -1.7162541151046753,
    -1.7125458717346191,
    -1.713771939277649,
    -1.7152307033538818,
    -1.7159537076950073,
    -1.715832233428955,
    -1.7145190238952637,
    -1.7132065296173096,
    -1.7127339839935303,
    -1.712256908416748,
    -1.7118301391601562,
    -1.7100197076797485,
    -1.7071189880371094,
    -1.7046765089035034,
    -1.7025787830352783,
    -1.7016083002090454,
    -1.7015633583068848,
    -1.7016942501068115,
    -1.700613260269165,
    -1.6989028453826904,
    -1.6980644464492798,
    -1.6976412534713745,
    -1.6964348554611206,
    -1.6970890760421753,
    -1.6979351043701172,
    -1.6984586715698242,
    -1.6990057229995728,
    -1.6997840404510498,
    -1.7012978792190552,
    -1.7043569087982178,
    -1.7074532508850098,
    -1.7106753587722778,
    -1.7139241695404053,
    -1.7163784503936768,
    -1.7190462350845337,
    -1.7216285467147827,
    -1.7241506576538086,
    -1.72739839553833,
    -1.7303411960601807,
    -1.7332065105438232,
    -1.7356377840042114,
    -1.737584114074707,
    -1.7392300367355347,
    -1.7406543493270874,
    -1.7431002855300903,
    -1.7462226152420044,
    -1.7491471767425537,
    -1.7512001991271973,
    -1.7527291774749756,
    -1.754131555557251,
    -1.7553324699401855,
    -1.755258560180664,
    -1.755953073501587,
    -1.7574273347854614,
    -1.7588255405426025,
    -1.7601845264434814,
    -1.7615387439727783,
    -1.762907862663269,
    -1.7639577388763428,
    -1.7646673917770386,
    -1.7662845849990845,
    -1.7681092023849487,
    -1.7699335813522339,
    -1.7716929912567139,
    -1.7732402086257935,
    -1.7744988203048706,
    -1.7757813930511475,
    -1.7772555351257324,
    -1.7805380821228027,
    -1.784908413887024,
    -1.7895690202713013,
    -1.7942296266555786,
    -1.7988899946212769,
    -1.8035504817962646,
    -1.8083090782165527
  ]
}