{
  "arm": 37,
  "p": 0.412,
  "q": 0.673,
  "whittle": [
    -1.8135071992874146,
    -1.8094960451126099,
    -1.80502188205719,
    -1.8000894784927368,
    -1.794798731803894,
    -1.7889823913574219,
    -1.783098816871643,
    -1.778356671333313,
    -1.7755231857299805,
    -1.7726415395736694,
    -1.7696778774261475,
    -1.767035722732544,
    -1.7638674974441528,
    -1.7601313591003418,
    -1.7564064264297485,
    -1.7528083324432373,
    -1.7490860223770142,
    -1.7453638315200806,
    -1.7418376207351685,
    -1.7386043071746826,
    -1.7345752716064453,
    -1.7292805910110474,
    -1.7231025695800781,
    -1.7185441255569458,
    -1.7145469188690186,
    -1.7107253074645996,
    -1.7091801166534424,
    -1.711279034614563,
    -1.7126668691635132,
    -1.713549017906189,
    -1.7139660120010376,
    -1.7129788398742676,
    -1.7119096517562866,
    -1.7114298343658447,
    -1.7109289169311523,
    -1.7105563879013062,
    -1.7092552185058594,
    -1.7072290182113647,
    -1.7047160863876343,
    -1.7026854753494263,
    -1.7018365859985352,
    -1.7016093730926514,
    -1.7019407749176025,
    -1.7008693218231201,
    -1.6991021633148193,
    -1.6984366178512573,
    -1.6980773210525513,
    -1.697270393371582,
    -1.6980019807815552,
    -1.699008584022522,
    -1.6995995044708252,
    -1.700232744216919,
    -1.7011487483978271,
    -1.702711820602417,
    -1.705825924873352,
    -1.708967924118042,
    -1.7121919393539429,
    -1.7155144214630127,
    -1.7182466983795166,
    -1.7207505702972412,
    -1.7234058380126953,
    -1.725719690322876,
    -1.7289156913757324,
    -1.7320364713668823,
    -1.734837532043457,
    -1.7372474670410156,
    -1.739241361618042,
    -1.7407680749893188,
    -1.7421674728393555,
    -1.7451790571212769,
    -1.7483482360839844,
    -1.7514934539794922,
    -1.7534945011138916,
    -1.7549769878387451,
    -1.7564018964767456,
    -1.7578184604644775,
    -1.7581831216812134,
    -1.7587934732437134,
    -1.7602882385253906,
    -1.7620453834533691,
    -1.7634692192077637,
    -1.7647844552993774,
    -1.766142725944519,
    -1.767290472984314,
    -1.7681957483291626,
    -1.7699189186096191,
    -1.7717758417129517,
    -1.7736332416534424,
    -1.7753108739852905,
    -1.7769713401794434,
    -1.7784065008163452,
    -1.7797253131866455,
    -1.7813488245010376,
    -1.7842297554016113,
    -1.788740634918213,
    -1.7934256792068481,
    -1.7981109619140625,
    -1.8027962446212769,
    -1.8074959516525269,
    -1.8123070001602173
  ]
}