{
  "arm": 73,
  "p": 0.356,
  "q": 0.712,
  "whittle": [
    -1.8854533433914185,
    -1.881461501121521,
    -1.8770506381988525,
    -1.8722600936889648,
    -1.8670545816421509,
    -1.8612594604492188,
    -1.855468511581421,
    -1.8502964973449707,
    -1.8473342657089233,
    -1.8445426225662231,
    -1.8418352603912354,
    -1.839280366897583,
    -1.8362946510314941,
    -1.8326482772827148,
    -1.8290072679519653,
    -1.8254015445709229,
    -1.8217576742172241,
    -1.818114161491394,
    -1.814477801322937,
    -1.810990333557129,
    -1.806937575340271,
    -1.8017066717147827,
    -1.795230746269226,
    -1.7908151149749756,
    -1.786637783050537,
    -1.782797932624817,
    -1.7808383703231812,
    -1.7824994325637817,
    -1.784014344215393,
    -1.784960150718689,
    -1.78529953956604,
    -1.784167766571045,
    -1.7834964990615845,
    -1.7830580472946167,
    -1.7826073169708252,
    -1.7822859287261963,
    -1.7808071374893188,
    -1.7787586450576782,
    -1.7762497663497925,
    -1.774195671081543,
    -1.7729946374893188,
    -1.772788166999817,
    -1.772843360900879,
    -1.7717814445495605,
    -1.7699859142303467,
    -1.7692514657974243,
    -1.7687100172042847,
    -1.76868736743927,
    -1.7690839767456055,
    -1.7700862884521484,
    -1.7706985473632812,
    -1.7713603973388672,
    -1.7723476886749268,
    -1.774391531944275,
    -1.7767657041549683,
    -1.7799859046936035,
    -1.7832998037338257,
    -1.7866839170455933,
    -1.789494514465332,
    -1.79207444190979,
    -1.7949317693710327,
    -1.7973072528839111,
    -1.8001844882965088,
    -1.8030282258987427,
    -1.805917501449585,
    -1.8084923028945923,
    -1.8105528354644775,
    -1.8122373819351196,
    -1.8136959075927734,
    -1.8166568279266357,
    -1.8199028968811035,
    -1.8231486082077026,
    -1.82547128200531,
    -1.8273404836654663,
    -1.828871250152588,
    -1.8303501605987549,
    -1.8306723833084106,
    -1.8307054042816162,
    -1.832107424736023,
    -1.83391535282135,
    -1.8353707790374756,
    -1.8367109298706055,
    -1.8378888368606567,
    -1.8390473127365112,
    -1.8400193452835083,
    -1.8418266773223877,
    -1.8437813520431519,
    -1.845735788345337,
    -1.8475487232208252,
    -1.8492857217788696,
    -1.850939393043518,
    -1.8525251150131226,
    -1.8539530038833618,
    -1.8562533855438232,
    -1.86065673828125,
    -1.8654884099960327,
    -1.870331883430481,
    -1.8751758337020874,
    -1.8800251483917236,
    -1.8849965333938599
  ]
}