{
  "arm": 81,
  "p": 0.331,
  "q": 0.37,
  "whittle": [
    -1.9567357301712036,
    -1.9523541927337646,
    -1.947715163230896,
    -1.9433919191360474,
    -1.9386004209518433,
    -1.93337082862854,
    -1.928714632987976,
    -1.924881935119629,
    -1.9225112199783325,
    -1.9202747344970703,
    -1.9182530641555786,
    -1.9162671566009521,
    -1.9131617546081543,
    -1.9099153280258179,
    -1.906650185585022,
    -1.9032678604125977,
    -1.900007724761963,
    -1.8967546224594116,
    -1.8935495615005493,
    -1.8902589082717896,
    -1.8864332437515259,
    -1.882128119468689,
    -1.8768154382705688,
    -1.8725495338439941,
    -1.869803786277771,
    -1.8699753284454346,
    -1.87057626247406,
    -1.8728888034820557,
    -1.875288724899292,
    -1.8770326375961304,
    -1.8778579235076904,
    -1.8786884546279907,
    -1.8786314725875854,
    -1.8786355257034302,
    -1.8787082433700562,
    -1.8792859315872192,
    -1.878537893295288,
    -1.8766459226608276,
    -1.8746685981750488,
    -1.872986078262329,
    -1.8736451864242554,
    -1.8739805221557617,
    -1.8742965459823608,
    -1.8732351064682007,
    -1.8721280097961426,
    -1.8718994855880737,
    -1.8740465641021729,
    -1.875597596168518,
    -1.8767039775848389,
    -1.878047227859497,
    -1.8790295124053955,
    -1.8801908493041992,
    -1.8816983699798584,
    -1.8840328454971313,
    -1.8866956233978271,
    -1.890318512916565,
    -1.8940658569335938,
    -1.8978639841079712,
    -1.9007939100265503,
    -1.9038832187652588,
    -1.9067267179489136,
    -1.9095075130462646,
    -1.9125101566314697,
    -1.915584921836853,
    -1.9186457395553589,
    -1.92167067527771,
    -1.9241214990615845,
    -1.9265074729919434,
    -1.9302217960357666,
    -1.9340420961380005,
    -1.9377131462097168,
    -1.9412246942520142,
    -1.943969964981079,
    -1.9462363719940186,
    -1.9481532573699951,
    -1.9497029781341553,
    -1.9501841068267822,
    -1.9506537914276123,
    -1.9515380859375,
    -1.9535765647888184,
    -1.9552295207977295,
    -1.9566794633865356,
    -1.9581871032714844,
    -1.9594228267669678,
    -1.9604169130325317,
    -1.9624903202056885,
    -1.9647696018218994,
    -1.9670485258102417,
    -1.9692052602767944,
    -1.9712083339691162,
    -1.9730569124221802,
    -1.9749163389205933,
    -1.9769172668457031,
    -1.9799951314926147,
    -1.9840949773788452,
    -1.9890698194503784,
    -1.994382381439209,
    -1.9997131824493408,
    -2.00504469871521,
    -2.010464668273926
  ]
}