{
  "arm": 92,
  "p": 0.681,
  "q": 0.222,
  "whittle": [
    -1.8636176586151123,
    -1.8597056865692139,
    -1.8550760746002197,
    -1.8503174781799316,
    -1.845344066619873,
    -1.8400312662124634,
    -1.8348947763442993,
    -1.830336093902588,
    -1.8276100158691406,
    -1.8248000144958496,
    -1.8221381902694702,
    -1.8196154832839966,
    -1.8166534900665283,
    -1.8129472732543945,
    -1.809321641921997,
    -1.8057626485824585,
    -1.8020823001861572,
    -1.7984015941619873,
    -1.794721245765686,
    -1.7910834550857544,
    -1.787441372871399,
    -1.781718373298645,
    -1.7752660512924194,
    -1.7703615427017212,
    -1.766212821006775,
    -1.7623718976974487,
    -1.7605764865875244,
    -1.7621403932571411,
    -1.7639778852462769,
    -1.7648017406463623,
    -1.7653273344039917,
    -1.764491081237793,
    -1.7634292840957642,
    -1.7629528045654297,
    -1.762585997581482,
    -1.7621991634368896,
    -1.7613614797592163,
    -1.7593464851379395,
    -1.756995439529419,
    -1.7547457218170166,
    -1.7540873289108276,
    -1.7544296979904175,
    -1.754376769065857,
    -1.7533689737319946,
    -1.7521942853927612,
    -1.7514554262161255,
    -1.7508732080459595,
    -1.7518373727798462,
    -1.7521086931228638,
    -1.7530360221862793,
    -1.7536512613296509,
    -1.7542908191680908,
    -1.755329966545105,
    -1.7571011781692505,
    -1.7594735622406006,
    -1.76268470287323,
    -1.7659611701965332,
    -1.769219160079956,
    -1.7717585563659668,
    -1.7742995023727417,
    -1.7770044803619385,
    -1.7793735265731812,
    -1.7820115089416504,
    -1.7847809791564941,
    -1.7875115871429443,
    -1.7901540994644165,
    -1.792470932006836,
    -1.7942063808441162,
    -1.795982837677002,
    -1.7994177341461182,
    -1.8026808500289917,
    -1.8052775859832764,
    -1.8075401782989502,
    -1.8091200590133667,
    -1.8106651306152344,
    -1.8119893074035645,
    -1.8120182752609253,
    -1.8119566440582275,
    -1.813055396080017,
    -1.8146389722824097,
    -1.8161441087722778,
    -1.8175244331359863,
    -1.818729281425476,
    -1.819421410560608,
    -1.8199633359909058,
    -1.8216885328292847,
    -1.8236268758773804,
    -1.8255656957626343,
    -1.827405571937561,
    -1.8291246891021729,
    -1.8307784795761108,
    -1.8321937322616577,
    -1.8336021900177002,
    -1.836222767829895,
    -1.8406291007995605,
    -1.8453468084335327,
    -1.8501551151275635,
    -1.8549635410308838,
    -1.8598006963729858,
    -1.8647465705871582
  ]
}