{
  "arm": 8,
  "p": 0.55,
  "q": 0.13,
  "whittle": [
    -1.869774341583252,
    -1.8658868074417114,
    -1.8611823320388794,
    -1.8569594621658325,
    -1.8519762754440308,
    -1.8465758562088013,
    -1.8412951231002808,
    -1.8366881608963013,
    -1.8340662717819214,
    -1.831128478050232,
    -1.828157663345337,
    -1.8255863189697266,
    -1.8218530416488647,
    -1.8180797100067139,
    -1.8143738508224487,
    -1.8106592893600464,
    -1.8068958520889282,
    -1.8031325340270996,
    -1.7995808124542236,
    -1.7962398529052734,
    -1.792566180229187,
    -1.7873234748840332,
    -1.7809146642684937,
    -1.7759361267089844,
    -1.7716965675354004,
    -1.7677191495895386,
    -1.7660101652145386,
    -1.7672816514968872,
    -1.7689846754074097,
    -1.7696106433868408,
    -1.7700674533843994,
    -1.7694463729858398,
    -1.768926978111267,
    -1.76835298538208,
    -1.7678450345993042,
    -1.7673656940460205,
    -1.7665194272994995,
    -1.7641816139221191,
    -1.7616883516311646,
    -1.759331226348877,
    -1.7574585676193237,
    -1.7574381828308105,
    -1.7572275400161743,
    -1.7564404010772705,
    -1.7557274103164673,
    -1.7548131942749023,
    -1.7539044618606567,
    -1.7523404359817505,
    -1.7520701885223389,
    -1.751961350440979,
    -1.752348780632019,
    -1.7527542114257812,
    -1.753421425819397,
    -1.7546217441558838,
    -1.7563703060150146,
    -1.7582132816314697,
    -1.7610777616500854,
    -1.7639403343200684,
    -1.766205072402954,
    -1.76853609085083,
    -1.7709908485412598,
    -1.773093342781067,
    -1.7752647399902344,
    -1.776996374130249,
    -1.7792843580245972,
    -1.7816723585128784,
    -1.7837027311325073,
    -1.7853199243545532,
    -1.7866390943527222,
    -1.7888318300247192,
    -1.7913379669189453,
    -1.792894721031189,
    -1.7940469980239868,
    -1.7953568696975708,
    -1.7966217994689941,
    -1.7962942123413086,
    -1.7959307432174683,
    -1.7955580949783325,
    -1.795520305633545,
    -1.7960050106048584,
    -1.797021508216858,
    -1.7981579303741455,
    -1.79922616481781,
    -1.799567461013794,
    -1.799835205078125,
    -1.801215648651123,
    -1.8028894662857056,
    -1.804563045501709,
    -1.8061598539352417,
    -1.8074827194213867,
    -1.8085986375808716,
    -1.8097469806671143,
    -1.8109126091003418,
    -1.813386082649231,
    -1.8171111345291138,
    -1.821530818939209,
    -1.8260921239852905,
    -1.8306536674499512,
    -1.8352149724960327,
    -1.8398860692977905
  ]
}