{
  "arm": 0,
  "p": 0.5,
  "q": 0.367,
  "whittle": [
    -1.9425959587097168,
    -1.938732624053955,
    -1.9340990781784058,
    -1.9296045303344727,
    -1.9247702360153198,
    -1.9192068576812744,
    -1.9133318662643433,
    -1.9081368446350098,
    -1.90487802028656,
    -1.9020200967788696,
    -1.8992332220077515,
    -1.8966305255889893,
    -1.8937944173812866,
    -1.8900537490844727,
    -1.8863245248794556,
    -1.8826305866241455,
    -1.8788864612579346,
    -1.875144362449646,
    -1.8714020252227783,
    -1.8676179647445679,
    -1.8630706071853638,
    -1.8573449850082397,
    -1.8507555723190308,
    -1.8452022075653076,
    -1.8407725095748901,
    -1.8365930318832397,
    -1.8339290618896484,
    -1.833083152770996,
    -1.834378957748413,
    -1.8351647853851318,
    -1.8352428674697876,
    -1.8344123363494873,
    -1.833100438117981,
    -1.8324991464614868,
    -1.832014799118042,
    -1.831349492073059,
    -1.829500675201416,
    -1.8272675275802612,
    -1.8247063159942627,
    -1.8223103284835815,
    -1.8205537796020508,
    -1.8199840784072876,
    -1.8193565607070923,
    -1.8183567523956299,
    -1.8168903589248657,
    -1.8160487413406372,
    -1.8152072429656982,
    -1.8145490884780884,
    -1.8146374225616455,
    -1.814857006072998,
    -1.8153133392333984,
    -1.815801978111267,
    -1.8164981603622437,
    -1.818304181098938,
    -1.820329189300537,
    -1.82249915599823,
    -1.825697660446167,
    -1.8289395570755005,
    -1.8313372135162354,
    -1.8337719440460205,
    -1.836702585220337,
    -1.8390247821807861,
    -1.8413206338882446,
    -1.8438745737075806,
    -1.8467228412628174,
    -1.849609136581421,
    -1.8516371250152588,
    -1.853498935699463,
    -1.854910135269165,
    -1.8570101261138916,
    -1.8601516485214233,
    -1.8628655672073364,
    -1.865032434463501,
    -1.8665010929107666,
    -1.8679695129394531,
    -1.868408441543579,
    -1.8683327436447144,
    -1.8680580854415894,
    -1.868269443511963,
    -1.8691898584365845,
    -1.8705145120620728,
    -1.8717429637908936,
    -1.8729008436203003,
    -1.8736276626586914,
    -1.8741453886032104,
    -1.8757915496826172,
    -1.8776620626449585,
    -1.8795361518859863,
    -1.881369709968567,
    -1.883036732673645,
    -1.8845769166946411,
    -1.8860769271850586,
    -1.887449026107788,
    -1.889631986618042,
    -1.8931323289871216,
    -1.8975794315338135,
    -1.9023923873901367,
    -1.9072052240371704,
    -1.912018060684204,
    -1.916924238204956
  ]
}