{
  "arm": 36,
  "p": 0.613,
  "q": 0.406,
  "whittle": [
    -1.8822752237319946,
    -1.8784289360046387,
    -1.8737735748291016,
    -1.8689883947372437,
    -1.863985300064087,
    -1.858575701713562,
    -1.8530220985412598,
    -1.8485279083251953,
    -1.8457623720169067,
    -1.8429933786392212,
    -1.8405042886734009,
    -1.8380011320114136,
    -1.8350507020950317,
    -1.8314131498336792,
    -1.8278156518936157,
    -1.8242597579956055,
    -1.820642352104187,
    -1.8170247077941895,
    -1.8134081363677979,
    -1.8099291324615479,
    -1.806103229522705,
    -1.8007209300994873,
    -1.7944040298461914,
    -1.7899566888809204,
    -1.7858545780181885,
    -1.7820731401443481,
    -1.7811249494552612,
    -1.7829316854476929,
    -1.784692406654358,
    -1.7856651544570923,
    -1.786326289176941,
    -1.7848310470581055,
    -1.7836257219314575,
    -1.7832037210464478,
    -1.7828093767166138,
    -1.7824974060058594,
    -1.7814515829086304,
    -1.779543161392212,
    -1.7771662473678589,
    -1.7749418020248413,
    -1.773550033569336,
    -1.773635983467102,
    -1.7735240459442139,
    -1.7722700834274292,
    -1.7709089517593384,
    -1.770204782485962,
    -1.7697019577026367,
    -1.7712466716766357,
    -1.771929144859314,
    -1.772992491722107,
    -1.7736402750015259,
    -1.77432382106781,
    -1.7755955457687378,
    -1.7776260375976562,
    -1.780375361442566,
    -1.7836315631866455,
    -1.7869699001312256,
    -1.7903668880462646,
    -1.7930212020874023,
    -1.795601725578308,
    -1.7984249591827393,
    -1.8008378744125366,
    -1.803888201713562,
    -1.8067046403884888,
    -1.8096405267715454,
    -1.812381386756897,
    -1.8145931959152222,
    -1.816299557685852,
    -1.8178435564041138,
    -1.8211984634399414,
    -1.8244768381118774,
    -1.8273463249206543,
    -1.8297168016433716,
    -1.8317612409591675,
    -1.8333104848861694,
    -1.8348232507705688,
    -1.835048794746399,
    -1.835074782371521,
    -1.8360425233840942,
    -1.8376576900482178,
    -1.8391947746276855,
    -1.8405494689941406,
    -1.8417491912841797,
    -1.8426519632339478,
    -1.8433549404144287,
    -1.8451241254806519,
    -1.8470206260681152,
    -1.8489998579025269,
    -1.8508527278900146,
    -1.8526159524917603,
    -1.8542933464050293,
    -1.855890154838562,
    -1.8573403358459473,
    -1.8595914840698242,
    -1.8640280961990356,
    -1.8686639070510864,
    -1.8735308647155762,
    -1.8784143924713135,
    -1.883315920829773,
    -1.8883163928985596
  ]
}