{
  "arm": 32,
  "p": 0.513,
  "q": 0.288,
  "whittle": [
    -2.00134539604187,
    -1.9972294569015503,
    -1.992948293685913,
    -1.9887585639953613,
    -1.9839812517166138,
    -1.97878897190094,
    -1.973836064338684,
    -1.9695333242416382,
    -1.967035174369812,
    -1.9644707441329956,
    -1.9622238874435425,
    -1.9600292444229126,
    -1.9568556547164917,
    -1.953416347503662,
    -1.9499976634979248,
    -1.9464718103408813,
    -1.9430304765701294,
    -1.9395891427993774,
    -1.936147689819336,
    -1.9326399564743042,
    -1.9286195039749146,
    -1.9239310026168823,
    -1.9186432361602783,
    -1.9141205549240112,
    -1.910003423690796,
    -1.9089224338531494,
    -1.9088799953460693,
    -1.9105607271194458,
    -1.9125889539718628,
    -1.9140591621398926,
    -1.9148296117782593,
    -1.9153809547424316,
    -1.9167424440383911,
    -1.9165133237838745,
    -1.9162360429763794,
    -1.9164754152297974,
    -1.9152854681015015,
    -1.9131988286972046,
    -1.9108362197875977,
    -1.9085979461669922,
    -1.9066466093063354,
    -1.9066661596298218,
    -1.9059417247772217,
    -1.9048538208007812,
    -1.9041738510131836,
    -1.9034942388534546,
    -1.902814507484436,
    -1.9025959968566895,
    -1.902519941329956,
    -1.9020627737045288,
    -1.9023514986038208,
    -1.902933120727539,
    -1.9036681652069092,
    -1.9052776098251343,
    -1.9073313474655151,
    -1.9093818664550781,
    -1.9114893674850464,
    -1.913699746131897,
    -1.916139006614685,
    -1.9186354875564575,
    -1.9213875532150269,
    -1.9237024784088135,
    -1.926078200340271,
    -1.9281002283096313,
    -1.9301848411560059,
    -1.9321085214614868,
    -1.9340791702270508,
    -1.9358810186386108,
    -1.9373770952224731,
    -1.9404376745224,
    -1.9432729482650757,
    -1.94538414478302,
    -1.946890950202942,
    -1.9483979940414429,
    -1.9484888315200806,
    -1.9484258890151978,
    -1.948561429977417,
    -1.948728322982788,
    -1.9488035440444946,
    -1.9487055540084839,
    -1.9483579397201538,
    -1.9494608640670776,
    -1.9505252838134766,
    -1.9511806964874268,
    -1.9516159296035767,
    -1.953284502029419,
    -1.9551342725753784,
    -1.9569836854934692,
    -1.9587748050689697,
    -1.960366129875183,
    -1.9618051052093506,
    -1.96324622631073,
    -1.964929461479187,
    -1.967596411705017,
    -1.9711753129959106,
    -1.9747540950775146,
    -1.9788750410079956,
    -1.9837968349456787,
    -1.9887179136276245,
    -1.9937511682510376
  ]
}