{
  "arm": 63,
  "p": 0.106,
  "q": 0.416,
  "whittle": [
    -1.8445332050323486,
    -1.8404706716537476,
    -1.8358608484268188,
    -1.831286907196045,
    -1.826093077659607,
    -1.8202956914901733,
    -1.8151613473892212,
    -1.8114869594573975,
    -1.8087211847305298,
    -1.8058675527572632,
    -1.8029756546020508,
    -1.800403356552124,
    -1.797094702720642,
    -1.7934041023254395,
    -1.7897307872772217,
    -1.7861253023147583,
    -1.7824217081069946,
    -1.7787460088729858,
    -1.7750829458236694,
    -1.7718024253845215,
    -1.7678217887878418,
    -1.7629183530807495,
    -1.756656527519226,
    -1.7519896030426025,
    -1.747924566268921,
    -1.7440744638442993,
    -1.743074655532837,
    -1.744821548461914,
    -1.7463864088058472,
    -1.7474173307418823,
    -1.747599482536316,
    -1.7472803592681885,
    -1.7473092079162598,
    -1.7469475269317627,
    -1.7465343475341797,
    -1.746179461479187,
    -1.7447209358215332,
    -1.7421811819076538,
    -1.7398242950439453,
    -1.7375805377960205,
    -1.7368524074554443,
    -1.7366422414779663,
    -1.7367156744003296,
    -1.7358815670013428,
    -1.734195590019226,
    -1.7333906888961792,
    -1.7328195571899414,
    -1.7310513257980347,
    -1.731210708618164,
    -1.7320451736450195,
    -1.7325793504714966,
    -1.733132243156433,
    -1.733899474143982,
    -1.7350883483886719,
    -1.736756682395935,
    -1.7396904230117798,
    -1.7429097890853882,
    -1.7460963726043701,
    -1.748534917831421,
    -1.7512682676315308,
    -1.7537592649459839,
    -1.756008505821228,
    -1.7584246397018433,
    -1.7614413499832153,
    -1.7639740705490112,
    -1.76628839969635,
    -1.7682216167449951,
    -1.7698569297790527,
    -1.7713069915771484,
    -1.7743123769760132,
    -1.7774244546890259,
    -1.7797800302505493,
    -1.781098484992981,
    -1.7825560569763184,
    -1.78336763381958,
    -1.783189296722412,
    -1.783089280128479,
    -1.783148169517517,
    -1.783954381942749,
    -1.7854105234146118,
    -1.7866147756576538,
    -1.7879482507705688,
    -1.7892824411392212,
    -1.7901761531829834,
    -1.79082190990448,
    -1.7923930883407593,
    -1.7942004203796387,
    -1.7960076332092285,
    -1.797808051109314,
    -1.7994208335876465,
    -1.8008042573928833,
    -1.802046775817871,
    -1.8033260107040405,
    -1.8066524267196655,
    -1.8112211227416992,
    -1.8158940076828003,
    -1.82056725025177,
    -1.8252402544021606,
    -1.8299131393432617,
    -1.8346632719039917
  ]
}