{
  "arm": 38,
  "p": 0.812,
  "q": 0.228,
  "whittle": [
    -1.8438011407852173,
    -1.8398138284683228,
    -1.8351351022720337,
    -1.8305357694625854,
    -1.8254969120025635,
    -1.8200711011886597,
    -1.8150964975357056,
    -1.8104465007781982,
    -1.8074445724487305,
    -1.8044449090957642,
    -1.80141019821167,
    -1.7987899780273438,
    -1.7957674264907837,
    -1.7919563055038452,
    -1.7882169485092163,
    -1.7845975160598755,
    -1.7807945013046265,
    -1.776991844177246,
    -1.7734191417694092,
    -1.7699899673461914,
    -1.7662416696548462,
    -1.7608258724212646,
    -1.7542481422424316,
    -1.7493129968643188,
    -1.745150089263916,
    -1.7412031888961792,
    -1.738202452659607,
    -1.7393985986709595,
    -1.74103581905365,
    -1.741849660873413,
    -1.7419835329055786,
    -1.7413270473480225,
    -1.7394447326660156,
    -1.7388384342193604,
    -1.738243818283081,
    -1.7376933097839355,
    -1.7367204427719116,
    -1.734620451927185,
    -1.73212730884552,
    -1.729723334312439,
    -1.7280198335647583,
    -1.7282558679580688,
    -1.7280683517456055,
    -1.727339744567871,
    -1.7260586023330688,
    -1.7251611948013306,
    -1.724395513534546,
    -1.7232452630996704,
    -1.722731113433838,
    -1.7226721048355103,
    -1.7231152057647705,
    -1.7235866785049438,
    -1.7243294715881348,
    -1.7257585525512695,
    -1.7275675535202026,
    -1.7297290563583374,
    -1.7327814102172852,
    -1.7358852624893188,
    -1.7382261753082275,
    -1.7405866384506226,
    -1.7432876825332642,
    -1.7454959154129028,
    -1.7477359771728516,
    -1.750087857246399,
    -1.7526261806488037,
    -1.7550880908966064,
    -1.757300853729248,
    -1.7589759826660156,
    -1.760297417640686,
    -1.7622623443603516,
    -1.7653536796569824,
    -1.7677412033081055,
    -1.769301414489746,
    -1.7707008123397827,
    -1.7720530033111572,
    -1.7726365327835083,
    -1.7724885940551758,
    -1.772547721862793,
    -1.7731574773788452,
    -1.7744028568267822,
    -1.7757295370101929,
    -1.7770237922668457,
    -1.7783305644989014,
    -1.7789475917816162,
    -1.7794004678726196,
    -1.7810556888580322,
    -1.7828261852264404,
    -1.7845975160598755,
    -1.7863476276397705,
    -1.7879438400268555,
    -1.7893431186676025,
    -1.7905869483947754,
    -1.7919762134552002,
    -1.7949308156967163,
    -1.79916512966156,
    -1.8037947416305542,
    -1.808424472808838,
    -1.8130542039871216,
    -1.8176839351654053,
    -1.8224306106567383
  ]
}