{
  "arm": 72,
  "p": 0.556,
  "q": 0.446,
  "whittle": [
    -1.9159915447235107,
    -1.9120161533355713,
    -1.9073967933654785,
    -1.9030241966247559,
    -1.8979727029800415,
    -1.8924106359481812,
    -1.8866389989852905,
    -1.8821667432785034,
    -1.8791460990905762,
    -1.876291275024414,
    -1.8734028339385986,
    -1.870810627937317,
    -1.8679084777832031,
    -1.8641802072525024,
    -1.860455870628357,
    -1.8567752838134766,
    -1.8530409336090088,
    -1.8493067026138306,
    -1.8455723524093628,
    -1.8417972326278687,
    -1.8376944065093994,
    -1.8325270414352417,
    -1.8259632587432861,
    -1.8210258483886719,
    -1.8167487382888794,
    -1.8126907348632812,
    -1.8103829622268677,
    -1.810805082321167,
    -1.8124407529830933,
    -1.8132528066635132,
    -1.8136839866638184,
    -1.8129109144210815,
    -1.8120136260986328,
    -1.8113698959350586,
    -1.8107751607894897,
    -1.8102387189865112,
    -1.808173656463623,
    -1.806013584136963,
    -1.803409457206726,
    -1.8009865283966064,
    -1.79912269115448,
    -1.798719882965088,
    -1.7983636856079102,
    -1.7974330186843872,
    -1.7960492372512817,
    -1.795163869857788,
    -1.7942783832550049,
    -1.7932994365692139,
    -1.7934846878051758,
    -1.793266773223877,
    -1.793670654296875,
    -1.794113278388977,
    -1.7948302030563354,
    -1.7965116500854492,
    -1.7984699010849,
    -1.8003722429275513,
    -1.803330659866333,
    -1.806454062461853,
    -1.8088462352752686,
    -1.8111672401428223,
    -1.8138929605484009,
    -1.8160507678985596,
    -1.817775845527649,
    -1.8195228576660156,
    -1.8221222162246704,
    -1.8245741128921509,
    -1.826480507850647,
    -1.8280671834945679,
    -1.8293702602386475,
    -1.8311741352081299,
    -1.8342159986495972,
    -1.836585521697998,
    -1.8378846645355225,
    -1.8392555713653564,
    -1.839908242225647,
    -1.8397620916366577,
    -1.8395804166793823,
    -1.8393547534942627,
    -1.8394708633422852,
    -1.8402031660079956,
    -1.8414535522460938,
    -1.8426055908203125,
    -1.843711495399475,
    -1.844412922859192,
    -1.8449480533599854,
    -1.846567988395691,
    -1.8483340740203857,
    -1.8500996828079224,
    -1.8518621921539307,
    -1.8534208536148071,
    -1.8548922538757324,
    -1.8562648296356201,
    -1.8575184345245361,
    -1.8597626686096191,
    -1.8636444807052612,
    -1.8681443929672241,
    -1.872835636138916,
    -1.877526879310608,
    -1.8822181224822998,
    -1.8870350122451782
  ]
}