{
  "arm": 12,
  "p": 0.65,
  "q": 0.485,
  "whittle": [
    -1.9164453744888306,
    -1.9124300479888916,
    -1.9076508283615112,
    -1.9030959606170654,
    -1.8981095552444458,
    -1.8928043842315674,
    -1.8872689008712769,
    -1.8829073905944824,
    -1.8801509141921997,
    -1.8775144815444946,
    -1.8752903938293457,
    -1.8729982376098633,
    -1.8699976205825806,
    -1.8665187358856201,
    -1.8630539178848267,
    -1.859601378440857,
    -1.8561313152313232,
    -1.8526612520217896,
    -1.8492060899734497,
    -1.8460431098937988,
    -1.8422746658325195,
    -1.8375085592269897,
    -1.8314690589904785,
    -1.8271766901016235,
    -1.823129653930664,
    -1.8204854726791382,
    -1.8206543922424316,
    -1.8225605487823486,
    -1.824454426765442,
    -1.8256953954696655,
    -1.8266417980194092,
    -1.8256474733352661,
    -1.8252050876617432,
    -1.824938416481018,
    -1.8246320486068726,
    -1.825028419494629,
    -1.8240337371826172,
    -1.8223356008529663,
    -1.820076584815979,
    -1.8179963827133179,
    -1.8174687623977661,
    -1.817618489265442,
    -1.8177610635757446,
    -1.8171253204345703,
    -1.815839409828186,
    -1.8152767419815063,
    -1.8155646324157715,
    -1.8173085451126099,
    -1.8179816007614136,
    -1.8189817667007446,
    -1.8197569847106934,
    -1.8207674026489258,
    -1.8222390413284302,
    -1.824413776397705,
    -1.8267245292663574,
    -1.8300668001174927,
    -1.8335238695144653,
    -1.8370672464370728,
    -1.839935302734375,
    -1.8426488637924194,
    -1.8454581499099731,
    -1.8480123281478882,
    -1.8507908582687378,
    -1.8537492752075195,
    -1.8567720651626587,
    -1.859606385231018,
    -1.8619341850280762,
    -1.863689661026001,
    -1.8662091493606567,
    -1.8697857856750488,
    -1.8732085227966309,
    -1.876400351524353,
    -1.8789350986480713,
    -1.881000280380249,
    -1.8827015161514282,
    -1.8844025135040283,
    -1.8859165906906128,
    -1.8862361907958984,
    -1.8870729207992554,
    -1.8889052867889404,
    -1.8905410766601562,
    -1.8918191194534302,
    -1.8931303024291992,
    -1.8942296504974365,
    -1.8951109647750854,
    -1.8970447778701782,
    -1.8990974426269531,
    -1.9011509418487549,
    -1.9029614925384521,
    -1.9047396183013916,
    -1.9065529108047485,
    -1.9083290100097656,
    -1.909986972808838,
    -1.912150263786316,
    -1.916252851486206,
    -1.9210057258605957,
    -1.9260412454605103,
    -1.9310978651046753,
    -1.9361677169799805,
    -1.9413427114486694
  ]
}