{
  "arm": 69,
  "p": 0.406,
  "q": 0.594,
  "whittle": [
    -1.9506741762161255,
    -1.9467166662216187,
    -1.9421842098236084,
    -1.9376531839370728,
    -1.9326534271240234,
    -1.9271310567855835,
    -1.9215129613876343,
    -1.916967749595642,
    -1.9141676425933838,
    -1.9115389585494995,
    -1.9092813730239868,
    -1.9069547653198242,
    -1.9040300846099854,
    -1.9005787372589111,
    -1.8971117734909058,
    -1.8936012983322144,
    -1.8901361227035522,
    -1.8866708278656006,
    -1.8832255601882935,
    -1.879807472229004,
    -1.8757357597351074,
    -1.8709073066711426,
    -1.8647525310516357,
    -1.8604079484939575,
    -1.8563387393951416,
    -1.8539410829544067,
    -1.8536028861999512,
    -1.8553482294082642,
    -1.8571281433105469,
    -1.8585642576217651,
    -1.8592427968978882,
    -1.8592162132263184,
    -1.8589041233062744,
    -1.8585599660873413,
    -1.858275055885315,
    -1.8583002090454102,
    -1.8568894863128662,
    -1.8549470901489258,
    -1.8525809049606323,
    -1.850575566291809,
    -1.8499082326889038,
    -1.8498979806900024,
    -1.8497488498687744,
    -1.8489710092544556,
    -1.8474173545837402,
    -1.8468185663223267,
    -1.84678053855896,
    -1.847941279411316,
    -1.8484909534454346,
    -1.8494024276733398,
    -1.8501044511795044,
    -1.8508533239364624,
    -1.8521119356155396,
    -1.8542559146881104,
    -1.856513500213623,
    -1.8592908382415771,
    -1.8627049922943115,
    -1.8661909103393555,
    -1.8690048456192017,
    -1.871665120124817,
    -1.8744995594024658,
    -1.8769748210906982,
    -1.8793413639068604,
    -1.882042646408081,
    -1.8850616216659546,
    -1.8877376317977905,
    -1.889897108078003,
    -1.8916255235671997,
    -1.8935315608978271,
    -1.8969988822937012,
    -1.90034818649292,
    -1.903664469718933,
    -1.9057683944702148,
    -1.907435655593872,
    -1.9090596437454224,
    -1.9094921350479126,
    -1.9096649885177612,
    -1.90956711769104,
    -1.909946322441101,
    -1.911361813545227,
    -1.9128730297088623,
    -1.9141446352005005,
    -1.9153637886047363,
    -1.916501522064209,
    -1.9173740148544312,
    -1.9192038774490356,
    -1.921186923980713,
    -1.923170566558838,
    -1.9250446557998657,
    -1.9268715381622314,
    -1.928597092628479,
    -1.9302778244018555,
    -1.93201744556427,
    -1.9342625141143799,
    -1.9379364252090454,
    -1.9424983263015747,
    -1.9475014209747314,
    -1.9525138139724731,
    -1.9575508832931519,
    -1.962684988975525
  ]
}