{
  "arm": 71,
  "p": 0.156,
  "q": 0.179,
  "whittle": [
    -1.964758038520813,
    -1.9605997800827026,
    -1.9559448957443237,
    -1.9516102075576782,
    -1.9467353820800781,
    -1.941465139389038,
    -1.9367376565933228,
    -1.9329317808151245,
    -1.9305922985076904,
    -1.928200125694275,
    -1.9261043071746826,
    -1.9240150451660156,
    -1.9206753969192505,
    -1.917323112487793,
    -1.9139845371246338,
    -1.9105051755905151,
    -1.9071015119552612,
    -1.9037535190582275,
    -1.900450587272644,
    -1.8969300985336304,
    -1.8931303024291992,
    -1.888564944267273,
    -1.882696509361267,
    -1.878496527671814,
    -1.8748598098754883,
    -1.873968243598938,
    -1.8738611936569214,
    -1.8755836486816406,
    -1.8779404163360596,
    -1.8793503046035767,
    -1.879982829093933,
    -1.880623698234558,
    -1.8807477951049805,
    -1.880696415901184,
    -1.8800910711288452,
    -1.8803108930587769,
    -1.8800487518310547,
    -1.877737283706665,
    -1.875667929649353,
    -1.873586893081665,
    -1.8735629320144653,
    -1.8740848302841187,
    -1.8740159273147583,
    -1.873172640800476,
    -1.8720595836639404,
    -1.871585488319397,
    -1.8725134134292603,
    -1.8735036849975586,
    -1.874038577079773,
    -1.8751744031906128,
    -1.8759899139404297,
    -1.876829743385315,
    -1.8780372142791748,
    -1.880052924156189,
    -1.8824433088302612,
    -1.8855152130126953,
    -1.8891280889511108,
    -1.892532467842102,
    -1.8953050374984741,
    -1.8984299898147583,
    -1.901091456413269,
    -1.9037152528762817,
    -1.9064695835113525,
    -1.9095022678375244,
    -1.91241455078125,
    -1.9152939319610596,
    -1.9175965785980225,
    -1.9195549488067627,
    -1.9229761362075806,
    -1.9266778230667114,
    -1.930184006690979,
    -1.9333549737930298,
    -1.935591220855713,
    -1.9374040365219116,
    -1.9389574527740479,
    -1.9392544031143188,
    -1.9395804405212402,
    -1.9398901462554932,
    -1.9403188228607178,
    -1.941676378250122,
    -1.9432220458984375,
    -1.9445898532867432,
    -1.9458730220794678,
    -1.9468872547149658,
    -1.9476172924041748,
    -1.9494413137435913,
    -1.9515761137008667,
    -1.9537110328674316,
    -1.955803394317627,
    -1.957667589187622,
    -1.959489107131958,
    -1.9612116813659668,
    -1.9630365371704102,
    -1.9663240909576416,
    -1.9701603651046753,
    -1.974605917930603,
    -1.9797701835632324,
    -1.9849345684051514,
    -1.9901286363601685,
    -1.995399832725525
  ]
}