{
  "arm": 13,
  "p": 0.45,
  "q": 0.752,
  "whittle": [
    -1.8246105909347534,
    -1.8205339908599854,
    -1.8160828351974487,
    -1.810875415802002,
    -1.8056586980819702,
    -1.79989755153656,
    -1.794060468673706,
    -1.7888396978378296,
    -1.785946011543274,
    -1.7831493616104126,
    -1.7805451154708862,
    -1.777974247932434,
    -1.7748891115188599,
    -1.7712353467941284,
    -1.7676033973693848,
    -1.764074444770813,
    -1.760446548461914,
    -1.7568187713623047,
    -1.753319263458252,
    -1.7501730918884277,
    -1.7457469701766968,
    -1.7405474185943604,
    -1.7342300415039062,
    -1.7299190759658813,
    -1.725789189338684,
    -1.7220759391784668,
    -1.720224380493164,
    -1.7223228216171265,
    -1.7239575386047363,
    -1.724972128868103,
    -1.7256920337677002,
    -1.7239760160446167,
    -1.7233705520629883,
    -1.723048448562622,
    -1.722650408744812,
    -1.7224030494689941,
    -1.7212649583816528,
    -1.7194836139678955,
    -1.7171719074249268,
    -1.7157007455825806,
    -1.7158286571502686,
    -1.7157869338989258,
    -1.716357946395874,
    -1.715713381767273,
    -1.7140636444091797,
    -1.7137346267700195,
    -1.7139607667922974,
    -1.715330719947815,
    -1.7170301675796509,
    -1.718273401260376,
    -1.7190682888031006,
    -1.7199127674102783,
    -1.7214555740356445,
    -1.7246930599212646,
    -1.7280187606811523,
    -1.7314199209213257,
    -1.7348777055740356,
    -1.7384274005889893,
    -1.7414836883544922,
    -1.7442070245742798,
    -1.7468680143356323,
    -1.750412940979004,
    -1.7535938024520874,
    -1.7565252780914307,
    -1.7593744993209839,
    -1.761983036994934,
    -1.7641514539718628,
    -1.7657709121704102,
    -1.7684322595596313,
    -1.7718899250030518,
    -1.775281310081482,
    -1.7786723375320435,
    -1.7811834812164307,
    -1.7837589979171753,
    -1.785678744316101,
    -1.787320852279663,
    -1.788962960243225,
    -1.7912875413894653,
    -1.7930463552474976,
    -1.7949942350387573,
    -1.7966840267181396,
    -1.7981250286102295,
    -1.7994070053100586,
    -1.80076003074646,
    -1.8019895553588867,
    -1.8039441108703613,
    -1.8060232400894165,
    -1.8081022500991821,
    -1.8099921941757202,
    -1.8118412494659424,
    -1.8137004375457764,
    -1.81527841091156,
    -1.8172639608383179,
    -1.8201868534088135,
    -1.8246667385101318,
    -1.829573631286621,
    -1.8344887495040894,
    -1.8394302129745483,
    -1.8443716764450073,
    -1.849411964416504
  ]
}