{
  "arm": 27,
  "p": 0.275,
  "q": 0.377,
  "whittle": [
    -1.8269165754318237,
    -1.8230197429656982,
    -1.818408727645874,
    -1.8137885332107544,
    -1.808604121208191,
    -1.8027907609939575,
    -1.7968984842300415,
    -1.7922006845474243,
    -1.789265513420105,
    -1.7862297296524048,
    -1.7831411361694336,
    -1.7804217338562012,
    -1.7768551111221313,
    -1.7730191946029663,
    -1.769188642501831,
    -1.765475869178772,
    -1.7616338729858398,
    -1.7578082084655762,
    -1.7539831399917603,
    -1.750605821609497,
    -1.7464087009429932,
    -1.7407727241516113,
    -1.734187364578247,
    -1.7293221950531006,
    -1.7250090837478638,
    -1.7210087776184082,
    -1.7177274227142334,
    -1.718994140625,
    -1.7204465866088867,
    -1.721108078956604,
    -1.7211499214172363,
    -1.719984531402588,
    -1.7184923887252808,
    -1.7179687023162842,
    -1.7174663543701172,
    -1.7170054912567139,
    -1.7155838012695312,
    -1.7131168842315674,
    -1.7106447219848633,
    -1.7083683013916016,
    -1.7069779634475708,
    -1.7068908214569092,
    -1.7069857120513916,
    -1.7061866521835327,
    -1.7045468091964722,
    -1.703660488128662,
    -1.7031612396240234,
    -1.7016757726669312,
    -1.7020801305770874,
    -1.7028710842132568,
    -1.7033363580703735,
    -1.7038222551345825,
    -1.7045605182647705,
    -1.7057334184646606,
    -1.7084742784500122,
    -1.711488127708435,
    -1.7146193981170654,
    -1.7177386283874512,
    -1.720107078552246,
    -1.7226649522781372,
    -1.7251700162887573,
    -1.7273555994033813,
    -1.7303314208984375,
    -1.7331764698028564,
    -1.7359278202056885,
    -1.7383047342300415,
    -1.7401763200759888,
    -1.7418071031570435,
    -1.7431764602661133,
    -1.7455488443374634,
    -1.7485929727554321,
    -1.7513178586959839,
    -1.7525471448898315,
    -1.7539448738098145,
    -1.7552834749221802,
    -1.7559195756912231,
    -1.7557605504989624,
    -1.7557117938995361,
    -1.756885290145874,
    -1.7582924365997314,
    -1.759493112564087,
    -1.7607741355895996,
    -1.7620497941970825,
    -1.7628638744354248,
    -1.763419508934021,
    -1.7649562358856201,
    -1.7666958570480347,
    -1.7684357166290283,
    -1.770064353942871,
    -1.7714015245437622,
    -1.7725833654403687,
    -1.773789405822754,
    -1.7749978303909302,
    -1.7779561281204224,
    -1.7822518348693848,
    -1.7868353128433228,
    -1.7914187908172607,
    -1.7960022687911987,
    -1.8005857467651367,
    -1.8052711486816406
  ]
}