{
  "arm": 34,
  "p": 0.713,
  "q": 0.821,
  "whittle": [
    -1.8289966583251953,
    -1.8249825239181519,
    -1.8205928802490234,
    -1.815746545791626,
    -1.8105056285858154,
    -1.8047633171081543,
    -1.7987147569656372,
    -1.7932887077331543,
    -1.7900418043136597,
    -1.7870837450027466,
    -1.7840089797973633,
    -1.7813291549682617,
    -1.7784197330474854,
    -1.7746387720108032,
    -1.7708560228347778,
    -1.7672582864761353,
    -1.7634742259979248,
    -1.7597942352294922,
    -1.7564170360565186,
    -1.7530843019485474,
    -1.7489343881607056,
    -1.7437081336975098,
    -1.7372418642044067,
    -1.7328386306762695,
    -1.7287191152572632,
    -1.7248082160949707,
    -1.721710205078125,
    -1.7233134508132935,
    -1.7246226072311401,
    -1.7255131006240845,
    -1.7259806394577026,
    -1.7244961261749268,
    -1.7228909730911255,
    -1.722306728363037,
    -1.721622347831726,
    -1.7208133935928345,
    -1.7192156314849854,
    -1.717626690864563,
    -1.7150806188583374,
    -1.7127245664596558,
    -1.7109469175338745,
    -1.710628867149353,
    -1.7108122110366821,
    -1.710008144378662,
    -1.708112120628357,
    -1.7072285413742065,
    -1.7067135572433472,
    -1.7057304382324219,
    -1.7062138319015503,
    -1.7066454887390137,
    -1.7071079015731812,
    -1.7076325416564941,
    -1.7088695764541626,
    -1.710724949836731,
    -1.7127760648727417,
    -1.7157946825027466,
    -1.7188429832458496,
    -1.7220017910003662,
    -1.7247850894927979,
    -1.7271430492401123,
    -1.729712963104248,
    -1.7318896055221558,
    -1.7340664863586426,
    -1.7364531755447388,
    -1.739031195640564,
    -1.7414681911468506,
    -1.7432708740234375,
    -1.744639277458191,
    -1.745912790298462,
    -1.747336506843567,
    -1.7500882148742676,
    -1.7531249523162842,
    -1.7547630071640015,
    -1.7560415267944336,
    -1.7573212385177612,
    -1.7586008310317993,
    -1.7593480348587036,
    -1.7592554092407227,
    -1.760372281074524,
    -1.7619653940200806,
    -1.7632795572280884,
    -1.764540672302246,
    -1.7657452821731567,
    -1.7667139768600464,
    -1.7677385807037354,
    -1.7694207429885864,
    -1.771159052848816,
    -1.772897720336914,
    -1.7744749784469604,
    -1.7760896682739258,
    -1.7774827480316162,
    -1.778690218925476,
    -1.7800006866455078,
    -1.782476782798767,
    -1.7866579294204712,
    -1.7912176847457886,
    -1.7958004474639893,
    -1.8003835678100586,
    -1.8049930334091187,
    -1.809719443321228
  ]
}