{
  "arm": 90,
  "p": 0.781,
  "q": 0.4,
  "whittle": [
    -1.9549046754837036,
    -1.9509602785110474,
    -1.9463493824005127,
    -1.941931962966919,
    -1.9370980262756348,
    -1.9319214820861816,
    -1.9265236854553223,
    -1.9221194982528687,
    -1.9191893339157104,
    -1.9165266752243042,
    -1.9142051935195923,
    -1.9119242429733276,
    -1.9091449975967407,
    -1.9056333303451538,
    -1.9021471738815308,
    -1.8986622095108032,
    -1.895149827003479,
    -1.8916372060775757,
    -1.8881244659423828,
    -1.8845319747924805,
    -1.880860447883606,
    -1.8760215044021606,
    -1.8701008558273315,
    -1.8658815622329712,
    -1.8618497848510742,
    -1.8595638275146484,
    -1.8592026233673096,
    -1.860780954360962,
    -1.862626552581787,
    -1.8638839721679688,
    -1.8647123575210571,
    -1.864259123802185,
    -1.8633513450622559,
    -1.8629212379455566,
    -1.8624591827392578,
    -1.8628976345062256,
    -1.8617362976074219,
    -1.8599131107330322,
    -1.8575433492660522,
    -1.8553149700164795,
    -1.8535834550857544,
    -1.8537704944610596,
    -1.8533915281295776,
    -1.852407693862915,
    -1.8514246940612793,
    -1.8507355451583862,
    -1.8499380350112915,
    -1.8512743711471558,
    -1.851859211921692,
    -1.85177481174469,
    -1.852368950843811,
    -1.8530079126358032,
    -1.8542603254318237,
    -1.8562554121017456,
    -1.8584084510803223,
    -1.8605132102966309,
    -1.8632738590240479,
    -1.8665937185287476,
    -1.869215726852417,
    -1.871727466583252,
    -1.874492883682251,
    -1.8768513202667236,
    -1.8792426586151123,
    -1.8811920881271362,
    -1.8837347030639648,
    -1.8863911628723145,
    -1.8886693716049194,
    -1.8904352188110352,
    -1.8919448852539062,
    -1.8953673839569092,
    -1.8986071348190308,
    -1.901416301727295,
    -1.9034874439239502,
    -1.9050447940826416,
    -1.9065613746643066,
    -1.9066227674484253,
    -1.906771183013916,
    -1.9067620038986206,
    -1.9069472551345825,
    -1.9070136547088623,
    -1.9078178405761719,
    -1.9090067148208618,
    -1.9101157188415527,
    -1.9108951091766357,
    -1.9114763736724854,
    -1.9132437705993652,
    -1.915116548538208,
    -1.9169892072677612,
    -1.9187275171279907,
    -1.9203357696533203,
    -1.9219424724578857,
    -1.9235705137252808,
    -1.9252161979675293,
    -1.9274868965148926,
    -1.9310553073883057,
    -1.9350529909133911,
    -1.9397391080856323,
    -1.9446451663970947,
    -1.949580430984497,
    -1.9546321630477905
  ]
}