{
  "arm": 77,
  "p": 0.456,
  "q": 0.357,
  "whittle": [
    -2.0178937911987305,
    -2.013732671737671,
    -2.0091686248779297,
    -2.004936695098877,
    -2.0001065731048584,
    -1.9948943853378296,
    -1.9896552562713623,
    -1.9854936599731445,
    -1.9828296899795532,
    -1.9804365634918213,
    -1.9783440828323364,
    -1.9762842655181885,
    -1.973205327987671,
    -1.9698688983917236,
    -1.966530203819275,
    -1.963078498840332,
    -1.959734559059143,
    -1.9563908576965332,
    -1.9530688524246216,
    -1.949705719947815,
    -1.9454822540283203,
    -1.9410655498504639,
    -1.9355055093765259,
    -1.9310857057571411,
    -1.9276506900787354,
    -1.926741123199463,
    -1.9268028736114502,
    -1.9285250902175903,
    -1.9307104349136353,
    -1.932349443435669,
    -1.9332948923110962,
    -1.9341970682144165,
    -1.9348583221435547,
    -1.9346355199813843,
    -1.9345262050628662,
    -1.9349303245544434,
    -1.934009313583374,
    -1.9320610761642456,
    -1.9298447370529175,
    -1.9277535676956177,
    -1.9276269674301147,
    -1.9279961585998535,
    -1.9274855852127075,
    -1.9265726804733276,
    -1.9254509210586548,
    -1.9249359369277954,
    -1.9253902435302734,
    -1.9264177083969116,
    -1.9266276359558105,
    -1.926979899406433,
    -1.9277215003967285,
    -1.9285244941711426,
    -1.9296836853027344,
    -1.9315569400787354,
    -1.933877944946289,
    -1.9361565113067627,
    -1.9385108947753906,
    -1.9420294761657715,
    -1.9446974992752075,
    -1.9474326372146606,
    -1.9502627849578857,
    -1.9527978897094727,
    -1.9551751613616943,
    -1.9573044776916504,
    -1.9597440958023071,
    -1.962584376335144,
    -1.9648581743240356,
    -1.9668176174163818,
    -1.96953547000885,
    -1.9731457233428955,
    -1.9765703678131104,
    -1.979785680770874,
    -1.9816720485687256,
    -1.9833972454071045,
    -1.985024333000183,
    -1.9852654933929443,
    -1.9855072498321533,
    -1.985886573791504,
    -1.9861708879470825,
    -1.9863126277923584,
    -1.9873112440109253,
    -1.9885210990905762,
    -1.9897997379302979,
    -1.9907490015029907,
    -1.9914630651474,
    -1.9933533668518066,
    -1.9954272508621216,
    -1.9975014925003052,
    -1.999498724937439,
    -2.0013105869293213,
    -2.0029728412628174,
    -2.0045125484466553,
    -2.0063283443450928,
    -2.0091171264648438,
    -2.0130550861358643,
    -2.0168662071228027,
    -2.0214836597442627,
    -2.026634454727173,
    -2.0318024158477783,
    -2.0370826721191406
  ]
}