{
  "arm": 31,
  "p": 0.113,
  "q": 0.732,
  "whittle": [
    -1.831540584564209,
    -1.8274850845336914,
    -1.823070764541626,
    -1.818070411682129,
    -1.812701940536499,
    -1.8066771030426025,
    -1.8009179830551147,
    -1.7953343391418457,
    -1.7924373149871826,
    -1.7894997596740723,
    -1.7865121364593506,
    -1.783859372138977,
    -1.7805677652359009,
    -1.7768306732177734,
    -1.773100733757019,
    -1.7694549560546875,
    -1.765710711479187,
    -1.7619868516921997,
    -1.7582809925079346,
    -1.7549371719360352,
    -1.7502880096435547,
    -1.7451168298721313,
    -1.738784909248352,
    -1.7340943813323975,
    -1.7298771142959595,
    -1.726006269454956,
    -1.7230703830718994,
    -1.724951148033142,
    -1.7263621091842651,
    -1.727259874343872,
    -1.7273374795913696,
    -1.7270257472991943,
    -1.7263375520706177,
    -1.7258994579315186,
    -1.7255191802978516,
    -1.7252075672149658,
    -1.7235634326934814,
    -1.7211024761199951,
    -1.7186683416366577,
    -1.7168771028518677,
    -1.7161271572113037,
    -1.7158725261688232,
    -1.7162259817123413,
    -1.714943289756775,
    -1.7131459712982178,
    -1.7123222351074219,
    -1.7119790315628052,
    -1.710721731185913,
    -1.711740255355835,
    -1.7127366065979004,
    -1.7133667469024658,
    -1.7140389680862427,
    -1.71488618850708,
    -1.716532588005066,
    -1.7196266651153564,
    -1.7228291034698486,
    -1.726165771484375,
    -1.7295911312103271,
    -1.732344150543213,
    -1.735114574432373,
    -1.7377773523330688,
    -1.7404630184173584,
    -1.7438380718231201,
    -1.7471271753311157,
    -1.7500892877578735,
    -1.752472996711731,
    -1.7545305490493774,
    -1.7561944723129272,
    -1.7576414346694946,
    -1.760756254196167,
    -1.7639933824539185,
    -1.7672302722930908,
    -1.7695916891098022,
    -1.771344780921936,
    -1.7728286981582642,
    -1.7743124961853027,
    -1.7744767665863037,
    -1.7758725881576538,
    -1.777533769607544,
    -1.779138207435608,
    -1.78060781955719,
    -1.782070517539978,
    -1.7835310697555542,
    -1.7847470045089722,
    -1.785923719406128,
    -1.7876724004745483,
    -1.7896085977554321,
    -1.7915441989898682,
    -1.7933721542358398,
    -1.7950843572616577,
    -1.7966169118881226,
    -1.7980165481567383,
    -1.7997313737869263,
    -1.8029433488845825,
    -1.8075406551361084,
    -1.8123176097869873,
    -1.8170948028564453,
    -1.8218719959259033,
    -1.8266491889953613,
    -1.831516981124878
  ]
}