{
  "arm": 9,
  "p": 0.35,
  "q": 0.396,
  "whittle": [
    -1.8997565507888794,
    -1.895750641822815,
    -1.8911914825439453,
    -1.8865350484848022,
    -1.8814527988433838,
    -1.8759182691574097,
    -1.8702566623687744,
    -1.86607027053833,
    -1.863305687904358,
    -1.8605949878692627,
    -1.8581256866455078,
    -1.8556417226791382,
    -1.85224449634552,
    -1.8486506938934326,
    -1.8450767993927002,
    -1.8414947986602783,
    -1.8379114866256714,
    -1.8343360424041748,
    -1.8307843208312988,
    -1.8272199630737305,
    -1.823297381401062,
    -1.8181617259979248,
    -1.8118864297866821,
    -1.8073055744171143,
    -1.8031233549118042,
    -1.7995848655700684,
    -1.7990691661834717,
    -1.8009353876113892,
    -1.8027026653289795,
    -1.8037582635879517,
    -1.8042902946472168,
    -1.8041688203811646,
    -1.8035476207733154,
    -1.8032416105270386,
    -1.802978515625,
    -1.802655577659607,
    -1.8017014265060425,
    -1.7995483875274658,
    -1.797257661819458,
    -1.79513680934906,
    -1.7945079803466797,
    -1.7946561574935913,
    -1.7946780920028687,
    -1.7939808368682861,
    -1.792569637298584,
    -1.7919199466705322,
    -1.7913880348205566,
    -1.791852355003357,
    -1.7923517227172852,
    -1.7933990955352783,
    -1.7940891981124878,
    -1.7948068380355835,
    -1.795925259590149,
    -1.797728180885315,
    -1.8000166416168213,
    -1.803321123123169,
    -1.8067315816879272,
    -1.8101886510849,
    -1.8128185272216797,
    -1.8155814409255981,
    -1.8182973861694336,
    -1.820764183998108,
    -1.8236451148986816,
    -1.8265256881713867,
    -1.8295241594314575,
    -1.8322280645370483,
    -1.8343772888183594,
    -1.8361687660217285,
    -1.8383190631866455,
    -1.841822624206543,
    -1.8451613187789917,
    -1.8481799364089966,
    -1.8505938053131104,
    -1.8522685766220093,
    -1.8539109230041504,
    -1.8555318117141724,
    -1.8564492464065552,
    -1.856541633605957,
    -1.858065128326416,
    -1.85991370677948,
    -1.8614109754562378,
    -1.8627768754959106,
    -1.8640167713165283,
    -1.8650072813034058,
    -1.8657795190811157,
    -1.8675737380981445,
    -1.869551658630371,
    -1.8715579509735107,
    -1.873465895652771,
    -1.8752992153167725,
    -1.8769997358322144,
    -1.878517508506775,
    -1.8800287246704102,
    -1.8825050592422485,
    -1.8867765665054321,
    -1.8917129039764404,
    -1.8966623544692993,
    -1.901611566543579,
    -1.9065678119659424,
    -1.9116370677947998
  ]
}