{
  "arm": 17,
  "p": 0.325,
  "q": 0.159,
  "whittle": [
    -1.8742389678955078,
    -1.8703557252883911,
    -1.8656750917434692,
    -1.861056923866272,
    -1.8559656143188477,
    -1.850506067276001,
    -1.8453181982040405,
    -1.8409754037857056,
    -1.83847975730896,
    -1.8357272148132324,
    -1.8331029415130615,
    -1.830601692199707,
    -1.827229380607605,
    -1.8235517740249634,
    -1.8199374675750732,
    -1.8163104057312012,
    -1.8126384019851685,
    -1.8089882135391235,
    -1.805350661277771,
    -1.8016924858093262,
    -1.7980523109436035,
    -1.7925647497177124,
    -1.7861371040344238,
    -1.7814099788665771,
    -1.777191400527954,
    -1.7733516693115234,
    -1.7720431089401245,
    -1.7735027074813843,
    -1.7752811908721924,
    -1.7759588956832886,
    -1.7764313220977783,
    -1.7754701375961304,
    -1.7743089199066162,
    -1.7740083932876587,
    -1.7736822366714478,
    -1.7731341123580933,
    -1.7723777294158936,
    -1.769997000694275,
    -1.767698884010315,
    -1.7654163837432861,
    -1.7642885446548462,
    -1.764695167541504,
    -1.764677882194519,
    -1.7637763023376465,
    -1.7625266313552856,
    -1.761802077293396,
    -1.7613425254821777,
    -1.7614377737045288,
    -1.7619037628173828,
    -1.76283597946167,
    -1.7634499073028564,
    -1.7640860080718994,
    -1.7649425268173218,
    -1.7663686275482178,
    -1.7690000534057617,
    -1.7722357511520386,
    -1.7755855321884155,
    -1.7787489891052246,
    -1.7813119888305664,
    -1.7840940952301025,
    -1.7867451906204224,
    -1.7892671823501587,
    -1.792637825012207,
    -1.7957699298858643,
    -1.798652172088623,
    -1.8013250827789307,
    -1.8034881353378296,
    -1.805330514907837,
    -1.8074737787246704,
    -1.8109395503997803,
    -1.8142290115356445,
    -1.8169022798538208,
    -1.8192565441131592,
    -1.8210177421569824,
    -1.8226269483566284,
    -1.823904037475586,
    -1.823966383934021,
    -1.8239954710006714,
    -1.8250006437301636,
    -1.8266898393630981,
    -1.828070878982544,
    -1.829465389251709,
    -1.8306788206100464,
    -1.8314346075057983,
    -1.8320015668869019,
    -1.833662509918213,
    -1.8356293439865112,
    -1.8376023769378662,
    -1.8394749164581299,
    -1.8412282466888428,
    -1.8428349494934082,
    -1.844193935394287,
    -1.8456369638442993,
    -1.8483864068984985,
    -1.8528306484222412,
    -1.8576602935791016,
    -1.8625116348266602,
    -1.8673630952835083,
    -1.8722143173217773,
    -1.8771648406982422
  ]
}