{
  "arm": 62,
  "p": 0.888,
  "q": 0.149,
  "whittle": [
    -1.8553857803344727,
    -1.8514375686645508,
    -1.8468564748764038,
    -1.8421127796173096,
    -1.8371270895004272,
    -1.8316535949707031,
    -1.8259276151657104,
    -1.8212114572525024,
    -1.817813515663147,
    -1.814816951751709,
    -1.811768651008606,
    -1.8091002702713013,
    -1.8059724569320679,
    -1.802108883857727,
    -1.7983309030532837,
    -1.7946550846099854,
    -1.7908016443252563,
    -1.786948323249817,
    -1.7831790447235107,
    -1.7797983884811401,
    -1.7758699655532837,
    -1.7699564695358276,
    -1.7633248567581177,
    -1.7577050924301147,
    -1.7532211542129517,
    -1.7491649389266968,
    -1.7451868057250977,
    -1.7450321912765503,
    -1.746745228767395,
    -1.7475390434265137,
    -1.7475764751434326,
    -1.7464075088500977,
    -1.7445493936538696,
    -1.743935465812683,
    -1.7433383464813232,
    -1.742769718170166,
    -1.7419722080230713,
    -1.7398689985275269,
    -1.737406611442566,
    -1.7350081205368042,
    -1.7333506345748901,
    -1.733755350112915,
    -1.7335832118988037,
    -1.7329154014587402,
    -1.7318898439407349,
    -1.7310084104537964,
    -1.7301883697509766,
    -1.7295598983764648,
    -1.7296336889266968,
    -1.7301204204559326,
    -1.7305881977081299,
    -1.7310818433761597,
    -1.7319492101669312,
    -1.7335354089736938,
    -1.7353709936141968,
    -1.7382687330245972,
    -1.7413699626922607,
    -1.744463562965393,
    -1.7468347549438477,
    -1.7492382526397705,
    -1.7518887519836426,
    -1.7541168928146362,
    -1.7566620111465454,
    -1.7592946290969849,
    -1.7620335817337036,
    -1.7646564245224,
    -1.767008662223816,
    -1.768724799156189,
    -1.7700895071029663,
    -1.772823452949524,
    -1.7759850025177002,
    -1.7783056497573853,
    -1.78020179271698,
    -1.7816535234451294,
    -1.7830642461776733,
    -1.7844256162643433,
    -1.7846179008483887,
    -1.784313678741455,
    -1.7849947214126587,
    -1.786367416381836,
    -1.787748098373413,
    -1.7890946865081787,
    -1.790242075920105,
    -1.7907960414886475,
    -1.7912790775299072,
    -1.7929165363311768,
    -1.7947301864624023,
    -1.7965443134307861,
    -1.7982640266418457,
    -1.7998592853546143,
    -1.8012471199035645,
    -1.8025338649749756,
    -1.8038208484649658,
    -1.8063197135925293,
    -1.8105937242507935,
    -1.8151596784591675,
    -1.819836139678955,
    -1.8245126008987427,
    -1.8291888236999512,
    -1.8340036869049072
  ]
}