{
  "arm": 75,
  "p": 0.256,
  "q": 0.535,
  "whittle": [
    -1.909027338027954,
    -1.905086636543274,
    -1.900399088859558,
    -1.8956489562988281,
    -1.890589952468872,
    -1.8849433660507202,
    -1.8793190717697144,
    -1.8748555183410645,
    -1.8721396923065186,
    -1.8694638013839722,
    -1.8671104907989502,
    -1.8647100925445557,
    -1.8618184328079224,
    -1.8582850694656372,
    -1.85476553440094,
    -1.851217269897461,
    -1.8476831912994385,
    -1.8441628217697144,
    -1.8406753540039062,
    -1.8372074365615845,
    -1.8326712846755981,
    -1.8274487257003784,
    -1.8211320638656616,
    -1.8168089389801025,
    -1.8126436471939087,
    -1.808995246887207,
    -1.8080264329910278,
    -1.8094216585159302,
    -1.8112510442733765,
    -1.8124165534973145,
    -1.812878966331482,
    -1.8119417428970337,
    -1.8113468885421753,
    -1.8110873699188232,
    -1.810886025428772,
    -1.8105661869049072,
    -1.809255838394165,
    -1.807151436805725,
    -1.8049062490463257,
    -1.8030468225479126,
    -1.8022652864456177,
    -1.8024537563323975,
    -1.8024641275405884,
    -1.8012093305587769,
    -1.7996939420700073,
    -1.7991249561309814,
    -1.7993015050888062,
    -1.8004827499389648,
    -1.8014644384384155,
    -1.80262291431427,
    -1.8034151792526245,
    -1.804242730140686,
    -1.8056730031967163,
    -1.8079872131347656,
    -1.8113712072372437,
    -1.8148149251937866,
    -1.8183953762054443,
    -1.8220422267913818,
    -1.8248802423477173,
    -1.8278037309646606,
    -1.8307538032531738,
    -1.8338723182678223,
    -1.837380290031433,
    -1.8403772115707397,
    -1.8435817956924438,
    -1.8463194370269775,
    -1.848592758178711,
    -1.8505041599273682,
    -1.853147268295288,
    -1.856734275817871,
    -1.8601983785629272,
    -1.86361825466156,
    -1.8661969900131226,
    -1.8687938451766968,
    -1.8707144260406494,
    -1.8724418878555298,
    -1.8730642795562744,
    -1.8733954429626465,
    -1.87541663646698,
    -1.8773995637893677,
    -1.8790072202682495,
    -1.8804668188095093,
    -1.8817983865737915,
    -1.883051872253418,
    -1.8840444087982178,
    -1.8859503269195557,
    -1.888070821762085,
    -1.890242099761963,
    -1.8923009634017944,
    -1.894253134727478,
    -1.8960810899734497,
    -1.8978389501571655,
    -1.8996520042419434,
    -1.9022297859191895,
    -1.9067645072937012,
    -1.9118154048919678,
    -1.9168915748596191,
    -1.92196786403656,
    -1.9270764589309692,
    -1.9322733879089355
  ]
}