{
  "arm": 57,
  "p": 0.388,
  "q": 0.475,
  "whittle": [
    -1.8669757843017578,
    -1.8630326986312866,
    -1.8585453033447266,
    -1.8538073301315308,
    -1.848625659942627,
    -1.84299635887146,
    -1.8372251987457275,
    -1.8325717449188232,
    -1.8297383785247803,
    -1.8269548416137695,
    -1.8242264986038208,
    -1.821663737297058,
    -1.818582534790039,
    -1.814923882484436,
    -1.811288595199585,
    -1.807738184928894,
    -1.8041013479232788,
    -1.8004642724990845,
    -1.7968283891677856,
    -1.7934820652008057,
    -1.7895164489746094,
    -1.784450888633728,
    -1.7780464887619019,
    -1.77341628074646,
    -1.7693248987197876,
    -1.7655247449874878,
    -1.764385461807251,
    -1.7661371231079102,
    -1.7677797079086304,
    -1.7688530683517456,
    -1.769340991973877,
    -1.76898193359375,
    -1.768752098083496,
    -1.7683086395263672,
    -1.767993688583374,
    -1.7677253484725952,
    -1.7666654586791992,
    -1.7645549774169922,
    -1.7621691226959229,
    -1.7601937055587769,
    -1.759934425354004,
    -1.7598423957824707,
    -1.760016918182373,
    -1.7593311071395874,
    -1.7578147649765015,
    -1.757110834121704,
    -1.7565354108810425,
    -1.756617784500122,
    -1.7572147846221924,
    -1.7582310438156128,
    -1.7588690519332886,
    -1.7595387697219849,
    -1.7604427337646484,
    -1.762042760848999,
    -1.7643862962722778,
    -1.7675812244415283,
    -1.7708861827850342,
    -1.7742747068405151,
    -1.7768727540969849,
    -1.7794983386993408,
    -1.7821252346038818,
    -1.7844988107681274,
    -1.7871681451797485,
    -1.7901443243026733,
    -1.7930941581726074,
    -1.7956740856170654,
    -1.7977272272109985,
    -1.7993826866149902,
    -1.8013794422149658,
    -1.804758906364441,
    -1.807991623878479,
    -1.8109691143035889,
    -1.8125991821289062,
    -1.8141727447509766,
    -1.8157445192337036,
    -1.8157999515533447,
    -1.8158177137374878,
    -1.8157289028167725,
    -1.8163163661956787,
    -1.8179172277450562,
    -1.8193228244781494,
    -1.8206679821014404,
    -1.821936845779419,
    -1.8228806257247925,
    -1.8236163854599,
    -1.8253668546676636,
    -1.8272881507873535,
    -1.8292096853256226,
    -1.8310246467590332,
    -1.832727074623108,
    -1.834362268447876,
    -1.8357938528060913,
    -1.8371856212615967,
    -1.839533805847168,
    -1.8439182043075562,
    -1.8487040996551514,
    -1.8534998893737793,
    -1.8582956790924072,
    -1.8631083965301514,
    -1.8680267333984375
  ]
}