{
  "arm": 33,
  "p": 0.312,
  "q": 0.554,
  "whittle": [
    -1.9498807191848755,
    -1.9457945823669434,
    -1.9410430192947388,
    -1.9365110397338867,
    -1.9315813779830933,
    -1.9260820150375366,
    -1.9206513166427612,
    -1.916587471961975,
    -1.913999319076538,
    -1.9115153551101685,
    -1.9093644618988037,
    -1.9072245359420776,
    -1.9042781591415405,
    -1.9008915424346924,
    -1.89749276638031,
    -1.8940057754516602,
    -1.8906058073043823,
    -1.8872098922729492,
    -1.8838552236557007,
    -1.8805112838745117,
    -1.8763084411621094,
    -1.871254563331604,
    -1.8651435375213623,
    -1.8609098196029663,
    -1.856812834739685,
    -1.8549491167068481,
    -1.85483980178833,
    -1.8565987348556519,
    -1.8584538698196411,
    -1.8599815368652344,
    -1.860619068145752,
    -1.8601356744766235,
    -1.859732985496521,
    -1.8595185279846191,
    -1.8594059944152832,
    -1.8594352006912231,
    -1.858350157737732,
    -1.8563941717147827,
    -1.8541882038116455,
    -1.852373719215393,
    -1.85173761844635,
    -1.8519269227981567,
    -1.85207200050354,
    -1.8509517908096313,
    -1.8495138883590698,
    -1.849027395248413,
    -1.850681185722351,
    -1.8521878719329834,
    -1.8532460927963257,
    -1.8544899225234985,
    -1.8553354740142822,
    -1.8562387228012085,
    -1.8577110767364502,
    -1.859999179840088,
    -1.8627201318740845,
    -1.8662151098251343,
    -1.8698375225067139,
    -1.8735260963439941,
    -1.8764456510543823,
    -1.8793612718582153,
    -1.8822674751281738,
    -1.8849411010742188,
    -1.8881866931915283,
    -1.8912378549575806,
    -1.8943957090377808,
    -1.8971641063690186,
    -1.8994872570037842,
    -1.9013748168945312,
    -1.9042028188705444,
    -1.9078419208526611,
    -1.9113587141036987,
    -1.9148932695388794,
    -1.9175119400024414,
    -1.9201492071151733,
    -1.9221996068954468,
    -1.9239895343780518,
    -1.9247006177902222,
    -1.9248552322387695,
    -1.9256700277328491,
    -1.927668571472168,
    -1.9293181896209717,
    -1.9306435585021973,
    -1.9320040941238403,
    -1.9332966804504395,
    -1.9343163967132568,
    -1.936285376548767,
    -1.9384281635284424,
    -1.940581202507019,
    -1.9426243305206299,
    -1.9445098638534546,
    -1.9463961124420166,
    -1.9481947422027588,
    -1.9500755071640015,
    -1.9527610540390015,
    -1.956552267074585,
    -1.9614489078521729,
    -1.9666152000427246,
    -1.9718114137649536,
    -1.977012276649475,
    -1.9823048114776611
  ]
}