{
  "arm": 80,
  "p": 0.531,
  "q": 0.103,
  "whittle": [
    -1.869444727897644,
    -1.8654592037200928,
    -1.8607996702194214,
    -1.8562946319580078,
    -1.8512099981307983,
    -1.8459064960479736,
    -1.8409236669540405,
    -1.836380958557129,
    -1.8338888883590698,
    -1.8311206102371216,
    -1.828433871269226,
    -1.8259482383728027,
    -1.8225418329238892,
    -1.8188538551330566,
    -1.8152555227279663,
    -1.8116295337677002,
    -1.8079688549041748,
    -1.8043084144592285,
    -1.8006473779678345,
    -1.7972216606140137,
    -1.793649435043335,
    -1.7884544134140015,
    -1.7820197343826294,
    -1.7773391008377075,
    -1.773212194442749,
    -1.7693945169448853,
    -1.7688233852386475,
    -1.7706118822097778,
    -1.7724931240081787,
    -1.7733432054519653,
    -1.7739616632461548,
    -1.773490071296692,
    -1.7727606296539307,
    -1.7723746299743652,
    -1.7720445394515991,
    -1.7716039419174194,
    -1.7710648775100708,
    -1.768868088722229,
    -1.7665587663650513,
    -1.7642794847488403,
    -1.7635188102722168,
    -1.7638914585113525,
    -1.7638558149337769,
    -1.7633237838745117,
    -1.7622777223587036,
    -1.7615386247634888,
    -1.7609329223632812,
    -1.7607156038284302,
    -1.7609282732009888,
    -1.761667013168335,
    -1.7622581720352173,
    -1.7628694772720337,
    -1.7637841701507568,
    -1.765323519706726,
    -1.7673757076263428,
    -1.7700217962265015,
    -1.7732841968536377,
    -1.7763786315917969,
    -1.7788935899734497,
    -1.7814881801605225,
    -1.7841819524765015,
    -1.7865259647369385,
    -1.7889175415039062,
    -1.7916412353515625,
    -1.7942609786987305,
    -1.7968807220458984,
    -1.7991502285003662,
    -1.8009471893310547,
    -1.8028277158737183,
    -1.8062371015548706,
    -1.8094961643218994,
    -1.8119150400161743,
    -1.813401222229004,
    -1.8149504661560059,
    -1.816499948501587,
    -1.8172367811203003,
    -1.8172307014465332,
    -1.8171100616455078,
    -1.8175650835037231,
    -1.818930745124817,
    -1.820316195487976,
    -1.8216766119003296,
    -1.8228046894073486,
    -1.8233829736709595,
    -1.8238922357559204,
    -1.8254468441009521,
    -1.8272814750671387,
    -1.8291887044906616,
    -1.8310099840164185,
    -1.8326990604400635,
    -1.8342379331588745,
    -1.8356173038482666,
    -1.8369967937469482,
    -1.8396837711334229,
    -1.843986988067627,
    -1.8487169742584229,
    -1.853502631187439,
    -1.8582885265350342,
    -1.8630861043930054,
    -1.8679969310760498
  ]
}