{
  "arm": 10,
  "p": 0.75,
  "q": 0.663,
  "whittle": [
    -1.8805077075958252,
    -1.8764746189117432,
    -1.8718578815460205,
    -1.866973876953125,
    -1.8618487119674683,
    -1.8563915491104126,
    -1.850524663925171,
    -1.8452987670898438,
    -1.842100739479065,
    -1.8393616676330566,
    -1.8369046449661255,
    -1.8344000577926636,
    -1.8313204050064087,
    -1.8277442455291748,
    -1.824172854423523,
    -1.820684790611267,
    -1.8171135187149048,
    -1.8135422468185425,
    -1.8101856708526611,
    -1.807096004486084,
    -1.8031333684921265,
    -1.798501968383789,
    -1.7927120923995972,
    -1.7883856296539307,
    -1.7844994068145752,
    -1.781050682067871,
    -1.7818125486373901,
    -1.7839925289154053,
    -1.7856143712997437,
    -1.7868075370788574,
    -1.78786301612854,
    -1.7868289947509766,
    -1.786297082901001,
    -1.785966396331787,
    -1.785536766052246,
    -1.7856895923614502,
    -1.7849012613296509,
    -1.783287763595581,
    -1.7809661626815796,
    -1.778914213180542,
    -1.778663158416748,
    -1.7786258459091187,
    -1.7788286209106445,
    -1.7781962156295776,
    -1.7767168283462524,
    -1.7760865688323975,
    -1.775657057762146,
    -1.776896357536316,
    -1.7775564193725586,
    -1.7786378860473633,
    -1.779356837272644,
    -1.7802149057388306,
    -1.781760573387146,
    -1.783889651298523,
    -1.7862792015075684,
    -1.7895913124084473,
    -1.7929255962371826,
    -1.7964009046554565,
    -1.7993600368499756,
    -1.802003026008606,
    -1.8046196699142456,
    -1.807094693183899,
    -1.809745192527771,
    -1.812706708908081,
    -1.8155194520950317,
    -1.8182514905929565,
    -1.8204244375228882,
    -1.8220380544662476,
    -1.8243094682693481,
    -1.8277400732040405,
    -1.8310765027999878,
    -1.8342562913894653,
    -1.8366749286651611,
    -1.8383277654647827,
    -1.8399499654769897,
    -1.8415383100509644,
    -1.842698097229004,
    -1.8428939580917358,
    -1.8439667224884033,
    -1.8457964658737183,
    -1.8473880290985107,
    -1.8487205505371094,
    -1.8499550819396973,
    -1.8510489463806152,
    -1.8520886898040771,
    -1.8539762496948242,
    -1.855932593345642,
    -1.857850193977356,
    -1.8595818281173706,
    -1.8613933324813843,
    -1.8632439374923706,
    -1.864949345588684,
    -1.8664478063583374,
    -1.8684391975402832,
    -1.8729496002197266,
    -1.8777217864990234,
    -1.8826345205307007,
    -1.8875727653503418,
    -1.8925191164016724,
    -1.897579312324524
  ]
}