{
  "arm": 82,
  "p": 0.731,
  "q": 0.637,
  "whittle": [
    -1.8510606288909912,
    -1.846962571144104,
    -1.8424370288848877,
    -1.8373689651489258,
    -1.8322019577026367,
    -1.8267091512680054,
    -1.8208221197128296,
    -1.8159022331237793,
    -1.8127944469451904,
    -1.8100262880325317,
    -1.8074138164520264,
    -1.8048745393753052,
    -1.8017213344573975,
    -1.7981069087982178,
    -1.7945088148117065,
    -1.7910233736038208,
    -1.7874226570129395,
    -1.78398859500885,
    -1.7807936668395996,
    -1.7776706218719482,
    -1.7737029790878296,
    -1.7691528797149658,
    -1.763419508934021,
    -1.759109377861023,
    -1.7552673816680908,
    -1.7515983581542969,
    -1.7523397207260132,
    -1.7545617818832397,
    -1.756136417388916,
    -1.7574055194854736,
    -1.7583811283111572,
    -1.7573720216751099,
    -1.756706953048706,
    -1.7563464641571045,
    -1.7558894157409668,
    -1.755927562713623,
    -1.7554090023040771,
    -1.753760576248169,
    -1.7513999938964844,
    -1.7494182586669922,
    -1.7494698762893677,
    -1.7494062185287476,
    -1.7497278451919556,
    -1.7494657039642334,
    -1.747979998588562,
    -1.7473134994506836,
    -1.746974229812622,
    -1.747843623161316,
    -1.7484431266784668,
    -1.7495511770248413,
    -1.7502371072769165,
    -1.750975251197815,
    -1.7523318529129028,
    -1.754440188407898,
    -1.7568391561508179,
    -1.760074257850647,
    -1.7633516788482666,
    -1.7667632102966309,
    -1.7696350812911987,
    -1.7722214460372925,
    -1.774667739868164,
    -1.7770792245864868,
    -1.779383897781372,
    -1.7821913957595825,
    -1.7847018241882324,
    -1.7873775959014893,
    -1.789445161819458,
    -1.7909711599349976,
    -1.7928977012634277,
    -1.7962658405303955,
    -1.7995315790176392,
    -1.8026174306869507,
    -1.8043060302734375,
    -1.8059133291244507,
    -1.807469367980957,
    -1.8089909553527832,
    -1.8093323707580566,
    -1.8093092441558838,
    -1.810591220855713,
    -1.8123524188995361,
    -1.8138822317123413,
    -1.8152652978897095,
    -1.8164702653884888,
    -1.8175086975097656,
    -1.818455457687378,
    -1.8202621936798096,
    -1.8221731185913086,
    -1.8241280317306519,
    -1.8259023427963257,
    -1.8277159929275513,
    -1.8295011520385742,
    -1.830981969833374,
    -1.8324031829833984,
    -1.8350564241409302,
    -1.8395040035247803,
    -1.8443212509155273,
    -1.8491393327713013,
    -1.8539910316467285,
    -1.8588424921035767,
    -1.8638043403625488
  ]
}