{
  "arm": 85,
  "p": 0.431,
  "q": 0.726,
  "whittle": [
    -1.862139344215393,
    -1.8581087589263916,
    -1.8536932468414307,
    -1.8486928939819336,
    -1.843446969985962,
    -1.8376635313034058,
    -1.8318135738372803,
    -1.8263245820999146,
    -1.8232553005218506,
    -1.8204355239868164,
    -1.8176990747451782,
    -1.8151090145111084,
    -1.8119384050369263,
    -1.8082623481750488,
    -1.8045971393585205,
    -1.8009644746780396,
    -1.7972986698150635,
    -1.7936325073242188,
    -1.789979100227356,
    -1.7867343425750732,
    -1.7826906442642212,
    -1.7773957252502441,
    -1.771138310432434,
    -1.7668536901474,
    -1.7627042531967163,
    -1.758914589881897,
    -1.7572925090789795,
    -1.7592871189117432,
    -1.7607420682907104,
    -1.7616806030273438,
    -1.7621128559112549,
    -1.760453462600708,
    -1.7595899105072021,
    -1.7591537237167358,
    -1.7586610317230225,
    -1.7583014965057373,
    -1.757017731666565,
    -1.7550702095031738,
    -1.7525804042816162,
    -1.7506110668182373,
    -1.7494215965270996,
    -1.7492338418960571,
    -1.749455451965332,
    -1.7485427856445312,
    -1.7467732429504395,
    -1.746050477027893,
    -1.745708703994751,
    -1.7457319498062134,
    -1.7466084957122803,
    -1.7476894855499268,
    -1.7483255863189697,
    -1.7490124702453613,
    -1.7503511905670166,
    -1.752403736114502,
    -1.7553930282592773,
    -1.7586313486099243,
    -1.7619398832321167,
    -1.7653311491012573,
    -1.7681995630264282,
    -1.770764708518982,
    -1.773572325706482,
    -1.7759648561477661,
    -1.7791990041732788,
    -1.7820883989334106,
    -1.7849571704864502,
    -1.7875888347625732,
    -1.7896629571914673,
    -1.7912747859954834,
    -1.7927501201629639,
    -1.7957477569580078,
    -1.7990024089813232,
    -1.8022572994232178,
    -1.8045400381088257,
    -1.806410789489746,
    -1.8079285621643066,
    -1.809421420097351,
    -1.8109031915664673,
    -1.811148762702942,
    -1.8128936290740967,
    -1.81473970413208,
    -1.81625235080719,
    -1.8175941705703735,
    -1.818727970123291,
    -1.8199166059494019,
    -1.8208951950073242,
    -1.8227174282073975,
    -1.82467520236969,
    -1.826633334159851,
    -1.828381896018982,
    -1.830119252204895,
    -1.831799030303955,
    -1.833286166191101,
    -1.8347127437591553,
    -1.8372149467468262,
    -1.8416051864624023,
    -1.8464304208755493,
    -1.8512554168701172,
    -1.8560808897018433,
    -1.860933542251587,
    -1.8658902645111084
  ]
}