{
  "arm": 76,
  "p": 0.656,
  "q": 0.801,
  "whittle": [
    -1.9496952295303345,
    -1.945701241493225,
    -1.9410675764083862,
    -1.936503529548645,
    -1.9315193891525269,
    -1.9260755777359009,
    -1.9203613996505737,
    -1.9153354167938232,
    -1.912305474281311,
    -1.909703254699707,
    -1.907488465309143,
    -1.9052796363830566,
    -1.9025628566741943,
    -1.8991584777832031,
    -1.8957221508026123,
    -1.8922964334487915,
    -1.8888620138168335,
    -1.885427713394165,
    -1.8820016384124756,
    -1.8786752223968506,
    -1.8748438358306885,
    -1.8703194856643677,
    -1.864338755607605,
    -1.8601319789886475,
    -1.8560973405838013,
    -1.8534830808639526,
    -1.8534523248672485,
    -1.8552992343902588,
    -1.857068657875061,
    -1.858340859413147,
    -1.859442114830017,
    -1.858559489250183,
    -1.8582192659378052,
    -1.8579543828964233,
    -1.8575782775878906,
    -1.8579638004302979,
    -1.8565328121185303,
    -1.8549686670303345,
    -1.8526679277420044,
    -1.8505902290344238,
    -1.8498080968856812,
    -1.8497394323349,
    -1.849751353263855,
    -1.8489875793457031,
    -1.847368597984314,
    -1.846806287765503,
    -1.8471449613571167,
    -1.8488126993179321,
    -1.8496112823486328,
    -1.850425124168396,
    -1.8511734008789062,
    -1.8522390127182007,
    -1.854070782661438,
    -1.8562630414962769,
    -1.8585588932037354,
    -1.861397624015808,
    -1.8648301362991333,
    -1.86835777759552,
    -1.8714823722839355,
    -1.874163031578064,
    -1.877026915550232,
    -1.8795546293258667,
    -1.8817261457443237,
    -1.8844053745269775,
    -1.8873423337936401,
    -1.8901031017303467,
    -1.8922936916351318,
    -1.8939720392227173,
    -1.8957955837249756,
    -1.899246335029602,
    -1.9026466608047485,
    -1.9061386585235596,
    -1.9086686372756958,
    -1.9107943773269653,
    -1.9124641418457031,
    -1.9141340255737305,
    -1.914989948272705,
    -1.915206789970398,
    -1.9156475067138672,
    -1.9170993566513062,
    -1.9186737537384033,
    -1.9199578762054443,
    -1.9211995601654053,
    -1.9224296808242798,
    -1.923638939857483,
    -1.9255986213684082,
    -1.9276328086853027,
    -1.9296669960021973,
    -1.9314794540405273,
    -1.9332430362701416,
    -1.935070514678955,
    -1.9368350505828857,
    -1.9386175870895386,
    -1.940563440322876,
    -1.94428551197052,
    -1.9489043951034546,
    -1.953893780708313,
    -1.9589755535125732,
    -1.9640573263168335,
    -1.9692553281784058
  ]
}