{
  "arm": 29,
  "p": 0.475,
  "q": 0.199,
  "whittle": [
    -1.8733940124511719,
    -1.8694231510162354,
    -1.864754319190979,
    -1.8603756427764893,
    -1.8552442789077759,
    -1.8497968912124634,
    -1.8445472717285156,
    -1.8399970531463623,
    -1.8374276161193848,
    -1.8345890045166016,
    -1.8317011594772339,
    -1.8291620016098022,
    -1.8257594108581543,
    -1.8220387697219849,
    -1.8183801174163818,
    -1.8147079944610596,
    -1.8110040426254272,
    -1.8073004484176636,
    -1.8035968542099,
    -1.8001238107681274,
    -1.7964568138122559,
    -1.791415810585022,
    -1.784924864768982,
    -1.7802622318267822,
    -1.7761549949645996,
    -1.7722830772399902,
    -1.7711446285247803,
    -1.7728166580200195,
    -1.7745400667190552,
    -1.7753585577011108,
    -1.7758841514587402,
    -1.7753791809082031,
    -1.7748171091079712,
    -1.7743384838104248,
    -1.773895263671875,
    -1.7734241485595703,
    -1.772396206855774,
    -1.7701085805892944,
    -1.7677042484283447,
    -1.7653565406799316,
    -1.764154076576233,
    -1.7643364667892456,
    -1.7642223834991455,
    -1.7636034488677979,
    -1.7624435424804688,
    -1.7616267204284668,
    -1.7608131170272827,
    -1.7591583728790283,
    -1.7592793703079224,
    -1.7595653533935547,
    -1.7600681781768799,
    -1.7605890035629272,
    -1.7613441944122314,
    -1.7625846862792969,
    -1.7644133567810059,
    -1.766842246055603,
    -1.7700124979019165,
    -1.7730720043182373,
    -1.7754894495010376,
    -1.7779996395111084,
    -1.7806280851364136,
    -1.7828749418258667,
    -1.7851848602294922,
    -1.7874531745910645,
    -1.7899816036224365,
    -1.7925102710723877,
    -1.79459547996521,
    -1.7963212728500366,
    -1.797783613204956,
    -1.8007802963256836,
    -1.8039238452911377,
    -1.8058267831802368,
    -1.8071860074996948,
    -1.808646559715271,
    -1.8096390962600708,
    -1.8094792366027832,
    -1.809385061264038,
    -1.8093129396438599,
    -1.809830904006958,
    -1.8111802339553833,
    -1.812469244003296,
    -1.8137584924697876,
    -1.815035104751587,
    -1.8156309127807617,
    -1.8161165714263916,
    -1.817738652229309,
    -1.8195699453353882,
    -1.821400761604309,
    -1.823172688484192,
    -1.8248107433319092,
    -1.826212763786316,
    -1.8275202512741089,
    -1.8289090394973755,
    -1.831697702407837,
    -1.8360673189163208,
    -1.8407849073410034,
    -1.845502495765686,
    -1.8502202033996582,
    -1.8549379110336304,
    -1.8597548007965088
  ]
}