{
  "arm": 1,
  "p": 0.3,
  "q": 0.633,
  "whittle": [
    -1.794461727142334,
    -1.7903611660003662,
    -1.7859091758728027,
    -1.780918836593628,
    -1.7755658626556396,
    -1.7695996761322021,
    -1.763690710067749,
    -1.7580162286758423,
    -1.7549864053726196,
    -1.751907467842102,
    -1.748818278312683,
    -1.7460345029830933,
    -1.742203950881958,
    -1.7384109497070312,
    -1.7346386909484863,
    -1.7309131622314453,
    -1.727142095565796,
    -1.7235758304595947,
    -1.720239520072937,
    -1.7169641256332397,
    -1.7129191160202026,
    -1.7076045274734497,
    -1.7017589807510376,
    -1.697355031967163,
    -1.6933953762054443,
    -1.6895761489868164,
    -1.689031720161438,
    -1.6911371946334839,
    -1.6924456357955933,
    -1.693568468093872,
    -1.6938896179199219,
    -1.6933931112289429,
    -1.6926761865615845,
    -1.6921576261520386,
    -1.691714882850647,
    -1.6913655996322632,
    -1.6903001070022583,
    -1.6882493495941162,
    -1.685754418373108,
    -1.683854579925537,
    -1.6836477518081665,
    -1.683590054512024,
    -1.6839654445648193,
    -1.6837637424468994,
    -1.6819720268249512,
    -1.6813424825668335,
    -1.6808161735534668,
    -1.6793272495269775,
    -1.6801239252090454,
    -1.6810756921768188,
    -1.6816436052322388,
    -1.682246446609497,
    -1.6831480264663696,
    -1.6849818229675293,
    -1.6880323886871338,
    -1.6910946369171143,
    -1.6942847967147827,
    -1.6975642442703247,
    -1.700163722038269,
    -1.70270836353302,
    -1.7049814462661743,
    -1.7072398662567139,
    -1.7097678184509277,
    -1.7123732566833496,
    -1.71484375,
    -1.7171422243118286,
    -1.7190313339233398,
    -1.7204946279525757,
    -1.7218328714370728,
    -1.7246497869491577,
    -1.7272413969039917,
    -1.7297394275665283,
    -1.7309646606445312,
    -1.7323830127716064,
    -1.7337892055511475,
    -1.7345582246780396,
    -1.734544277191162,
    -1.7353967428207397,
    -1.7368557453155518,
    -1.7384341955184937,
    -1.739786982536316,
    -1.7411210536956787,
    -1.7424801588058472,
    -1.7435193061828613,
    -1.744357705116272,
    -1.7459787130355835,
    -1.7477598190307617,
    -1.7495434284210205,
    -1.7511404752731323,
    -1.7524783611297607,
    -1.7537845373153687,
    -1.7550259828567505,
    -1.756632685661316,
    -1.75969660282135,
    -1.7642732858657837,
    -1.7688696384429932,
    -1.773465871810913,
    -1.7780749797821045,
    -1.782705545425415,
    -1.7874207496643066
  ]
}