{
  "p": 0.7,
  "q": 0.189,
  "whittle": [
    -3.4932351112365723,
    -3.4866812229156494,
    -3.4798946380615234,
    -3.472346067428589,
    -3.4630722999572754,
    -3.452972650527954,
    -3.443054437637329,
    -3.433004379272461,
    -3.422898769378662,
    -3.4122047424316406,
    -3.4006786346435547,
    -3.3888092041015625,
    -3.3771560192108154,
    -3.3664331436157227,
    -3.355494976043701,
    -3.344557523727417,
    -3.3336195945739746,
    -3.322681427001953,
    -3.311915636062622,
    -3.301363229751587,
    -3.290837287902832,
    -3.2807116508483887,
    -3.270585775375366,
    -3.2604598999023438,
    -3.250455856323242,
    -3.240823268890381,
    -3.2311909198760986,
    -3.2209630012512207,
    -3.2099099159240723,
    -3.1990201473236084,
    -3.1882431507110596,
    -3.1776039600372314,
    -3.1676104068756104,
    -3.162245035171509,
    -3.1592843532562256,
    -3.1573593616485596,
    -3.155534267425537,
    -3.1535401344299316,
    -3.1515934467315674,
    -3.14987850189209,
    -3.1491456031799316,
    -3.1480960845947266,
    -3.1469976902008057,
    -3.1440343856811523,
    -3.1410703659057617,
    -3.140320062637329,
    -3.1412789821624756,
    -3.1424713134765625,
    -3.1440610885620117,
    -3.1471786499023438,
    -3.1507322788238525,
    -3.1549670696258545,
    -3.159701347351074,
    -3.1646203994750977,
    -3.1695749759674072,
    -3.1748368740081787,
    -3.1799840927124023,
    -3.185131549835205,
    -3.18973970413208,
    -3.1940319538116455,
    -3.1994595527648926,
    -3.206134796142578,
    -3.215172290802002,
    -3.224447727203369,
    -3.233734130859375,
    -3.2401251792907715,
    -3.2464380264282227,
    -3.252750873565674,
    -3.259047031402588,
    -3.2638654708862305,
    -3.2698073387145996,
    -3.2763352394104004,
    -3.2822225093841553,
    -3.2855851650238037,
    -3.2888894081115723,
    -3.2921969890594482,
    -3.2954952716827393,
    -3.2983648777008057,
    -3.299729585647583,
    -3.3020246028900146,
    -3.304954767227173,
    -3.308102607727051,
    -3.312397003173828,
    -3.316791296005249,
    -3.322566270828247,
    -3.3290765285491943,
    -3.3356361389160156,
    -3.342266082763672,
    -3.3488969802856445,
    -3.3556342124938965,
    -3.3638875484466553,
    -3.371957778930664,
    -3.3767592906951904,
    -3.3819212913513184,
    -3.3870837688446045,
    -3.3922460079193115,
    -3.3974084854125977,
    -3.40295672416687,
    -3.409130334854126,
    -3.4150593280792236
  ]
}