{
  "p": 0.6,
  "q": 0.722,
  "whittle": [
    -4.251344203948975,
    -4.224013805389404,
    -4.195770740509033,
    -4.170201778411865,
    -4.145775318145752,
    -4.121011734008789,
    -4.093719959259033,
    -4.065939903259277,
    -4.038503646850586,
    -4.011094570159912,
    -3.982011556625366,
    -3.951136589050293,
    -3.918858766555786,
    -3.889416217803955,
    -3.8609540462493896,
    -3.8324995040893555,
    -3.8036599159240723,
    -3.7757670879364014,
    -3.748183012008667,
    -3.7180004119873047,
    -3.6882028579711914,
    -3.658322334289551,
    -3.6293461322784424,
    -3.6026127338409424,
    -3.575429916381836,
    -3.549788475036621,
    -3.5280632972717285,
    -3.5060479640960693,
    -3.4838902950286865,
    -3.4622490406036377,
    -3.444582462310791,
    -3.426319122314453,
    -3.4063522815704346,
    -3.3923285007476807,
    -3.378305435180664,
    -3.3641014099121094,
    -3.3490705490112305,
    -3.331369400024414,
    -3.313591480255127,
    -3.2962560653686523,
    -3.275700092315674,
    -3.254556179046631,
    -3.2343909740448,
    -3.2167248725891113,
    -3.1995463371276855,
    -3.1820425987243652,
    -3.1677722930908203,
    -3.1523537635803223,
    -3.139312744140625,
    -3.127375364303589,
    -3.1154379844665527,
    -3.103673219680786,
    -3.0964579582214355,
    -3.091177225112915,
    -3.0864205360412598,
    -3.081364154815674,
    -3.0768086910247803,
    -3.074392795562744,
    -3.0717060565948486,
    -3.069936752319336,
    -3.068960428237915,
    -3.0672764778137207,
    -3.0657970905303955,
    -3.0641510486602783,
    -3.062504529953003,
    -3.0619726181030273,
    -3.0661628246307373,
    -3.0740766525268555,
    -3.0817160606384277,
    -3.0911099910736084,
    -3.10021710395813,
    -3.109947443008423,
    -3.1224021911621094,
    -3.1372742652893066,
    -3.1550393104553223,
    -3.1769189834594727,
    -3.2006983757019043,
    -3.224618434906006,
    -3.247451066970825,
    -3.270294189453125,
    -3.2931370735168457,
    -3.3159804344177246,
    -3.3390345573425293,
    -3.3622658252716064,
    -3.384655237197876,
    -3.4068806171417236,
    -3.4282538890838623,
    -3.4482240676879883,
    -3.467881441116333,
    -3.4875359535217285,
    -3.508343458175659,
    -3.5289063453674316,
    -3.5485587120056152,
    -3.566091299057007,
    -3.581935167312622,
    -3.5991063117980957,
    -3.6167588233947754,
    -3.6344425678253174,
    -3.652780532836914,
    -3.6715457439422607
  ]
}