{
  "p": 0.2,
  "q": 0.456,
  "whittle": [
    -4.176402568817139,
    -4.1710896492004395,
    -4.165775299072266,
    -4.160525321960449,
    -4.155087947845459,
    -4.151727199554443,
    -4.148571968078613,
    -4.145416736602783,
    -4.142261981964111,
    -4.139059543609619,
    -4.135937690734863,
    -4.132701396942139,
    -4.129904747009277,
    -4.127742767333984,
    -4.125519752502441,
    -4.122370719909668,
    -4.118088245391846,
    -4.1163411140441895,
    -4.114483833312988,
    -4.112239837646484,
    -4.109463214874268,
    -4.106630325317383,
    -4.1040449142456055,
    -4.101866245269775,
    -4.099688529968262,
    -4.097485542297363,
    -4.094470500946045,
    -4.091897487640381,
    -4.089616298675537,
    -4.086320877075195,
    -4.08281946182251,
    -4.079436779022217,
    -4.077106475830078,
    -4.0751190185546875,
    -4.073090553283691,
    -4.071086406707764,
    -4.069369792938232,
    -4.067653179168701,
    -4.065937042236328,
    -4.06569242477417,
    -4.065427780151367,
    -4.065394401550293,
    -4.0656328201293945,
    -4.066270351409912,
    -4.066908836364746,
    -4.067546367645264,
    -4.068184852600098,
    -4.069035053253174,
    -4.07152795791626,
    -4.072757244110107,
    -4.073809623718262,
    -4.075326442718506,
    -4.07719612121582,
    -4.081433296203613,
    -4.085669994354248,
    -4.089899063110352,
    -4.09412145614624,
    -4.098506450653076,
    -4.102657794952393,
    -4.106589317321777,
    -4.110491752624512,
    -4.114721775054932,
    -4.1186089515686035,
    -4.122737407684326,
    -4.127358913421631,
    -4.131979942321777,
    -4.1365647315979,
    -4.141154766082764,
    -4.145746231079102,
    -4.150406360626221,
    -4.155092239379883,
    -4.160166263580322,
    -4.165258884429932,
    -4.170962333679199,
    -4.17716121673584,
    -4.1828813552856445,
    -4.189326763153076,
    -4.196866035461426,
    -4.205109119415283,
    -4.213352680206299,
    -4.221675872802734,
    -4.23046350479126,
    -4.238241195678711,
    -4.244884014129639,
    -4.25152587890625,
    -4.258167266845703,
    -4.264791965484619,
    -4.271462917327881,
    -4.278173446655273,
    -4.2853827476501465,
    -4.292591571807861,
    -4.299800395965576,
    -4.307893753051758,
    -4.31660270690918,
    -4.32531213760376,
    -4.333414554595947,
    -4.340902805328369,
    -4.348226547241211,
    -4.356287956237793,
    -4.3643083572387695
  ]
}