{
  "p": 0.35,
  "q": 0.396,
  "whittle": [
    -2.86049747467041,
    -2.8638131618499756,
    -2.8663270473480225,
    -2.8678503036499023,
    -2.8699378967285156,
    -2.8722262382507324,
    -2.874577045440674,
    -2.877101421356201,
    -2.879909038543701,
    -2.8828346729278564,
    -2.888237714767456,
    -2.8959317207336426,
    -2.902933359146118,
    -2.9101455211639404,
    -2.9169716835021973,
    -2.9233181476593018,
    -2.9293086528778076,
    -2.934842824935913,
    -2.9412801265716553,
    -2.9472551345825195,
    -2.9506967067718506,
    -2.9542770385742188,
    -2.9577925205230713,
    -2.9624218940734863,
    -2.9672770500183105,
    -2.972175121307373,
    -2.9771945476531982,
    -2.981858253479004,
    -2.9881327152252197,
    -2.995157241821289,
    -3.001847267150879,
    -3.006495952606201,
    -3.011345148086548,
    -3.0195181369781494,
    -3.028146982192993,
    -3.0367648601531982,
    -3.0455470085144043,
    -3.056118965148926,
    -3.0681228637695312,
    -3.079782247543335,
    -3.091341733932495,
    -3.103027582168579,
    -3.11513090133667,
    -3.1272799968719482,
    -3.1394424438476562,
    -3.1517841815948486,
    -3.164036750793457,
    -3.176222801208496,
    -3.1888935565948486,
    -3.201951265335083,
    -3.2143378257751465,
    -3.226588010787964,
    -3.238837957382202,
    -3.2502100467681885,
    -3.26190185546875,
    -3.2736148834228516,
    -3.2844693660736084,
    -3.2949814796447754,
    -3.305408239364624,
    -3.3158349990844727,
    -3.3262619972229004,
    -3.3366892337799072,
    -3.347168445587158,
    -3.3580563068389893,
    -3.369018793106079,
    -3.379981756210327,
    -3.390943765640259,
    -3.401336193084717,
    -3.411651134490967,
    -3.4215402603149414,
    -3.4318275451660156,
    -3.4427268505096436,
    -3.4557676315307617,
    -3.468816041946411,
    -3.4819798469543457,
    -3.494544744491577,
    -3.506096124649048,
    -3.5176475048065186,
    -3.5293991565704346,
    -3.5405666828155518,
    -3.552081346511841,
    -3.5627944469451904,
    -3.573185682296753,
    -3.5835769176483154,
    -3.593968629837036,
    -3.603717088699341,
    -3.6134021282196045,
    -3.6231629848480225,
    -3.6329236030578613,
    -3.6435792446136475,
    -3.65488600730896,
    -3.6656835079193115,
    -3.676544666290283,
    -3.687398672103882,
    -3.69836688041687,
    -3.7093358039855957,
    -3.720304012298584,
    -3.731245756149292,
    -3.7421751022338867,
    -3.753319025039673
  ]
}