{
  "p": 0.55,
  "q": 0.13,
  "whittle": [
    -2.954116106033325,
    -2.954202175140381,
    -2.9534828662872314,
    -2.9526615142822266,
    -2.9522993564605713,
    -2.9518144130706787,
    -2.9513251781463623,
    -2.95082950592041,
    -2.9495952129364014,
    -2.946660041809082,
    -2.9433207511901855,
    -2.9398586750030518,
    -2.936396598815918,
    -2.932892084121704,
    -2.929119348526001,
    -2.924616575241089,
    -2.9199771881103516,
    -2.9147164821624756,
    -2.9093918800354004,
    -2.9041054248809814,
    -2.8989570140838623,
    -2.8937270641326904,
    -2.888566017150879,
    -2.883470296859741,
    -2.8784260749816895,
    -2.873809337615967,
    -2.8685507774353027,
    -2.8626654148101807,
    -2.856821298599243,
    -2.8509976863861084,
    -2.845111131668091,
    -2.8392152786254883,
    -2.8336360454559326,
    -2.8288192749023438,
    -2.824406385421753,
    -2.820481538772583,
    -2.8166801929473877,
    -2.8126487731933594,
    -2.8070545196533203,
    -2.8014113903045654,
    -2.7954893112182617,
    -2.7895419597625732,
    -2.783329486846924,
    -2.776648998260498,
    -2.77079176902771,
    -2.7651357650756836,
    -2.759347677230835,
    -2.752401828765869,
    -2.7454559803009033,
    -2.738049268722534,
    -2.731919527053833,
    -2.7258920669555664,
    -2.71944522857666,
    -2.712999105453491,
    -2.7073113918304443,
    -2.702411413192749,
    -2.6993072032928467,
    -2.696265697479248,
    -2.693315267562866,
    -2.6898574829101562,
    -2.686206579208374,
    -2.6826107501983643,
    -2.6779706478118896,
    -2.6725516319274902,
    -2.666842460632324,
    -2.6611032485961914,
    -2.6540825366973877,
    -2.6465282440185547,
    -2.638730049133301,
    -2.6306703090667725,
    -2.62225341796875,
    -2.613834857940674,
    -2.605414867401123,
    -2.597301721572876,
    -2.5894649028778076,
    -2.5822765827178955,
    -2.5761823654174805,
    -2.569598436355591,
    -2.562603712081909,
    -2.55502986907959,
    -2.547412633895874,
    -2.539797306060791,
    -2.5327308177948,
    -2.5281319618225098,
    -2.5249881744384766,
    -2.5218441486358643,
    -2.51867938041687,
    -2.5153253078460693,
    -2.5121095180511475,
    -2.5087928771972656,
    -2.5059266090393066,
    -2.5030605792999268,
    -2.5000247955322266,
    -2.4969558715820312,
    -2.494340658187866,
    -2.4928407669067383,
    -2.4913411140441895,
    -2.4898650646209717,
    -2.4883909225463867,
    -2.486938953399658
  ]
}