{
  "p": 0.3,
  "q": 0.633,
  "whittle": [
    -3.9098222255706787,
    -3.8995845317840576,
    -3.889207363128662,
    -3.87882924079895,
    -3.868452310562134,
    -3.8587002754211426,
    -3.847822427749634,
    -3.8370914459228516,
    -3.826190233230591,
    -3.8157384395599365,
    -3.804560899734497,
    -3.7929799556732178,
    -3.7809433937072754,
    -3.768907070159912,
    -3.7568705081939697,
    -3.7447896003723145,
    -3.7325942516326904,
    -3.7202916145324707,
    -3.7090139389038086,
    -3.698411226272583,
    -3.687732219696045,
    -3.6771159172058105,
    -3.6667444705963135,
    -3.656128406524658,
    -3.644608736038208,
    -3.631967782974243,
    -3.621605634689331,
    -3.614743709564209,
    -3.608426332473755,
    -3.6030585765838623,
    -3.5976498126983643,
    -3.592567205429077,
    -3.5880916118621826,
    -3.583221912384033,
    -3.578352212905884,
    -3.57387375831604,
    -3.568079948425293,
    -3.5622854232788086,
    -3.5564913749694824,
    -3.5517678260803223,
    -3.5497844219207764,
    -3.549837112426758,
    -3.5507211685180664,
    -3.5527353286743164,
    -3.554800271987915,
    -3.556762456893921,
    -3.55885648727417,
    -3.5613973140716553,
    -3.564638137817383,
    -3.5681567192077637,
    -3.571993112564087,
    -3.5760765075683594,
    -3.5812079906463623,
    -3.5877513885498047,
    -3.595425844192505,
    -3.6032631397247314,
    -3.6107699871063232,
    -3.6165053844451904,
    -3.6224358081817627,
    -3.62981915473938,
    -3.6377291679382324,
    -3.6456241607666016,
    -3.65351939201355,
    -3.661292791366577,
    -3.669004201889038,
    -3.6773483753204346,
    -3.68761944770813,
    -3.6973283290863037,
    -3.705256223678589,
    -3.7135112285614014,
    -3.721904993057251,
    -3.730008840560913,
    -3.737499952316284,
    -3.744921922683716,
    -3.7543482780456543,
    -3.764512300491333,
    -3.774590253829956,
    -3.7842509746551514,
    -3.793680429458618,
    -3.8031749725341797,
    -3.812858819961548,
    -3.82173490524292,
    -3.830491304397583,
    -3.838346481323242,
    -3.842651844024658,
    -3.8455631732940674,
    -3.848306894302368,
    -3.851050615310669,
    -3.8553028106689453,
    -3.8593294620513916,
    -3.8630011081695557,
    -3.865429401397705,
    -3.867563009262085,
    -3.8711278438568115,
    -3.874281406402588,
    -3.8776133060455322,
    -3.8810181617736816,
    -3.885131359100342,
    -3.8892624378204346,
    -3.8947057723999023
  ]
}