{
  "p": 0.15,
  "q": 0.811,
  "whittle": [
    -23.150651931762695,
    -23.123214721679688,
    -23.09927749633789,
    -23.075366973876953,
    -23.051212310791016,
    -23.027467727661133,
    -23.004335403442383,
    -22.980144500732422,
    -22.953121185302734,
    -22.92873764038086,
    -22.90450668334961,
    -22.87957191467285,
    -22.852752685546875,
    -22.824682235717773,
    -22.798900604248047,
    -22.77433967590332,
    -22.744760513305664,
    -22.715124130249023,
    -22.685495376586914,
    -22.655162811279297,
    -22.626718521118164,
    -22.596471786499023,
    -22.56539535522461,
    -22.534406661987305,
    -22.503807067871094,
    -22.473724365234375,
    -22.443647384643555,
    -22.412202835083008,
    -22.378141403198242,
    -22.343923568725586,
    -22.307842254638672,
    -22.272310256958008,
    -22.235654830932617,
    -22.19689178466797,
    -22.155941009521484,
    -22.110408782958984,
    -22.06193733215332,
    -22.008657455444336,
    -21.954036712646484,
    -21.900421142578125,
    -21.846960067749023,
    -21.79698371887207,
    -21.745859146118164,
    -21.69374656677246,
    -21.64102554321289,
    -21.58688735961914,
    -21.526201248168945,
    -21.466535568237305,
    -21.399696350097656,
    -21.333023071289062,
    -21.266681671142578,
    -21.20233154296875,
    -21.137889862060547,
    -21.071874618530273,
    -21.006196975708008,
    -20.942480087280273,
    -20.87870979309082,
    -20.81658172607422,
    -20.762495040893555,
    -20.719263076782227,
    -20.67700958251953,
    -20.633378982543945,
    -20.587862014770508,
    -20.54011344909668,
    -20.49257469177246,
    -20.44725227355957,
    -20.402786254882812,
    -20.357744216918945,
    -20.310367584228516,
    -20.264972686767578,
    -20.222217559814453,
    -20.180763244628906,
    -20.138931274414062,
    -20.09502410888672,
    -20.048425674438477,
    -19.99178123474121,
    -19.935134887695312,
    -19.87862777709961,
    -19.822370529174805,
    -19.771408081054688,
    -19.721912384033203,
    -19.672975540161133,
    -19.625608444213867,
    -19.58342170715332,
    -19.542545318603516,
    -19.501567840576172,
    -19.464157104492188,
    -19.436847686767578,
    -19.418153762817383,
    -19.400739669799805,
    -19.382339477539062,
    -19.36545181274414,
    -19.35390281677246,
    -19.3512020111084,
    -19.34866714477539,
    -19.346818923950195,
    -19.345306396484375,
    -19.345579147338867,
    -19.347858428955078,
    -19.35053062438965
  ]
}