{
  "p": 0.5,
  "q": 0.367,
  "whittle": [
    -3.7364628314971924,
    -3.726285934448242,
    -3.7145309448242188,
    -3.7018096446990967,
    -3.6906826496124268,
    -3.6786954402923584,
    -3.6657564640045166,
    -3.652587413787842,
    -3.639453172683716,
    -3.626129388809204,
    -3.612518072128296,
    -3.598883628845215,
    -3.5860671997070312,
    -3.5732712745666504,
    -3.5608267784118652,
    -3.547767400741577,
    -3.5346052646636963,
    -3.5209972858428955,
    -3.507460117340088,
    -3.49348521232605,
    -3.4782886505126953,
    -3.4629294872283936,
    -3.4478378295898438,
    -3.4322376251220703,
    -3.4175896644592285,
    -3.403536319732666,
    -3.3909714221954346,
    -3.378541946411133,
    -3.3659307956695557,
    -3.3513216972351074,
    -3.3364806175231934,
    -3.3213508129119873,
    -3.3066835403442383,
    -3.2922744750976562,
    -3.278952121734619,
    -3.269548177719116,
    -3.259324789047241,
    -3.248685836791992,
    -3.238046884536743,
    -3.2276718616485596,
    -3.217406749725342,
    -3.207141399383545,
    -3.1969871520996094,
    -3.188087224960327,
    -3.1796791553497314,
    -3.1712646484375,
    -3.1632137298583984,
    -3.1557695865631104,
    -3.148591995239258,
    -3.1419639587402344,
    -3.1334969997406006,
    -3.1278645992279053,
    -3.122404098510742,
    -3.117567300796509,
    -3.1127312183380127,
    -3.109356641769409,
    -3.1072824001312256,
    -3.1053247451782227,
    -3.1032607555389404,
    -3.1015141010284424,
    -3.102727174758911,
    -3.1036949157714844,
    -3.1026625633239746,
    -3.1020750999450684,
    -3.103315591812134,
    -3.104973554611206,
    -3.1070432662963867,
    -3.1098265647888184,
    -3.112382411956787,
    -3.115260124206543,
    -3.1184325218200684,
    -3.1216108798980713,
    -3.1247966289520264,
    -3.12837553024292,
    -3.132568597793579,
    -3.136367082595825,
    -3.1403517723083496,
    -3.144519329071045,
    -3.1487576961517334,
    -3.152996778488159,
    -3.156076192855835,
    -3.158932685852051,
    -3.1617326736450195,
    -3.1644508838653564,
    -3.167241334915161,
    -3.1697680950164795,
    -3.1723697185516357,
    -3.1758532524108887,
    -3.179701328277588,
    -3.183292865753174,
    -3.1867835521698,
    -3.1903183460235596,
    -3.194619655609131,
    -3.198920965194702,
    -3.2032225131988525,
    -3.2075235843658447,
    -3.2118353843688965,
    -3.215827703475952,
    -3.219917058944702,
    -3.2240066528320312
  ]
}