{
  "p": 0.8,
  "q": 0.544,
  "whittle": [
    -3.8269503116607666,
    -3.8137388229370117,
    -3.800546646118164,
    -3.787389039993286,
    -3.774230718612671,
    -3.761073112487793,
    -3.7479147911071777,
    -3.7347571849823,
    -3.720993995666504,
    -3.7074663639068604,
    -3.6940672397613525,
    -3.6812167167663574,
    -3.66841721534729,
    -3.6556100845336914,
    -3.6439380645751953,
    -3.6324872970581055,
    -3.6199753284454346,
    -3.6074635982513428,
    -3.59592866897583,
    -3.5862977504730225,
    -3.577618360519409,
    -3.5725300312042236,
    -3.567441701889038,
    -3.5628514289855957,
    -3.5583863258361816,
    -3.5535995960235596,
    -3.5489745140075684,
    -3.5450687408447266,
    -3.5410711765289307,
    -3.536980390548706,
    -3.5381336212158203,
    -3.5406503677368164,
    -3.5433921813964844,
    -3.5487349033355713,
    -3.5606327056884766,
    -3.575885534286499,
    -3.591553211212158,
    -3.6072781085968018,
    -3.6232903003692627,
    -3.639317750930786,
    -3.6538138389587402,
    -3.6693246364593506,
    -3.6847755908966064,
    -3.6994011402130127,
    -3.7138566970825195,
    -3.727933168411255,
    -3.740529775619507,
    -3.7517638206481934,
    -3.763000965118408,
    -3.774440050125122,
    -3.7859609127044678,
    -3.796797513961792,
    -3.8066322803497314,
    -3.8176333904266357,
    -3.8285939693450928,
    -3.8445332050323486,
    -3.8612914085388184,
    -3.8779985904693604,
    -3.894562005996704,
    -3.911074161529541,
    -3.927586793899536,
    -3.943885564804077,
    -3.960279703140259,
    -3.976271390914917,
    -3.991377592086792,
    -4.006381034851074,
    -4.020597457885742,
    -4.034309387207031,
    -4.048957824707031,
    -4.064643383026123,
    -4.081124305725098,
    -4.097679615020752,
    -4.114858150482178,
    -4.1320881843566895,
    -4.149087429046631,
    -4.165309906005859,
    -4.182619094848633,
    -4.200066089630127,
    -4.217506408691406,
    -4.235095977783203,
    -4.252293586730957,
    -4.268949031829834,
    -4.285740375518799,
    -4.303061485290527,
    -4.320382595062256,
    -4.338434219360352,
    -4.357137680053711,
    -4.375198841094971,
    -4.392362594604492,
    -4.408896446228027,
    -4.426784992218018,
    -4.4455132484436035,
    -4.463532447814941,
    -4.482844829559326,
    -4.502286434173584,
    -4.52239990234375,
    -4.542461395263672,
    -4.56252384185791,
    -4.582610607147217,
    -4.603059768676758
  ]
}