{
  "p": 0.4,
  "q": 0.278,
  "whittle": [
    -3.372283697128296,
    -3.3857126235961914,
    -3.399141550064087,
    -3.412417411804199,
    -3.425781488418579,
    -3.439103603363037,
    -3.452378988265991,
    -3.4620718955993652,
    -3.466606855392456,
    -3.4714443683624268,
    -3.4768056869506836,
    -3.4777920246124268,
    -3.4781322479248047,
    -3.478699207305908,
    -3.480626106262207,
    -3.483232259750366,
    -3.486963987350464,
    -3.4920663833618164,
    -3.4978268146514893,
    -3.5046019554138184,
    -3.5140116214752197,
    -3.52487850189209,
    -3.5359954833984375,
    -3.5466415882110596,
    -3.5555150508880615,
    -3.563223123550415,
    -3.5712900161743164,
    -3.5807149410247803,
    -3.592604160308838,
    -3.6092782020568848,
    -3.62642765045166,
    -3.6446571350097656,
    -3.664558172225952,
    -3.6864962577819824,
    -3.7079453468322754,
    -3.7301924228668213,
    -3.7523884773254395,
    -3.775487184524536,
    -3.799771785736084,
    -3.8286898136138916,
    -3.857948064804077,
    -3.8872058391571045,
    -3.9163098335266113,
    -3.944281578063965,
    -3.9720983505249023,
    -4.000881671905518,
    -4.030753135681152,
    -4.060226917266846,
    -4.087667465209961,
    -4.1183366775512695,
    -4.14633846282959,
    -4.172927379608154,
    -4.2004594802856445,
    -4.227712631225586,
    -4.2554707527160645,
    -4.283721446990967,
    -4.312889575958252,
    -4.342173099517822,
    -4.373986721038818,
    -4.403365135192871,
    -4.4318084716796875,
    -4.459155559539795,
    -4.484202861785889,
    -4.508875370025635,
    -4.533334732055664,
    -4.557793617248535,
    -4.582614898681641,
    -4.607998371124268,
    -4.632803916931152,
    -4.656904697418213,
    -4.68082857131958,
    -4.7034807205200195,
    -4.725969314575195,
    -4.748486518859863,
    -4.770639419555664,
    -4.792232513427734,
    -4.813877582550049,
    -4.83620023727417,
    -4.85976505279541,
    -4.8843464851379395,
    -4.908491134643555,
    -4.9327592849731445,
    -4.95508337020874,
    -4.976919651031494,
    -4.998743057250977,
    -5.020566463470459,
    -5.042389392852783,
    -5.0633225440979,
    -5.083504676818848,
    -5.102163314819336,
    -5.12080192565918,
    -5.139800071716309,
    -5.159145355224609,
    -5.1805338859558105,
    -5.201935291290283,
    -5.223048686981201,
    -5.243502616882324,
    -5.2640533447265625,
    -5.285031795501709,
    -5.305543899536133
  ]
}