{
  "arm": 26,
  "p": 0.775,
  "q": 0.11,
  "whittle": [
    -1.7928215265274048,
    -1.7887952327728271,
    -1.7842016220092773,
    -1.7794543504714966,
    -1.7742875814437866,
    -1.7686991691589355,
    -1.7635198831558228,
    -1.7586942911148071,
    -1.7555829286575317,
    -1.7523338794708252,
    -1.7490583658218384,
    -1.7461657524108887,
    -1.742851734161377,
    -1.738878607749939,
    -1.7349892854690552,
    -1.7311861515045166,
    -1.7272100448608398,
    -1.7232422828674316,
    -1.7196738719940186,
    -1.7161407470703125,
    -1.7121849060058594,
    -1.7064138650894165,
    -1.699692726135254,
    -1.6945194005966187,
    -1.6902377605438232,
    -1.6861650943756104,
    -1.6823769807815552,
    -1.6818405389785767,
    -1.6834059953689575,
    -1.6839425563812256,
    -1.6838663816452026,
    -1.6830501556396484,
    -1.6806453466415405,
    -1.6797635555267334,
    -1.6791210174560547,
    -1.6785084009170532,
    -1.6772487163543701,
    -1.6748217344284058,
    -1.6722639799118042,
    -1.6697924137115479,
    -1.6677048206329346,
    -1.6676257848739624,
    -1.6674426794052124,
    -1.666581392288208,
    -1.6653059720993042,
    -1.6643086671829224,
    -1.6635435819625854,
    -1.6620824337005615,
    -1.6604747772216797,
    -1.6605523824691772,
    -1.660935640335083,
    -1.6613366603851318,
    -1.6619638204574585,
    -1.6631063222885132,
    -1.6648608446121216,
    -1.667826533317566,
    -1.670829176902771,
    -1.6737616062164307,
    -1.676076889038086,
    -1.6784000396728516,
    -1.681077003479004,
    -1.683211326599121,
    -1.6855496168136597,
    -1.6879348754882812,
    -1.6902964115142822,
    -1.6926980018615723,
    -1.6949033737182617,
    -1.6966599225997925,
    -1.6979600191116333,
    -1.7006514072418213,
    -1.7037242650985718,
    -1.7059684991836548,
    -1.7074828147888184,
    -1.7087708711624146,
    -1.7094895839691162,
    -1.7092307806015015,
    -1.7090622186660767,
    -1.7098935842514038,
    -1.7113878726959229,
    -1.7129379510879517,
    -1.714368462562561,
    -1.715739130973816,
    -1.7170188426971436,
    -1.7177554368972778,
    -1.7183505296707153,
    -1.7198948860168457,
    -1.7216352224349976,
    -1.723375678062439,
    -1.7251160144805908,
    -1.7264882326126099,
    -1.7277917861938477,
    -1.7292042970657349,
    -1.7315897941589355,
    -1.734815001487732,
    -1.7393525838851929,
    -1.7438938617706299,
    -1.748435139656067,
    -1.752976417541504,
    -1.7575181722640991,
    -1.762162685394287
  ]
}