{
  "arm": 52,
  "p": 0.637,
  "q": 0.88,
  "whittle": [
    -2.015737295150757,
    -2.0117342472076416,
    -2.0073206424713135,
    -2.003150701522827,
    -1.9984078407287598,
    -1.9928209781646729,
    -1.9870103597640991,
    -1.9822263717651367,
    -1.9790998697280884,
    -1.9764025211334229,
    -1.9739521741867065,
    -1.9715229272842407,
    -1.9690860509872437,
    -1.9655570983886719,
    -1.9619784355163574,
    -1.9584157466888428,
    -1.9548364877700806,
    -1.9512574672698975,
    -1.9476780891418457,
    -1.9441121816635132,
    -1.9394892454147339,
    -1.934098720550537,
    -1.9274922609329224,
    -1.9221885204315186,
    -1.9178071022033691,
    -1.9137243032455444,
    -1.9120537042617798,
    -1.9114428758621216,
    -1.912312626838684,
    -1.9132670164108276,
    -1.9138121604919434,
    -1.9128451347351074,
    -1.9119148254394531,
    -1.9114149808883667,
    -1.9108022451400757,
    -1.9099345207214355,
    -1.9076943397521973,
    -1.9058622121810913,
    -1.9033148288726807,
    -1.9009662866592407,
    -1.8991056680679321,
    -1.8988971710205078,
    -1.898451805114746,
    -1.8973757028579712,
    -1.895630955696106,
    -1.8947856426239014,
    -1.8940166234970093,
    -1.8950520753860474,
    -1.8952319622039795,
    -1.8948458433151245,
    -1.895133376121521,
    -1.8957785367965698,
    -1.8972821235656738,
    -1.8992465734481812,
    -1.9013097286224365,
    -1.9032847881317139,
    -1.9055777788162231,
    -1.9088691473007202,
    -1.9117926359176636,
    -1.9142067432403564,
    -1.916918158531189,
    -1.9192936420440674,
    -1.9209613800048828,
    -1.9227938652038574,
    -1.9250004291534424,
    -1.9276973009109497,
    -1.9297391176223755,
    -1.9313164949417114,
    -1.9326939582824707,
    -1.9342292547225952,
    -1.9365990161895752,
    -1.9398179054260254,
    -1.9422153234481812,
    -1.9437425136566162,
    -1.9451707601547241,
    -1.946161150932312,
    -1.9461824893951416,
    -1.9462072849273682,
    -1.9463878870010376,
    -1.9465641975402832,
    -1.9479286670684814,
    -1.9491667747497559,
    -1.9501672983169556,
    -1.9512109756469727,
    -1.9522939920425415,
    -1.9540762901306152,
    -1.9559277296066284,
    -1.9577785730361938,
    -1.9596564769744873,
    -1.961382508277893,
    -1.9630136489868164,
    -1.9646178483963013,
    -1.966221809387207,
    -1.967950463294983,
    -1.9715327024459839,
    -1.9755048751831055,
    -1.9801709651947021,
    -1.9851019382476807,
    -1.990040898323059,
    -1.9951233863830566
  ]
}