{
  "arm": 96,
  "p": 0.519,
  "q": 0.577,
  "whittle": [
    -1.7867451906204224,
    -1.7825424671173096,
    -1.7780605554580688,
    -1.7730683088302612,
    -1.7678842544555664,
    -1.7622472047805786,
    -1.7565573453903198,
    -1.7524040937423706,
    -1.7496603727340698,
    -1.7468020915985107,
    -1.7439850568771362,
    -1.7414345741271973,
    -1.7381236553192139,
    -1.7344870567321777,
    -1.730873703956604,
    -1.7273985147476196,
    -1.7239537239074707,
    -1.7207542657852173,
    -1.7175546884536743,
    -1.7144089937210083,
    -1.7104750871658325,
    -1.706000566482544,
    -1.7007766962051392,
    -1.6966359615325928,
    -1.6933575868606567,
    -1.6912078857421875,
    -1.6927534341812134,
    -1.6950085163116455,
    -1.6966677904129028,
    -1.698137640953064,
    -1.6987687349319458,
    -1.6986520290374756,
    -1.6988658905029297,
    -1.6984542608261108,
    -1.6980594396591187,
    -1.69791841506958,
    -1.697503924369812,
    -1.6956348419189453,
    -1.693260908126831,
    -1.6925352811813354,
    -1.6925636529922485,
    -1.6925314664840698,
    -1.693069577217102,
    -1.693179726600647,
    -1.6916295289993286,
    -1.6911207437515259,
    -1.690827488899231,
    -1.6901352405548096,
    -1.690476894378662,
    -1.6912611722946167,
    -1.6919111013412476,
    -1.6925979852676392,
    -1.6936196088790894,
    -1.6952438354492188,
    -1.6973263025283813,
    -1.7004492282867432,
    -1.703669786453247,
    -1.7069876194000244,
    -1.7096624374389648,
    -1.7121466398239136,
    -1.714410662651062,
    -1.7167226076126099,
    -1.71904718875885,
    -1.721195101737976,
    -1.7236658334732056,
    -1.726183533668518,
    -1.7280573844909668,
    -1.7294293642044067,
    -1.7309333086013794,
    -1.7338166236877441,
    -1.7364089488983154,
    -1.7387826442718506,
    -1.7400611639022827,
    -1.7415658235549927,
    -1.7428256273269653,
    -1.742751955986023,
    -1.7428306341171265,
    -1.7430615425109863,
    -1.7442939281463623,
    -1.7460129261016846,
    -1.7474452257156372,
    -1.748773217201233,
    -1.7500593662261963,
    -1.7510828971862793,
    -1.7519242763519287,
    -1.7536360025405884,
    -1.7554678916931152,
    -1.757299542427063,
    -1.7590311765670776,
    -1.7605657577514648,
    -1.7619693279266357,
    -1.7632439136505127,
    -1.7651309967041016,
    -1.7681822776794434,
    -1.77275812625885,
    -1.7773900032043457,
    -1.782021164894104,
    -1.7866843938827515,
    -1.7913498878479004,
    -1.796109914779663
  ]
}