{
  "arm": 7,
  "p": 0.15,
  "q": 0.811,
  "whittle": [
    -2.1533830165863037,
    -2.1495182514190674,
    -2.145540237426758,
    -2.1415834426879883,
    -2.1370344161987305,
    -2.131772041320801,
    -2.1267147064208984,
    -2.121955156326294,
    -2.119593381881714,
    -2.117915391921997,
    -2.1162374019622803,
    -2.1145076751708984,
    -2.1117441654205322,
    -2.1091084480285645,
    -2.1060359477996826,
    -2.102888345718384,
    -2.0999293327331543,
    -2.097059488296509,
    -2.094251871109009,
    -2.09126353263855,
    -2.0871758460998535,
    -2.0819900035858154,
    -2.0767428874969482,
    -2.074678659439087,
    -2.07371187210083,
    -2.0740902423858643,
    -2.074692964553833,
    -2.077005624771118,
    -2.0798492431640625,
    -2.082313060760498,
    -2.084467887878418,
    -2.0863027572631836,
    -2.086451530456543,
    -2.0866079330444336,
    -2.0873610973358154,
    -2.088221311569214,
    -2.087013006210327,
    -2.0854146480560303,
    -2.083522319793701,
    -2.0821127891540527,
    -2.082702875137329,
    -2.0830702781677246,
    -2.0828707218170166,
    -2.0820319652557373,
    -2.0825119018554688,
    -2.0847020149230957,
    -2.0871171951293945,
    -2.088606119155884,
    -2.0898356437683105,
    -2.092005729675293,
    -2.0937182903289795,
    -2.0954039096832275,
    -2.0974841117858887,
    -2.1002421379089355,
    -2.103041887283325,
    -2.105828285217285,
    -2.1097524166107178,
    -2.113894462585449,
    -2.1174511909484863,
    -2.1207356452941895,
    -2.1238017082214355,
    -2.1264920234680176,
    -2.1289477348327637,
    -2.132251262664795,
    -2.1359004974365234,
    -2.138979911804199,
    -2.1416280269622803,
    -2.144162893295288,
    -2.1480329036712646,
    -2.1521453857421875,
    -2.1563475131988525,
    -2.1605546474456787,
    -2.1638076305389404,
    -2.166499376296997,
    -2.168675422668457,
    -2.170851230621338,
    -2.172058343887329,
    -2.1729609966278076,
    -2.1736388206481934,
    -2.1744534969329834,
    -2.175893783569336,
    -2.17760968208313,
    -2.179264545440674,
    -2.1809310913085938,
    -2.1826682090759277,
    -2.185073137283325,
    -2.1876754760742188,
    -2.1902880668640137,
    -2.1927361488342285,
    -2.1950855255126953,
    -2.1973109245300293,
    -2.1993558406829834,
    -2.2014012336730957,
    -2.2042236328125,
    -2.2083559036254883,
    -2.212618589401245,
    -2.217135429382324,
    -2.2219717502593994,
    -2.2272439002990723,
    -2.2331621646881104
  ]
}