{
  "arm": 79,
  "p": 0.131,
  "q": 0.89,
  "whittle": [
    -1.7583677768707275,
    -1.7543810606002808,
    -1.7500569820404053,
    -1.7448740005493164,
    -1.739052414894104,
    -1.7329294681549072,
    -1.7270944118499756,
    -1.7209346294403076,
    -1.7177296876907349,
    -1.7146486043930054,
    -1.7115036249160767,
    -1.708733320236206,
    -1.705758810043335,
    -1.7019039392471313,
    -1.698046088218689,
    -1.6942747831344604,
    -1.690516471862793,
    -1.686688780784607,
    -1.6826906204223633,
    -1.678702473640442,
    -1.6737205982208252,
    -1.6684836149215698,
    -1.662318229675293,
    -1.6576694250106812,
    -1.6534056663513184,
    -1.649545669555664,
    -1.6457605361938477,
    -1.645740032196045,
    -1.6470258235931396,
    -1.6478813886642456,
    -1.647646427154541,
    -1.64506995677948,
    -1.643291711807251,
    -1.642707347869873,
    -1.642232060432434,
    -1.6419076919555664,
    -1.640278697013855,
    -1.6375547647476196,
    -1.63510000705719,
    -1.6334458589553833,
    -1.6323564052581787,
    -1.6325517892837524,
    -1.6326555013656616,
    -1.6312971115112305,
    -1.6297290325164795,
    -1.6291557550430298,
    -1.628816843032837,
    -1.6286351680755615,
    -1.6303304433822632,
    -1.63140869140625,
    -1.6320925951004028,
    -1.6328251361846924,
    -1.6351606845855713,
    -1.6382429599761963,
    -1.641427993774414,
    -1.6446983814239502,
    -1.6481012105941772,
    -1.6515511274337769,
    -1.6545195579528809,
    -1.6578480005264282,
    -1.6615710258483887,
    -1.6650028228759766,
    -1.6684350967407227,
    -1.6718114614486694,
    -1.675020694732666,
    -1.6775552034378052,
    -1.6798514127731323,
    -1.6814773082733154,
    -1.6832654476165771,
    -1.6865556240081787,
    -1.689825177192688,
    -1.6930856704711914,
    -1.6955307722091675,
    -1.6979148387908936,
    -1.7001030445098877,
    -1.7018169164657593,
    -1.7050917148590088,
    -1.7078524827957153,
    -1.7096556425094604,
    -1.711243748664856,
    -1.7127875089645386,
    -1.7143280506134033,
    -1.7157938480377197,
    -1.717086672782898,
    -1.7184993028640747,
    -1.720282793045044,
    -1.7222163677215576,
    -1.724153757095337,
    -1.7258661985397339,
    -1.7274360656738281,
    -1.7289233207702637,
    -1.730865716934204,
    -1.7331596612930298,
    -1.736314058303833,
    -1.7407230138778687,
    -1.7451348304748535,
    -1.7498475313186646,
    -1.754560112953186,
    -1.7592756748199463,
    -1.7641056776046753
  ]
}