{
  "arm": 2,
  "p": 0.7,
  "q": 0.189,
  "whittle": [
    -1.989262342453003,
    -1.9847408533096313,
    -1.9803171157836914,
    -1.9760431051254272,
    -1.9713821411132812,
    -1.9665685892105103,
    -1.9620635509490967,
    -1.9579460620880127,
    -1.9554998874664307,
    -1.9535940885543823,
    -1.9516723155975342,
    -1.9495799541473389,
    -1.9467045068740845,
    -1.9435869455337524,
    -1.9404116868972778,
    -1.9371880292892456,
    -1.9340606927871704,
    -1.9309333562850952,
    -1.927869200706482,
    -1.9247955083847046,
    -1.9216389656066895,
    -1.916955828666687,
    -1.9124677181243896,
    -1.908568263053894,
    -1.9080469608306885,
    -1.908477544784546,
    -1.909614086151123,
    -1.9121007919311523,
    -1.9151588678359985,
    -1.9170421361923218,
    -1.9186561107635498,
    -1.9196383953094482,
    -1.9194058179855347,
    -1.9198137521743774,
    -1.9204638004302979,
    -1.9211989641189575,
    -1.9213937520980835,
    -1.919916033744812,
    -1.9181065559387207,
    -1.917838454246521,
    -1.9186060428619385,
    -1.9194644689559937,
    -1.9199649095535278,
    -1.9195712804794312,
    -1.918920636177063,
    -1.9210243225097656,
    -1.9233132600784302,
    -1.9252856969833374,
    -1.9263060092926025,
    -1.9279519319534302,
    -1.9293434619903564,
    -1.9307634830474854,
    -1.9327800273895264,
    -1.935437560081482,
    -1.9381471872329712,
    -1.9417283535003662,
    -1.9455894231796265,
    -1.9494545459747314,
    -1.9525450468063354,
    -1.95540189743042,
    -1.95827054977417,
    -1.960644006729126,
    -1.9630860090255737,
    -1.966124176979065,
    -1.9693093299865723,
    -1.972538948059082,
    -1.9756897687911987,
    -1.9796079397201538,
    -1.983459234237671,
    -1.9874811172485352,
    -1.9915207624435425,
    -1.9948523044586182,
    -1.9977558851242065,
    -2.0002171993255615,
    -2.0022947788238525,
    -2.0043723583221436,
    -2.0059731006622314,
    -2.0067298412323,
    -2.0073697566986084,
    -2.008857011795044,
    -2.0106565952301025,
    -2.0122671127319336,
    -2.0139353275299072,
    -2.015089273452759,
    -2.0161163806915283,
    -2.018354892730713,
    -2.0207998752593994,
    -2.023245096206665,
    -2.0254738330841064,
    -2.0276424884796143,
    -2.029646158218384,
    -2.031618356704712,
    -2.033618211746216,
    -2.0365068912506104,
    -2.040823221206665,
    -2.0451912879943848,
    -2.0507094860076904,
    -2.056227445602417,
    -2.0617456436157227,
    -2.0673811435699463
  ]
}