{
  "arm": 84,
  "p": 0.631,
  "q": 0.459,
  "whittle": [
    -1.754665732383728,
    -1.7506468296051025,
    -1.7460453510284424,
    -1.7411819696426392,
    -1.7363731861114502,
    -1.7308564186096191,
    -1.724926471710205,
    -1.7201465368270874,
    -1.7170283794403076,
    -1.7137523889541626,
    -1.710476279258728,
    -1.7073816061019897,
    -1.7042442560195923,
    -1.7002607583999634,
    -1.6962876319885254,
    -1.6925203800201416,
    -1.6886882781982422,
    -1.6851154565811157,
    -1.6815454959869385,
    -1.6779139041900635,
    -1.6736479997634888,
    -1.6682792901992798,
    -1.6617668867111206,
    -1.656959891319275,
    -1.6527056694030762,
    -1.6486526727676392,
    -1.645408272743225,
    -1.6441446542739868,
    -1.6453619003295898,
    -1.6459544897079468,
    -1.6458603143692017,
    -1.644602656364441,
    -1.6423304080963135,
    -1.6410359144210815,
    -1.6402182579040527,
    -1.639504075050354,
    -1.637925148010254,
    -1.6357018947601318,
    -1.632965326309204,
    -1.6304250955581665,
    -1.6284735202789307,
    -1.628113865852356,
    -1.6282533407211304,
    -1.6277350187301636,
    -1.6261630058288574,
    -1.6250600814819336,
    -1.6243305206298828,
    -1.6225699186325073,
    -1.6198796033859253,
    -1.6187161207199097,
    -1.6189755201339722,
    -1.6192666292190552,
    -1.6198759078979492,
    -1.6210182905197144,
    -1.622702717781067,
    -1.6254526376724243,
    -1.6282610893249512,
    -1.6311427354812622,
    -1.6333624124526978,
    -1.635493516921997,
    -1.638020634651184,
    -1.6401221752166748,
    -1.6420817375183105,
    -1.6442863941192627,
    -1.6468465328216553,
    -1.6492304801940918,
    -1.6509369611740112,
    -1.6523789167404175,
    -1.6534433364868164,
    -1.6546649932861328,
    -1.6555423736572266,
    -1.6573758125305176,
    -1.658265233039856,
    -1.6591154336929321,
    -1.6601930856704712,
    -1.6602431535720825,
    -1.660061240196228,
    -1.6597754955291748,
    -1.6608374118804932,
    -1.662136435508728,
    -1.6633281707763672,
    -1.6644699573516846,
    -1.6655547618865967,
    -1.6663628816604614,
    -1.6668862104415894,
    -1.6682631969451904,
    -1.6697527170181274,
    -1.6712263822555542,
    -1.672265887260437,
    -1.6733381748199463,
    -1.674402117729187,
    -1.6754751205444336,
    -1.6776045560836792,
    -1.6803556680679321,
    -1.684499740600586,
    -1.6887637376785278,
    -1.6930277347564697,
    -1.697291612625122,
    -1.7015559673309326,
    -1.705912709236145
  ]
}