{
  "arm": 56,
  "p": 0.588,
  "q": 0.209,
  "whittle": [
    -2.0278608798980713,
    -2.0237300395965576,
    -2.0196614265441895,
    -2.015455722808838,
    -2.010626792907715,
    -2.005603075027466,
    -2.0008606910705566,
    -1.9966076612472534,
    -1.9944069385528564,
    -1.9919058084487915,
    -1.989794373512268,
    -1.987728238105774,
    -1.9849050045013428,
    -1.9815226793289185,
    -1.9781793355941772,
    -1.974686622619629,
    -1.9713078737258911,
    -1.9679290056228638,
    -1.9645501375198364,
    -1.9611257314682007,
    -1.957423210144043,
    -1.9525667428970337,
    -1.9475079774856567,
    -1.9434434175491333,
    -1.939786672592163,
    -1.9387435913085938,
    -1.9383854866027832,
    -1.9397821426391602,
    -1.9420677423477173,
    -1.9435462951660156,
    -1.944354772567749,
    -1.944780707359314,
    -1.9458755254745483,
    -1.9456003904342651,
    -1.945404291152954,
    -1.9456554651260376,
    -1.944740653038025,
    -1.9427262544631958,
    -1.9404181241989136,
    -1.9382215738296509,
    -1.9367940425872803,
    -1.9373122453689575,
    -1.9369053840637207,
    -1.9358528852462769,
    -1.9357398748397827,
    -1.9351118803024292,
    -1.9344199895858765,
    -1.9348632097244263,
    -1.9348423480987549,
    -1.9342894554138184,
    -1.9340777397155762,
    -1.9346822500228882,
    -1.935550570487976,
    -1.9374967813491821,
    -1.9396730661392212,
    -1.9417595863342285,
    -1.943898320198059,
    -1.9460009336471558,
    -1.9477791786193848,
    -1.9502577781677246,
    -1.9531185626983643,
    -1.9554589986801147,
    -1.9576823711395264,
    -1.959567666053772,
    -1.9614946842193604,
    -1.963449239730835,
    -1.9649734497070312,
    -1.9668928384780884,
    -1.9684237241744995,
    -1.9718478918075562,
    -1.974599838256836,
    -1.9766206741333008,
    -1.9781465530395508,
    -1.978508472442627,
    -1.9784296751022339,
    -1.97835111618042,
    -1.9784032106399536,
    -1.9785783290863037,
    -1.97856867313385,
    -1.9785211086273193,
    -1.9780696630477905,
    -1.9782058000564575,
    -1.97927987575531,
    -1.979854941368103,
    -1.9802755117416382,
    -1.9819223880767822,
    -1.9837995767593384,
    -1.9856771230697632,
    -1.987554907798767,
    -1.9891995191574097,
    -1.9906665086746216,
    -1.992146611213684,
    -1.994020700454712,
    -1.9968878030776978,
    -2.000613212585449,
    -2.0042407512664795,
    -2.007974863052368,
    -2.012950897216797,
    -2.0179295539855957,
    -2.023042917251587
  ]
}