{
  "arm": 58,
  "p": 0.787,
  "q": 0.742,
  "whittle": [
    -2.0564661026000977,
    -2.0527913570404053,
    -2.0481934547424316,
    -2.043947458267212,
    -2.039513349533081,
    -2.034306764602661,
    -2.0286762714385986,
    -2.0234782695770264,
    -2.020143747329712,
    -2.017650604248047,
    -2.0155558586120605,
    -2.013516664505005,
    -2.0114569664001465,
    -2.0081710815429688,
    -2.0048279762268066,
    -2.0014429092407227,
    -1.9981024265289307,
    -1.9947620630264282,
    -1.9914212226867676,
    -1.9881032705307007,
    -1.9840738773345947,
    -1.9797664880752563,
    -1.9742969274520874,
    -1.9699108600616455,
    -1.965801477432251,
    -1.964311122894287,
    -1.9634134769439697,
    -1.963705062866211,
    -1.9653489589691162,
    -1.9666186571121216,
    -1.967673420906067,
    -1.9672318696975708,
    -1.9665887355804443,
    -1.9662573337554932,
    -1.9661142826080322,
    -1.9658793210983276,
    -1.9641307592391968,
    -1.962497353553772,
    -1.9601569175720215,
    -1.9579741954803467,
    -1.95582914352417,
    -1.9544906616210938,
    -1.9534716606140137,
    -1.9524524211883545,
    -1.9506727457046509,
    -1.950068712234497,
    -1.9502567052841187,
    -1.951727271080017,
    -1.9524015188217163,
    -1.9521013498306274,
    -1.9523509740829468,
    -1.9533289670944214,
    -1.954980492591858,
    -1.9571056365966797,
    -1.9593526124954224,
    -1.961538314819336,
    -1.9637469053268433,
    -1.967032551765442,
    -1.9700660705566406,
    -1.9726709127426147,
    -1.9755018949508667,
    -1.9783034324645996,
    -1.9805195331573486,
    -1.9825822114944458,
    -1.984660267829895,
    -1.9876892566680908,
    -1.989977478981018,
    -1.9918558597564697,
    -1.9934672117233276,
    -1.9965788125991821,
    -2.0000088214874268,
    -2.003532648086548,
    -2.00600004196167,
    -2.0081233978271484,
    -2.009791612625122,
    -2.0108087062835693,
    -2.0112411975860596,
    -2.011333703994751,
    -2.0115866661071777,
    -2.011854648590088,
    -2.011624336242676,
    -2.012801170349121,
    -2.0140223503112793,
    -2.015110492706299,
    -2.0162179470062256,
    -2.0182032585144043,
    -2.020246744155884,
    -2.022299289703369,
    -2.0241782665252686,
    -2.025972604751587,
    -2.027663230895996,
    -2.0293028354644775,
    -2.0312070846557617,
    -2.0333755016326904,
    -2.0373761653900146,
    -2.041377305984497,
    -2.0454399585723877,
    -2.0503854751586914,
    -2.0555551052093506,
    -2.0608742237091064
  ]
}