{
  "arm": 39,
  "p": 0.163,
  "q": 0.495,
  "whittle": [
    -1.9938857555389404,
    -1.9895060062408447,
    -1.9850854873657227,
    -1.9808400869369507,
    -1.9762712717056274,
    -1.9710713624954224,
    -1.9664480686187744,
    -1.9629650115966797,
    -1.960832118988037,
    -1.9590654373168945,
    -1.9572771787643433,
    -1.9553115367889404,
    -1.9525790214538574,
    -1.9497495889663696,
    -1.9466966390609741,
    -1.9435317516326904,
    -1.9405096769332886,
    -1.9375299215316772,
    -1.9346305131912231,
    -1.9315767288208008,
    -1.927927017211914,
    -1.923816204071045,
    -1.9188799858093262,
    -1.914853811264038,
    -1.9135432243347168,
    -1.913770318031311,
    -1.9145745038986206,
    -1.9171217679977417,
    -1.9201252460479736,
    -1.922203540802002,
    -1.9240195751190186,
    -1.9250425100326538,
    -1.9249663352966309,
    -1.92542564868927,
    -1.9262405633926392,
    -1.9271470308303833,
    -1.9272383451461792,
    -1.9255361557006836,
    -1.923869252204895,
    -1.9242714643478394,
    -1.9251796007156372,
    -1.9257969856262207,
    -1.9263454675674438,
    -1.925605058670044,
    -1.9260071516036987,
    -1.9284112453460693,
    -1.9310526847839355,
    -1.9327857494354248,
    -1.934632420539856,
    -1.9363003969192505,
    -1.9378412961959839,
    -1.939535140991211,
    -1.9417505264282227,
    -1.9444668292999268,
    -1.948403239250183,
    -1.9523770809173584,
    -1.956512451171875,
    -1.96072256565094,
    -1.9640024900436401,
    -1.96718430519104,
    -1.9702080488204956,
    -1.9734699726104736,
    -1.9769572019577026,
    -1.9801844358444214,
    -1.9835621118545532,
    -1.986721396446228,
    -1.9893287420272827,
    -1.9932137727737427,
    -1.9972108602523804,
    -2.00129771232605,
    -2.005450487136841,
    -2.009467363357544,
    -2.0125203132629395,
    -2.0156261920928955,
    -2.0187320709228516,
    -2.0209763050079346,
    -2.0231995582580566,
    -2.0242483615875244,
    -2.0261716842651367,
    -2.0284953117370605,
    -2.0302608013153076,
    -2.032015800476074,
    -2.033755302429199,
    -2.0354061126708984,
    -2.036811351776123,
    -2.0391695499420166,
    -2.041746139526367,
    -2.0443220138549805,
    -2.046715497970581,
    -2.049022912979126,
    -2.051180362701416,
    -2.053175210952759,
    -2.0552985668182373,
    -2.058605670928955,
    -2.062774419784546,
    -2.0676395893096924,
    -2.0733108520507812,
    -2.078970193862915,
    -2.0846288204193115,
    -2.0903759002685547
  ]
}