{
  "arm": 97,
  "p": 0.319,
  "q": 0.844,
  "whittle": [
    -1.7953343391418457,
    -1.7912343740463257,
    -1.7868330478668213,
    -1.781829595565796,
    -1.7766953706741333,
    -1.7706197500228882,
    -1.7645777463912964,
    -1.7590222358703613,
    -1.7558255195617676,
    -1.752616286277771,
    -1.7494072914123535,
    -1.746423602104187,
    -1.7431139945983887,
    -1.739210605621338,
    -1.7353036403656006,
    -1.731493592262268,
    -1.7276908159255981,
    -1.7237879037857056,
    -1.7201529741287231,
    -1.7166954278945923,
    -1.712384819984436,
    -1.707019567489624,
    -1.7005611658096313,
    -1.6958259344100952,
    -1.6912813186645508,
    -1.6871321201324463,
    -1.683678388595581,
    -1.6845022439956665,
    -1.68571138381958,
    -1.686410903930664,
    -1.6864384412765503,
    -1.6863356828689575,
    -1.685123085975647,
    -1.684421420097351,
    -1.6836578845977783,
    -1.6830228567123413,
    -1.6809196472167969,
    -1.6784002780914307,
    -1.6756078004837036,
    -1.6733030080795288,
    -1.6713106632232666,
    -1.6704723834991455,
    -1.670456051826477,
    -1.6689242124557495,
    -1.6668634414672852,
    -1.665758728981018,
    -1.6651769876480103,
    -1.6635252237319946,
    -1.6607680320739746,
    -1.6612542867660522,
    -1.6616005897521973,
    -1.6619958877563477,
    -1.6626149415969849,
    -1.6637651920318604,
    -1.6650879383087158,
    -1.667222023010254,
    -1.6701793670654297,
    -1.6732302904129028,
    -1.6758081912994385,
    -1.6780768632888794,
    -1.680716872215271,
    -1.6827696561813354,
    -1.684822916984558,
    -1.6877597570419312,
    -1.6907719373703003,
    -1.6929882764816284,
    -1.6947367191314697,
    -1.6961405277252197,
    -1.6972682476043701,
    -1.6985968351364136,
    -1.7008036375045776,
    -1.7037289142608643,
    -1.7052161693572998,
    -1.706199049949646,
    -1.707380771636963,
    -1.7084548473358154,
    -1.7084096670150757,
    -1.7087286710739136,
    -1.7100847959518433,
    -1.711714267730713,
    -1.713002324104309,
    -1.7141817808151245,
    -1.7154159545898438,
    -1.7166073322296143,
    -1.7176756858825684,
    -1.7191903591156006,
    -1.7208408117294312,
    -1.7224913835525513,
    -1.7240983247756958,
    -1.7253317832946777,
    -1.7265180349349976,
    -1.7276222705841064,
    -1.7295958995819092,
    -1.7323215007781982,
    -1.7367759943008423,
    -1.7412306070327759,
    -1.74568510055542,
    -1.7501399517059326,
    -1.754594326019287,
    -1.7591394186019897
  ]
}