{
  "arm": 40,
  "p": 0.562,
  "q": 0.762,
  "whittle": [
    -1.925920844078064,
    -1.9218817949295044,
    -1.917457103729248,
    -1.912800669670105,
    -1.9077434539794922,
    -1.9022202491760254,
    -1.8965182304382324,
    -1.8919830322265625,
    -1.8890596628189087,
    -1.8864284753799438,
    -1.8841203451156616,
    -1.8817483186721802,
    -1.878541350364685,
    -1.875105381011963,
    -1.871639370918274,
    -1.8681892156600952,
    -1.8647232055664062,
    -1.8612571954727173,
    -1.857796549797058,
    -1.8547536134719849,
    -1.8509372472763062,
    -1.8466295003890991,
    -1.8410056829452515,
    -1.8365458250045776,
    -1.8326505422592163,
    -1.8308809995651245,
    -1.8319796323776245,
    -1.8340874910354614,
    -1.8358944654464722,
    -1.837477207183838,
    -1.8384063243865967,
    -1.83884596824646,
    -1.8397388458251953,
    -1.8394004106521606,
    -1.8389825820922852,
    -1.8394417762756348,
    -1.8380296230316162,
    -1.8363405466079712,
    -1.833932638168335,
    -1.831844687461853,
    -1.8315815925598145,
    -1.8314687013626099,
    -1.8315556049346924,
    -1.8313018083572388,
    -1.8300048112869263,
    -1.829374074935913,
    -1.8287451267242432,
    -1.8300774097442627,
    -1.830734372138977,
    -1.831020474433899,
    -1.8316737413406372,
    -1.8324099779129028,
    -1.8339779376983643,
    -1.8360990285873413,
    -1.8382861614227295,
    -1.8403719663619995,
    -1.8429054021835327,
    -1.8462693691253662,
    -1.8491610288619995,
    -1.8516894578933716,
    -1.854074239730835,
    -1.856201410293579,
    -1.857964277267456,
    -1.8598895072937012,
    -1.8617217540740967,
    -1.8642407655715942,
    -1.866180181503296,
    -1.867643117904663,
    -1.8690993785858154,
    -1.8721826076507568,
    -1.8751029968261719,
    -1.8777990341186523,
    -1.8793578147888184,
    -1.8809102773666382,
    -1.8824125528335571,
    -1.8829014301300049,
    -1.8829625844955444,
    -1.8829684257507324,
    -1.8832498788833618,
    -1.884117603302002,
    -1.8855743408203125,
    -1.8867202997207642,
    -1.8878473043441772,
    -1.8889436721801758,
    -1.8899179697036743,
    -1.891684651374817,
    -1.8935480117797852,
    -1.8954113721847534,
    -1.8971949815750122,
    -1.8988347053527832,
    -1.9005398750305176,
    -1.9021704196929932,
    -1.903617262840271,
    -1.9055529832839966,
    -1.909093976020813,
    -1.9137089252471924,
    -1.9185901880264282,
    -1.9234917163848877,
    -1.9283934831619263,
    -1.9334032535552979
  ]
}