{
  "arm": 27,
  "p": 0.275,
  "q": 0.377,
  "whittle": [
    -2.141671895980835,
    -2.137524366378784,
    -2.13338565826416,
    -2.1293768882751465,
    -2.1248769760131836,
    -2.1197152137756348,
    -2.114640235900879,
    -2.1108813285827637,
    -2.1082420349121094,
    -2.1061511039733887,
    -2.1042323112487793,
    -2.102346897125244,
    -2.099754571914673,
    -2.0966362953186035,
    -2.0933730602264404,
    -2.0900228023529053,
    -2.086785316467285,
    -2.0836033821105957,
    -2.080467700958252,
    -2.0772345066070557,
    -2.072960138320923,
    -2.0680906772613525,
    -2.0615997314453125,
    -2.057056427001953,
    -2.055708885192871,
    -2.0547280311584473,
    -2.054443359375,
    -2.0550808906555176,
    -2.0574378967285156,
    -2.059138536453247,
    -2.060323476791382,
    -2.0610849857330322,
    -2.06162428855896,
    -2.0610716342926025,
    -2.06131911277771,
    -2.06174898147583,
    -2.0603396892547607,
    -2.058206558227539,
    -2.056063175201416,
    -2.053886651992798,
    -2.0521183013916016,
    -2.05147647857666,
    -2.0505430698394775,
    -2.0496511459350586,
    -2.0482728481292725,
    -2.048027753829956,
    -2.049973964691162,
    -2.0513193607330322,
    -2.0516164302825928,
    -2.051119327545166,
    -2.0516185760498047,
    -2.052217721939087,
    -2.0535919666290283,
    -2.0557515621185303,
    -2.0581347942352295,
    -2.0604443550109863,
    -2.0628888607025146,
    -2.0653765201568604,
    -2.0680582523345947,
    -2.070962429046631,
    -2.073960781097412,
    -2.076544761657715,
    -2.0788676738739014,
    -2.081132173538208,
    -2.083521842956543,
    -2.0861475467681885,
    -2.088432788848877,
    -2.0905778408050537,
    -2.092794895172119,
    -2.096465587615967,
    -2.100087881088257,
    -2.1034433841705322,
    -2.1059956550598145,
    -2.1079623699188232,
    -2.1081926822662354,
    -2.1084868907928467,
    -2.108790874481201,
    -2.1093251705169678,
    -2.1096017360687256,
    -2.1094672679901123,
    -2.1090593338012695,
    -2.108816146850586,
    -2.1101112365722656,
    -2.111117124557495,
    -2.111828088760376,
    -2.113753318786621,
    -2.115912675857544,
    -2.1180787086486816,
    -2.1202492713928223,
    -2.1222856044769287,
    -2.1240615844726562,
    -2.125683069229126,
    -2.1273045539855957,
    -2.1300833225250244,
    -2.1340770721435547,
    -2.1382110118865967,
    -2.1423678398132324,
    -2.146583318710327,
    -2.151188611984253,
    -2.156663417816162
  ]
}