{
  "arm": 61,
  "p": 0.488,
  "q": 0.831,
  "whittle": [
    -1.8355566263198853,
    -1.8314422369003296,
    -1.826945185661316,
    -1.8216509819030762,
    -1.8164293766021729,
    -1.8106850385665894,
    -1.80486261844635,
    -1.8000216484069824,
    -1.7972056865692139,
    -1.794446587562561,
    -1.791770100593567,
    -1.7892429828643799,
    -1.786021113395691,
    -1.7824153900146484,
    -1.7788234949111938,
    -1.7752639055252075,
    -1.77166748046875,
    -1.7682466506958008,
    -1.7650651931762695,
    -1.7619578838348389,
    -1.7580543756484985,
    -1.7535842657089233,
    -1.7481591701507568,
    -1.7439810037612915,
    -1.7402186393737793,
    -1.737084150314331,
    -1.7381900548934937,
    -1.7404550313949585,
    -1.7417422533035278,
    -1.7427890300750732,
    -1.7435153722763062,
    -1.7422475814819336,
    -1.7411383390426636,
    -1.740744709968567,
    -1.7402422428131104,
    -1.7399917840957642,
    -1.739040732383728,
    -1.737289309501648,
    -1.73482084274292,
    -1.7326312065124512,
    -1.7314128875732422,
    -1.7312536239624023,
    -1.7315529584884644,
    -1.7310543060302734,
    -1.729293704032898,
    -1.728710412979126,
    -1.7284259796142578,
    -1.7284445762634277,
    -1.7291134595870972,
    -1.7301146984100342,
    -1.7307684421539307,
    -1.7314785718917847,
    -1.7327404022216797,
    -1.7348008155822754,
    -1.737545132637024,
    -1.7407593727111816,
    -1.744035243988037,
    -1.747423768043518,
    -1.7503854036331177,
    -1.7529417276382446,
    -1.7556275129318237,
    -1.7580068111419678,
    -1.760926604270935,
    -1.7640076875686646,
    -1.7667325735092163,
    -1.7691650390625,
    -1.7712239027023315,
    -1.7727618217468262,
    -1.7742116451263428,
    -1.7774409055709839,
    -1.780677318572998,
    -1.783913493156433,
    -1.7861855030059814,
    -1.7877426147460938,
    -1.7892433404922485,
    -1.7907201051712036,
    -1.7918601036071777,
    -1.7923781871795654,
    -1.7940678596496582,
    -1.79591965675354,
    -1.7974287271499634,
    -1.7987202405929565,
    -1.7998586893081665,
    -1.8010345697402954,
    -1.8021591901779175,
    -1.8039100170135498,
    -1.805802583694458,
    -1.8077019453048706,
    -1.8094099760055542,
    -1.81113600730896,
    -1.812814474105835,
    -1.8141992092132568,
    -1.8155843019485474,
    -1.8182568550109863,
    -1.8227490186691284,
    -1.8275190591812134,
    -1.8322889804840088,
    -1.83707594871521,
    -1.8418800830841064,
    -1.8467861413955688
  ]
}