{
  "arm": 44,
  "p": 0.662,
  "q": 0.169,
  "whittle": [
    -1.6879249811172485,
    -1.6838732957839966,
    -1.6792593002319336,
    -1.6744117736816406,
    -1.6694796085357666,
    -1.6644514799118042,
    -1.6594932079315186,
    -1.6549879312515259,
    -1.6522067785263062,
    -1.6489613056182861,
    -1.6456464529037476,
    -1.6425654888153076,
    -1.6395325660705566,
    -1.6355113983154297,
    -1.631560206413269,
    -1.6280547380447388,
    -1.6245211362838745,
    -1.6209121942520142,
    -1.6173031330108643,
    -1.6135860681533813,
    -1.6096333265304565,
    -1.6038898229599,
    -1.597537875175476,
    -1.592416763305664,
    -1.588161587715149,
    -1.5840929746627808,
    -1.5808902978897095,
    -1.578959345817566,
    -1.5799152851104736,
    -1.5803269147872925,
    -1.5800203084945679,
    -1.5787047147750854,
    -1.5760449171066284,
    -1.574648141860962,
    -1.5739622116088867,
    -1.5733184814453125,
    -1.5722826719284058,
    -1.569670557975769,
    -1.567039132118225,
    -1.564605474472046,
    -1.5629204511642456,
    -1.5628852844238281,
    -1.5630635023117065,
    -1.5627062320709229,
    -1.5612396001815796,
    -1.5604581832885742,
    -1.5597840547561646,
    -1.5581995248794556,
    -1.5554981231689453,
    -1.555087685585022,
    -1.5553960800170898,
    -1.5557187795639038,
    -1.55625319480896,
    -1.557442307472229,
    -1.5596386194229126,
    -1.562389612197876,
    -1.5652199983596802,
    -1.5679813623428345,
    -1.5701487064361572,
    -1.5723161697387695,
    -1.5749281644821167,
    -1.5769010782241821,
    -1.5789114236831665,
    -1.5811876058578491,
    -1.5833673477172852,
    -1.5855669975280762,
    -1.5874639749526978,
    -1.588875651359558,
    -1.5899853706359863,
    -1.590950608253479,
    -1.5924307107925415,
    -1.5938700437545776,
    -1.5947493314743042,
    -1.5956287384033203,
    -1.5966823101043701,
    -1.596476674079895,
    -1.5964151620864868,
    -1.5973135232925415,
    -1.5982352495193481,
    -1.5995919704437256,
    -1.6008789539337158,
    -1.6020671129226685,
    -1.6031893491744995,
    -1.6038047075271606,
    -1.6043598651885986,
    -1.605783462524414,
    -1.6072839498519897,
    -1.6085834503173828,
    -1.609720230102539,
    -1.6108922958374023,
    -1.6122524738311768,
    -1.6143616437911987,
    -1.6164710521697998,
    -1.6196826696395874,
    -1.6238962411880493,
    -1.6281096935272217,
    -1.6323233842849731,
    -1.636536955833435,
    -1.6407502889633179,
    -1.6450531482696533
  ]
}