{
  "arm": 48,
  "p": 0.537,
  "q": 0.525,
  "whittle": [
    -1.9784668684005737,
    -1.974210262298584,
    -1.969490885734558,
    -1.9651153087615967,
    -1.9602231979370117,
    -1.9549356698989868,
    -1.9493755102157593,
    -1.9448168277740479,
    -1.9418694972991943,
    -1.9394644498825073,
    -1.937356948852539,
    -1.935175895690918,
    -1.9318784475326538,
    -1.9285576343536377,
    -1.9251984357833862,
    -1.9217405319213867,
    -1.9184017181396484,
    -1.915062665939331,
    -1.9117591381072998,
    -1.908449649810791,
    -1.9045848846435547,
    -1.9004004001617432,
    -1.8953934907913208,
    -1.8910892009735107,
    -1.8881739377975464,
    -1.8881512880325317,
    -1.8888567686080933,
    -1.891242504119873,
    -1.8936163187026978,
    -1.895372986793518,
    -1.8962974548339844,
    -1.8964487314224243,
    -1.8962717056274414,
    -1.8960949182510376,
    -1.8967523574829102,
    -1.8973796367645264,
    -1.8963960409164429,
    -1.8947359323501587,
    -1.8925673961639404,
    -1.890864372253418,
    -1.8914448022842407,
    -1.8916842937469482,
    -1.8917860984802246,
    -1.8911412954330444,
    -1.8898817300796509,
    -1.8894503116607666,
    -1.8907641172409058,
    -1.8921855688095093,
    -1.8930472135543823,
    -1.894366979598999,
    -1.8952362537384033,
    -1.896247386932373,
    -1.8976929187774658,
    -1.8999942541122437,
    -1.9024174213409424,
    -1.9052177667617798,
    -1.9087889194488525,
    -1.9124581813812256,
    -1.9154322147369385,
    -1.9182353019714355,
    -1.9210143089294434,
    -1.9236713647842407,
    -1.9261547327041626,
    -1.9286115169525146,
    -1.9314618110656738,
    -1.9344079494476318,
    -1.93673574924469,
    -1.9390877485275269,
    -1.942608118057251,
    -1.9462838172912598,
    -1.9498144388198853,
    -1.9532580375671387,
    -1.9556556940078735,
    -1.9574917554855347,
    -1.9592827558517456,
    -1.9601325988769531,
    -1.9604841470718384,
    -1.9607360363006592,
    -1.961138367652893,
    -1.9622478485107422,
    -1.9638396501541138,
    -1.9651446342468262,
    -1.96651291847229,
    -1.9677284955978394,
    -1.9687002897262573,
    -1.9707216024398804,
    -1.9728800058364868,
    -1.9750386476516724,
    -1.9770070314407349,
    -1.9788966178894043,
    -1.9806443452835083,
    -1.982413411140442,
    -1.9843326807022095,
    -1.9869229793548584,
    -1.9909241199493408,
    -1.995288372039795,
    -2.0005178451538086,
    -2.0057520866394043,
    -2.010986328125,
    -2.0163252353668213
  ]
}