{
  "arm": 25,
  "p": 0.375,
  "q": 0.87,
  "whittle": [
    -1.923066258430481,
    -1.9191128015518188,
    -1.9144604206085205,
    -1.9095988273620605,
    -1.9046528339385986,
    -1.8990987539291382,
    -1.893589735031128,
    -1.8887611627578735,
    -1.8861432075500488,
    -1.8836652040481567,
    -1.8815971612930298,
    -1.8795171976089478,
    -1.876482605934143,
    -1.8732389211654663,
    -1.8699438571929932,
    -1.8666032552719116,
    -1.8633121252059937,
    -1.8600213527679443,
    -1.8567650318145752,
    -1.8537018299102783,
    -1.8500875234603882,
    -1.8460413217544556,
    -1.841034173965454,
    -1.8367255926132202,
    -1.8328473567962646,
    -1.8323321342468262,
    -1.8334935903549194,
    -1.8360135555267334,
    -1.838411808013916,
    -1.840230107307434,
    -1.8413112163543701,
    -1.843103289604187,
    -1.8435195684432983,
    -1.8434686660766602,
    -1.8434747457504272,
    -1.844550371170044,
    -1.8434076309204102,
    -1.841860294342041,
    -1.839690089225769,
    -1.8396960496902466,
    -1.839864730834961,
    -1.840033769607544,
    -1.8406161069869995,
    -1.8403760194778442,
    -1.8389418125152588,
    -1.838428020477295,
    -1.8399385213851929,
    -1.8414021730422974,
    -1.8422130346298218,
    -1.8436609506607056,
    -1.8446283340454102,
    -1.8457024097442627,
    -1.8475099802017212,
    -1.8499218225479126,
    -1.8523801565170288,
    -1.8558791875839233,
    -1.859525442123413,
    -1.8632729053497314,
    -1.8666106462478638,
    -1.8694730997085571,
    -1.8721668720245361,
    -1.8748735189437866,
    -1.8769853115081787,
    -1.8796969652175903,
    -1.8825377225875854,
    -1.885209321975708,
    -1.887453556060791,
    -1.8894182443618774,
    -1.8929110765457153,
    -1.8965094089508057,
    -1.900078296661377,
    -1.9038032293319702,
    -1.9059693813323975,
    -1.9078106880187988,
    -1.9096516370773315,
    -1.9113129377365112,
    -1.9117136001586914,
    -1.9119412899017334,
    -1.9133520126342773,
    -1.9154847860336304,
    -1.9171725511550903,
    -1.918556571006775,
    -1.9199846982955933,
    -1.9214506149291992,
    -1.9229509830474854,
    -1.9250158071517944,
    -1.927199363708496,
    -1.9293830394744873,
    -1.9313822984695435,
    -1.9333237409591675,
    -1.9353069067001343,
    -1.9372416734695435,
    -1.9391764402389526,
    -1.9414215087890625,
    -1.9459437131881714,
    -1.951119303703308,
    -1.95632803440094,
    -1.9615367650985718,
    -1.9667452573776245,
    -1.972059726715088
  ]
}