{
  "arm": 24,
  "p": 0.575,
  "q": 0.604,
  "whittle": [
    -2.1188035011291504,
    -2.114792585372925,
    -2.110565423965454,
    -2.1065618991851807,
    -2.1019411087036133,
    -2.096827745437622,
    -2.091416597366333,
    -2.086890935897827,
    -2.0839524269104004,
    -2.081853151321411,
    -2.079949378967285,
    -2.078071355819702,
    -2.076002836227417,
    -2.072890520095825,
    -2.0696756839752197,
    -2.0663766860961914,
    -2.063218355178833,
    -2.060060501098633,
    -2.056927442550659,
    -2.0538203716278076,
    -2.0494790077209473,
    -2.0446996688842773,
    -2.0392062664031982,
    -2.0352160930633545,
    -2.033729076385498,
    -2.0329315662384033,
    -2.0330145359039307,
    -2.034449577331543,
    -2.036503314971924,
    -2.0383551120758057,
    -2.039726734161377,
    -2.040505886077881,
    -2.0404272079467773,
    -2.0402748584747314,
    -2.0405521392822266,
    -2.0408599376678467,
    -2.0392062664031982,
    -2.037609338760376,
    -2.0353825092315674,
    -2.0333786010742188,
    -2.0319278240203857,
    -2.0322036743164062,
    -2.031365394592285,
    -2.030527114868164,
    -2.0293853282928467,
    -2.029517650604248,
    -2.031454086303711,
    -2.033022880554199,
    -2.0337674617767334,
    -2.033517837524414,
    -2.0344159603118896,
    -2.035757303237915,
    -2.037445068359375,
    -2.0397536754608154,
    -2.0421853065490723,
    -2.0445432662963867,
    -2.0469703674316406,
    -2.0496623516082764,
    -2.052668571472168,
    -2.055419921875,
    -2.0584871768951416,
    -2.061119794845581,
    -2.063450574874878,
    -2.065692663192749,
    -2.0680038928985596,
    -2.0706467628479004,
    -2.0729727745056152,
    -2.0749876499176025,
    -2.0777246952056885,
    -2.081380605697632,
    -2.0850675106048584,
    -2.088635206222534,
    -2.091228723526001,
    -2.092959403991699,
    -2.093285083770752,
    -2.093611240386963,
    -2.0941476821899414,
    -2.0944621562957764,
    -2.094700336456299,
    -2.094773769378662,
    -2.094383716583252,
    -2.094632625579834,
    -2.0959455966949463,
    -2.097162961959839,
    -2.098101854324341,
    -2.1001527309417725,
    -2.102341413497925,
    -2.104531764984131,
    -2.1067118644714355,
    -2.1086483001708984,
    -2.110455274581909,
    -2.112168312072754,
    -2.113945484161377,
    -2.116163492202759,
    -2.120220422744751,
    -2.124403476715088,
    -2.128598213195801,
    -2.132840871810913,
    -2.1379311084747314,
    -2.1434292793273926
  ]
}