{
  "arm": 33,
  "p": 0.312,
  "q": 0.554,
  "whittle": [
    -2.063377618789673,
    -2.059037685394287,
    -2.0549750328063965,
    -2.0508384704589844,
    -2.046325206756592,
    -2.041236162185669,
    -2.036634922027588,
    -2.032923936843872,
    -2.0307443141937256,
    -2.0290088653564453,
    -2.0272676944732666,
    -2.0255587100982666,
    -2.02323579788208,
    -2.0204412937164307,
    -2.017317056655884,
    -2.0141754150390625,
    -2.011211633682251,
    -2.0082480907440186,
    -2.0053653717041016,
    -2.002371072769165,
    -1.9982917308807373,
    -1.9943311214447021,
    -1.9896572828292847,
    -1.9865453243255615,
    -1.9856609106063843,
    -1.9857927560806274,
    -1.986466407775879,
    -1.989088535308838,
    -1.992060661315918,
    -1.9941587448120117,
    -1.9960931539535522,
    -1.9974467754364014,
    -1.9974496364593506,
    -1.997015118598938,
    -1.997380256652832,
    -1.9981623888015747,
    -1.9974260330200195,
    -1.9958006143569946,
    -1.9939182996749878,
    -1.9925906658172607,
    -1.9933515787124634,
    -1.9938688278198242,
    -1.9939520359039307,
    -1.993257999420166,
    -1.9930510520935059,
    -1.9953587055206299,
    -1.9976409673690796,
    -1.9991211891174316,
    -2.000521659851074,
    -2.002434253692627,
    -2.0038983821868896,
    -2.005593776702881,
    -2.0075130462646484,
    -2.0101301670074463,
    -2.012849807739258,
    -2.016418218612671,
    -2.0203566551208496,
    -2.0243773460388184,
    -2.027599573135376,
    -2.0307517051696777,
    -2.0336973667144775,
    -2.0360829830169678,
    -2.038443088531494,
    -2.0415797233581543,
    -2.044790506362915,
    -2.0478708744049072,
    -2.0504050254821777,
    -2.053659200668335,
    -2.057455062866211,
    -2.0614242553710938,
    -2.0654847621917725,
    -2.069371223449707,
    -2.0722525119781494,
    -2.07466721534729,
    -2.0757367610931396,
    -2.0763535499572754,
    -2.0769705772399902,
    -2.07755184173584,
    -2.078155517578125,
    -2.07863187789917,
    -2.0801901817321777,
    -2.0817246437072754,
    -2.0832953453063965,
    -2.0848023891448975,
    -2.0860002040863037,
    -2.0882389545440674,
    -2.0906641483306885,
    -2.0930957794189453,
    -2.0954079627990723,
    -2.097576379776001,
    -2.0996017456054688,
    -2.10146164894104,
    -2.103425979614258,
    -2.1062426567077637,
    -2.1105754375457764,
    -2.114967107772827,
    -2.1193954944610596,
    -2.124906539916992,
    -2.1304829120635986,
    -2.1361582279205322
  ]
}