{
  "arm": 3,
  "p": 0.2,
  "q": 0.456,
  "whittle": [
    -1.9070005416870117,
    -1.9031902551651,
    -1.898582935333252,
    -1.8939207792282104,
    -1.8887704610824585,
    -1.8829785585403442,
    -1.8772205114364624,
    -1.8720855712890625,
    -1.8690732717514038,
    -1.8662497997283936,
    -1.8635796308517456,
    -1.860973596572876,
    -1.857465386390686,
    -1.8537571430206299,
    -1.850053071975708,
    -1.8463038206100464,
    -1.8425617218017578,
    -1.838857650756836,
    -1.8351855278015137,
    -1.831534743309021,
    -1.8267251253128052,
    -1.8212859630584717,
    -1.8149781227111816,
    -1.8104416131973267,
    -1.806194543838501,
    -1.8022009134292603,
    -1.8008472919464111,
    -1.802415370941162,
    -1.8039275407791138,
    -1.8047256469726562,
    -1.8047770261764526,
    -1.803638219833374,
    -1.8022483587265015,
    -1.8017971515655518,
    -1.8013502359390259,
    -1.800825595855713,
    -1.799027681350708,
    -1.7965561151504517,
    -1.7941093444824219,
    -1.7916284799575806,
    -1.7900612354278564,
    -1.788903832435608,
    -1.788354754447937,
    -1.7873024940490723,
    -1.7855854034423828,
    -1.7847641706466675,
    -1.784143328666687,
    -1.7841185331344604,
    -1.784645915031433,
    -1.7854899168014526,
    -1.7859857082366943,
    -1.7865080833435059,
    -1.7873344421386719,
    -1.7890549898147583,
    -1.7914714813232422,
    -1.7945643663406372,
    -1.7978054285049438,
    -1.801066517829895,
    -1.8034976720809937,
    -1.8061481714248657,
    -1.8087925910949707,
    -1.8110482692718506,
    -1.8140292167663574,
    -1.8169665336608887,
    -1.8198482990264893,
    -1.8222428560256958,
    -1.8241907358169556,
    -1.825900912284851,
    -1.8273265361785889,
    -1.8294305801391602,
    -1.832558274269104,
    -1.835471749305725,
    -1.8375825881958008,
    -1.839606523513794,
    -1.8410650491714478,
    -1.8419831991195679,
    -1.841901421546936,
    -1.841859221458435,
    -1.8421510457992554,
    -1.8437087535858154,
    -1.844918131828308,
    -1.8461174964904785,
    -1.8471781015396118,
    -1.8480117321014404,
    -1.8485925197601318,
    -1.8501667976379395,
    -1.8519985675811768,
    -1.8538403511047363,
    -1.8555766344070435,
    -1.8572072982788086,
    -1.8587087392807007,
    -1.8600366115570068,
    -1.8613287210464478,
    -1.8636869192123413,
    -1.867458701133728,
    -1.8720450401306152,
    -1.8768019676208496,
    -1.8815596103668213,
    -1.8863245248794556,
    -1.8911941051483154
  ]
}