{
  "arm": 77,
  "p": 0.456,
  "q": 0.357,
  "whittle": [
    -1.9915705919265747,
    -1.9874705076217651,
    -1.9830492734909058,
    -1.9789416790008545,
    -1.9742119312286377,
    -1.9690600633621216,
    -1.9647488594055176,
    -1.960782527923584,
    -1.9585072994232178,
    -1.9561312198638916,
    -1.9540852308273315,
    -1.9520862102508545,
    -1.9491162300109863,
    -1.9458155632019043,
    -1.942510962486267,
    -1.9390835762023926,
    -1.935774803161621,
    -1.9324654340744019,
    -1.9291666746139526,
    -1.9258368015289307,
    -1.9219293594360352,
    -1.9175595045089722,
    -1.9119514226913452,
    -1.9075756072998047,
    -1.9039729833602905,
    -1.9030961990356445,
    -1.9033879041671753,
    -1.9051551818847656,
    -1.9072688817977905,
    -1.9089174270629883,
    -1.9097342491149902,
    -1.9101735353469849,
    -1.9104523658752441,
    -1.9102259874343872,
    -1.9099146127700806,
    -1.9102957248687744,
    -1.9091917276382446,
    -1.9072388410568237,
    -1.9050229787826538,
    -1.9029293060302734,
    -1.9013248682022095,
    -1.9017915725708008,
    -1.9016679525375366,
    -1.9007552862167358,
    -1.8995383977890015,
    -1.8990120887756348,
    -1.899391770362854,
    -1.9006282091140747,
    -1.9010944366455078,
    -1.9014604091644287,
    -1.902211308479309,
    -1.9029945135116577,
    -1.9040604829788208,
    -1.9060847759246826,
    -1.9084051847457886,
    -1.9106918573379517,
    -1.9137388467788696,
    -1.917259931564331,
    -1.91994047164917,
    -1.9226841926574707,
    -1.9255828857421875,
    -1.9281190633773804,
    -1.9302325248718262,
    -1.9323590993881226,
    -1.9350199699401855,
    -1.9378559589385986,
    -1.940129041671753,
    -1.9420268535614014,
    -1.9443734884262085,
    -1.9479819536209106,
    -1.9514060020446777,
    -1.95461905002594,
    -1.9566699266433716,
    -1.958401083946228,
    -1.9597432613372803,
    -1.9599875211715698,
    -1.960350513458252,
    -1.9607611894607544,
    -1.9611557722091675,
    -1.9613101482391357,
    -1.9626356363296509,
    -1.9638816118240356,
    -1.9651732444763184,
    -1.9661387205123901,
    -1.9668751955032349,
    -1.9687658548355103,
    -1.9708367586135864,
    -1.972907304763794,
    -1.9748984575271606,
    -1.9767030477523804,
    -1.9783576726913452,
    -1.980023980140686,
    -1.981887698173523,
    -1.9849109649658203,
    -1.98879075050354,
    -1.9926239252090454,
    -1.9977195262908936,
    -2.002847671508789,
    -2.008009195327759,
    -2.0132651329040527
  ]
}