{
  "arm": 98,
  "p": 0.719,
  "q": 0.163,
  "whittle": [
    -1.992274284362793,
    -1.9877138137817383,
    -1.9835872650146484,
    -1.9792886972427368,
    -1.974699854850769,
    -1.9700274467468262,
    -1.9659523963928223,
    -1.9619274139404297,
    -1.9600870609283447,
    -1.958191156387329,
    -1.9563437700271606,
    -1.9543315172195435,
    -1.951468586921692,
    -1.9483940601348877,
    -1.945279836654663,
    -1.9421288967132568,
    -1.9390640258789062,
    -1.9359989166259766,
    -1.932969570159912,
    -1.9302695989608765,
    -1.927236557006836,
    -1.9225642681121826,
    -1.9194754362106323,
    -1.9179472923278809,
    -1.9182730913162231,
    -1.9189118146896362,
    -1.9207115173339844,
    -1.923606276512146,
    -1.9265904426574707,
    -1.928491234779358,
    -1.929818868637085,
    -1.9313278198242188,
    -1.9324376583099365,
    -1.9334208965301514,
    -1.934333086013794,
    -1.935023546218872,
    -1.9344792366027832,
    -1.9329617023468018,
    -1.9311308860778809,
    -1.931093692779541,
    -1.9317961931228638,
    -1.9323289394378662,
    -1.9327763319015503,
    -1.9322247505187988,
    -1.931841254234314,
    -1.9316760301589966,
    -1.9338300228118896,
    -1.9356070756912231,
    -1.9363631010055542,
    -1.937511682510376,
    -1.9386979341506958,
    -1.940016508102417,
    -1.9416149854660034,
    -1.9438894987106323,
    -1.9464499950408936,
    -1.9490059614181519,
    -1.9521909952163696,
    -1.9559059143066406,
    -1.9588674306869507,
    -1.9617520570755005,
    -1.9644855260849,
    -1.9673092365264893,
    -1.9702016115188599,
    -1.9724470376968384,
    -1.9752840995788574,
    -1.978397011756897,
    -1.9812127351760864,
    -1.984864592552185,
    -1.988590955734253,
    -1.9924863576889038,
    -1.9963189363479614,
    -1.9991652965545654,
    -2.001152276992798,
    -2.0031399726867676,
    -2.005126953125,
    -2.0057311058044434,
    -2.0062363147735596,
    -2.006845235824585,
    -2.007300853729248,
    -2.0075936317443848,
    -2.0083532333374023,
    -2.0098390579223633,
    -2.0113675594329834,
    -2.012336492538452,
    -2.0132105350494385,
    -2.0152738094329834,
    -2.0175700187683105,
    -2.019857406616211,
    -2.021880626678467,
    -2.0239038467407227,
    -2.0257599353790283,
    -2.027585744857788,
    -2.029470920562744,
    -2.0324110984802246,
    -2.0364913940429688,
    -2.0406179428100586,
    -2.0454018115997314,
    -2.050783634185791,
    -2.056165933609009,
    -2.061666250228882
  ]
}