{
  "arm": 50,
  "p": 0.738,
  "q": 0.347,
  "whittle": [
    -1.7665280103683472,
    -1.7626169919967651,
    -1.7578848600387573,
    -1.7526967525482178,
    -1.7474678754806519,
    -1.7420603036880493,
    -1.7363654375076294,
    -1.73175048828125,
    -1.7288438081741333,
    -1.7259732484817505,
    -1.7231693267822266,
    -1.720574975013733,
    -1.7176226377487183,
    -1.7138820886611938,
    -1.7102024555206299,
    -1.7066916227340698,
    -1.7029995918273926,
    -1.6997076272964478,
    -1.6964154243469238,
    -1.693089485168457,
    -1.689348816871643,
    -1.6834489107131958,
    -1.6774348020553589,
    -1.673126220703125,
    -1.6690784692764282,
    -1.6653774976730347,
    -1.6634783744812012,
    -1.665560245513916,
    -1.6672182083129883,
    -1.668229341506958,
    -1.6680220365524292,
    -1.665299654006958,
    -1.6635987758636475,
    -1.663242220878601,
    -1.662876009941101,
    -1.6625887155532837,
    -1.6624656915664673,
    -1.6608840227127075,
    -1.6586512327194214,
    -1.65726637840271,
    -1.6576722860336304,
    -1.6580698490142822,
    -1.65869140625,
    -1.6579874753952026,
    -1.6569775342941284,
    -1.6567598581314087,
    -1.6565423011779785,
    -1.6579301357269287,
    -1.6595982313156128,
    -1.6607987880706787,
    -1.66160249710083,
    -1.6624356508255005,
    -1.664799451828003,
    -1.6682485342025757,
    -1.671570062637329,
    -1.6749703884124756,
    -1.6784120798110962,
    -1.6819299459457397,
    -1.6847305297851562,
    -1.6874687671661377,
    -1.6906782388687134,
    -1.694226861000061,
    -1.6976746320724487,
    -1.7005984783172607,
    -1.7034357786178589,
    -1.706223964691162,
    -1.708619475364685,
    -1.7103424072265625,
    -1.7132467031478882,
    -1.7168225049972534,
    -1.7202041149139404,
    -1.7231005430221558,
    -1.7254533767700195,
    -1.7277472019195557,
    -1.7294048070907593,
    -1.7310508489608765,
    -1.7333937883377075,
    -1.7355756759643555,
    -1.7372872829437256,
    -1.7391339540481567,
    -1.740856647491455,
    -1.742488145828247,
    -1.7439336776733398,
    -1.7449989318847656,
    -1.7459160089492798,
    -1.7478628158569336,
    -1.7499147653579712,
    -1.7519714832305908,
    -1.7538028955459595,
    -1.7557437419891357,
    -1.7573703527450562,
    -1.7591568231582642,
    -1.7615631818771362,
    -1.7646368741989136,
    -1.7693248987197876,
    -1.7741600275039673,
    -1.7790107727050781,
    -1.7838802337646484,
    -1.7887498140335083,
    -1.7937238216400146
  ]
}