{
  "arm": 10,
  "p": 0.75,
  "q": 0.663,
  "whittle": [
    -1.7849229574203491,
    -1.7807931900024414,
    -1.7763789892196655,
    -1.7714464664459229,
    -1.766258955001831,
    -1.7605695724487305,
    -1.7545127868652344,
    -1.7495579719543457,
    -1.746568202972412,
    -1.7434771060943604,
    -1.7403619289398193,
    -1.7376044988632202,
    -1.734492540359497,
    -1.7306854724884033,
    -1.7268831729888916,
    -1.7233117818832397,
    -1.7198467254638672,
    -1.7164663076400757,
    -1.7130869626998901,
    -1.7097166776657104,
    -1.7055480480194092,
    -1.7009015083312988,
    -1.6952285766601562,
    -1.6907565593719482,
    -1.6867729425430298,
    -1.6832467317581177,
    -1.681760311126709,
    -1.6837564706802368,
    -1.6851043701171875,
    -1.685957908630371,
    -1.686622977256775,
    -1.686194896697998,
    -1.6855156421661377,
    -1.68491792678833,
    -1.6842283010482788,
    -1.6834989786148071,
    -1.6822590827941895,
    -1.6808393001556396,
    -1.6782625913619995,
    -1.675865888595581,
    -1.6749727725982666,
    -1.6746933460235596,
    -1.6750123500823975,
    -1.6748297214508057,
    -1.6733726263046265,
    -1.672438621520996,
    -1.671917200088501,
    -1.6704832315444946,
    -1.6694998741149902,
    -1.6695345640182495,
    -1.6699564456939697,
    -1.6704262495040894,
    -1.6713511943817139,
    -1.6726646423339844,
    -1.6744192838668823,
    -1.676522970199585,
    -1.6794637441635132,
    -1.682525873184204,
    -1.6850810050964355,
    -1.6873579025268555,
    -1.689621925354004,
    -1.6917080879211426,
    -1.6937958002090454,
    -1.6956244707107544,
    -1.69776451587677,
    -1.7000999450683594,
    -1.7018578052520752,
    -1.7031400203704834,
    -1.7042763233184814,
    -1.70591402053833,
    -1.708296775817871,
    -1.7104971408843994,
    -1.7115633487701416,
    -1.712801218032837,
    -1.7140201330184937,
    -1.7139980792999268,
    -1.7138723134994507,
    -1.7136423587799072,
    -1.7146070003509521,
    -1.7159667015075684,
    -1.7171969413757324,
    -1.7184878587722778,
    -1.7197141647338867,
    -1.7205047607421875,
    -1.7212942838668823,
    -1.722861647605896,
    -1.7244956493377686,
    -1.7261297702789307,
    -1.7275416851043701,
    -1.7288355827331543,
    -1.730053424835205,
    -1.7311365604400635,
    -1.732913613319397,
    -1.735436201095581,
    -1.7397444248199463,
    -1.7441771030426025,
    -1.748610258102417,
    -1.7530430555343628,
    -1.7574830055236816,
    -1.7620543241500854
  ]
}