{
  "arm": 29,
  "p": 0.475,
  "q": 0.199,
  "whittle": [
    -1.999659776687622,
    -1.9954850673675537,
    -1.9912241697311401,
    -1.9868991374969482,
    -1.9821232557296753,
    -1.977091670036316,
    -1.9723812341690063,
    -1.9681884050369263,
    -1.9658762216567993,
    -1.9635531902313232,
    -1.9615461826324463,
    -1.9594861268997192,
    -1.956300973892212,
    -1.9530491828918457,
    -1.9497835636138916,
    -1.9464013576507568,
    -1.9431543350219727,
    -1.939907431602478,
    -1.9366674423217773,
    -1.9334280490875244,
    -1.930207371711731,
    -1.925634741783142,
    -1.9218223094940186,
    -1.917799711227417,
    -1.9166492223739624,
    -1.9168745279312134,
    -1.9181649684906006,
    -1.9206511974334717,
    -1.9234000444412231,
    -1.9249958992004395,
    -1.926321029663086,
    -1.9271700382232666,
    -1.929010272026062,
    -1.9292844533920288,
    -1.9297653436660767,
    -1.9301964044570923,
    -1.9293756484985352,
    -1.9273849725723267,
    -1.9252983331680298,
    -1.9237220287322998,
    -1.9239916801452637,
    -1.9242249727249146,
    -1.9241315126419067,
    -1.9233607053756714,
    -1.9231345653533936,
    -1.922641396522522,
    -1.922624945640564,
    -1.9234886169433594,
    -1.9237525463104248,
    -1.9235519170761108,
    -1.9242818355560303,
    -1.9250630140304565,
    -1.9263159036636353,
    -1.9282609224319458,
    -1.9305694103240967,
    -1.9327998161315918,
    -1.9351288080215454,
    -1.9376574754714966,
    -1.9402927160263062,
    -1.9430299997329712,
    -1.9455662965774536,
    -1.9480702877044678,
    -1.9500315189361572,
    -1.9518604278564453,
    -1.9539612531661987,
    -1.9560620784759521,
    -1.9576423168182373,
    -1.959242582321167,
    -1.9613776206970215,
    -1.9645309448242188,
    -1.9673914909362793,
    -1.9696171283721924,
    -1.9712929725646973,
    -1.9723453521728516,
    -1.9724187850952148,
    -1.9725483655929565,
    -1.9728140830993652,
    -1.9732104539871216,
    -1.973572850227356,
    -1.9736791849136353,
    -1.973887324333191,
    -1.9751068353652954,
    -1.9763450622558594,
    -1.9770914316177368,
    -1.9776743650436401,
    -1.9794431924819946,
    -1.9814603328704834,
    -1.9834779500961304,
    -1.985465168952942,
    -1.9872199296951294,
    -1.9888132810592651,
    -1.9905067682266235,
    -1.9926278591156006,
    -1.9957541227340698,
    -1.9995061159133911,
    -2.003257989883423,
    -2.0079283714294434,
    -2.0130457878112793,
    -2.0181710720062256,
    -2.0233893394470215
  ]
}