{
  "arm": 78,
  "p": 0.856,
  "q": 0.623,
  "whittle": [
    -1.9369903802871704,
    -1.9329382181167603,
    -1.9283570051193237,
    -1.9236466884613037,
    -1.9187675714492798,
    -1.9134204387664795,
    -1.9075593948364258,
    -1.9028582572937012,
    -1.8993778228759766,
    -1.8966535329818726,
    -1.8941383361816406,
    -1.8916898965835571,
    -1.8887044191360474,
    -1.8851393461227417,
    -1.8815678358078003,
    -1.878016710281372,
    -1.8744431734085083,
    -1.8708696365356445,
    -1.8672958612442017,
    -1.8639411926269531,
    -1.8599531650543213,
    -1.8553786277770996,
    -1.849678635597229,
    -1.845233678817749,
    -1.8411327600479126,
    -1.837385654449463,
    -1.8364720344543457,
    -1.8380062580108643,
    -1.8397303819656372,
    -1.8408854007720947,
    -1.8417742252349854,
    -1.8411275148391724,
    -1.8406107425689697,
    -1.8402111530303955,
    -1.8397153615951538,
    -1.8396152257919312,
    -1.8381073474884033,
    -1.8364208936691284,
    -1.8340551853179932,
    -1.8318357467651367,
    -1.8299190998077393,
    -1.8294966220855713,
    -1.829339861869812,
    -1.828532338142395,
    -1.8272449970245361,
    -1.8265607357025146,
    -1.8257991075515747,
    -1.8256480693817139,
    -1.8259387016296387,
    -1.8262509107589722,
    -1.8268859386444092,
    -1.8277658224105835,
    -1.8293715715408325,
    -1.831423282623291,
    -1.8336131572723389,
    -1.8357884883880615,
    -1.8389474153518677,
    -1.8423662185668945,
    -1.8452779054641724,
    -1.8478764295578003,
    -1.8506479263305664,
    -1.8530899286270142,
    -1.8552396297454834,
    -1.8573205471038818,
    -1.8600411415100098,
    -1.8627318143844604,
    -1.8650013208389282,
    -1.8666017055511475,
    -1.8681877851486206,
    -1.8715037107467651,
    -1.8748376369476318,
    -1.877935767173767,
    -1.8803911209106445,
    -1.8821414709091187,
    -1.8837535381317139,
    -1.885526180267334,
    -1.8867340087890625,
    -1.8870116472244263,
    -1.88751220703125,
    -1.8893015384674072,
    -1.8908908367156982,
    -1.8923022747039795,
    -1.8935275077819824,
    -1.8945696353912354,
    -1.8955999612808228,
    -1.8975449800491333,
    -1.8995420932769775,
    -1.9015394449234009,
    -1.903462290763855,
    -1.9053210020065308,
    -1.907166600227356,
    -1.9089176654815674,
    -1.9107282161712646,
    -1.912746548652649,
    -1.9171229600906372,
    -1.9220595359802246,
    -1.927064061164856,
    -1.9320679903030396,
    -1.9370739459991455,
    -1.9422355890274048
  ]
}