{
  "arm": 82,
  "p": 0.731,
  "q": 0.637,
  "whittle": [
    -2.0860679149627686,
    -2.082078695297241,
    -2.077626943588257,
    -2.0736007690429688,
    -2.0689282417297363,
    -2.0638437271118164,
    -2.058300256729126,
    -2.053583860397339,
    -2.050321578979492,
    -2.0481643676757812,
    -2.0462071895599365,
    -2.044266700744629,
    -2.041897773742676,
    -2.0387353897094727,
    -2.0355019569396973,
    -2.03220272064209,
    -2.0290040969848633,
    -2.0258054733276367,
    -2.022639274597168,
    -2.0194787979125977,
    -2.0151519775390625,
    -2.0105810165405273,
    -2.0051968097686768,
    -2.00093412399292,
    -1.999077320098877,
    -1.9983572959899902,
    -1.9987760782241821,
    -2.000532388687134,
    -2.0027356147766113,
    -2.0046584606170654,
    -2.006002187728882,
    -2.0066463947296143,
    -2.0068752765655518,
    -2.0067641735076904,
    -2.0071749687194824,
    -2.00736403465271,
    -2.0058228969573975,
    -2.0044026374816895,
    -2.002229928970337,
    -2.000267505645752,
    -1.999572515487671,
    -1.999732255935669,
    -1.999253511428833,
    -1.9984569549560547,
    -1.997158408164978,
    -1.9972808361053467,
    -1.9992716312408447,
    -2.0009708404541016,
    -2.001836061477661,
    -2.001800060272217,
    -2.002796173095703,
    -2.0040600299835205,
    -2.005866527557373,
    -2.00821590423584,
    -2.0106921195983887,
    -2.0131266117095947,
    -2.015594720840454,
    -2.019296169281006,
    -2.022461414337158,
    -2.025291919708252,
    -2.02832293510437,
    -2.031029224395752,
    -2.033740520477295,
    -2.036080837249756,
    -2.0387747287750244,
    -2.04184627532959,
    -2.044300079345703,
    -2.0463123321533203,
    -2.0492961406707764,
    -2.05300235748291,
    -2.0567467212677,
    -2.0603649616241455,
    -2.0630292892456055,
    -2.065237522125244,
    -2.0667059421539307,
    -2.0671932697296143,
    -2.067888021469116,
    -2.068216562271118,
    -2.068518877029419,
    -2.068861722946167,
    -2.0685551166534424,
    -2.069699287414551,
    -2.0711023807525635,
    -2.0723414421081543,
    -2.073460102081299,
    -2.07560658454895,
    -2.0778396129608154,
    -2.0800817012786865,
    -2.0821752548217773,
    -2.084157705307007,
    -2.086012363433838,
    -2.0877668857574463,
    -2.089587926864624,
    -2.0916028022766113,
    -2.0957295894622803,
    -2.0999395847320557,
    -2.1041738986968994,
    -2.108877420425415,
    -2.1142799854278564,
    -2.1198062896728516
  ]
}