{
  "arm": 88,
  "p": 0.581,
  "q": 0.814,
  "whittle": [
    -2.0562515258789062,
    -2.0520639419555664,
    -2.0476388931274414,
    -2.043774127960205,
    -2.039116144180298,
    -2.033970594406128,
    -2.029120445251465,
    -2.025158166885376,
    -2.0227112770080566,
    -2.020627975463867,
    -2.0187947750091553,
    -2.016986608505249,
    -2.0147037506103516,
    -2.0116777420043945,
    -2.0085818767547607,
    -2.0053722858428955,
    -2.002283811569214,
    -1.9991953372955322,
    -1.9961134195327759,
    -1.9930654764175415,
    -1.9892388582229614,
    -1.9853821992874146,
    -1.9817781448364258,
    -1.9777835607528687,
    -1.9766768217086792,
    -1.976422905921936,
    -1.9777154922485352,
    -1.9797877073287964,
    -1.9820178747177124,
    -1.983940601348877,
    -1.9855360984802246,
    -1.986703634262085,
    -1.9874610900878906,
    -1.9882264137268066,
    -1.9889588356018066,
    -1.9892919063568115,
    -1.9877454042434692,
    -1.986340045928955,
    -1.984184741973877,
    -1.9822702407836914,
    -1.9821072816848755,
    -1.9822252988815308,
    -1.9817556142807007,
    -1.9809927940368652,
    -1.9797552824020386,
    -1.9793635606765747,
    -1.9807591438293457,
    -1.9823384284973145,
    -1.9829469919204712,
    -1.9830150604248047,
    -1.983115553855896,
    -1.984258770942688,
    -1.9860084056854248,
    -1.988379716873169,
    -1.990835189819336,
    -1.9932340383529663,
    -1.9956647157669067,
    -1.998230218887329,
    -2.001495122909546,
    -2.004295587539673,
    -2.0073091983795166,
    -2.0098233222961426,
    -2.011887550354004,
    -2.013913631439209,
    -2.015871047973633,
    -2.0180466175079346,
    -2.0204029083251953,
    -2.0223937034606934,
    -2.02569317817688,
    -2.0293097496032715,
    -2.032959461212158,
    -2.0367746353149414,
    -2.0390594005584717,
    -2.040867805480957,
    -2.042858600616455,
    -2.0442910194396973,
    -2.0449864864349365,
    -2.0453121662139893,
    -2.0457332134246826,
    -2.046029567718506,
    -2.045851945877075,
    -2.047224283218384,
    -2.0486295223236084,
    -2.050025224685669,
    -2.051340103149414,
    -2.053466796875,
    -2.0556857585906982,
    -2.0579049587249756,
    -2.0599286556243896,
    -2.0618841648101807,
    -2.063721179962158,
    -2.0654990673065186,
    -2.067559003829956,
    -2.0699095726013184,
    -2.074082136154175,
    -2.0782549381256104,
    -2.0827431678771973,
    -2.0881733894348145,
    -2.093536138534546,
    -2.0990183353424072
  ]
}