{
  "arm": 46,
  "p": 0.863,
  "q": 0.702,
  "whittle": [
    -1.8583537340164185,
    -1.8544303178787231,
    -1.8500328063964844,
    -1.8450816869735718,
    -1.8398735523223877,
    -1.834405779838562,
    -1.8284718990325928,
    -1.823451280593872,
    -1.8201066255569458,
    -1.8173085451126099,
    -1.8146194219589233,
    -1.8120607137680054,
    -1.8088639974594116,
    -1.805227279663086,
    -1.8015925884246826,
    -1.7980964183807373,
    -1.7944601774215698,
    -1.7909528017044067,
    -1.7877222299575806,
    -1.784558892250061,
    -1.7805168628692627,
    -1.7754775285720825,
    -1.769481897354126,
    -1.7652256488800049,
    -1.7612674236297607,
    -1.7575056552886963,
    -1.7572619915008545,
    -1.7593774795532227,
    -1.7608517408370972,
    -1.7621972560882568,
    -1.7632546424865723,
    -1.762224555015564,
    -1.7613476514816284,
    -1.760940670967102,
    -1.760438323020935,
    -1.7599387168884277,
    -1.7595807313919067,
    -1.7579872608184814,
    -1.7556524276733398,
    -1.7535980939865112,
    -1.753425121307373,
    -1.7533397674560547,
    -1.753599762916565,
    -1.7536768913269043,
    -1.752150535583496,
    -1.7514348030090332,
    -1.7509489059448242,
    -1.752467155456543,
    -1.7531383037567139,
    -1.7539273500442505,
    -1.754542589187622,
    -1.7553179264068604,
    -1.7570130825042725,
    -1.7591099739074707,
    -1.761328101158142,
    -1.7644975185394287,
    -1.7676596641540527,
    -1.77096688747406,
    -1.7738271951675415,
    -1.7763208150863647,
    -1.7786463499069214,
    -1.7809315919876099,
    -1.7826460599899292,
    -1.7846920490264893,
    -1.7873015403747559,
    -1.7898246049880981,
    -1.7917252779006958,
    -1.793091893196106,
    -1.7945228815078735,
    -1.796437382698059,
    -1.79960298538208,
    -1.8024704456329346,
    -1.8037853240966797,
    -1.8052934408187866,
    -1.8067469596862793,
    -1.8081552982330322,
    -1.8084943294525146,
    -1.808452844619751,
    -1.8094215393066406,
    -1.811094045639038,
    -1.8125157356262207,
    -1.8139314651489258,
    -1.8150405883789062,
    -1.8159486055374146,
    -1.816910743713379,
    -1.8186569213867188,
    -1.8205164670944214,
    -1.8223779201507568,
    -1.8240987062454224,
    -1.8258222341537476,
    -1.8273663520812988,
    -1.828696370124817,
    -1.8300260305404663,
    -1.8319787979125977,
    -1.8363056182861328,
    -1.8408384323120117,
    -1.845600962638855,
    -1.8503633737564087,
    -1.8551255464553833,
    -1.8600071668624878
  ]
}