{
  "arm": 72,
  "p": 0.556,
  "q": 0.446,
  "whittle": [
    -2.192458391189575,
    -2.188502073287964,
    -2.1847119331359863,
    -2.1808295249938965,
    -2.176539182662964,
    -2.1716771125793457,
    -2.1664414405822754,
    -2.162508964538574,
    -2.1598074436187744,
    -2.158024549484253,
    -2.15627121925354,
    -2.154571056365967,
    -2.1523680686950684,
    -2.149505615234375,
    -2.1462790966033936,
    -2.1431033611297607,
    -2.140092134475708,
    -2.1370811462402344,
    -2.1341116428375244,
    -2.131098508834839,
    -2.1270668506622314,
    -2.122239589691162,
    -2.1176083087921143,
    -2.11470627784729,
    -2.1135358810424805,
    -2.112706422805786,
    -2.1121175289154053,
    -2.113276243209839,
    -2.115312099456787,
    -2.117281913757324,
    -2.1190853118896484,
    -2.119940996170044,
    -2.119255781173706,
    -2.119138240814209,
    -2.119384765625,
    -2.1199355125427246,
    -2.118586301803589,
    -2.116947650909424,
    -2.1148223876953125,
    -2.112884283065796,
    -2.1109464168548584,
    -2.1107935905456543,
    -2.110020399093628,
    -2.1092467308044434,
    -2.1083545684814453,
    -2.109602928161621,
    -2.111726760864258,
    -2.113412857055664,
    -2.1142513751983643,
    -2.1144163608551025,
    -2.114624500274658,
    -2.116046905517578,
    -2.117720603942871,
    -2.1201095581054688,
    -2.122622489929199,
    -2.1250877380371094,
    -2.127626419067383,
    -2.1302542686462402,
    -2.132755994796753,
    -2.1355910301208496,
    -2.1389122009277344,
    -2.1412289142608643,
    -2.1434028148651123,
    -2.1457531452178955,
    -2.1480867862701416,
    -2.1504533290863037,
    -2.15289044380188,
    -2.155165433883667,
    -2.1572577953338623,
    -2.161097764968872,
    -2.1649980545043945,
    -2.1684787273406982,
    -2.171168088912964,
    -2.173449754714966,
    -2.1754157543182373,
    -2.1761927604675293,
    -2.1769702434539795,
    -2.1774654388427734,
    -2.1777403354644775,
    -2.1777126789093018,
    -2.177405595779419,
    -2.177119016647339,
    -2.178175210952759,
    -2.1793458461761475,
    -2.1802356243133545,
    -2.182401418685913,
    -2.18472957611084,
    -2.1870689392089844,
    -2.189358711242676,
    -2.1914479732513428,
    -2.1933977603912354,
    -2.1951866149902344,
    -2.1970622539520264,
    -2.199887752532959,
    -2.204068422317505,
    -2.208249092102051,
    -2.2124457359313965,
    -2.216834306716919,
    -2.221330165863037,
    -2.226599931716919
  ]
}