{
  "arm": 89,
  "p": 0.381,
  "q": 0.133,
  "whittle": [
    -1.8862175941467285,
    -1.8821990489959717,
    -1.877442717552185,
    -1.8726873397827148,
    -1.8675845861434937,
    -1.862099289894104,
    -1.8564313650131226,
    -1.8518486022949219,
    -1.849013090133667,
    -1.8461899757385254,
    -1.8434786796569824,
    -1.8409076929092407,
    -1.8372876644134521,
    -1.8335448503494263,
    -1.8298630714416504,
    -1.8261237144470215,
    -1.8223750591278076,
    -1.818651795387268,
    -1.8149336576461792,
    -1.811146855354309,
    -1.807483196258545,
    -1.8022819757461548,
    -1.7957693338394165,
    -1.791003942489624,
    -1.7867130041122437,
    -1.7827903032302856,
    -1.7811915874481201,
    -1.7826672792434692,
    -1.7844473123550415,
    -1.7850569486618042,
    -1.785286545753479,
    -1.78471040725708,
    -1.7833409309387207,
    -1.7829859256744385,
    -1.782589077949524,
    -1.7820223569869995,
    -1.7809810638427734,
    -1.7785698175430298,
    -1.7761964797973633,
    -1.7738308906555176,
    -1.772113561630249,
    -1.7719646692276,
    -1.7718738317489624,
    -1.7710938453674316,
    -1.7698251008987427,
    -1.769037127494812,
    -1.7685024738311768,
    -1.7672590017318726,
    -1.7674262523651123,
    -1.768061876296997,
    -1.7686067819595337,
    -1.7691737413406372,
    -1.7699971199035645,
    -1.7713189125061035,
    -1.7731834650039673,
    -1.7761532068252563,
    -1.77944016456604,
    -1.7825281620025635,
    -1.7850438356399536,
    -1.7877442836761475,
    -1.7904059886932373,
    -1.7927547693252563,
    -1.7959550619125366,
    -1.798893928527832,
    -1.801527738571167,
    -1.804161787033081,
    -1.8063359260559082,
    -1.808256983757019,
    -1.81052827835083,
    -1.8139634132385254,
    -1.8172345161437988,
    -1.8198386430740356,
    -1.8221198320388794,
    -1.824411153793335,
    -1.8259934186935425,
    -1.8275277614593506,
    -1.8283090591430664,
    -1.8284335136413574,
    -1.8294405937194824,
    -1.8310377597808838,
    -1.832419991493225,
    -1.8337490558624268,
    -1.8348792791366577,
    -1.8355828523635864,
    -1.8361326456069946,
    -1.8377501964569092,
    -1.8397079706192017,
    -1.8416718244552612,
    -1.8435338735580444,
    -1.8452814817428589,
    -1.8468836545944214,
    -1.8483498096466064,
    -1.8497902154922485,
    -1.852755069732666,
    -1.857295274734497,
    -1.8621503114700317,
    -1.8670055866241455,
    -1.8718606233596802,
    -1.8767157793045044,
    -1.8816510438919067
  ]
}