{
  "arm": 20,
  "p": 0.625,
  "q": 0.248,
  "whittle": [
    -2.1176116466522217,
    -2.113408088684082,
    -2.1094112396240234,
    -2.1054229736328125,
    -2.1010565757751465,
    -2.0962538719177246,
    -2.0920028686523438,
    -2.0879433155059814,
    -2.0855906009674072,
    -2.083533525466919,
    -2.0816407203674316,
    -2.0798654556274414,
    -2.0772323608398438,
    -2.0740606784820557,
    -2.070815086364746,
    -2.067518472671509,
    -2.0643553733825684,
    -2.0611917972564697,
    -2.058039665222168,
    -2.0548558235168457,
    -2.050980806350708,
    -2.045760154724121,
    -2.0406501293182373,
    -2.036472797393799,
    -2.0351836681365967,
    -2.0343525409698486,
    -2.03438401222229,
    -2.035811424255371,
    -2.0381340980529785,
    -2.0398571491241455,
    -2.041024684906006,
    -2.041821002960205,
    -2.04195499420166,
    -2.041663646697998,
    -2.042041540145874,
    -2.0424680709838867,
    -2.041280746459961,
    -2.0394680500030518,
    -2.0373010635375977,
    -2.03525972366333,
    -2.0332584381103516,
    -2.0335540771484375,
    -2.032804012298584,
    -2.031919240951538,
    -2.0312931537628174,
    -2.0306520462036133,
    -2.032132625579834,
    -2.0337612628936768,
    -2.034213066101074,
    -2.03377628326416,
    -2.033705472946167,
    -2.034712314605713,
    -2.036180019378662,
    -2.038374423980713,
    -2.040755033493042,
    -2.0430753231048584,
    -2.0454800128936768,
    -2.0478999614715576,
    -2.0499155521392822,
    -2.052605628967285,
    -2.055813789367676,
    -2.0583932399749756,
    -2.060803174972534,
    -2.0629968643188477,
    -2.065462112426758,
    -2.067748546600342,
    -2.0699102878570557,
    -2.072096586227417,
    -2.0738508701324463,
    -2.077493667602539,
    -2.081118106842041,
    -2.0841782093048096,
    -2.085966110229492,
    -2.087725877761841,
    -2.088604688644409,
    -2.0892221927642822,
    -2.089838981628418,
    -2.0902252197265625,
    -2.0904414653778076,
    -2.0905203819274902,
    -2.0900557041168213,
    -2.0895118713378906,
    -2.0907516479492188,
    -2.0915722846984863,
    -2.092198371887207,
    -2.094144105911255,
    -2.0962982177734375,
    -2.098451852798462,
    -2.100560426712036,
    -2.102459669113159,
    -2.1042070388793945,
    -2.1058051586151123,
    -2.1075220108032227,
    -2.110318899154663,
    -2.1142678260803223,
    -2.1183602809906006,
    -2.1224334239959717,
    -2.1263949871063232,
    -2.13081693649292,
    -2.1362714767456055
  ]
}