{
  "arm": 4,
  "p": 0.6,
  "q": 0.722,
  "whittle": [
    -1.7778671979904175,
    -1.7737575769424438,
    -1.7692570686340332,
    -1.7641446590423584,
    -1.7585681676864624,
    -1.7526953220367432,
    -1.7465983629226685,
    -1.7414143085479736,
    -1.7382005453109741,
    -1.7351471185684204,
    -1.7319825887680054,
    -1.7292040586471558,
    -1.7257516384124756,
    -1.7218763828277588,
    -1.718003273010254,
    -1.7143207788467407,
    -1.7104806900024414,
    -1.706904649734497,
    -1.7034637928009033,
    -1.7001264095306396,
    -1.6956360340118408,
    -1.6900067329406738,
    -1.6836856603622437,
    -1.6791561841964722,
    -1.67505943775177,
    -1.6711385250091553,
    -1.6685179471969604,
    -1.6697214841842651,
    -1.670992136001587,
    -1.6717931032180786,
    -1.672004222869873,
    -1.6699963808059692,
    -1.6683772802352905,
    -1.6674671173095703,
    -1.6667991876602173,
    -1.6661956310272217,
    -1.664430856704712,
    -1.66291344165802,
    -1.6603405475616455,
    -1.6581815481185913,
    -1.6561976671218872,
    -1.6555427312850952,
    -1.655674695968628,
    -1.655455231666565,
    -1.653738260269165,
    -1.6533050537109375,
    -1.6528719663619995,
    -1.6518006324768066,
    -1.6514501571655273,
    -1.6522407531738281,
    -1.6527894735336304,
    -1.6533865928649902,
    -1.6546703577041626,
    -1.6564998626708984,
    -1.6591627597808838,
    -1.6622929573059082,
    -1.6654651165008545,
    -1.6687418222427368,
    -1.6715301275253296,
    -1.6740084886550903,
    -1.6766823530197144,
    -1.6792527437210083,
    -1.682538628578186,
    -1.685566782951355,
    -1.6882637739181519,
    -1.6910138130187988,
    -1.6929845809936523,
    -1.6944198608398438,
    -1.6958087682724,
    -1.6973650455474854,
    -1.7000446319580078,
    -1.7031654119491577,
    -1.7052127122879028,
    -1.7072595357894897,
    -1.7093784809112549,
    -1.710822582244873,
    -1.7125729322433472,
    -1.715367317199707,
    -1.7184628248214722,
    -1.7203969955444336,
    -1.721889615058899,
    -1.7233225107192993,
    -1.7246571779251099,
    -1.7257943153381348,
    -1.7268424034118652,
    -1.7286134958267212,
    -1.7304706573486328,
    -1.7323280572891235,
    -1.7340292930603027,
    -1.7354952096939087,
    -1.7369474172592163,
    -1.73829185962677,
    -1.740515112876892,
    -1.7430906295776367,
    -1.7476249933242798,
    -1.752271056175232,
    -1.7569172382354736,
    -1.7615633010864258,
    -1.7662092447280884,
    -1.7709753513336182
  ]
}