{
  "arm": 90,
  "p": 0.781,
  "q": 0.4,
  "whittle": [
    -2.0448520183563232,
    -2.0410988330841064,
    -2.0367329120635986,
    -2.032487392425537,
    -2.0281357765197754,
    -2.0229992866516113,
    -2.017653465270996,
    -2.0132853984832764,
    -2.009937286376953,
    -2.00727915763855,
    -2.0050199031829834,
    -2.0027716159820557,
    -2.0004079341888428,
    -1.9968862533569336,
    -1.993375539779663,
    -1.9898345470428467,
    -1.9863001108169556,
    -1.9827653169631958,
    -1.9792306423187256,
    -1.975605845451355,
    -1.971435785293579,
    -1.9661448001861572,
    -1.9597448110580444,
    -1.9544084072113037,
    -1.9500505924224854,
    -1.9467878341674805,
    -1.9456592798233032,
    -1.9448693990707397,
    -1.9461240768432617,
    -1.9471561908721924,
    -1.9474126100540161,
    -1.946675419807434,
    -1.9450570344924927,
    -1.94451105594635,
    -1.943845272064209,
    -1.943281650543213,
    -1.9416131973266602,
    -1.9396464824676514,
    -1.9371275901794434,
    -1.9347599744796753,
    -1.9324318170547485,
    -1.9309977293014526,
    -1.929948329925537,
    -1.9287497997283936,
    -1.9274941682815552,
    -1.9267147779464722,
    -1.9259628057479858,
    -1.9273098707199097,
    -1.9275856018066406,
    -1.9270375967025757,
    -1.9268333911895752,
    -1.9274265766143799,
    -1.9286986589431763,
    -1.9306015968322754,
    -1.932662844657898,
    -1.9346657991409302,
    -1.9367032051086426,
    -1.938870906829834,
    -1.94137442111969,
    -1.943790078163147,
    -1.9465333223342896,
    -1.9490944147109985,
    -1.9510163068771362,
    -1.9529049396514893,
    -1.9550286531448364,
    -1.9579577445983887,
    -1.9601802825927734,
    -1.9620335102081299,
    -1.9635238647460938,
    -1.9654994010925293,
    -1.9686988592147827,
    -1.9715055227279663,
    -1.9737876653671265,
    -1.9760698080062866,
    -1.9776993989944458,
    -1.9781261682510376,
    -1.9784759283065796,
    -1.9784623384475708,
    -1.9784780740737915,
    -1.9784719944000244,
    -1.9780062437057495,
    -1.9787825345993042,
    -1.9798369407653809,
    -1.9805636405944824,
    -1.9810830354690552,
    -1.9828464984893799,
    -1.984717845916748,
    -1.9865995645523071,
    -1.9884811639785767,
    -1.9901591539382935,
    -1.9916490316390991,
    -1.9932456016540527,
    -1.994886040687561,
    -1.997083306312561,
    -2.000890016555786,
    -2.0045223236083984,
    -2.0083088874816895,
    -2.013080358505249,
    -2.018064260482788,
    -2.023179531097412
  ]
}