{
  "arm": 1,
  "p": 0.3,
  "q": 0.633,
  "whittle": [
    -1.9074695110321045,
    -1.9033933877944946,
    -1.898857831954956,
    -1.8941248655319214,
    -1.8891067504882812,
    -1.883497953414917,
    -1.8779770135879517,
    -1.8737945556640625,
    -1.871216058731079,
    -1.8685959577560425,
    -1.8663551807403564,
    -1.8640148639678955,
    -1.8606057167053223,
    -1.8571728467941284,
    -1.853723406791687,
    -1.850225567817688,
    -1.8467774391174316,
    -1.8433289527893066,
    -1.8399083614349365,
    -1.836743712425232,
    -1.832966923713684,
    -1.8283520936965942,
    -1.822945475578308,
    -1.818503499031067,
    -1.8145291805267334,
    -1.8132867813110352,
    -1.8140674829483032,
    -1.8164435625076294,
    -1.8182575702667236,
    -1.819907546043396,
    -1.8205327987670898,
    -1.8208311796188354,
    -1.820591926574707,
    -1.8203669786453247,
    -1.8202011585235596,
    -1.8207597732543945,
    -1.819810152053833,
    -1.8178614377975464,
    -1.8155980110168457,
    -1.8136831521987915,
    -1.8136223554611206,
    -1.8135815858840942,
    -1.8137110471725464,
    -1.8130271434783936,
    -1.8114701509475708,
    -1.8109345436096191,
    -1.811170220375061,
    -1.812774896621704,
    -1.8133434057235718,
    -1.814452886581421,
    -1.8152505159378052,
    -1.8160909414291382,
    -1.8172450065612793,
    -1.8191431760787964,
    -1.8214455842971802,
    -1.8245673179626465,
    -1.8280686140060425,
    -1.8316704034805298,
    -1.8345756530761719,
    -1.8373969793319702,
    -1.8401280641555786,
    -1.8426839113235474,
    -1.845607876777649,
    -1.8487566709518433,
    -1.8516888618469238,
    -1.8543062210083008,
    -1.8565394878387451,
    -1.8582926988601685,
    -1.860555648803711,
    -1.8640739917755127,
    -1.867492437362671,
    -1.8708637952804565,
    -1.8733800649642944,
    -1.8753407001495361,
    -1.8770393133163452,
    -1.8787379264831543,
    -1.879251480102539,
    -1.879416823387146,
    -1.8802231550216675,
    -1.8820668458938599,
    -1.8836392164230347,
    -1.8849871158599854,
    -1.8862789869308472,
    -1.8875371217727661,
    -1.8885679244995117,
    -1.8904449939727783,
    -1.8924869298934937,
    -1.8945292234420776,
    -1.8964699506759644,
    -1.898337721824646,
    -1.9001142978668213,
    -1.9018698930740356,
    -1.9036059379577637,
    -1.905951738357544,
    -1.9102765321731567,
    -1.9151660203933716,
    -1.9201902151107788,
    -1.9252225160598755,
    -1.930281162261963,
    -1.9354315996170044
  ]
}