{
  "arm": 65,
  "p": 0.306,
  "q": 0.238,
  "whittle": [
    -2.046985626220703,
    -2.042834997177124,
    -2.038543462753296,
    -2.034420967102051,
    -2.0296943187713623,
    -2.0245559215545654,
    -2.0203495025634766,
    -2.0166313648223877,
    -2.014439582824707,
    -2.0121984481811523,
    -2.0101821422576904,
    -2.0082740783691406,
    -2.0055394172668457,
    -2.0022428035736084,
    -1.9988667964935303,
    -1.9954276084899902,
    -1.9920991659164429,
    -1.9888052940368652,
    -1.9855396747589111,
    -1.9821274280548096,
    -1.9779843091964722,
    -1.9729089736938477,
    -1.9667530059814453,
    -1.9626668691635132,
    -1.9600317478179932,
    -1.9590635299682617,
    -1.9588909149169922,
    -1.9599835872650146,
    -1.9622621536254883,
    -1.9637559652328491,
    -1.9644793272018433,
    -1.9649513959884644,
    -1.9645012617111206,
    -1.9641293287277222,
    -1.9634474515914917,
    -1.9637410640716553,
    -1.9627354145050049,
    -1.960498332977295,
    -1.9583208560943604,
    -1.9561100006103516,
    -1.9541841745376587,
    -1.9540958404541016,
    -1.9537816047668457,
    -1.9528306722640991,
    -1.9516575336456299,
    -1.9511125087738037,
    -1.9518933296203613,
    -1.9529017210006714,
    -1.9532380104064941,
    -1.9533153772354126,
    -1.954009771347046,
    -1.9546277523040771,
    -1.956045389175415,
    -1.9580509662628174,
    -1.9603466987609863,
    -1.9626030921936035,
    -1.965101718902588,
    -1.9684631824493408,
    -1.9711016416549683,
    -1.9739712476730347,
    -1.97686767578125,
    -1.9793833494186401,
    -1.9816105365753174,
    -1.9838522672653198,
    -1.9868226051330566,
    -1.9896554946899414,
    -1.9918948411941528,
    -1.9938113689422607,
    -1.996145486831665,
    -1.9997687339782715,
    -2.003241539001465,
    -2.0063636302948,
    -2.0086963176727295,
    -2.0104081630706787,
    -2.0112218856811523,
    -2.0114541053771973,
    -2.0119407176971436,
    -2.0124549865722656,
    -2.012828826904297,
    -2.0129034519195557,
    -2.0137524604797363,
    -2.0149145126342773,
    -2.016157388687134,
    -2.0170116424560547,
    -2.017616033554077,
    -2.019437074661255,
    -2.0215156078338623,
    -2.0235941410064697,
    -2.025649309158325,
    -2.027468204498291,
    -2.0291285514831543,
    -2.0306437015533447,
    -2.032370090484619,
    -2.0354135036468506,
    -2.039381980895996,
    -2.043217658996582,
    -2.0472676753997803,
    -2.0524492263793945,
    -2.0576534271240234,
    -2.062952756881714
  ]
}