{
  "arm": 74,
  "p": 0.756,
  "q": 0.268,
  "whittle": [
    -1.9068636894226074,
    -1.9029228687286377,
    -1.8983248472213745,
    -1.8940500020980835,
    -1.8889009952545166,
    -1.8835872411727905,
    -1.8780531883239746,
    -1.8735036849975586,
    -1.8706181049346924,
    -1.8677895069122314,
    -1.8649531602859497,
    -1.86244797706604,
    -1.8596006631851196,
    -1.8559139966964722,
    -1.8522824048995972,
    -1.8486579656600952,
    -1.844976782798767,
    -1.841295838356018,
    -1.8376145362854004,
    -1.8340574502944946,
    -1.8304052352905273,
    -1.825232744216919,
    -1.8195005655288696,
    -1.8151566982269287,
    -1.8111368417739868,
    -1.8072645664215088,
    -1.8070778846740723,
    -1.8085640668869019,
    -1.8102450370788574,
    -1.811485767364502,
    -1.8120176792144775,
    -1.81143319606781,
    -1.81076180934906,
    -1.8101693391799927,
    -1.8095999956130981,
    -1.809034824371338,
    -1.8077512979507446,
    -1.8056676387786865,
    -1.8031748533248901,
    -1.8008267879486084,
    -1.8000448942184448,
    -1.8002698421478271,
    -1.8000231981277466,
    -1.79929518699646,
    -1.7986044883728027,
    -1.7977505922317505,
    -1.796709656715393,
    -1.796431303024292,
    -1.7968236207962036,
    -1.7965383529663086,
    -1.7969557046890259,
    -1.797404170036316,
    -1.7983455657958984,
    -1.800014853477478,
    -1.8019697666168213,
    -1.803861141204834,
    -1.8061537742614746,
    -1.809226632118225,
    -1.8114813566207886,
    -1.8137702941894531,
    -1.8163437843322754,
    -1.8184680938720703,
    -1.8206512928009033,
    -1.8225332498550415,
    -1.8242244720458984,
    -1.8263047933578491,
    -1.8284080028533936,
    -1.8300195932388306,
    -1.8310736417770386,
    -1.832604169845581,
    -1.8350718021392822,
    -1.8367259502410889,
    -1.8378924131393433,
    -1.8375881910324097,
    -1.8372838497161865,
    -1.8369797468185425,
    -1.836690068244934,
    -1.836247444152832,
    -1.8362436294555664,
    -1.836040735244751,
    -1.8368726968765259,
    -1.8380235433578491,
    -1.8390905857086182,
    -1.839514970779419,
    -1.8397691249847412,
    -1.8412925004959106,
    -1.8429893255233765,
    -1.8446910381317139,
    -1.8463399410247803,
    -1.8478652238845825,
    -1.8493824005126953,
    -1.8507124185562134,
    -1.8520961999893188,
    -1.8542157411575317,
    -1.8579217195510864,
    -1.8622043132781982,
    -1.866819977760315,
    -1.871462345123291,
    -1.8761121034622192,
    -1.880873680114746
  ]
}