{
  "arm": 92,
  "p": 0.681,
  "q": 0.222,
  "whittle": [
    -2.067888021469116,
    -2.063699960708618,
    -2.059263229370117,
    -2.055264949798584,
    -2.0510706901550293,
    -2.0462255477905273,
    -2.0417559146881104,
    -2.037614345550537,
    -2.0349647998809814,
    -2.03294038772583,
    -2.0309746265411377,
    -2.0291051864624023,
    -2.026880979537964,
    -2.0236477851867676,
    -2.0203969478607178,
    -2.01705265045166,
    -2.013827085494995,
    -2.01060152053833,
    -2.0074241161346436,
    -2.004183053970337,
    -2.0002007484436035,
    -1.994509220123291,
    -1.988390564918518,
    -1.9837039709091187,
    -1.9805463552474976,
    -1.9794542789459229,
    -1.9787206649780273,
    -1.9787074327468872,
    -1.9806777238845825,
    -1.981932282447815,
    -1.9829490184783936,
    -1.9827195405960083,
    -1.9819122552871704,
    -1.9815112352371216,
    -1.9813076257705688,
    -1.9818564653396606,
    -1.9812315702438354,
    -1.9795567989349365,
    -1.9775254726409912,
    -1.975601315498352,
    -1.9740995168685913,
    -1.9749760627746582,
    -1.9744240045547485,
    -1.9731478691101074,
    -1.971858024597168,
    -1.9727355241775513,
    -1.974841833114624,
    -1.9766474962234497,
    -1.977149248123169,
    -1.9784512519836426,
    -1.9796652793884277,
    -1.9811151027679443,
    -1.982782006263733,
    -1.9851785898208618,
    -1.987768292427063,
    -1.990987777709961,
    -1.9947859048843384,
    -1.9986079931259155,
    -2.00161075592041,
    -2.004598617553711,
    -2.008010149002075,
    -2.0108730792999268,
    -2.014137029647827,
    -2.0174219608306885,
    -2.020871639251709,
    -2.024378776550293,
    -2.0272607803344727,
    -2.0300607681274414,
    -2.0338504314422607,
    -2.037848711013794,
    -2.041889190673828,
    -2.045215368270874,
    -2.0480499267578125,
    -2.050915241241455,
    -2.0538136959075928,
    -2.0566940307617188,
    -2.0590434074401855,
    -2.0599703788757324,
    -2.0604705810546875,
    -2.06080961227417,
    -2.062485456466675,
    -2.06402587890625,
    -2.065601348876953,
    -2.0667214393615723,
    -2.067676305770874,
    -2.0699045658111572,
    -2.0723233222961426,
    -2.074742555618286,
    -2.0769219398498535,
    -2.0790655612945557,
    -2.081059455871582,
    -2.0829150676727295,
    -2.084894895553589,
    -2.0876450538635254,
    -2.0917553901672363,
    -2.096087694168091,
    -2.100407123565674,
    -2.1056244373321533,
    -2.111180543899536,
    -2.1168553829193115
  ]
}