{
  "arm": 45,
  "p": 0.463,
  "q": 0.436,
  "whittle": [
    -1.9272717237472534,
    -1.9228012561798096,
    -1.9179853200912476,
    -1.9132487773895264,
    -1.908275842666626,
    -1.9029027223587036,
    -1.897283911705017,
    -1.8930058479309082,
    -1.8901571035385132,
    -1.8876339197158813,
    -1.8854374885559082,
    -1.88325834274292,
    -1.880030870437622,
    -1.8766077756881714,
    -1.8731749057769775,
    -1.8696584701538086,
    -1.8662288188934326,
    -1.8627994060516357,
    -1.8594175577163696,
    -1.8559969663619995,
    -1.8516379594802856,
    -1.8469433784484863,
    -1.841496229171753,
    -1.8370691537857056,
    -1.8332574367523193,
    -1.8333708047866821,
    -1.8341035842895508,
    -1.836588740348816,
    -1.83859384059906,
    -1.8402844667434692,
    -1.8410820960998535,
    -1.841113805770874,
    -1.8408366441726685,
    -1.8406363725662231,
    -1.8405323028564453,
    -1.8409922122955322,
    -1.8396310806274414,
    -1.8377939462661743,
    -1.8356101512908936,
    -1.833762288093567,
    -1.8338860273361206,
    -1.8339210748672485,
    -1.83402419090271,
    -1.8325376510620117,
    -1.831296443939209,
    -1.8308131694793701,
    -1.8321328163146973,
    -1.8336337804794312,
    -1.8349993228912354,
    -1.8362643718719482,
    -1.8371354341506958,
    -1.8381308317184448,
    -1.8393951654434204,
    -1.8414268493652344,
    -1.8447105884552002,
    -1.8482176065444946,
    -1.8518238067626953,
    -1.8555340766906738,
    -1.8584247827529907,
    -1.8612947463989258,
    -1.864048719406128,
    -1.8669219017028809,
    -1.870539665222168,
    -1.8735554218292236,
    -1.876473307609558,
    -1.879431128501892,
    -1.8817570209503174,
    -1.8842724561691284,
    -1.887826919555664,
    -1.8915406465530396,
    -1.895092248916626,
    -1.8984688520431519,
    -1.9011284112930298,
    -1.9038102626800537,
    -1.9059520959854126,
    -1.9077842235565186,
    -1.9091441631317139,
    -1.9095239639282227,
    -1.9112144708633423,
    -1.913293480873108,
    -1.9149541854858398,
    -1.9163322448730469,
    -1.9177387952804565,
    -1.918945550918579,
    -1.919922947883606,
    -1.9219403266906738,
    -1.924118995666504,
    -1.926304578781128,
    -1.9282300472259521,
    -1.9301397800445557,
    -1.9319839477539062,
    -1.9338115453720093,
    -1.9357198476791382,
    -1.938382625579834,
    -1.9427642822265625,
    -1.9478960037231445,
    -1.953086256980896,
    -1.958298683166504,
    -1.9635111093521118,
    -1.968819260597229
  ]
}