{
  "arm": 64,
  "p": 0.506,
  "q": 0.683,
  "whittle": [
    -2.008373260498047,
    -2.0046846866607666,
    -2.000107526779175,
    -1.995386004447937,
    -1.9906247854232788,
    -1.9850443601608276,
    -1.979304552078247,
    -1.9736204147338867,
    -1.9693089723587036,
    -1.9666149616241455,
    -1.9643038511276245,
    -1.9620437622070312,
    -1.9590073823928833,
    -1.9555027484893799,
    -1.951968789100647,
    -1.9483280181884766,
    -1.9448013305664062,
    -1.9412747621536255,
    -1.937781572341919,
    -1.9343006610870361,
    -1.929947853088379,
    -1.924829363822937,
    -1.918424367904663,
    -1.9134191274642944,
    -1.9091261625289917,
    -1.9051955938339233,
    -1.9041553735733032,
    -1.90354323387146,
    -1.9051415920257568,
    -1.9061917066574097,
    -1.906855821609497,
    -1.9050203561782837,
    -1.9042508602142334,
    -1.9038763046264648,
    -1.9034541845321655,
    -1.9033411741256714,
    -1.901763677597046,
    -1.899925708770752,
    -1.897481083869934,
    -1.8954986333847046,
    -1.8939424753189087,
    -1.8932602405548096,
    -1.8927441835403442,
    -1.8915557861328125,
    -1.8899108171463013,
    -1.8893564939498901,
    -1.8911484479904175,
    -1.8921997547149658,
    -1.892959475517273,
    -1.8941283226013184,
    -1.8947999477386475,
    -1.895883560180664,
    -1.8975310325622559,
    -1.8996747732162476,
    -1.9020029306411743,
    -1.9053374528884888,
    -1.9087681770324707,
    -1.9122878313064575,
    -1.915249228477478,
    -1.9178889989852905,
    -1.9208745956420898,
    -1.9231257438659668,
    -1.925376296043396,
    -1.9282923936843872,
    -1.9312723875045776,
    -1.934230089187622,
    -1.9364174604415894,
    -1.9381898641586304,
    -1.9397929906845093,
    -1.943189263343811,
    -1.9465751647949219,
    -1.950094223022461,
    -1.9525717496871948,
    -1.9550920724868774,
    -1.9568272829055786,
    -1.9584746360778809,
    -1.9592006206512451,
    -1.9591108560562134,
    -1.9594134092330933,
    -1.9606778621673584,
    -1.9622684717178345,
    -1.9634615182876587,
    -1.9646596908569336,
    -1.9658809900283813,
    -1.9668734073638916,
    -1.968788981437683,
    -1.9708266258239746,
    -1.9728643894195557,
    -1.9747602939605713,
    -1.9765530824661255,
    -1.978358507156372,
    -1.9800915718078613,
    -1.98188316822052,
    -1.9841045141220093,
    -1.9877125024795532,
    -1.9915262460708618,
    -1.9963569641113281,
    -2.0014984607696533,
    -2.0066425800323486,
    -2.0118935108184814
  ]
}