{
  "arm": 66,
  "p": 0.706,
  "q": 0.505,
  "whittle": [
    -1.696397066116333,
    -1.6922895908355713,
    -1.6877658367156982,
    -1.682731032371521,
    -1.6775153875350952,
    -1.6716790199279785,
    -1.6654386520385742,
    -1.660340666770935,
    -1.6570961475372314,
    -1.6537681818008423,
    -1.6504402160644531,
    -1.6473430395126343,
    -1.643991231918335,
    -1.6399595737457275,
    -1.6359413862228394,
    -1.6325172185897827,
    -1.6289559602737427,
    -1.6253443956375122,
    -1.6217436790466309,
    -1.6181113719940186,
    -1.6137924194335938,
    -1.60804283618927,
    -1.6013675928115845,
    -1.5967224836349487,
    -1.592474341392517,
    -1.5884705781936646,
    -1.5854339599609375,
    -1.5843522548675537,
    -1.5853688716888428,
    -1.5860347747802734,
    -1.5859709978103638,
    -1.5836066007614136,
    -1.5818439722061157,
    -1.58048677444458,
    -1.5796778202056885,
    -1.5789844989776611,
    -1.5774259567260742,
    -1.5754332542419434,
    -1.5728178024291992,
    -1.5704792737960815,
    -1.5688737630844116,
    -1.5687006711959839,
    -1.5689493417739868,
    -1.5684250593185425,
    -1.5669116973876953,
    -1.5663164854049683,
    -1.5657215118408203,
    -1.5642880201339722,
    -1.5627063512802124,
    -1.5635342597961426,
    -1.5639477968215942,
    -1.564393401145935,
    -1.5651897192001343,
    -1.567480444908142,
    -1.5702928304672241,
    -1.5732040405273438,
    -1.5761646032333374,
    -1.5792286396026611,
    -1.581674337387085,
    -1.5839827060699463,
    -1.58642578125,
    -1.5888844728469849,
    -1.5919679403305054,
    -1.594644546508789,
    -1.5970791578292847,
    -1.5994205474853516,
    -1.6012866497039795,
    -1.6026124954223633,
    -1.6038308143615723,
    -1.6054856777191162,
    -1.6084259748458862,
    -1.6109431982040405,
    -1.6119647026062012,
    -1.612987995147705,
    -1.6142297983169556,
    -1.6155444383621216,
    -1.6180342435836792,
    -1.620254397392273,
    -1.621916651725769,
    -1.6236222982406616,
    -1.6250287294387817,
    -1.6263492107391357,
    -1.627652883529663,
    -1.628569483757019,
    -1.6292145252227783,
    -1.6307566165924072,
    -1.632398009300232,
    -1.633681058883667,
    -1.6348544359207153,
    -1.6361559629440308,
    -1.6377567052841187,
    -1.6397308111190796,
    -1.6417758464813232,
    -1.6448222398757935,
    -1.6491762399673462,
    -1.6535307168960571,
    -1.6578844785690308,
    -1.6622388362884521,
    -1.6665928363800049,
    -1.671057105064392
  ]
}