{
  "arm": 76,
  "p": 0.656,
  "q": 0.801,
  "whittle": [
    -2.00323748588562,
    -1.999306559562683,
    -1.994867205619812,
    -1.990492343902588,
    -1.9858007431030273,
    -1.9803810119628906,
    -1.9746869802474976,
    -1.9697858095169067,
    -1.966734766960144,
    -1.9641472101211548,
    -1.9619511365890503,
    -1.9597110748291016,
    -1.9573819637298584,
    -1.9539873600006104,
    -1.9505507946014404,
    -1.947127103805542,
    -1.9436938762664795,
    -1.940260648727417,
    -1.9368276596069336,
    -1.9334243535995483,
    -1.9292500019073486,
    -1.9247207641601562,
    -1.9184273481369019,
    -1.9139946699142456,
    -1.909814476966858,
    -1.907246708869934,
    -1.9062919616699219,
    -1.906847357749939,
    -1.9084124565124512,
    -1.909544587135315,
    -1.9103548526763916,
    -1.9091057777404785,
    -1.9083746671676636,
    -1.908060908317566,
    -1.9076347351074219,
    -1.9078874588012695,
    -1.9060769081115723,
    -1.904442310333252,
    -1.9020659923553467,
    -1.8998934030532837,
    -1.897984504699707,
    -1.8980052471160889,
    -1.8975105285644531,
    -1.896661400794983,
    -1.8950315713882446,
    -1.8944224119186401,
    -1.8942663669586182,
    -1.8956444263458252,
    -1.8965792655944824,
    -1.8966161012649536,
    -1.8972779512405396,
    -1.8982868194580078,
    -1.8999334573745728,
    -1.9020646810531616,
    -1.904302716255188,
    -1.9064770936965942,
    -1.9092046022415161,
    -1.912687063217163,
    -1.9157328605651855,
    -1.918336272239685,
    -1.9212497472763062,
    -1.9239286184310913,
    -1.9263907670974731,
    -1.928903341293335,
    -1.931789517402649,
    -1.9347609281539917,
    -1.9371453523635864,
    -1.939022183418274,
    -1.9405924081802368,
    -1.9435306787490845,
    -1.946884274482727,
    -1.950378179550171,
    -1.9528436660766602,
    -1.955151081085205,
    -1.9567615985870361,
    -1.9584420919418335,
    -1.958991289138794,
    -1.9590709209442139,
    -1.959388017654419,
    -1.959632396697998,
    -1.960629940032959,
    -1.9618356227874756,
    -1.9630217552185059,
    -1.9641785621643066,
    -1.965309977531433,
    -1.9672213792800903,
    -1.9692072868347168,
    -1.9712018966674805,
    -1.9729708433151245,
    -1.9747052192687988,
    -1.9763603210449219,
    -1.9780395030975342,
    -1.9797807931900024,
    -1.9816573858261108,
    -1.9853140115737915,
    -1.9890334606170654,
    -1.993607521057129,
    -1.9985742568969727,
    -2.0036497116088867,
    -2.008857250213623
  ]
}