{
  "arm": 99,
  "p": 0.219,
  "q": 0.429,
  "whittle": [
    -2.0024209022521973,
    -1.9982213973999023,
    -1.9935952425003052,
    -1.989357590675354,
    -1.984543800354004,
    -1.9791978597640991,
    -1.9741541147232056,
    -1.9702770709991455,
    -1.9677399396896362,
    -1.9654045104980469,
    -1.9633831977844238,
    -1.9612663984298706,
    -1.9580714702606201,
    -1.9548256397247314,
    -1.9515562057495117,
    -1.9481406211853027,
    -1.9448431730270386,
    -1.9415814876556396,
    -1.938355803489685,
    -1.9350143671035767,
    -1.9309699535369873,
    -1.9269920587539673,
    -1.922457218170166,
    -1.9181344509124756,
    -1.9157601594924927,
    -1.9156900644302368,
    -1.9160093069076538,
    -1.9180388450622559,
    -1.9201569557189941,
    -1.921870470046997,
    -1.9228593111038208,
    -1.9240080118179321,
    -1.92466402053833,
    -1.9246315956115723,
    -1.92499840259552,
    -1.9255088567733765,
    -1.9242632389068604,
    -1.9221899509429932,
    -1.9201412200927734,
    -1.9180530309677124,
    -1.917838454246521,
    -1.9180114269256592,
    -1.9176162481307983,
    -1.9166488647460938,
    -1.9153450727462769,
    -1.9149270057678223,
    -1.9152332544326782,
    -1.9161256551742554,
    -1.9166371822357178,
    -1.9175857305526733,
    -1.918459177017212,
    -1.919303059577942,
    -1.920519471168518,
    -1.9224376678466797,
    -1.924673318862915,
    -1.9270672798156738,
    -1.929970622062683,
    -1.9336782693862915,
    -1.936519980430603,
    -1.9395782947540283,
    -1.9424117803573608,
    -1.9451019763946533,
    -1.9478273391723633,
    -1.9502692222595215,
    -1.9532591104507446,
    -1.9561066627502441,
    -1.9584823846817017,
    -1.9608253240585327,
    -1.9644705057144165,
    -1.9682077169418335,
    -1.9717954397201538,
    -1.975314974784851,
    -1.9779901504516602,
    -1.9805251359939575,
    -1.982375144958496,
    -1.983380913734436,
    -1.9840232133865356,
    -1.9847028255462646,
    -1.9852756261825562,
    -1.9863505363464355,
    -1.9879873991012573,
    -1.9893639087677002,
    -1.9908082485198975,
    -1.9920588731765747,
    -1.9930402040481567,
    -1.99506413936615,
    -1.9973092079162598,
    -1.9995540380477905,
    -2.001753330230713,
    -2.0037293434143066,
    -2.005558729171753,
    -2.007305383682251,
    -2.0092785358428955,
    -2.012420892715454,
    -2.0165789127349854,
    -2.0209944248199463,
    -2.0262978076934814,
    -2.0316007137298584,
    -2.0369038581848145,
    -2.042320489883423
  ]
}