{
  "arm": 83,
  "p": 0.231,
  "q": 0.192,
  "whittle": [
    -1.8916187286376953,
    -1.8877679109573364,
    -1.8831002712249756,
    -1.8789012432098389,
    -1.8737359046936035,
    -1.8681138753890991,
    -1.8623626232147217,
    -1.8574390411376953,
    -1.8545957803726196,
    -1.8517746925354004,
    -1.8489140272140503,
    -1.8463335037231445,
    -1.8427293300628662,
    -1.8389840126037598,
    -1.8352810144424438,
    -1.8315738439559937,
    -1.8277990818023682,
    -1.8240735530853271,
    -1.8203626871109009,
    -1.8165974617004395,
    -1.8124678134918213,
    -1.8067309856414795,
    -1.800208568572998,
    -1.7951865196228027,
    -1.7908885478973389,
    -1.7869071960449219,
    -1.7853288650512695,
    -1.7867307662963867,
    -1.7884937524795532,
    -1.7893545627593994,
    -1.7897015810012817,
    -1.7891721725463867,
    -1.7893506288528442,
    -1.7889838218688965,
    -1.7885383367538452,
    -1.7877751588821411,
    -1.7864339351654053,
    -1.7838743925094604,
    -1.7814828157424927,
    -1.7792649269104004,
    -1.7785266637802124,
    -1.778773546218872,
    -1.7787411212921143,
    -1.7781273126602173,
    -1.776989459991455,
    -1.7761839628219604,
    -1.7752320766448975,
    -1.7743611335754395,
    -1.7746851444244385,
    -1.7754933834075928,
    -1.7759811878204346,
    -1.7764898538589478,
    -1.7772306203842163,
    -1.7785124778747559,
    -1.7805428504943848,
    -1.7834712266921997,
    -1.7866716384887695,
    -1.7896660566329956,
    -1.7920575141906738,
    -1.7947365045547485,
    -1.7971514463424683,
    -1.7993824481964111,
    -1.801679015159607,
    -1.804561734199524,
    -1.8074071407318115,
    -1.8099215030670166,
    -1.8118410110473633,
    -1.8134605884552002,
    -1.81497061252594,
    -1.8179725408554077,
    -1.8207683563232422,
    -1.8226515054702759,
    -1.8240360021591187,
    -1.8254584074020386,
    -1.8257979154586792,
    -1.825610876083374,
    -1.8253860473632812,
    -1.8252149820327759,
    -1.8251324892044067,
    -1.8263864517211914,
    -1.8275346755981445,
    -1.8287346363067627,
    -1.8298492431640625,
    -1.8304479122161865,
    -1.8308393955230713,
    -1.8323476314544678,
    -1.8341301679611206,
    -1.835912823677063,
    -1.8376034498214722,
    -1.8391737937927246,
    -1.8403712511062622,
    -1.8415300846099854,
    -1.842792272567749,
    -1.8453359603881836,
    -1.8488103151321411,
    -1.8533828258514404,
    -1.8580676317214966,
    -1.8627521991729736,
    -1.8674486875534058,
    -1.8722392320632935
  ]
}