{
  "arm": 70,
  "p": 0.806,
  "q": 0.86,
  "whittle": [
    -2.0936365127563477,
    -2.0893611907958984,
    -2.0850486755371094,
    -2.081028699874878,
    -2.0763628482818604,
    -2.0713276863098145,
    -2.06587553024292,
    -2.061269760131836,
    -2.058370351791382,
    -2.05633544921875,
    -2.0544941425323486,
    -2.0526933670043945,
    -2.0505049228668213,
    -2.0475287437438965,
    -2.0443429946899414,
    -2.041180372238159,
    -2.0381011962890625,
    -2.035022497177124,
    -2.0319595336914062,
    -2.028916597366333,
    -2.024785041809082,
    -2.0207552909851074,
    -2.0167975425720215,
    -2.0130960941314697,
    -2.0122742652893066,
    -2.012418746948242,
    -2.013500213623047,
    -2.0156092643737793,
    -2.018160343170166,
    -2.020272731781006,
    -2.022003650665283,
    -2.0231776237487793,
    -2.023420572280884,
    -2.023916006088257,
    -2.0246176719665527,
    -2.0243916511535645,
    -2.0229625701904297,
    -2.021672010421753,
    -2.019672393798828,
    -2.017791748046875,
    -2.0169661045074463,
    -2.017070770263672,
    -2.016674280166626,
    -2.015951156616211,
    -2.0148062705993652,
    -2.0153098106384277,
    -2.0173017978668213,
    -2.0190744400024414,
    -2.0200235843658447,
    -2.020577907562256,
    -2.022012948989868,
    -2.0235378742218018,
    -2.0255544185638428,
    -2.0279784202575684,
    -2.0305113792419434,
    -2.032975673675537,
    -2.0354435443878174,
    -2.038702964782715,
    -2.0421459674835205,
    -2.045008659362793,
    -2.047912836074829,
    -2.0506532192230225,
    -2.0531973838806152,
    -2.055500030517578,
    -2.0577194690704346,
    -2.0598816871643066,
    -2.0622124671936035,
    -2.064030885696411,
    -2.0665130615234375,
    -2.0701706409454346,
    -2.0739216804504395,
    -2.077793836593628,
    -2.0797336101531982,
    -2.081557035446167,
    -2.0819685459136963,
    -2.0826833248138428,
    -2.083280563354492,
    -2.0835883617401123,
    -2.0840694904327393,
    -2.084484100341797,
    -2.0841915607452393,
    -2.0852530002593994,
    -2.0866291522979736,
    -2.087963819503784,
    -2.0894205570220947,
    -2.0916526317596436,
    -2.0939197540283203,
    -2.096186637878418,
    -2.098327398300171,
    -2.1003360748291016,
    -2.102264642715454,
    -2.104111909866333,
    -2.106058359146118,
    -2.1082451343536377,
    -2.112332582473755,
    -2.11661434173584,
    -2.120896816253662,
    -2.1259827613830566,
    -2.1315290927886963,
    -2.1371099948883057
  ]
}