{
  "arm": 53,
  "p": 0.438,
  "q": 0.12,
  "whittle": [
    -1.9244498014450073,
    -1.9205604791641235,
    -1.9159380197525024,
    -1.9116679430007935,
    -1.9069311618804932,
    -1.9013888835906982,
    -1.895796775817871,
    -1.8911081552505493,
    -1.8880431652069092,
    -1.8851064443588257,
    -1.8820477724075317,
    -1.879382610321045,
    -1.8759641647338867,
    -1.8720991611480713,
    -1.8682790994644165,
    -1.8643715381622314,
    -1.860474944114685,
    -1.8566033840179443,
    -1.8527319431304932,
    -1.84878671169281,
    -1.8444041013717651,
    -1.8382235765457153,
    -1.8317161798477173,
    -1.8259506225585938,
    -1.8213855028152466,
    -1.817084789276123,
    -1.8140188455581665,
    -1.8129774332046509,
    -1.8138329982757568,
    -1.814253330230713,
    -1.8141810894012451,
    -1.812848448753357,
    -1.810211181640625,
    -1.8094913959503174,
    -1.8088350296020508,
    -1.8078174591064453,
    -1.805791974067688,
    -1.8031977415084839,
    -1.8005868196487427,
    -1.7979884147644043,
    -1.7957377433776855,
    -1.7941256761550903,
    -1.7934671640396118,
    -1.7921863794326782,
    -1.7909313440322876,
    -1.7899386882781982,
    -1.7889456748962402,
    -1.7879226207733154,
    -1.787992238998413,
    -1.787895917892456,
    -1.788188099861145,
    -1.788500428199768,
    -1.788988471031189,
    -1.790230393409729,
    -1.792097568511963,
    -1.794602870941162,
    -1.7976510524749756,
    -1.8004875183105469,
    -1.8027161359786987,
    -1.8051072359085083,
    -1.807867169380188,
    -1.8100262880325317,
    -1.8120771646499634,
    -1.8146158456802368,
    -1.8173364400863647,
    -1.819821834564209,
    -1.8217850923538208,
    -1.823564887046814,
    -1.8249530792236328,
    -1.8263881206512451,
    -1.8292553424835205,
    -1.8315402269363403,
    -1.8332254886627197,
    -1.8345322608947754,
    -1.8351863622665405,
    -1.8348530530929565,
    -1.8345471620559692,
    -1.8343125581741333,
    -1.8344013690948486,
    -1.8349260091781616,
    -1.8359888792037964,
    -1.8370815515518188,
    -1.838167428970337,
    -1.838674545288086,
    -1.8389875888824463,
    -1.8403743505477905,
    -1.842069387435913,
    -1.8437741994857788,
    -1.8454679250717163,
    -1.8469706773757935,
    -1.8482275009155273,
    -1.8492798805236816,
    -1.8504638671875,
    -1.8529998064041138,
    -1.8564032316207886,
    -1.8606678247451782,
    -1.865305781364441,
    -1.8699432611465454,
    -1.874581217765808,
    -1.8793107271194458
  ]
}