{
  "arm": 22,
  "p": 0.825,
  "q": 0.781,
  "whittle": [
    -2.3543448448181152,
    -2.351940393447876,
    -2.3493263721466064,
    -2.346193790435791,
    -2.3422460556030273,
    -2.3378946781158447,
    -2.3330676555633545,
    -2.3295481204986572,
    -2.3273651599884033,
    -2.326235771179199,
    -2.325169324874878,
    -2.3241405487060547,
    -2.3224263191223145,
    -2.3203530311584473,
    -2.31782603263855,
    -2.3154828548431396,
    -2.3132426738739014,
    -2.311002016067505,
    -2.308779239654541,
    -2.3064370155334473,
    -2.3027114868164062,
    -2.3000447750091553,
    -2.298835277557373,
    -2.298421859741211,
    -2.298062562942505,
    -2.2990875244140625,
    -2.300405502319336,
    -2.3033790588378906,
    -2.3067193031311035,
    -2.3114519119262695,
    -2.3157806396484375,
    -2.3181638717651367,
    -2.3201451301574707,
    -2.3212332725524902,
    -2.322209596633911,
    -2.32248854637146,
    -2.321668863296509,
    -2.320960521697998,
    -2.3194851875305176,
    -2.318366527557373,
    -2.3189921379089355,
    -2.318744421005249,
    -2.318554162979126,
    -2.3204920291900635,
    -2.32244873046875,
    -2.324803113937378,
    -2.3270633220672607,
    -2.329537868499756,
    -2.331442356109619,
    -2.332427501678467,
    -2.333249092102051,
    -2.334986925125122,
    -2.3372154235839844,
    -2.3401541709899902,
    -2.3432981967926025,
    -2.3464066982269287,
    -2.3495352268218994,
    -2.352834701538086,
    -2.3557143211364746,
    -2.357961416244507,
    -2.361262798309326,
    -2.364093780517578,
    -2.366868734359741,
    -2.3698508739471436,
    -2.372718095779419,
    -2.375594139099121,
    -2.377864122390747,
    -2.3820643424987793,
    -2.386591672897339,
    -2.3912100791931152,
    -2.395775556564331,
    -2.400270700454712,
    -2.4037981033325195,
    -2.407508134841919,
    -2.410428047180176,
    -2.4123663902282715,
    -2.4133858680725098,
    -2.4140453338623047,
    -2.4146716594696045,
    -2.415156602859497,
    -2.41514253616333,
    -2.415400266647339,
    -2.4157466888427734,
    -2.4165234565734863,
    -2.4180057048797607,
    -2.4210116863250732,
    -2.424057722091675,
    -2.427048921585083,
    -2.429915189743042,
    -2.4326558113098145,
    -2.4352803230285645,
    -2.4377219676971436,
    -2.440241813659668,
    -2.4428842067718506,
    -2.4476492404937744,
    -2.452617645263672,
    -2.4575865268707275,
    -2.462555408477783,
    -2.4673807621002197,
    -2.472541570663452
  ]
}