{
  "arm": 71,
  "p": 0.156,
  "q": 0.179,
  "whittle": [
    -2.0081331729888916,
    -2.0038058757781982,
    -1.999284029006958,
    -1.9950730800628662,
    -1.9902982711791992,
    -1.9851276874542236,
    -1.9806890487670898,
    -1.976841688156128,
    -1.9746021032333374,
    -1.972410798072815,
    -1.9704124927520752,
    -1.9684873819351196,
    -1.9653794765472412,
    -1.9621247053146362,
    -1.958888053894043,
    -1.9555292129516602,
    -1.9522178173065186,
    -1.9489727020263672,
    -1.9457778930664062,
    -1.9422720670700073,
    -1.938237190246582,
    -1.933679461479187,
    -1.9278390407562256,
    -1.9235507249832153,
    -1.9215694665908813,
    -1.9214773178100586,
    -1.9217737913131714,
    -1.9234435558319092,
    -1.9261283874511719,
    -1.9276583194732666,
    -1.9288811683654785,
    -1.9300819635391235,
    -1.9315747022628784,
    -1.9316781759262085,
    -1.931508183479309,
    -1.932030439376831,
    -1.9320566654205322,
    -1.9298490285873413,
    -1.927884817123413,
    -1.9259278774261475,
    -1.9260685443878174,
    -1.9265245199203491,
    -1.9261314868927002,
    -1.925093412399292,
    -1.9240576028823853,
    -1.9236944913864136,
    -1.924844741821289,
    -1.925803542137146,
    -1.9265714883804321,
    -1.927808403968811,
    -1.9287186861038208,
    -1.9295514822006226,
    -1.9307209253311157,
    -1.9325100183486938,
    -1.9346013069152832,
    -1.9370239973068237,
    -1.940496563911438,
    -1.9440289735794067,
    -1.9469043016433716,
    -1.9501336812973022,
    -1.952870488166809,
    -1.9556066989898682,
    -1.9584124088287354,
    -1.962048053741455,
    -1.965616226196289,
    -1.9686239957809448,
    -1.9710420370101929,
    -1.9742907285690308,
    -1.9781428575515747,
    -1.9819668531417847,
    -1.985690712928772,
    -1.9889990091323853,
    -1.9917010068893433,
    -1.9939212799072266,
    -1.9948233366012573,
    -1.9952054023742676,
    -1.9956406354904175,
    -1.9960596561431885,
    -1.996376872062683,
    -1.9964474439620972,
    -1.998072624206543,
    -1.9994642734527588,
    -2.0008320808410645,
    -2.001927137374878,
    -2.0027339458465576,
    -2.0046470165252686,
    -2.0068788528442383,
    -2.009121894836426,
    -2.011301279067993,
    -2.0132763385772705,
    -2.0150859355926514,
    -2.0167534351348877,
    -2.018580436706543,
    -2.0219342708587646,
    -2.025834798812866,
    -2.029860019683838,
    -2.0345332622528076,
    -2.0398383140563965,
    -2.0451529026031494,
    -2.0505664348602295
  ]
}