{
  "arm": 35,
  "p": 0.213,
  "q": 0.14,
  "whittle": [
    -2.026414394378662,
    -2.0224173069000244,
    -2.0181477069854736,
    -2.013864040374756,
    -2.0089898109436035,
    -2.0037171840667725,
    -1.9982824325561523,
    -1.9940592050552368,
    -1.9914506673812866,
    -1.9889861345291138,
    -1.9868336915969849,
    -1.984699010848999,
    -1.9814811944961548,
    -1.9780486822128296,
    -1.9746123552322388,
    -1.971047043800354,
    -1.9675499200820923,
    -1.9641302824020386,
    -1.9607404470443726,
    -1.9570884704589844,
    -1.9529231786727905,
    -1.9478449821472168,
    -1.9415403604507446,
    -1.9366741180419922,
    -1.9329078197479248,
    -1.931638479232788,
    -1.9307072162628174,
    -1.9311414957046509,
    -1.9334572553634644,
    -1.9348180294036865,
    -1.935511827468872,
    -1.9360994100570679,
    -1.9360600709915161,
    -1.935739278793335,
    -1.9350357055664062,
    -1.934942603111267,
    -1.9345293045043945,
    -1.9320677518844604,
    -1.9298754930496216,
    -1.9276891946792603,
    -1.926814079284668,
    -1.9273954629898071,
    -1.9272141456604004,
    -1.926323652267456,
    -1.9254872798919678,
    -1.924932837486267,
    -1.9260504245758057,
    -1.926791787147522,
    -1.926963448524475,
    -1.9279162883758545,
    -1.9286010265350342,
    -1.929307460784912,
    -1.9303321838378906,
    -1.9322328567504883,
    -1.9345258474349976,
    -1.9367783069610596,
    -1.9401322603225708,
    -1.9433692693710327,
    -1.945987582206726,
    -1.94894540309906,
    -1.951728105545044,
    -1.9542285203933716,
    -1.9565801620483398,
    -1.9592337608337402,
    -1.9623771905899048,
    -1.9652116298675537,
    -1.9674320220947266,
    -1.9694432020187378,
    -1.972818374633789,
    -1.9764106273651123,
    -1.979532241821289,
    -1.981835961341858,
    -1.983514666557312,
    -1.9843931198120117,
    -1.9844681024551392,
    -1.9845428466796875,
    -1.984700322151184,
    -1.984868049621582,
    -1.9847410917282104,
    -1.9845236539840698,
    -1.985553503036499,
    -1.986785650253296,
    -1.9879051446914673,
    -1.9887090921401978,
    -1.989271640777588,
    -1.9909203052520752,
    -1.9929314851760864,
    -1.994950532913208,
    -1.996924877166748,
    -1.9986846446990967,
    -2.000279426574707,
    -2.0018744468688965,
    -2.003573417663574,
    -2.006687641143799,
    -2.010316848754883,
    -2.0140795707702637,
    -2.018016815185547,
    -2.0230467319488525,
    -2.028184413909912,
    -2.0333971977233887
  ]
}