{
  "arm": 18,
  "p": 0.725,
  "q": 0.426,
  "whittle": [
    -1.8905812501907349,
    -1.8864259719848633,
    -1.8818906545639038,
    -1.8771778345108032,
    -1.8721164464950562,
    -1.8667787313461304,
    -1.8609427213668823,
    -1.8561079502105713,
    -1.852787971496582,
    -1.8500393629074097,
    -1.8475016355514526,
    -1.845008373260498,
    -1.8418445587158203,
    -1.8382610082626343,
    -1.83470618724823,
    -1.8312079906463623,
    -1.8276329040527344,
    -1.8240578174591064,
    -1.8206584453582764,
    -1.817476749420166,
    -1.8137227296829224,
    -1.8089959621429443,
    -1.8034108877182007,
    -1.7989275455474854,
    -1.7950867414474487,
    -1.792118787765503,
    -1.7928292751312256,
    -1.7949788570404053,
    -1.7967833280563354,
    -1.7980961799621582,
    -1.7989081144332886,
    -1.798740029335022,
    -1.7983829975128174,
    -1.7980568408966064,
    -1.7976868152618408,
    -1.7983534336090088,
    -1.7977873086929321,
    -1.796040654182434,
    -1.7937541007995605,
    -1.7917941808700562,
    -1.7921684980392456,
    -1.7921863794326782,
    -1.7922917604446411,
    -1.7917391061782837,
    -1.790489673614502,
    -1.789863109588623,
    -1.7893975973129272,
    -1.7897367477416992,
    -1.790135383605957,
    -1.7906867265701294,
    -1.791391134262085,
    -1.7921981811523438,
    -1.7935150861740112,
    -1.7954142093658447,
    -1.797637701034546,
    -1.8000943660736084,
    -1.8034271001815796,
    -1.806857943534851,
    -1.8095932006835938,
    -1.8122155666351318,
    -1.814896821975708,
    -1.81735360622406,
    -1.8198421001434326,
    -1.8225668668746948,
    -1.8252134323120117,
    -1.8279473781585693,
    -1.83024263381958,
    -1.8320444822311401,
    -1.8343048095703125,
    -1.837799072265625,
    -1.8411202430725098,
    -1.843996286392212,
    -1.845595359802246,
    -1.8472524881362915,
    -1.8488723039627075,
    -1.8504551649093628,
    -1.8509933948516846,
    -1.8512344360351562,
    -1.8518595695495605,
    -1.8534798622131348,
    -1.8550519943237305,
    -1.8563177585601807,
    -1.8575602769851685,
    -1.8585102558135986,
    -1.8592678308486938,
    -1.8611102104187012,
    -1.863057017326355,
    -1.864998459815979,
    -1.866692066192627,
    -1.8685039281845093,
    -1.8703399896621704,
    -1.8719699382781982,
    -1.8734629154205322,
    -1.8757251501083374,
    -1.880208969116211,
    -1.8849480152130127,
    -1.8898630142211914,
    -1.8947787284851074,
    -1.8997200727462769,
    -1.9047797918319702
  ]
}