{
  "arm": 28,
  "p": 0.675,
  "q": 0.643,
  "whittle": [
    -1.7145076990127563,
    -1.710410475730896,
    -1.7059839963912964,
    -1.7006961107254028,
    -1.6950260400772095,
    -1.6892352104187012,
    -1.683127999305725,
    -1.6780089139938354,
    -1.6749178171157837,
    -1.6717939376831055,
    -1.6686112880706787,
    -1.6657907962799072,
    -1.6625020503997803,
    -1.658623456954956,
    -1.654754638671875,
    -1.651123285293579,
    -1.647571325302124,
    -1.6441256999969482,
    -1.6406947374343872,
    -1.637323260307312,
    -1.6330983638763428,
    -1.62741219997406,
    -1.621895432472229,
    -1.617690086364746,
    -1.6138123273849487,
    -1.6101521253585815,
    -1.6088693141937256,
    -1.6103417873382568,
    -1.6115771532058716,
    -1.6124329566955566,
    -1.6126091480255127,
    -1.6105754375457764,
    -1.60893976688385,
    -1.6081734895706177,
    -1.6075515747070312,
    -1.6069802045822144,
    -1.6053330898284912,
    -1.6040350198745728,
    -1.6015453338623047,
    -1.5995062589645386,
    -1.5987744331359863,
    -1.5987236499786377,
    -1.5991560220718384,
    -1.5979355573654175,
    -1.5966098308563232,
    -1.5961952209472656,
    -1.595780372619629,
    -1.594468593597412,
    -1.5948761701583862,
    -1.5959324836730957,
    -1.5965454578399658,
    -1.597198724746704,
    -1.5984591245651245,
    -1.6015909910202026,
    -1.6046794652938843,
    -1.6078258752822876,
    -1.611043095588684,
    -1.614353060722351,
    -1.6171313524246216,
    -1.619659423828125,
    -1.6221481561660767,
    -1.6252366304397583,
    -1.6285568475723267,
    -1.631441593170166,
    -1.6341235637664795,
    -1.636687159538269,
    -1.6386607885360718,
    -1.640064001083374,
    -1.6414897441864014,
    -1.6441460847854614,
    -1.6473084688186646,
    -1.65028715133667,
    -1.6523088216781616,
    -1.6543816328048706,
    -1.655898928642273,
    -1.6574305295944214,
    -1.6601232290267944,
    -1.663038730621338,
    -1.6649359464645386,
    -1.6668801307678223,
    -1.668506383895874,
    -1.6700352430343628,
    -1.6715257167816162,
    -1.672655701637268,
    -1.673658013343811,
    -1.6754209995269775,
    -1.6772630214691162,
    -1.6790533065795898,
    -1.6805752515792847,
    -1.6820558309555054,
    -1.683756947517395,
    -1.6859387159347534,
    -1.6881203651428223,
    -1.6911100149154663,
    -1.6956886053085327,
    -1.7002674341201782,
    -1.7048462629318237,
    -1.7094249725341797,
    -1.714030146598816,
    -1.7187420129776
  ]
}