{
  "arm": 63,
  "p": 0.106,
  "q": 0.416,
  "whittle": [
    -1.7322778701782227,
    -1.7283737659454346,
    -1.723830223083496,
    -1.718487024307251,
    -1.7130110263824463,
    -1.7071423530578613,
    -1.7015233039855957,
    -1.6978250741958618,
    -1.6949875354766846,
    -1.6920714378356934,
    -1.6890068054199219,
    -1.6863476037979126,
    -1.6832311153411865,
    -1.6794699430465698,
    -1.6757079362869263,
    -1.672121286392212,
    -1.668681263923645,
    -1.6653525829315186,
    -1.6620292663574219,
    -1.6587926149368286,
    -1.6548073291778564,
    -1.6496734619140625,
    -1.643534779548645,
    -1.6388894319534302,
    -1.634895920753479,
    -1.6311746835708618,
    -1.6280897855758667,
    -1.6296619176864624,
    -1.631181001663208,
    -1.631955862045288,
    -1.631636619567871,
    -1.6297372579574585,
    -1.6284852027893066,
    -1.628173589706421,
    -1.6277987957000732,
    -1.6274759769439697,
    -1.6264790296554565,
    -1.6237554550170898,
    -1.6215475797653198,
    -1.6198152303695679,
    -1.6185635328292847,
    -1.6182459592819214,
    -1.6181058883666992,
    -1.616379976272583,
    -1.615014672279358,
    -1.614656686782837,
    -1.6139731407165527,
    -1.612162470817566,
    -1.6134411096572876,
    -1.6143712997436523,
    -1.6150423288345337,
    -1.6157293319702148,
    -1.617327332496643,
    -1.6198962926864624,
    -1.6226885318756104,
    -1.6259323358535767,
    -1.629328727722168,
    -1.6326769590377808,
    -1.6352933645248413,
    -1.6381996870040894,
    -1.6417646408081055,
    -1.645172119140625,
    -1.6485613584518433,
    -1.651940941810608,
    -1.655189037322998,
    -1.657641053199768,
    -1.6596888303756714,
    -1.6613781452178955,
    -1.6636265516281128,
    -1.667022705078125,
    -1.670279860496521,
    -1.6732665300369263,
    -1.6753747463226318,
    -1.6776913404464722,
    -1.6798371076583862,
    -1.6814501285552979,
    -1.684451699256897,
    -1.6870040893554688,
    -1.6888307332992554,
    -1.6903566122055054,
    -1.6918940544128418,
    -1.6934466361999512,
    -1.6949951648712158,
    -1.6962389945983887,
    -1.6971455812454224,
    -1.69887375831604,
    -1.7008140087127686,
    -1.7027620077133179,
    -1.7045254707336426,
    -1.7061195373535156,
    -1.7076870203018188,
    -1.709977626800537,
    -1.7122677564620972,
    -1.716282844543457,
    -1.7209824323654175,
    -1.7256817817687988,
    -1.7303812503814697,
    -1.7350804805755615,
    -1.7397801876068115,
    -1.7445486783981323
  ]
}