{
  "arm": 60,
  "p": 0.688,
  "q": 0.564,
  "whittle": [
    -1.722893238067627,
    -1.7187652587890625,
    -1.7143155336380005,
    -1.7089449167251587,
    -1.703332781791687,
    -1.697615385055542,
    -1.6915429830551147,
    -1.6863319873809814,
    -1.6831201314926147,
    -1.6800521612167358,
    -1.6769174337387085,
    -1.674159288406372,
    -1.6704541444778442,
    -1.6666111946105957,
    -1.6627908945083618,
    -1.659214973449707,
    -1.6558164358139038,
    -1.6524224281311035,
    -1.6490371227264404,
    -1.645693063735962,
    -1.6415776014328003,
    -1.6362709999084473,
    -1.6306750774383545,
    -1.6262075901031494,
    -1.6223928928375244,
    -1.6193842887878418,
    -1.6187739372253418,
    -1.6208875179290771,
    -1.6222846508026123,
    -1.623214602470398,
    -1.6238908767700195,
    -1.6233198642730713,
    -1.621878743171692,
    -1.621431827545166,
    -1.6208983659744263,
    -1.6204677820205688,
    -1.6195127964019775,
    -1.618198037147522,
    -1.6158149242401123,
    -1.6143602132797241,
    -1.614318609237671,
    -1.61434006690979,
    -1.6148523092269897,
    -1.6142239570617676,
    -1.6129910945892334,
    -1.6126567125320435,
    -1.6123225688934326,
    -1.611032485961914,
    -1.6114306449890137,
    -1.612542986869812,
    -1.6132274866104126,
    -1.6139483451843262,
    -1.6150398254394531,
    -1.6177330017089844,
    -1.620535135269165,
    -1.623736023902893,
    -1.6270183324813843,
    -1.6303913593292236,
    -1.633170485496521,
    -1.635759711265564,
    -1.6380130052566528,
    -1.6406803131103516,
    -1.644056797027588,
    -1.6472746133804321,
    -1.649827003479004,
    -1.652453899383545,
    -1.6544945240020752,
    -1.6559115648269653,
    -1.65740966796875,
    -1.6605483293533325,
    -1.6637721061706543,
    -1.6667832136154175,
    -1.6689103841781616,
    -1.6705929040908813,
    -1.6720963716506958,
    -1.6735974550247192,
    -1.6759816408157349,
    -1.6782941818237305,
    -1.6800264120101929,
    -1.6819411516189575,
    -1.683625340461731,
    -1.6852130889892578,
    -1.6867868900299072,
    -1.687965750694275,
    -1.6889450550079346,
    -1.6907657384872437,
    -1.6926859617233276,
    -1.694606065750122,
    -1.6962815523147583,
    -1.6978273391723633,
    -1.6994150876998901,
    -1.7016600370407104,
    -1.7039047479629517,
    -1.7070600986480713,
    -1.7117081880569458,
    -1.716356635093689,
    -1.721004843711853,
    -1.7256532907485962,
    -1.7303283214569092,
    -1.7351099252700806
  ]
}