{
  "arm": 12,
  "p": 0.65,
  "q": 0.485,
  "whittle": [
    -2.081317186355591,
    -2.0777223110198975,
    -2.073265790939331,
    -2.068990468978882,
    -2.0646111965179443,
    -2.0593740940093994,
    -2.053720474243164,
    -2.0493412017822266,
    -2.046407461166382,
    -2.043869972229004,
    -2.0417063236236572,
    -2.039584159851074,
    -2.0375630855560303,
    -2.034688711166382,
    -2.0312328338623047,
    -2.027733087539673,
    -2.0242743492126465,
    -2.020815372467041,
    -2.0173568725585938,
    -2.0138723850250244,
    -2.0095748901367188,
    -2.003525495529175,
    -1.9971333742141724,
    -1.991176962852478,
    -1.9868539571762085,
    -1.9827171564102173,
    -1.981573462486267,
    -1.9805457592010498,
    -1.9801959991455078,
    -1.9810830354690552,
    -1.9814350605010986,
    -1.9791088104248047,
    -1.9774785041809082,
    -1.9764314889907837,
    -1.9750423431396484,
    -1.9740679264068604,
    -1.972514271736145,
    -1.9705884456634521,
    -1.9680860042572021,
    -1.965773344039917,
    -1.963532567024231,
    -1.961753487586975,
    -1.960788607597351,
    -1.9596502780914307,
    -1.9578317403793335,
    -1.9571233987808228,
    -1.957892656326294,
    -1.9592252969741821,
    -1.9601147174835205,
    -1.959962010383606,
    -1.9603757858276367,
    -1.961298942565918,
    -1.9626662731170654,
    -1.96467924118042,
    -1.9668363332748413,
    -1.968940019607544,
    -1.9713784456253052,
    -1.9747778177261353,
    -1.977449655532837,
    -1.979984164237976,
    -1.982938289642334,
    -1.9859580993652344,
    -1.9880841970443726,
    -1.9902204275131226,
    -1.9931257963180542,
    -1.9961791038513184,
    -1.998674750328064,
    -2.000696897506714,
    -2.0022966861724854,
    -2.00402569770813,
    -2.0071568489074707,
    -2.0103118419647217,
    -2.012690305709839,
    -2.015077590942383,
    -2.0174601078033447,
    -2.0176172256469727,
    -2.0180444717407227,
    -2.0181643962860107,
    -2.0183162689208984,
    -2.0183935165405273,
    -2.018202066421509,
    -2.01928448677063,
    -2.0204145908355713,
    -2.0213334560394287,
    -2.022010087966919,
    -2.0238664150238037,
    -2.0258474349975586,
    -2.0278289318084717,
    -2.0298097133636475,
    -2.0315544605255127,
    -2.033170223236084,
    -2.0348641872406006,
    -2.0366153717041016,
    -2.038846969604492,
    -2.0426480770111084,
    -2.0465610027313232,
    -2.0504913330078125,
    -2.0551421642303467,
    -2.0602049827575684,
    -2.06546688079834
  ]
}