{
  "arm": 49,
  "p": 0.338,
  "q": 0.791,
  "whittle": [
    -1.8124505281448364,
    -1.8083492517471313,
    -1.8039473295211792,
    -1.7989927530288696,
    -1.79373300075531,
    -1.7877379655838013,
    -1.7818204164505005,
    -1.7758574485778809,
    -1.7727293968200684,
    -1.7696714401245117,
    -1.7665830850601196,
    -1.7638846635818481,
    -1.7603530883789062,
    -1.7565879821777344,
    -1.7528361082077026,
    -1.7491562366485596,
    -1.7454009056091309,
    -1.741987705230713,
    -1.7386550903320312,
    -1.73538339138031,
    -1.7313441038131714,
    -1.7264633178710938,
    -1.72078537940979,
    -1.7161635160446167,
    -1.7121797800064087,
    -1.7085611820220947,
    -1.7083369493484497,
    -1.7104421854019165,
    -1.7116912603378296,
    -1.7125884294509888,
    -1.7129709720611572,
    -1.7129063606262207,
    -1.7120361328125,
    -1.7115119695663452,
    -1.7109441757202148,
    -1.7105238437652588,
    -1.7091121673583984,
    -1.7072025537490845,
    -1.7045997381210327,
    -1.7025166749954224,
    -1.7016128301620483,
    -1.7014645338058472,
    -1.7017813920974731,
    -1.7006618976593018,
    -1.6987636089324951,
    -1.6979573965072632,
    -1.6975430250167847,
    -1.6957964897155762,
    -1.695410132408142,
    -1.696350336074829,
    -1.6968648433685303,
    -1.697426438331604,
    -1.698280930519104,
    -1.6996264457702637,
    -1.701690673828125,
    -1.7047137022018433,
    -1.7078464031219482,
    -1.7110763788223267,
    -1.7137844562530518,
    -1.7162116765975952,
    -1.7186453342437744,
    -1.720862865447998,
    -1.7230801582336426,
    -1.7261556386947632,
    -1.7291815280914307,
    -1.7313847541809082,
    -1.73328697681427,
    -1.7346551418304443,
    -1.7359414100646973,
    -1.7382121086120605,
    -1.7412885427474976,
    -1.7439552545547485,
    -1.7453116178512573,
    -1.7466440200805664,
    -1.7479687929153442,
    -1.748634696006775,
    -1.748698353767395,
    -1.749149203300476,
    -1.7506463527679443,
    -1.7523137331008911,
    -1.753657341003418,
    -1.7549620866775513,
    -1.75631844997406,
    -1.7574533224105835,
    -1.7584550380706787,
    -1.7600926160812378,
    -1.7618769407272339,
    -1.7636613845825195,
    -1.7652941942214966,
    -1.7667748928070068,
    -1.7681394815444946,
    -1.769374966621399,
    -1.7709956169128418,
    -1.7738841772079468,
    -1.7784326076507568,
    -1.7830359935760498,
    -1.7876397371292114,
    -1.7922431230545044,
    -1.7968463897705078,
    -1.8015600442886353
  ]
}