{
  "arm": 16,
  "p": 0.525,
  "q": 0.841,
  "whittle": [
    -1.9212983846664429,
    -1.9173117876052856,
    -1.912900447845459,
    -1.90852689743042,
    -1.9039243459701538,
    -1.8985430002212524,
    -1.89267098903656,
    -1.8876723051071167,
    -1.8845125436782837,
    -1.8814165592193604,
    -1.8783475160598755,
    -1.875526785850525,
    -1.8729515075683594,
    -1.8691695928573608,
    -1.865346074104309,
    -1.8616503477096558,
    -1.8578507900238037,
    -1.8540118932724,
    -1.850205659866333,
    -1.8467682600021362,
    -1.8425604104995728,
    -1.8381307125091553,
    -1.8315150737762451,
    -1.8263208866119385,
    -1.822064757347107,
    -1.8177613019943237,
    -1.8141005039215088,
    -1.8139116764068604,
    -1.8147214651107788,
    -1.8153290748596191,
    -1.8152881860733032,
    -1.8143216371536255,
    -1.8142726421356201,
    -1.8134163618087769,
    -1.8124504089355469,
    -1.8114546537399292,
    -1.8092576265335083,
    -1.806958556175232,
    -1.8039802312850952,
    -1.801323413848877,
    -1.798841118812561,
    -1.7966248989105225,
    -1.7954387664794922,
    -1.7943792343139648,
    -1.7932336330413818,
    -1.7919669151306152,
    -1.7907896041870117,
    -1.7888978719711304,
    -1.7861002683639526,
    -1.7849937677383423,
    -1.7835736274719238,
    -1.7835032939910889,
    -1.7839782238006592,
    -1.7851099967956543,
    -1.7863260507583618,
    -1.7878732681274414,
    -1.7893404960632324,
    -1.7908564805984497,
    -1.791882872581482,
    -1.793738842010498,
    -1.7959802150726318,
    -1.7981294393539429,
    -1.7998275756835938,
    -1.8012226819992065,
    -1.8025420904159546,
    -1.8039095401763916,
    -1.8045488595962524,
    -1.8050142526626587,
    -1.8056178092956543,
    -1.8060771226882935,
    -1.8064945936203003,
    -1.8070749044418335,
    -1.807875633239746,
    -1.8082573413848877,
    -1.8075661659240723,
    -1.8068962097167969,
    -1.8062500953674316,
    -1.8057693243026733,
    -1.8053734302520752,
    -1.804836392402649,
    -1.8038218021392822,
    -1.8043544292449951,
    -1.8050957918167114,
    -1.805745244026184,
    -1.8062405586242676,
    -1.8074593544006348,
    -1.8087960481643677,
    -1.8101335763931274,
    -1.811470866203308,
    -1.8126602172851562,
    -1.8137907981872559,
    -1.8146171569824219,
    -1.8156938552856445,
    -1.8171179294586182,
    -1.8200410604476929,
    -1.8237565755844116,
    -1.8278957605361938,
    -1.832165241241455,
    -1.8364341259002686,
    -1.8408055305480957
  ]
}