{
  "arm": 9,
  "p": 0.35,
  "q": 0.396,
  "whittle": [
    -1.893094539642334,
    -1.8890644311904907,
    -1.8844941854476929,
    -1.8796590566635132,
    -1.8744372129440308,
    -1.8687875270843506,
    -1.8629915714263916,
    -1.8581146001815796,
    -1.855009913444519,
    -1.852193832397461,
    -1.8494762182235718,
    -1.8468776941299438,
    -1.843704104423523,
    -1.8400070667266846,
    -1.8363310098648071,
    -1.8326846361160278,
    -1.8289940357208252,
    -1.8253196477890015,
    -1.8216503858566284,
    -1.817986249923706,
    -1.8138041496276855,
    -1.8083910942077637,
    -1.8019328117370605,
    -1.797105073928833,
    -1.7927979230880737,
    -1.7888834476470947,
    -1.7869971990585327,
    -1.787864327430725,
    -1.7896738052368164,
    -1.790785551071167,
    -1.7912423610687256,
    -1.790729284286499,
    -1.7899699211120605,
    -1.7895691394805908,
    -1.7892117500305176,
    -1.788737177848816,
    -1.7875674962997437,
    -1.7853648662567139,
    -1.7830253839492798,
    -1.781060814857483,
    -1.780806541442871,
    -1.7810497283935547,
    -1.7811875343322754,
    -1.7810723781585693,
    -1.7796553373336792,
    -1.7789664268493652,
    -1.7782049179077148,
    -1.7789713144302368,
    -1.7796496152877808,
    -1.780656099319458,
    -1.7813034057617188,
    -1.7819772958755493,
    -1.7829170227050781,
    -1.784773588180542,
    -1.7874470949172974,
    -1.7906944751739502,
    -1.794042944908142,
    -1.7974320650100708,
    -1.800005555152893,
    -1.802711009979248,
    -1.8053386211395264,
    -1.8077456951141357,
    -1.8104896545410156,
    -1.8133083581924438,
    -1.8160972595214844,
    -1.8187371492385864,
    -1.8208231925964355,
    -1.8225767612457275,
    -1.8250244855880737,
    -1.8284600973129272,
    -1.8317286968231201,
    -1.8346890211105347,
    -1.8363358974456787,
    -1.8379406929016113,
    -1.8390814065933228,
    -1.8391742706298828,
    -1.8392776250839233,
    -1.839193344116211,
    -1.8399102687835693,
    -1.8414570093154907,
    -1.84286630153656,
    -1.8442268371582031,
    -1.8454880714416504,
    -1.846395492553711,
    -1.8471375703811646,
    -1.8489118814468384,
    -1.8508793115615845,
    -1.852846622467041,
    -1.854766845703125,
    -1.8565188646316528,
    -1.8581643104553223,
    -1.8598055839538574,
    -1.8612499237060547,
    -1.8637564182281494,
    -1.868159532546997,
    -1.8730257749557495,
    -1.8778917789459229,
    -1.8827650547027588,
    -1.8876652717590332,
    -1.8926513195037842
  ]
}