{
  "arm": 81,
  "p": 0.331,
  "q": 0.37,
  "whittle": [
    -2.0779056549072266,
    -2.0736613273620605,
    -2.069880247116089,
    -2.065889835357666,
    -2.0616114139556885,
    -2.0568861961364746,
    -2.0530097484588623,
    -2.0497288703918457,
    -2.0481133460998535,
    -2.046621799468994,
    -2.0451056957244873,
    -2.0434765815734863,
    -2.0410845279693604,
    -2.038516044616699,
    -2.0357344150543213,
    -2.032905101776123,
    -2.0301923751831055,
    -2.0274884700775146,
    -2.0248706340789795,
    -2.0219149589538574,
    -2.018263339996338,
    -2.0145456790924072,
    -2.0126097202301025,
    -2.0125174522399902,
    -2.0128512382507324,
    -2.0137009620666504,
    -2.0155014991760254,
    -2.0193397998809814,
    -2.022684097290039,
    -2.02547287940979,
    -2.028033971786499,
    -2.029949903488159,
    -2.0320780277252197,
    -2.0330851078033447,
    -2.034083843231201,
    -2.0351388454437256,
    -2.034844160079956,
    -2.033407688140869,
    -2.032094717025757,
    -2.032697916030884,
    -2.033771514892578,
    -2.0343356132507324,
    -2.0347893238067627,
    -2.0340607166290283,
    -2.0353286266326904,
    -2.037911891937256,
    -2.0404956340789795,
    -2.042236089706421,
    -2.0440561771392822,
    -2.046069383621216,
    -2.0477306842803955,
    -2.049405813217163,
    -2.051490545272827,
    -2.0542845726013184,
    -2.0572524070739746,
    -2.0604000091552734,
    -2.064622163772583,
    -2.0689260959625244,
    -2.0722718238830566,
    -2.0753986835479736,
    -2.0786235332489014,
    -2.081848621368408,
    -2.0846168994903564,
    -2.087869882583618,
    -2.091386318206787,
    -2.0948715209960938,
    -2.0990636348724365,
    -2.1032052040100098,
    -2.1073782444000244,
    -2.111882209777832,
    -2.1162161827087402,
    -2.120131015777588,
    -2.122868061065674,
    -2.1252121925354004,
    -2.127429246902466,
    -2.1283178329467773,
    -2.1292550563812256,
    -2.130366563796997,
    -2.131075382232666,
    -2.1315672397613525,
    -2.1334455013275146,
    -2.1352577209472656,
    -2.1371054649353027,
    -2.1386828422546387,
    -2.1399738788604736,
    -2.1424484252929688,
    -2.1451430320739746,
    -2.1478404998779297,
    -2.1502926349639893,
    -2.152714729309082,
    -2.1549789905548096,
    -2.157090663909912,
    -2.1592724323272705,
    -2.1624960899353027,
    -2.166933298110962,
    -2.1714439392089844,
    -2.1761536598205566,
    -2.181428909301758,
    -2.1873443126678467,
    -2.193284511566162
  ]
}