{
  "arm": 31,
  "p": 0.113,
  "q": 0.732,
  "whittle": [
    -1.8728444576263428,
    -1.8686085939407349,
    -1.863853931427002,
    -1.8588943481445312,
    -1.8538730144500732,
    -1.848184585571289,
    -1.8427928686141968,
    -1.838875651359558,
    -1.8363703489303589,
    -1.8339159488677979,
    -1.8317809104919434,
    -1.829541802406311,
    -1.82612144947052,
    -1.8227914571762085,
    -1.81943678855896,
    -1.815940260887146,
    -1.8125762939453125,
    -1.8092223405838013,
    -1.8059297800064087,
    -1.8029367923736572,
    -1.7993121147155762,
    -1.794529914855957,
    -1.7896519899368286,
    -1.7855567932128906,
    -1.7826147079467773,
    -1.7827110290527344,
    -1.78364896774292,
    -1.7860640287399292,
    -1.7878706455230713,
    -1.7896404266357422,
    -1.79017972946167,
    -1.7905181646347046,
    -1.7903999090194702,
    -1.7903103828430176,
    -1.7903029918670654,
    -1.7910947799682617,
    -1.790007472038269,
    -1.7880668640136719,
    -1.785996913909912,
    -1.785683512687683,
    -1.7863974571228027,
    -1.786501169204712,
    -1.787156343460083,
    -1.7865099906921387,
    -1.7850652933120728,
    -1.7848775386810303,
    -1.7871394157409668,
    -1.788417935371399,
    -1.7903728485107422,
    -1.7917520999908447,
    -1.7927477359771729,
    -1.793789029121399,
    -1.795454978942871,
    -1.7984881401062012,
    -1.8020234107971191,
    -1.8056024312973022,
    -1.8093457221984863,
    -1.8131648302078247,
    -1.816304087638855,
    -1.8191241025924683,
    -1.8218719959259033,
    -1.8252938985824585,
    -1.8283699750900269,
    -1.8311893939971924,
    -1.8341801166534424,
    -1.8367949724197388,
    -1.839088797569275,
    -1.842053771018982,
    -1.8455826044082642,
    -1.8492405414581299,
    -1.85283625125885,
    -1.856555461883545,
    -1.859411597251892,
    -1.861555814743042,
    -1.8634408712387085,
    -1.8653264045715332,
    -1.866697072982788,
    -1.8683909177780151,
    -1.870570182800293,
    -1.8727049827575684,
    -1.874330997467041,
    -1.875773549079895,
    -1.8772104978561401,
    -1.8786550760269165,
    -1.8800946474075317,
    -1.882119059562683,
    -1.8843281269073486,
    -1.8865370750427246,
    -1.8885339498519897,
    -1.890586018562317,
    -1.8925204277038574,
    -1.8944506645202637,
    -1.8963518142700195,
    -1.8995447158813477,
    -1.9044928550720215,
    -1.9096531867980957,
    -1.9148439168930054,
    -1.9200345277786255,
    -1.9252251386642456,
    -1.9305014610290527
  ]
}