{
  "arm": 91,
  "p": 0.281,
  "q": 0.666,
  "whittle": [
    -1.6134274005889893,
    -1.6087028980255127,
    -1.604125738143921,
    -1.5993167161941528,
    -1.5936552286148071,
    -1.5876890420913696,
    -1.5812809467315674,
    -1.574526071548462,
    -1.5700403451919556,
    -1.5659513473510742,
    -1.5618622303009033,
    -1.5582427978515625,
    -1.5545518398284912,
    -1.5502132177352905,
    -1.5459071397781372,
    -1.541805624961853,
    -1.5383468866348267,
    -1.5344947576522827,
    -1.5305655002593994,
    -1.5260992050170898,
    -1.5206093788146973,
    -1.514848232269287,
    -1.5077911615371704,
    -1.5022000074386597,
    -1.4975758790969849,
    -1.493338704109192,
    -1.489310383796692,
    -1.4869951009750366,
    -1.4855880737304688,
    -1.4842722415924072,
    -1.4828863143920898,
    -1.4795843362808228,
    -1.4770821332931519,
    -1.4750386476516724,
    -1.4736624956130981,
    -1.472941279411316,
    -1.4711335897445679,
    -1.4686393737792969,
    -1.465962290763855,
    -1.4637880325317383,
    -1.4626226425170898,
    -1.4626015424728394,
    -1.4626868963241577,
    -1.461714506149292,
    -1.4601311683654785,
    -1.45941960811615,
    -1.4585185050964355,
    -1.4567914009094238,
    -1.4552289247512817,
    -1.4538750648498535,
    -1.4542464017868042,
    -1.4546422958374023,
    -1.4563815593719482,
    -1.4588629007339478,
    -1.4611979722976685,
    -1.4636223316192627,
    -1.4665963649749756,
    -1.469645619392395,
    -1.4720948934555054,
    -1.474845051765442,
    -1.4784022569656372,
    -1.4814794063568115,
    -1.4845540523529053,
    -1.4875457286834717,
    -1.4905962944030762,
    -1.4934484958648682,
    -1.4960041046142578,
    -1.4979510307312012,
    -1.4991121292114258,
    -1.5007718801498413,
    -1.5036025047302246,
    -1.5064334869384766,
    -1.5084062814712524,
    -1.5103410482406616,
    -1.511988878250122,
    -1.5146005153656006,
    -1.5179569721221924,
    -1.521183967590332,
    -1.5235639810562134,
    -1.5248740911483765,
    -1.5258578062057495,
    -1.5271258354187012,
    -1.5283950567245483,
    -1.5296351909637451,
    -1.530730962753296,
    -1.5322303771972656,
    -1.533490538597107,
    -1.5347017049789429,
    -1.5358943939208984,
    -1.5380305051803589,
    -1.5400675535202026,
    -1.5419689416885376,
    -1.5440988540649414,
    -1.5471794605255127,
    -1.5511088371276855,
    -1.5550976991653442,
    -1.559321641921997,
    -1.5635453462600708,
    -1.5677692890167236,
    -1.5720685720443726
  ]
}