{
  "arm": 38,
  "p": 0.812,
  "q": 0.228,
  "whittle": [
    -1.8488298654556274,
    -1.844620943069458,
    -1.8396927118301392,
    -1.834962010383606,
    -1.8299254179000854,
    -1.8247454166412354,
    -1.8202277421951294,
    -1.8157727718353271,
    -1.8131533861160278,
    -1.8104654550552368,
    -1.8081731796264648,
    -1.8058282136917114,
    -1.8023459911346436,
    -1.798804521560669,
    -1.7953517436981201,
    -1.7918906211853027,
    -1.7883721590042114,
    -1.784853219985962,
    -1.7815468311309814,
    -1.7784794569015503,
    -1.775017499923706,
    -1.769968867301941,
    -1.7645527124404907,
    -1.7601187229156494,
    -1.7567089796066284,
    -1.7555243968963623,
    -1.7569891214370728,
    -1.759376049041748,
    -1.7612688541412354,
    -1.7629209756851196,
    -1.7636927366256714,
    -1.7640492916107178,
    -1.7636488676071167,
    -1.7633748054504395,
    -1.763144612312317,
    -1.7637416124343872,
    -1.7634940147399902,
    -1.7617589235305786,
    -1.7596228122711182,
    -1.7581549882888794,
    -1.7587056159973145,
    -1.7589035034179688,
    -1.759062647819519,
    -1.7588003873825073,
    -1.757864236831665,
    -1.7573059797286987,
    -1.7571678161621094,
    -1.7589298486709595,
    -1.759589433670044,
    -1.760809063911438,
    -1.761618971824646,
    -1.7626408338546753,
    -1.7639962434768677,
    -1.765907883644104,
    -1.7684072256088257,
    -1.7717713117599487,
    -1.7751916646957397,
    -1.7786957025527954,
    -1.781398057937622,
    -1.784098505973816,
    -1.786474585533142,
    -1.7890233993530273,
    -1.7916393280029297,
    -1.7942696809768677,
    -1.7969945669174194,
    -1.7998064756393433,
    -1.8022832870483398,
    -1.8041325807571411,
    -1.8075330257415771,
    -1.8111368417739868,
    -1.8145755529403687,
    -1.8173044919967651,
    -1.8192311525344849,
    -1.8209807872772217,
    -1.8227190971374512,
    -1.8243858814239502,
    -1.8254557847976685,
    -1.825880765914917,
    -1.8276430368423462,
    -1.8295141458511353,
    -1.8311978578567505,
    -1.8325697183609009,
    -1.8339189291000366,
    -1.8347779512405396,
    -1.8354969024658203,
    -1.8374080657958984,
    -1.8394283056259155,
    -1.8414483070373535,
    -1.8432493209838867,
    -1.8451112508773804,
    -1.8468843698501587,
    -1.8484376668930054,
    -1.8499914407730103,
    -1.8528600931167603,
    -1.8575243949890137,
    -1.8624732494354248,
    -1.8674423694610596,
    -1.8724254369735718,
    -1.877408742904663,
    -1.8825069665908813
  ]
}