{
  "arm": 68,
  "p": 0.606,
  "q": 0.327,
  "whittle": [
    -1.7999123334884644,
    -1.7959365844726562,
    -1.791398048400879,
    -1.7865569591522217,
    -1.7813918590545654,
    -1.775983214378357,
    -1.770283818244934,
    -1.7660346031188965,
    -1.7635254859924316,
    -1.7607158422470093,
    -1.7578572034835815,
    -1.7553404569625854,
    -1.7520743608474731,
    -1.7484015226364136,
    -1.7447853088378906,
    -1.7412523031234741,
    -1.738015055656433,
    -1.7347781658172607,
    -1.7315505743026733,
    -1.7282829284667969,
    -1.7246012687683105,
    -1.719862699508667,
    -1.7147319316864014,
    -1.710499882698059,
    -1.7065931558609009,
    -1.702907919883728,
    -1.7020902633666992,
    -1.7041263580322266,
    -1.7057533264160156,
    -1.7066535949707031,
    -1.7071659564971924,
    -1.7060991525650024,
    -1.70456862449646,
    -1.7041375637054443,
    -1.7037653923034668,
    -1.7034733295440674,
    -1.703078269958496,
    -1.7011091709136963,
    -1.698752760887146,
    -1.6965217590332031,
    -1.6960653066635132,
    -1.6960242986679077,
    -1.6963263750076294,
    -1.696452260017395,
    -1.6952890157699585,
    -1.6947476863861084,
    -1.6944206953048706,
    -1.6933993101119995,
    -1.6939024925231934,
    -1.69447922706604,
    -1.6950992345809937,
    -1.6957448720932007,
    -1.696946144104004,
    -1.6990962028503418,
    -1.7017526626586914,
    -1.704884648323059,
    -1.7081011533737183,
    -1.71138334274292,
    -1.7138845920562744,
    -1.7163853645324707,
    -1.7189946174621582,
    -1.7213099002838135,
    -1.7237484455108643,
    -1.7264552116394043,
    -1.7290229797363281,
    -1.7315969467163086,
    -1.7337157726287842,
    -1.73533296585083,
    -1.736772060394287,
    -1.7397193908691406,
    -1.7427728176116943,
    -1.7447916269302368,
    -1.7461235523223877,
    -1.7476394176483154,
    -1.7490873336791992,
    -1.750500202178955,
    -1.7512891292572021,
    -1.7514046430587769,
    -1.752852439880371,
    -1.7544358968734741,
    -1.755872130393982,
    -1.7571525573730469,
    -1.7582718133926392,
    -1.759020209312439,
    -1.7596274614334106,
    -1.761330008506775,
    -1.7631723880767822,
    -1.7649810314178467,
    -1.7665976285934448,
    -1.7681617736816406,
    -1.7695802450180054,
    -1.7708815336227417,
    -1.7725269794464111,
    -1.7757847309112549,
    -1.7801369428634644,
    -1.7847996950149536,
    -1.7894625663757324,
    -1.7941253185272217,
    -1.7988184690475464,
    -1.8036105632781982
  ]
}