{
  "arm": 11,
  "p": 0.25,
  "q": 0.219,
  "whittle": [
    -1.8312588930130005,
    -1.827219009399414,
    -1.822409987449646,
    -1.8175386190414429,
    -1.8127189874649048,
    -1.8068045377731323,
    -1.80082106590271,
    -1.7961863279342651,
    -1.7930500507354736,
    -1.7897875308990479,
    -1.7864741086959839,
    -1.7834771871566772,
    -1.7798256874084473,
    -1.775816798210144,
    -1.77182936668396,
    -1.767921805381775,
    -1.7638659477233887,
    -1.759844183921814,
    -1.755821704864502,
    -1.7521175146102905,
    -1.7479745149612427,
    -1.7420098781585693,
    -1.7352005243301392,
    -1.7297334671020508,
    -1.7251687049865723,
    -1.7208648920059204,
    -1.7167631387710571,
    -1.7151691913604736,
    -1.7159252166748047,
    -1.7162669897079468,
    -1.715847134590149,
    -1.7139586210250854,
    -1.711379051208496,
    -1.710709571838379,
    -1.70998215675354,
    -1.7092821598052979,
    -1.7077909708023071,
    -1.704409122467041,
    -1.70172917842865,
    -1.6990232467651367,
    -1.6968492269515991,
    -1.6950033903121948,
    -1.6942893266677856,
    -1.6930855512619019,
    -1.6913650035858154,
    -1.6902645826339722,
    -1.6894254684448242,
    -1.6874512434005737,
    -1.6846367120742798,
    -1.6845451593399048,
    -1.6847788095474243,
    -1.6850321292877197,
    -1.6854554414749146,
    -1.686297059059143,
    -1.6878361701965332,
    -1.6906603574752808,
    -1.6936357021331787,
    -1.6963984966278076,
    -1.6985836029052734,
    -1.7010202407836914,
    -1.7037041187286377,
    -1.705807089805603,
    -1.7083518505096436,
    -1.7113678455352783,
    -1.7142881155014038,
    -1.7167764902114868,
    -1.7184845209121704,
    -1.7201966047286987,
    -1.7215666770935059,
    -1.722923994064331,
    -1.7250272035598755,
    -1.7274341583251953,
    -1.729203462600708,
    -1.7302607297897339,
    -1.7314345836639404,
    -1.7325963973999023,
    -1.7328349351882935,
    -1.7329715490341187,
    -1.734336495399475,
    -1.7358273267745972,
    -1.7369554042816162,
    -1.738106608390808,
    -1.73920738697052,
    -1.7399475574493408,
    -1.740273118019104,
    -1.7416692972183228,
    -1.7432963848114014,
    -1.7449232339859009,
    -1.7464195489883423,
    -1.7475873231887817,
    -1.748642921447754,
    -1.7496929168701172,
    -1.750918984413147,
    -1.754460096359253,
    -1.7587523460388184,
    -1.7632317543029785,
    -1.76771080493927,
    -1.7721900939941406,
    -1.7766692638397217,
    -1.7812191247940063
  ]
}