{
  "arm": 80,
  "p": 0.531,
  "q": 0.103,
  "whittle": [
    -2.071291446685791,
    -2.0671401023864746,
    -2.0631346702575684,
    -2.05898118019104,
    -2.0545763969421387,
    -2.0502843856811523,
    -2.0460329055786133,
    -2.0418217182159424,
    -2.039562463760376,
    -2.0371310710906982,
    -2.0350778102874756,
    -2.0330698490142822,
    -2.030402660369873,
    -2.0270440578460693,
    -2.0237326622009277,
    -2.020240306854248,
    -2.0168814659118652,
    -2.0135228633880615,
    -2.010164260864258,
    -2.006845474243164,
    -2.0028371810913086,
    -1.9975016117095947,
    -1.992040991783142,
    -1.987186312675476,
    -1.9836326837539673,
    -1.9824655055999756,
    -1.9815146923065186,
    -1.9817653894424438,
    -1.9837015867233276,
    -1.9848324060440063,
    -1.9856314659118652,
    -1.9858850240707397,
    -1.98615300655365,
    -1.9855549335479736,
    -1.9848721027374268,
    -1.9850412607192993,
    -1.9840258359909058,
    -1.981798529624939,
    -1.979451060295105,
    -1.9771336317062378,
    -1.9749878644943237,
    -1.973992943763733,
    -1.9731273651123047,
    -1.9719913005828857,
    -1.9711781740188599,
    -1.9702568054199219,
    -1.9695521593093872,
    -1.9704301357269287,
    -1.9703080654144287,
    -1.9695483446121216,
    -1.9684844017028809,
    -1.9686644077301025,
    -1.9693753719329834,
    -1.970986008644104,
    -1.9730983972549438,
    -1.9751299619674683,
    -1.977278470993042,
    -1.9792195558547974,
    -1.9807173013687134,
    -1.983211636543274,
    -1.9861785173416138,
    -1.9886469841003418,
    -1.9905641078948975,
    -1.9925421476364136,
    -1.9946283102035522,
    -1.9965534210205078,
    -1.998301386833191,
    -2.0003316402435303,
    -2.001940965652466,
    -2.0037460327148438,
    -2.0070149898529053,
    -2.009244918823242,
    -2.0107476711273193,
    -2.0122501850128174,
    -2.0122339725494385,
    -2.0124871730804443,
    -2.012842893600464,
    -2.0130772590637207,
    -2.0131518840789795,
    -2.0130157470703125,
    -2.0124943256378174,
    -2.012385845184326,
    -2.0134353637695312,
    -2.013923406600952,
    -2.0143320560455322,
    -2.015873908996582,
    -2.0177736282348633,
    -2.0196728706359863,
    -2.0215723514556885,
    -2.023329496383667,
    -2.024817705154419,
    -2.02618408203125,
    -2.028085231781006,
    -2.031165361404419,
    -2.0350100994110107,
    -2.0386838912963867,
    -2.042357921600342,
    -2.0467517375946045,
    -2.0517826080322266,
    -2.0569138526916504
  ]
}