{
  "arm": 85,
  "p": 0.431,
  "q": 0.726,
  "whittle": [
    -2.3187320232391357,
    -2.3160951137542725,
    -2.3127622604370117,
    -2.3093199729919434,
    -2.30517840385437,
    -2.3003907203674316,
    -2.2954797744750977,
    -2.2913107872009277,
    -2.289077043533325,
    -2.287694215774536,
    -2.2863595485687256,
    -2.28507399559021,
    -2.2827308177948,
    -2.2803432941436768,
    -2.2775607109069824,
    -2.274839401245117,
    -2.272298574447632,
    -2.2697010040283203,
    -2.267181634902954,
    -2.2645411491394043,
    -2.2607011795043945,
    -2.2565062046051025,
    -2.2530410289764404,
    -2.2520010471343994,
    -2.2512388229370117,
    -2.25126314163208,
    -2.252061367034912,
    -2.2538821697235107,
    -2.256573438644409,
    -2.259589433670044,
    -2.2622628211975098,
    -2.2639267444610596,
    -2.2647905349731445,
    -2.2652337551116943,
    -2.265735149383545,
    -2.266415596008301,
    -2.265200138092041,
    -2.263936758041382,
    -2.2621028423309326,
    -2.2605507373809814,
    -2.259925127029419,
    -2.2603800296783447,
    -2.2599496841430664,
    -2.26130747795105,
    -2.262864351272583,
    -2.2649810314178467,
    -2.2674851417541504,
    -2.2696073055267334,
    -2.2714569568634033,
    -2.272456407546997,
    -2.2737960815429688,
    -2.2752630710601807,
    -2.277311325073242,
    -2.2801671028137207,
    -2.2831051349639893,
    -2.285979986190796,
    -2.2889699935913086,
    -2.292043924331665,
    -2.2952771186828613,
    -2.2985198497772217,
    -2.3019721508026123,
    -2.304655075073242,
    -2.3072099685668945,
    -2.3099849224090576,
    -2.312786102294922,
    -2.315371513366699,
    -2.3180172443389893,
    -2.320467233657837,
    -2.324094533920288,
    -2.328502655029297,
    -2.3328332901000977,
    -2.3371152877807617,
    -2.340240478515625,
    -2.3433892726898193,
    -2.3452248573303223,
    -2.3464035987854004,
    -2.3475818634033203,
    -2.348315477371216,
    -2.3487703800201416,
    -2.34891414642334,
    -2.3488569259643555,
    -2.34893798828125,
    -2.349388599395752,
    -2.350611686706543,
    -2.3521621227264404,
    -2.354825973510742,
    -2.357611894607544,
    -2.360358953475952,
    -2.3630948066711426,
    -2.365605115890503,
    -2.367993116378784,
    -2.370205879211426,
    -2.3724186420440674,
    -2.3751413822174072,
    -2.37962007522583,
    -2.3843345642089844,
    -2.3890492916107178,
    -2.3937642574310303,
    -2.398479461669922,
    -2.4033210277557373
  ]
}