{
  "arm": 14,
  "p": 0.85,
  "q": 0.307,
  "whittle": [
    -1.7160803079605103,
    -1.7119725942611694,
    -1.7075656652450562,
    -1.7025178670883179,
    -1.6978366374969482,
    -1.6921513080596924,
    -1.686942458152771,
    -1.6820333003997803,
    -1.6788841485977173,
    -1.6755564212799072,
    -1.6722062826156616,
    -1.6691995859146118,
    -1.6660051345825195,
    -1.6619442701339722,
    -1.6579418182373047,
    -1.6541184186935425,
    -1.6504777669906616,
    -1.6468114852905273,
    -1.6431453227996826,
    -1.6393604278564453,
    -1.6353261470794678,
    -1.628957986831665,
    -1.6225593090057373,
    -1.6168004274368286,
    -1.6123162508010864,
    -1.6081570386886597,
    -1.6045759916305542,
    -1.6022517681121826,
    -1.6021960973739624,
    -1.602852463722229,
    -1.6026474237442017,
    -1.5990322828292847,
    -1.5961860418319702,
    -1.5944817066192627,
    -1.5935975313186646,
    -1.592793345451355,
    -1.5915323495864868,
    -1.5891211032867432,
    -1.5864325761795044,
    -1.5838489532470703,
    -1.5820659399032593,
    -1.5811811685562134,
    -1.5810128450393677,
    -1.5802648067474365,
    -1.5787256956100464,
    -1.578004002571106,
    -1.5773108005523682,
    -1.5760966539382935,
    -1.5748984813690186,
    -1.5751389265060425,
    -1.575439214706421,
    -1.575767159461975,
    -1.5764142274856567,
    -1.5787602663040161,
    -1.5816333293914795,
    -1.584459900856018,
    -1.5873363018035889,
    -1.590294361114502,
    -1.592517614364624,
    -1.5947215557098389,
    -1.5971673727035522,
    -1.5996562242507935,
    -1.6020468473434448,
    -1.6044343709945679,
    -1.606887936592102,
    -1.6091855764389038,
    -1.611137866973877,
    -1.6125407218933105,
    -1.61366868019104,
    -1.6149897575378418,
    -1.61696457862854,
    -1.6192322969436646,
    -1.620947241783142,
    -1.6226619482040405,
    -1.6238943338394165,
    -1.6250553131103516,
    -1.6263830661773682,
    -1.6286652088165283,
    -1.6296586990356445,
    -1.631163239479065,
    -1.6324728727340698,
    -1.6337392330169678,
    -1.6349308490753174,
    -1.635659098625183,
    -1.6360619068145752,
    -1.6375149488449097,
    -1.6390657424926758,
    -1.6404825448989868,
    -1.6416113376617432,
    -1.6427838802337646,
    -1.6439076662063599,
    -1.6456074714660645,
    -1.6475509405136108,
    -1.6502621173858643,
    -1.6543442010879517,
    -1.6586369276046753,
    -1.6629300117492676,
    -1.6672227382659912,
    -1.6715154647827148,
    -1.6759322881698608
  ]
}