{
  "arm": 23,
  "p": 0.175,
  "q": 0.337,
  "whittle": [
    -2.09900164604187,
    -2.094902992248535,
    -2.0907931327819824,
    -2.0868117809295654,
    -2.0822436809539795,
    -2.0770318508148193,
    -2.072399377822876,
    -2.0686211585998535,
    -2.066106081008911,
    -2.0639708042144775,
    -2.0620381832122803,
    -2.0600855350494385,
    -2.0571067333221436,
    -2.053915023803711,
    -2.0506629943847656,
    -2.0473060607910156,
    -2.044041872024536,
    -2.0408453941345215,
    -2.037694215774536,
    -2.0343685150146484,
    -2.0301122665405273,
    -2.0254452228546143,
    -2.020009994506836,
    -2.015787124633789,
    -2.014254331588745,
    -2.01320743560791,
    -2.0134425163269043,
    -2.014741897583008,
    -2.017338752746582,
    -2.018972158432007,
    -2.0202534198760986,
    -2.021277666091919,
    -2.022871494293213,
    -2.0225424766540527,
    -2.022857666015625,
    -2.0232903957366943,
    -2.0222315788269043,
    -2.019989490509033,
    -2.017896890640259,
    -2.0157289505004883,
    -2.014129400253296,
    -2.014448881149292,
    -2.0135045051574707,
    -2.012624979019165,
    -2.011367082595825,
    -2.0109169483184814,
    -2.0122499465942383,
    -2.0134029388427734,
    -2.0135498046875,
    -2.0130269527435303,
    -2.0134968757629395,
    -2.0141382217407227,
    -2.015160322189331,
    -2.016927480697632,
    -2.0193004608154297,
    -2.021615743637085,
    -2.0240485668182373,
    -2.0264008045196533,
    -2.029096841812134,
    -2.032095193862915,
    -2.034902572631836,
    -2.037482976913452,
    -2.0396816730499268,
    -2.0419111251831055,
    -2.0441107749938965,
    -2.04659366607666,
    -2.048870086669922,
    -2.0509896278381348,
    -2.053755044937134,
    -2.057419538497925,
    -2.061014175415039,
    -2.0643539428710938,
    -2.066572427749634,
    -2.068181276321411,
    -2.068389892578125,
    -2.068683385848999,
    -2.0691816806793213,
    -2.069788932800293,
    -2.0700807571411133,
    -2.0700674057006836,
    -2.069765329360962,
    -2.070587635040283,
    -2.0718908309936523,
    -2.072899103164673,
    -2.0736138820648193,
    -2.0755090713500977,
    -2.0776660442352295,
    -2.079822540283203,
    -2.0819790363311768,
    -2.0839407444000244,
    -2.085691213607788,
    -2.0872910022735596,
    -2.088890552520752,
    -2.091986894607544,
    -2.096090078353882,
    -2.100226640701294,
    -2.1042542457580566,
    -2.108602285385132,
    -2.113862991333008,
    -2.119281530380249
  ]
}