{
  "arm": 69,
  "p": 0.406,
  "q": 0.594,
  "whittle": [
    -2.0207927227020264,
    -2.016800880432129,
    -2.0124075412750244,
    -2.0082457065582275,
    -2.003594398498535,
    -1.9981069564819336,
    -1.9929012060165405,
    -1.9887911081314087,
    -1.9860490560531616,
    -1.983443021774292,
    -1.9811593294143677,
    -1.9788776636123657,
    -1.976313829421997,
    -1.9728628396987915,
    -1.9693907499313354,
    -1.9658697843551636,
    -1.9623993635177612,
    -1.9589290618896484,
    -1.9554587602615356,
    -1.952013373374939,
    -1.947468876838684,
    -1.9431674480438232,
    -1.9369970560073853,
    -1.9320183992385864,
    -1.9277039766311646,
    -1.9249277114868164,
    -1.9238992929458618,
    -1.9236042499542236,
    -1.925250768661499,
    -1.9262837171554565,
    -1.9267988204956055,
    -1.9266213178634644,
    -1.9257339239120483,
    -1.9252731800079346,
    -1.9248725175857544,
    -1.924782156944275,
    -1.9232065677642822,
    -1.921116828918457,
    -1.9185950756072998,
    -1.916310429573059,
    -1.9142844676971436,
    -1.9134000539779663,
    -1.9125117063522339,
    -1.9113959074020386,
    -1.9098223447799683,
    -1.9091097116470337,
    -1.9083596467971802,
    -1.9090241193771362,
    -1.9091601371765137,
    -1.9088441133499146,
    -1.9093703031539917,
    -1.909849762916565,
    -1.910634994506836,
    -1.9124752283096313,
    -1.91460120677948,
    -1.9166377782821655,
    -1.9187670946121216,
    -1.9215744733810425,
    -1.9241985082626343,
    -1.9266873598098755,
    -1.929679274559021,
    -1.932218313217163,
    -1.934549331665039,
    -1.9367841482162476,
    -1.939357876777649,
    -1.9421956539154053,
    -1.944291114807129,
    -1.9462336301803589,
    -1.9477143287658691,
    -1.9502183198928833,
    -1.9534404277801514,
    -1.956650972366333,
    -1.9588029384613037,
    -1.9603255987167358,
    -1.961226224899292,
    -1.961260437965393,
    -1.9613697528839111,
    -1.9614660739898682,
    -1.961544394493103,
    -1.9615137577056885,
    -1.961490511894226,
    -1.9626059532165527,
    -1.9636714458465576,
    -1.9646459817886353,
    -1.9653406143188477,
    -1.9670429229736328,
    -1.9689171314239502,
    -1.9707915782928467,
    -1.9726017713546753,
    -1.9742193222045898,
    -1.9757603406906128,
    -1.9773238897323608,
    -1.978957176208496,
    -1.981335997581482,
    -1.9850761890411377,
    -1.9886904954910278,
    -1.992911458015442,
    -1.997871994972229,
    -2.0028326511383057,
    -2.00789213180542
  ]
}