{
  "arm": 94,
  "p": 0.881,
  "q": 0.755,
  "whittle": [
    -1.9247461557388306,
    -1.9209743738174438,
    -1.916452407836914,
    -1.9115865230560303,
    -1.9066321849822998,
    -1.9011403322219849,
    -1.8951870203018188,
    -1.889648675918579,
    -1.8862723112106323,
    -1.8834593296051025,
    -1.8809831142425537,
    -1.8785439729690552,
    -1.8761719465255737,
    -1.872796893119812,
    -1.8691215515136719,
    -1.865575909614563,
    -1.8618978261947632,
    -1.8582192659378052,
    -1.854542851448059,
    -1.8508985042572021,
    -1.846146821975708,
    -1.8408445119857788,
    -1.8346948623657227,
    -1.8295533657073975,
    -1.8252055644989014,
    -1.8212711811065674,
    -1.818723201751709,
    -1.8189953565597534,
    -1.8203445672988892,
    -1.821406364440918,
    -1.821546196937561,
    -1.8181871175765991,
    -1.8161799907684326,
    -1.8152658939361572,
    -1.8144952058792114,
    -1.8136357069015503,
    -1.8117810487747192,
    -1.8099980354309082,
    -1.807570219039917,
    -1.8052419424057007,
    -1.8034212589263916,
    -1.8031408786773682,
    -1.802753210067749,
    -1.801656723022461,
    -1.7999677658081055,
    -1.7991873025894165,
    -1.799602746963501,
    -1.801317811012268,
    -1.8024563789367676,
    -1.803006649017334,
    -1.8037419319152832,
    -1.8048044443130493,
    -1.8064900636672974,
    -1.808462381362915,
    -1.8106880187988281,
    -1.8138717412948608,
    -1.817071557044983,
    -1.8204374313354492,
    -1.8234014511108398,
    -1.8259268999099731,
    -1.8285770416259766,
    -1.8310455083847046,
    -1.8336596488952637,
    -1.8364205360412598,
    -1.8391832113265991,
    -1.8419677019119263,
    -1.844043254852295,
    -1.8456785678863525,
    -1.8471590280532837,
    -1.8494904041290283,
    -1.8527250289916992,
    -1.8558764457702637,
    -1.85814368724823,
    -1.8605462312698364,
    -1.862949252128601,
    -1.8653500080108643,
    -1.8669151067733765,
    -1.8677363395690918,
    -1.8680312633514404,
    -1.8695012331008911,
    -1.8709594011306763,
    -1.8721901178359985,
    -1.8732882738113403,
    -1.8742650747299194,
    -1.8753567934036255,
    -1.877203345298767,
    -1.8790805339813232,
    -1.8809572458267212,
    -1.882731556892395,
    -1.8844938278198242,
    -1.8862767219543457,
    -1.8879002332687378,
    -1.8895281553268433,
    -1.8910964727401733,
    -1.895015001296997,
    -1.8994951248168945,
    -1.9041138887405396,
    -1.9090282917022705,
    -1.9139429330825806,
    -1.9189567565917969
  ]
}