{
  "arm": 93,
  "p": 0.481,
  "q": 0.488,
  "whittle": [
    -2.169159412384033,
    -2.165030002593994,
    -2.161301374435425,
    -2.1575937271118164,
    -2.153193950653076,
    -2.1483614444732666,
    -2.1442551612854004,
    -2.140547275543213,
    -2.1382198333740234,
    -2.1365718841552734,
    -2.1349222660064697,
    -2.13334059715271,
    -2.1310362815856934,
    -2.1283016204833984,
    -2.1252267360687256,
    -2.1221749782562256,
    -2.119278907775879,
    -2.1163830757141113,
    -2.1135377883911133,
    -2.1106393337249756,
    -2.106600284576416,
    -2.1019937992095947,
    -2.0974578857421875,
    -2.095446825027466,
    -2.0945448875427246,
    -2.0947940349578857,
    -2.0953481197357178,
    -2.0974020957946777,
    -2.10048246383667,
    -2.1025948524475098,
    -2.104775905609131,
    -2.1058189868927,
    -2.106827974319458,
    -2.107170820236206,
    -2.1077880859375,
    -2.1085116863250732,
    -2.1072402000427246,
    -2.1056997776031494,
    -2.1037166118621826,
    -2.1019344329833984,
    -2.1012136936187744,
    -2.101778268814087,
    -2.101400852203369,
    -2.1007814407348633,
    -2.099571466445923,
    -2.1013436317443848,
    -2.103576421737671,
    -2.1053459644317627,
    -2.1063387393951416,
    -2.1062064170837402,
    -2.1070339679718018,
    -2.1084320545196533,
    -2.1102516651153564,
    -2.112790107727051,
    -2.1154496669769287,
    -2.1180596351623535,
    -2.1207544803619385,
    -2.123491048812866,
    -2.1263620853424072,
    -2.1293423175811768,
    -2.1326143741607666,
    -2.1354763507843018,
    -2.1377809047698975,
    -2.140263557434082,
    -2.142833709716797,
    -2.145318031311035,
    -2.1478521823883057,
    -2.1500253677368164,
    -2.153275489807129,
    -2.1572670936584473,
    -2.1612932682037354,
    -2.1649773120880127,
    -2.1677966117858887,
    -2.1698532104492188,
    -2.1708431243896484,
    -2.17160964012146,
    -2.17250919342041,
    -2.173157215118408,
    -2.1736562252044678,
    -2.17372465133667,
    -2.1735355854034424,
    -2.1734352111816406,
    -2.1749815940856934,
    -2.176328182220459,
    -2.1773784160614014,
    -2.179644823074341,
    -2.182086944580078,
    -2.1845295429229736,
    -2.186971664428711,
    -2.189164876937866,
    -2.1912124156951904,
    -2.1930978298187256,
    -2.1950244903564453,
    -2.197888135910034,
    -2.2021610736846924,
    -2.206433057785034,
    -2.2107596397399902,
    -2.2152323722839355,
    -2.2200746536254883,
    -2.2259204387664795
  ]
}