{
  "arm": 17,
  "p": 0.325,
  "q": 0.159,
  "whittle": [
    -1.9957231283187866,
    -1.9918142557144165,
    -1.9871331453323364,
    -1.9826340675354004,
    -1.977830410003662,
    -1.9724681377410889,
    -1.9668593406677246,
    -1.9622880220413208,
    -1.9593989849090576,
    -1.9567710161209106,
    -1.9544873237609863,
    -1.952249526977539,
    -1.9492131471633911,
    -1.9456628561019897,
    -1.9421509504318237,
    -1.9385864734649658,
    -1.9349952936172485,
    -1.93145751953125,
    -1.9279502630233765,
    -1.9242626428604126,
    -1.9199827909469604,
    -1.913749098777771,
    -1.9073352813720703,
    -1.9020088911056519,
    -1.8975342512130737,
    -1.8955466747283936,
    -1.894498586654663,
    -1.8945679664611816,
    -1.8965611457824707,
    -1.897537350654602,
    -1.8981562852859497,
    -1.8984839916229248,
    -1.8980696201324463,
    -1.8977991342544556,
    -1.8969968557357788,
    -1.896402359008789,
    -1.895690679550171,
    -1.8933364152908325,
    -1.8910638093948364,
    -1.888800859451294,
    -1.887444257736206,
    -1.8878003358840942,
    -1.886889934539795,
    -1.8855032920837402,
    -1.8841992616653442,
    -1.8835519552230835,
    -1.8843063116073608,
    -1.8852678537368774,
    -1.8855105638504028,
    -1.8862863779067993,
    -1.8869150876998901,
    -1.8875290155410767,
    -1.8883016109466553,
    -1.889852523803711,
    -1.8919867277145386,
    -1.894224762916565,
    -1.8976887464523315,
    -1.9009140729904175,
    -1.9035181999206543,
    -1.9063471555709839,
    -1.9091172218322754,
    -1.9115768671035767,
    -1.9142911434173584,
    -1.9172767400741577,
    -1.9202239513397217,
    -1.9229897260665894,
    -1.9252312183380127,
    -1.927204966545105,
    -1.929722785949707,
    -1.9332826137542725,
    -1.9366638660430908,
    -1.9395778179168701,
    -1.9420284032821655,
    -1.944375991821289,
    -1.9455925226211548,
    -1.9457383155822754,
    -1.9459234476089478,
    -1.9460105895996094,
    -1.94597589969635,
    -1.9464447498321533,
    -1.9478570222854614,
    -1.9492298364639282,
    -1.950416922569275,
    -1.951206922531128,
    -1.9517979621887207,
    -1.9535120725631714,
    -1.955519437789917,
    -1.957526683807373,
    -1.9595404863357544,
    -1.9614378213882446,
    -1.9631834030151367,
    -1.9648030996322632,
    -1.9665229320526123,
    -1.9695022106170654,
    -1.9730467796325684,
    -1.976807951927185,
    -1.9817947149276733,
    -1.9868682622909546,
    -1.9919419288635254,
    -1.997126579284668
  ]
}