{
  "arm": 41,
  "p": 0.363,
  "q": 0.317,
  "whittle": [
    -1.8768048286437988,
    -1.872557520866394,
    -1.8676509857177734,
    -1.862974762916565,
    -1.8579444885253906,
    -1.8525390625,
    -1.8471581935882568,
    -1.8430184125900269,
    -1.840498447418213,
    -1.8378691673278809,
    -1.835592269897461,
    -1.8331767320632935,
    -1.8296904563903809,
    -1.8262019157409668,
    -1.8226922750473022,
    -1.819103717803955,
    -1.8156235218048096,
    -1.812149167060852,
    -1.8087093830108643,
    -1.8056546449661255,
    -1.8020142316818237,
    -1.7972081899642944,
    -1.7922642230987549,
    -1.7881815433502197,
    -1.7842954397201538,
    -1.7824814319610596,
    -1.783334732055664,
    -1.7855749130249023,
    -1.7875468730926514,
    -1.7890548706054688,
    -1.789657473564148,
    -1.7890307903289795,
    -1.7882773876190186,
    -1.7879855632781982,
    -1.7878268957138062,
    -1.7880406379699707,
    -1.7873929738998413,
    -1.7853522300720215,
    -1.7832366228103638,
    -1.7811330556869507,
    -1.7811866998672485,
    -1.7813013792037964,
    -1.7816383838653564,
    -1.781745195388794,
    -1.780561923980713,
    -1.780147671699524,
    -1.7811355590820312,
    -1.7823892831802368,
    -1.7834607362747192,
    -1.784644365310669,
    -1.785525918006897,
    -1.7866204977035522,
    -1.788344144821167,
    -1.7907969951629639,
    -1.7942026853561401,
    -1.797634243965149,
    -1.80118727684021,
    -1.8047335147857666,
    -1.8075001239776611,
    -1.810397982597351,
    -1.8129971027374268,
    -1.8154728412628174,
    -1.8183835744857788,
    -1.821093201637268,
    -1.8239566087722778,
    -1.8268201351165771,
    -1.8290719985961914,
    -1.830852746963501,
    -1.8341178894042969,
    -1.8377567529678345,
    -1.8412079811096191,
    -1.8442769050598145,
    -1.8462064266204834,
    -1.847996473312378,
    -1.849755048751831,
    -1.8514785766601562,
    -1.8517743349075317,
    -1.8527275323867798,
    -1.8548191785812378,
    -1.8567770719528198,
    -1.8583885431289673,
    -1.8596937656402588,
    -1.861034631729126,
    -1.8620703220367432,
    -1.8629027605056763,
    -1.8647910356521606,
    -1.8668677806854248,
    -1.868944764137268,
    -1.8708999156951904,
    -1.8728255033493042,
    -1.8746105432510376,
    -1.8762881755828857,
    -1.8779021501541138,
    -1.8810399770736694,
    -1.8857921361923218,
    -1.890821933746338,
    -1.8958860635757446,
    -1.90095055103302,
    -1.9060146808624268,
    -1.9111639261245728
  ]
}