{
  "arm": 8,
  "p": 0.55,
  "q": 0.13,
  "whittle": [
    -2.097055196762085,
    -2.092855930328369,
    -2.089240312576294,
    -2.0851821899414062,
    -2.0809149742126465,
    -2.0769546031951904,
    -2.0731489658355713,
    -2.0694336891174316,
    -2.0681018829345703,
    -2.0666041374206543,
    -2.0650851726531982,
    -2.063018560409546,
    -2.0605828762054443,
    -2.0579633712768555,
    -2.0551319122314453,
    -2.0523898601531982,
    -2.049675226211548,
    -2.0469703674316406,
    -2.0443427562713623,
    -2.0415587425231934,
    -2.038177013397217,
    -2.033897876739502,
    -2.0323145389556885,
    -2.0320663452148438,
    -2.032682418823242,
    -2.0335307121276855,
    -2.0355708599090576,
    -2.0392885208129883,
    -2.042884111404419,
    -2.045433759689331,
    -2.0482017993927,
    -2.0501744747161865,
    -2.0514068603515625,
    -2.052438735961914,
    -2.053483247756958,
    -2.0545549392700195,
    -2.0545380115509033,
    -2.0532240867614746,
    -2.0517737865448,
    -2.0522518157958984,
    -2.0533320903778076,
    -2.0543739795684814,
    -2.0552031993865967,
    -2.055776596069336,
    -2.05753231048584,
    -2.0601470470428467,
    -2.0627858638763428,
    -2.065049648284912,
    -2.066831111907959,
    -2.0689380168914795,
    -2.070646286010742,
    -2.0726308822631836,
    -2.075005292892456,
    -2.0778086185455322,
    -2.0808818340301514,
    -2.0842771530151367,
    -2.0885469913482666,
    -2.0927274227142334,
    -2.096151351928711,
    -2.0991721153259277,
    -2.1024672985076904,
    -2.105163812637329,
    -2.107675075531006,
    -2.110856533050537,
    -2.1144540309906006,
    -2.118051528930664,
    -2.121931314468384,
    -2.1262080669403076,
    -2.1305065155029297,
    -2.1350858211517334,
    -2.1395485401153564,
    -2.1431665420532227,
    -2.146390199661255,
    -2.1491990089416504,
    -2.1516036987304688,
    -2.1537206172943115,
    -2.155024766921997,
    -2.156205177307129,
    -2.1569015979766846,
    -2.1573586463928223,
    -2.1589179039001465,
    -2.1608805656433105,
    -2.162844657897949,
    -2.164250612258911,
    -2.1655526161193848,
    -2.1680307388305664,
    -2.1708316802978516,
    -2.1736371517181396,
    -2.1763510704040527,
    -2.1788828372955322,
    -2.181243896484375,
    -2.183471441268921,
    -2.185791492462158,
    -2.189354181289673,
    -2.193981885910034,
    -2.1986095905303955,
    -2.203237533569336,
    -2.2082273960113525,
    -2.214016914367676,
    -2.2200875282287598
  ]
}