{
  "arm": 19,
  "p": 0.225,
  "q": 0.693,
  "whittle": [
    -1.6426167488098145,
    -1.6378791332244873,
    -1.6330194473266602,
    -1.628059983253479,
    -1.6223152875900269,
    -1.6162519454956055,
    -1.6101605892181396,
    -1.6033494472503662,
    -1.5996050834655762,
    -1.5960265398025513,
    -1.5923864841461182,
    -1.588760256767273,
    -1.5854346752166748,
    -1.5810654163360596,
    -1.5767251253128052,
    -1.5724881887435913,
    -1.56884765625,
    -1.5648964643478394,
    -1.560565710067749,
    -1.5559748411178589,
    -1.5504192113876343,
    -1.5448628664016724,
    -1.538004755973816,
    -1.5321341753005981,
    -1.5274760723114014,
    -1.5230038166046143,
    -1.518821358680725,
    -1.5164071321487427,
    -1.5138821601867676,
    -1.5121530294418335,
    -1.5110162496566772,
    -1.5069793462753296,
    -1.5037564039230347,
    -1.501609444618225,
    -1.4998630285263062,
    -1.4989595413208008,
    -1.4971963167190552,
    -1.4944663047790527,
    -1.491188883781433,
    -1.4878755807876587,
    -1.486005187034607,
    -1.4843508005142212,
    -1.4842156171798706,
    -1.4826240539550781,
    -1.4806715250015259,
    -1.4797558784484863,
    -1.4788451194763184,
    -1.476747989654541,
    -1.4742217063903809,
    -1.472259283065796,
    -1.4723925590515137,
    -1.4725537300109863,
    -1.4732342958450317,
    -1.4755547046661377,
    -1.477908730506897,
    -1.4803801774978638,
    -1.4831514358520508,
    -1.4859662055969238,
    -1.4881559610366821,
    -1.490339994430542,
    -1.4930915832519531,
    -1.4961333274841309,
    -1.4989573955535889,
    -1.5017144680023193,
    -1.50453782081604,
    -1.506816029548645,
    -1.50858736038208,
    -1.5099564790725708,
    -1.5108764171600342,
    -1.5120055675506592,
    -1.5131025314331055,
    -1.5143935680389404,
    -1.516170620918274,
    -1.5171689987182617,
    -1.5181467533111572,
    -1.5203964710235596,
    -1.5229606628417969,
    -1.5244778394699097,
    -1.5257374048233032,
    -1.5267897844314575,
    -1.5278681516647339,
    -1.5288971662521362,
    -1.5299596786499023,
    -1.5309696197509766,
    -1.531882643699646,
    -1.533318042755127,
    -1.5345820188522339,
    -1.5357751846313477,
    -1.5368002653121948,
    -1.5386019945144653,
    -1.5404704809188843,
    -1.542203426361084,
    -1.5440788269042969,
    -1.5471938848495483,
    -1.5512593984603882,
    -1.5553251504898071,
    -1.5593904256820679,
    -1.563456416130066,
    -1.5675219297409058,
    -1.5716599225997925
  ]
}