{
  "arm": 0,
  "p": 0.5,
  "q": 0.367,
  "whittle": [
    -2.0936238765716553,
    -2.0893867015838623,
    -2.084869861602783,
    -2.080721139907837,
    -2.0762321949005127,
    -2.071143865585327,
    -2.065730571746826,
    -2.061492681503296,
    -2.058746814727783,
    -2.0565340518951416,
    -2.054544448852539,
    -2.052603244781494,
    -2.0500004291534424,
    -2.046772003173828,
    -2.0434324741363525,
    -2.0400381088256836,
    -2.036795139312744,
    -2.033557653427124,
    -2.0303568840026855,
    -2.02709698677063,
    -2.0229015350341797,
    -2.0181493759155273,
    -2.0121712684631348,
    -2.0078768730163574,
    -2.0052053928375244,
    -2.004241704940796,
    -2.00347900390625,
    -2.0040252208709717,
    -2.0062289237976074,
    -2.0079455375671387,
    -2.0091235637664795,
    -2.009902000427246,
    -2.0095431804656982,
    -2.0092661380767822,
    -2.0092461109161377,
    -2.0097405910491943,
    -2.0088236331939697,
    -2.006997585296631,
    -2.0048232078552246,
    -2.0028133392333984,
    -2.0010714530944824,
    -2.0006356239318848,
    -1.9997903108596802,
    -1.9988702535629272,
    -1.9972476959228516,
    -1.997345209121704,
    -1.99935781955719,
    -2.000786781311035,
    -2.0012710094451904,
    -2.0013720989227295,
    -2.0023975372314453,
    -2.0035922527313232,
    -2.005147695541382,
    -2.0074427127838135,
    -2.0098838806152344,
    -2.0123019218444824,
    -2.0153355598449707,
    -2.019049882888794,
    -2.021881103515625,
    -2.024714231491089,
    -2.028019428253174,
    -2.030702590942383,
    -2.0328919887542725,
    -2.035172939300537,
    -2.0384464263916016,
    -2.0416908264160156,
    -2.0441431999206543,
    -2.046276807785034,
    -2.0487568378448486,
    -2.052523612976074,
    -2.0562973022460938,
    -2.05964994430542,
    -2.062295436859131,
    -2.0643155574798584,
    -2.0661323070526123,
    -2.0672054290771484,
    -2.0679283142089844,
    -2.068449020385742,
    -2.0687756538391113,
    -2.06905460357666,
    -2.0694186687469482,
    -2.0707311630249023,
    -2.0721163749694824,
    -2.0731942653656006,
    -2.0740177631378174,
    -2.076075792312622,
    -2.07831072807312,
    -2.08054518699646,
    -2.0826416015625,
    -2.0846290588378906,
    -2.086470365524292,
    -2.0881545543670654,
    -2.0898849964141846,
    -2.092719316482544,
    -2.096893072128296,
    -2.101066827774048,
    -2.1051406860351562,
    -2.1095404624938965,
    -2.1149497032165527,
    -2.1204614639282227
  ]
}