{
  "arm": 54,
  "p": 0.838,
  "q": 0.386,
  "whittle": [
    -2.0998871326446533,
    -2.096275806427002,
    -2.0918591022491455,
    -2.0874991416931152,
    -2.083139419555664,
    -2.077998399734497,
    -2.0723700523376465,
    -2.067976474761963,
    -2.0642104148864746,
    -2.061551809310913,
    -2.05930757522583,
    -2.057126998901367,
    -2.0544519424438477,
    -2.050924301147461,
    -2.047405481338501,
    -2.0437846183776855,
    -2.0402445793151855,
    -2.0367043018341064,
    -2.0331645011901855,
    -2.029533624649048,
    -2.0254154205322266,
    -2.0195133686065674,
    -2.0129036903381348,
    -2.007396697998047,
    -2.002999782562256,
    -2.000545024871826,
    -1.9993503093719482,
    -1.99844491481781,
    -1.9991711378097534,
    -2.000244379043579,
    -2.000817060470581,
    -2.0007970333099365,
    -1.9992252588272095,
    -1.9986668825149536,
    -1.9977221488952637,
    -1.9975509643554688,
    -1.9960728883743286,
    -1.994114637374878,
    -1.9915865659713745,
    -1.9892035722732544,
    -1.986830711364746,
    -1.9854042530059814,
    -1.9840065240859985,
    -1.9827948808670044,
    -1.9817804098129272,
    -1.9808202981948853,
    -1.9805774688720703,
    -1.9819667339324951,
    -1.9822245836257935,
    -1.981533408164978,
    -1.9808489084243774,
    -1.9814997911453247,
    -1.9827754497528076,
    -1.9846638441085815,
    -1.9867191314697266,
    -1.9887003898620605,
    -1.9907125234603882,
    -1.9928719997406006,
    -1.995029091835022,
    -1.9974098205566406,
    -2.000089168548584,
    -2.002270221710205,
    -2.0039899349212646,
    -2.005871295928955,
    -2.0078155994415283,
    -2.0102641582489014,
    -2.0125224590301514,
    -2.014362096786499,
    -2.015876293182373,
    -2.0179054737091064,
    -2.0210936069488525,
    -2.023874282836914,
    -2.026132822036743,
    -2.028322458267212,
    -2.0296239852905273,
    -2.0296339988708496,
    -2.0299525260925293,
    -2.0298709869384766,
    -2.029759168624878,
    -2.0296339988708496,
    -2.029064416885376,
    -2.028818368911743,
    -2.0298311710357666,
    -2.030491828918457,
    -2.030937910079956,
    -2.032705783843994,
    -2.0345780849456787,
    -2.0364580154418945,
    -2.038337469100952,
    -2.0400350093841553,
    -2.0415308475494385,
    -2.0428848266601562,
    -2.044503927230835,
    -2.046609878540039,
    -2.050422430038452,
    -2.0542714595794678,
    -2.057973623275757,
    -2.0618982315063477,
    -2.0669307708740234,
    -2.0721240043640137
  ]
}