{
  "arm": 62,
  "p": 0.888,
  "q": 0.149,
  "whittle": [
    -2.2316439151763916,
    -2.2282519340515137,
    -2.2246363162994385,
    -2.2209036350250244,
    -2.216890335083008,
    -2.2126080989837646,
    -2.2088212966918945,
    -2.205024242401123,
    -2.202716588973999,
    -2.201089859008789,
    -2.1994543075561523,
    -2.198025703430176,
    -2.1959640979766846,
    -2.1931886672973633,
    -2.190216541290283,
    -2.1872189044952393,
    -2.184324026107788,
    -2.181429386138916,
    -2.1785974502563477,
    -2.1758673191070557,
    -2.1721057891845703,
    -2.16648530960083,
    -2.1614580154418945,
    -2.1602587699890137,
    -2.1591968536376953,
    -2.1584067344665527,
    -2.158315420150757,
    -2.159663438796997,
    -2.162018060684204,
    -2.164149761199951,
    -2.1663589477539062,
    -2.1674962043762207,
    -2.1682403087615967,
    -2.1685123443603516,
    -2.169079542160034,
    -2.1696672439575195,
    -2.1690633296966553,
    -2.167551279067993,
    -2.165642499923706,
    -2.1638009548187256,
    -2.1622769832611084,
    -2.1629631519317627,
    -2.1625776290893555,
    -2.1619012355804443,
    -2.1626498699188232,
    -2.16459321975708,
    -2.1664323806762695,
    -2.1684958934783936,
    -2.1696486473083496,
    -2.169644355773926,
    -2.1693811416625977,
    -2.170614242553711,
    -2.172262191772461,
    -2.1746926307678223,
    -2.1772782802581787,
    -2.1798274517059326,
    -2.1824350357055664,
    -2.185187816619873,
    -2.186837911605835,
    -2.188955545425415,
    -2.19215726852417,
    -2.194368600845337,
    -2.1966865062713623,
    -2.199117660522461,
    -2.2015721797943115,
    -2.2040226459503174,
    -2.206289291381836,
    -2.2086570262908936,
    -2.2115252017974854,
    -2.2156624794006348,
    -2.2197000980377197,
    -2.222740650177002,
    -2.2253310680389404,
    -2.227365255355835,
    -2.228929281234741,
    -2.2297654151916504,
    -2.2306010723114014,
    -2.2310731410980225,
    -2.2311809062957764,
    -2.230963706970215,
    -2.2306056022644043,
    -2.230337619781494,
    -2.2302653789520264,
    -2.2301290035247803,
    -2.2309389114379883,
    -2.2330284118652344,
    -2.235417366027832,
    -2.23781156539917,
    -2.240147113800049,
    -2.242299795150757,
    -2.244295835494995,
    -2.2461490631103516,
    -2.24810528755188,
    -2.2509374618530273,
    -2.2552053928375244,
    -2.2594738006591797,
    -2.263768434524536,
    -2.2680888175964355,
    -2.2724366188049316,
    -2.277172088623047
  ]
}