{
  "arm": 21,
  "p": 0.425,
  "q": 0.515,
  "whittle": [
    -2.0046286582946777,
    -2.000113010406494,
    -1.995530605316162,
    -1.9912099838256836,
    -1.9864739179611206,
    -1.9812630414962769,
    -1.9758802652359009,
    -1.9718568325042725,
    -1.9693076610565186,
    -1.9671730995178223,
    -1.9652159214019775,
    -1.963262677192688,
    -1.9606515169143677,
    -1.9574875831604004,
    -1.9542803764343262,
    -1.9509488344192505,
    -1.9477627277374268,
    -1.9445767402648926,
    -1.9414416551589966,
    -1.93830144405365,
    -1.9342727661132812,
    -1.9302972555160522,
    -1.9253695011138916,
    -1.921355962753296,
    -1.9197018146514893,
    -1.9199572801589966,
    -1.9207592010498047,
    -1.9230809211730957,
    -1.9252476692199707,
    -1.9271364212036133,
    -1.9280622005462646,
    -1.9289706945419312,
    -1.9288363456726074,
    -1.9288634061813354,
    -1.9296735525131226,
    -1.9302927255630493,
    -1.9293218851089478,
    -1.927630066871643,
    -1.9255534410476685,
    -1.9236749410629272,
    -1.9241560697555542,
    -1.924345850944519,
    -1.9242870807647705,
    -1.9234238862991333,
    -1.9222190380096436,
    -1.9223283529281616,
    -1.9244306087493896,
    -1.926189661026001,
    -1.926998257637024,
    -1.9280281066894531,
    -1.9290258884429932,
    -1.9302741289138794,
    -1.9320533275604248,
    -1.9344731569290161,
    -1.9370094537734985,
    -1.9396262168884277,
    -1.9433408975601196,
    -1.947152853012085,
    -1.9501924514770508,
    -1.9531450271606445,
    -1.9560582637786865,
    -1.9588310718536377,
    -1.961663007736206,
    -1.9648489952087402,
    -1.967879295349121,
    -1.9708824157714844,
    -1.9733328819274902,
    -1.9759763479232788,
    -1.9796162843704224,
    -1.98340904712677,
    -1.9871248006820679,
    -1.9907772541046143,
    -1.993513822555542,
    -1.9962764978408813,
    -1.9982855319976807,
    -2.000195026397705,
    -2.0012290477752686,
    -2.001837968826294,
    -2.002448320388794,
    -2.0029232501983643,
    -2.00445556640625,
    -2.0058748722076416,
    -2.0073535442352295,
    -2.008687973022461,
    -2.009755849838257,
    -2.0118672847747803,
    -2.0141441822052,
    -2.0164296627044678,
    -2.018479824066162,
    -2.0204949378967285,
    -2.0223662853240967,
    -2.0241527557373047,
    -2.026001453399658,
    -2.0286457538604736,
    -2.032773494720459,
    -2.0369741916656494,
    -2.041897773742676,
    -2.047273874282837,
    -2.052650213241577,
    -2.05812668800354
  ]
}