{
  "arm": 42,
  "p": 0.763,
  "q": 0.584,
  "whittle": [
    -1.691745638847351,
    -1.6878011226654053,
    -1.6828632354736328,
    -1.6770975589752197,
    -1.6714483499526978,
    -1.665765643119812,
    -1.659651517868042,
    -1.6542472839355469,
    -1.6510578393936157,
    -1.6480780839920044,
    -1.6452291011810303,
    -1.6424720287322998,
    -1.6391644477844238,
    -1.6353117227554321,
    -1.6314712762832642,
    -1.6279277801513672,
    -1.6245439052581787,
    -1.6211600303649902,
    -1.6177929639816284,
    -1.6144671440124512,
    -1.6099740266799927,
    -1.6043579578399658,
    -1.5988298654556274,
    -1.5945700407028198,
    -1.5907166004180908,
    -1.5874696969985962,
    -1.5865304470062256,
    -1.588460922241211,
    -1.5897598266601562,
    -1.5908005237579346,
    -1.589808464050293,
    -1.5875728130340576,
    -1.5858519077301025,
    -1.5850110054016113,
    -1.584580421447754,
    -1.5841834545135498,
    -1.5840116739273071,
    -1.5833454132080078,
    -1.5813171863555908,
    -1.580297589302063,
    -1.5802314281463623,
    -1.5806825160980225,
    -1.5810126066207886,
    -1.5808360576629639,
    -1.5803272724151611,
    -1.5801162719726562,
    -1.5801782608032227,
    -1.5823943614959717,
    -1.5844542980194092,
    -1.5859662294387817,
    -1.5868333578109741,
    -1.588851809501648,
    -1.5917874574661255,
    -1.5952847003936768,
    -1.5986778736114502,
    -1.6021052598953247,
    -1.6055808067321777,
    -1.6091418266296387,
    -1.6121641397476196,
    -1.6159586906433105,
    -1.6194285154342651,
    -1.6230156421661377,
    -1.6265934705734253,
    -1.6297043561935425,
    -1.6324642896652222,
    -1.6352657079696655,
    -1.6374982595443726,
    -1.639082431793213,
    -1.642388939857483,
    -1.6458970308303833,
    -1.6492881774902344,
    -1.652416706085205,
    -1.6546705961227417,
    -1.6571117639541626,
    -1.659401297569275,
    -1.6618481874465942,
    -1.6651002168655396,
    -1.668581247329712,
    -1.6715553998947144,
    -1.674307942390442,
    -1.6760817766189575,
    -1.6776593923568726,
    -1.6790857315063477,
    -1.6803454160690308,
    -1.6815190315246582,
    -1.6834839582443237,
    -1.6855155229568481,
    -1.6873359680175781,
    -1.6891286373138428,
    -1.6908422708511353,
    -1.6930197477340698,
    -1.6953752040863037,
    -1.6977307796478271,
    -1.700629711151123,
    -1.7052558660507202,
    -1.7100328207015991,
    -1.7148178815841675,
    -1.7196028232574463,
    -1.724387764930725,
    -1.729278326034546
  ]
}