{
  "arm": 47,
  "p": 0.138,
  "q": 0.258,
  "whittle": [
    -1.8328899145126343,
    -1.828609824180603,
    -1.8241238594055176,
    -1.8190559148788452,
    -1.8144320249557495,
    -1.8088327646255493,
    -1.8026434183120728,
    -1.7973803281784058,
    -1.79376220703125,
    -1.790332317352295,
    -1.7868512868881226,
    -1.7835170030593872,
    -1.7800365686416626,
    -1.7758433818817139,
    -1.7716556787490845,
    -1.7675994634628296,
    -1.7633881568908691,
    -1.7591474056243896,
    -1.7549062967300415,
    -1.7506146430969238,
    -1.7449129819869995,
    -1.73876953125,
    -1.7317118644714355,
    -1.7246614694595337,
    -1.7197186946868896,
    -1.715106725692749,
    -1.710573434829712,
    -1.7064318656921387,
    -1.704538345336914,
    -1.7038178443908691,
    -1.703096866607666,
    -1.700881004333496,
    -1.6976373195648193,
    -1.6963781118392944,
    -1.6953961849212646,
    -1.6944496631622314,
    -1.6925228834152222,
    -1.6884868144989014,
    -1.684649109840393,
    -1.6817041635513306,
    -1.6794601678848267,
    -1.6774855852127075,
    -1.674770474433899,
    -1.673261046409607,
    -1.671217918395996,
    -1.6698905229568481,
    -1.6687065362930298,
    -1.6662099361419678,
    -1.6631238460540771,
    -1.661369800567627,
    -1.6613619327545166,
    -1.6613740921020508,
    -1.6614761352539062,
    -1.6620707511901855,
    -1.6629815101623535,
    -1.6649028062820435,
    -1.667651653289795,
    -1.670198678970337,
    -1.67215895652771,
    -1.6744354963302612,
    -1.6768878698349,
    -1.6788548231124878,
    -1.6813546419143677,
    -1.6841319799423218,
    -1.6865404844284058,
    -1.6886818408966064,
    -1.6901775598526,
    -1.6916733980178833,
    -1.6928911209106445,
    -1.694040298461914,
    -1.695120096206665,
    -1.6966866254806519,
    -1.6982876062393188,
    -1.6998322010040283,
    -1.7014886140823364,
    -1.7025880813598633,
    -1.702711820602417,
    -1.7028151750564575,
    -1.7040520906448364,
    -1.7053331136703491,
    -1.706283450126648,
    -1.7072441577911377,
    -1.7081581354141235,
    -1.7088181972503662,
    -1.7092337608337402,
    -1.710559368133545,
    -1.712022066116333,
    -1.713484287261963,
    -1.71483314037323,
    -1.7158933877944946,
    -1.7167848348617554,
    -1.7176223993301392,
    -1.7189598083496094,
    -1.7222269773483276,
    -1.7264200448989868,
    -1.7307356595993042,
    -1.7350507974624634,
    -1.7393665313720703,
    -1.743681788444519,
    -1.7480612993240356
  ]
}