{
  "arm": 13,
  "p": 0.45,
  "q": 0.752,
  "whittle": [
    -2.184352159500122,
    -2.180410385131836,
    -2.1762237548828125,
    -2.1724863052368164,
    -2.1682546138763428,
    -2.163177490234375,
    -2.1584365367889404,
    -2.1547513008117676,
    -2.1522269248962402,
    -2.150373935699463,
    -2.148674964904785,
    -2.1470115184783936,
    -2.1449623107910156,
    -2.142242908477783,
    -2.1392056941986084,
    -2.136061429977417,
    -2.133087158203125,
    -2.130113124847412,
    -2.1271655559539795,
    -2.124218702316284,
    -2.1200332641601562,
    -2.115530014038086,
    -2.110621690750122,
    -2.1071510314941406,
    -2.1057753562927246,
    -2.104701519012451,
    -2.1045141220092773,
    -2.1055588722229004,
    -2.107917070388794,
    -2.1099119186401367,
    -2.111834764480591,
    -2.1132283210754395,
    -2.114764451980591,
    -2.114893913269043,
    -2.1152966022491455,
    -2.115386724472046,
    -2.113827705383301,
    -2.11224627494812,
    -2.110025644302368,
    -2.1080939769744873,
    -2.1061367988586426,
    -2.1041834354400635,
    -2.103364944458008,
    -2.102590799331665,
    -2.1006252765655518,
    -2.100062131881714,
    -2.1021597385406494,
    -2.1036980152130127,
    -2.104538917541504,
    -2.1042914390563965,
    -2.104346513748169,
    -2.1050798892974854,
    -2.1065680980682373,
    -2.1088879108428955,
    -2.111400842666626,
    -2.113853693008423,
    -2.116406202316284,
    -2.119027853012085,
    -2.1212382316589355,
    -2.1240901947021484,
    -2.1274538040161133,
    -2.130338430404663,
    -2.1330859661102295,
    -2.1355724334716797,
    -2.1380319595336914,
    -2.1407244205474854,
    -2.1432361602783203,
    -2.145416021347046,
    -2.147818088531494,
    -2.151603937149048,
    -2.1555330753326416,
    -2.1594622135162354,
    -2.1622135639190674,
    -2.164996862411499,
    -2.167161464691162,
    -2.167968511581421,
    -2.1687755584716797,
    -2.169236183166504,
    -2.169623613357544,
    -2.169884204864502,
    -2.1696019172668457,
    -2.169381856918335,
    -2.1706743240356445,
    -2.172145128250122,
    -2.173396110534668,
    -2.175607204437256,
    -2.177961826324463,
    -2.1803228855133057,
    -2.1826815605163574,
    -2.18479061126709,
    -2.186782121658325,
    -2.1885931491851807,
    -2.190432548522949,
    -2.192863941192627,
    -2.197061538696289,
    -2.201259136199951,
    -2.2055540084838867,
    -2.2099449634552,
    -2.2146971225738525,
    -2.2202067375183105
  ]
}