{
  "arm": 87,
  "p": 0.181,
  "q": 0.548,
  "whittle": [
    -1.8970887660980225,
    -1.8932987451553345,
    -1.8887214660644531,
    -1.8839514255523682,
    -1.878735899925232,
    -1.8728739023208618,
    -1.8671135902404785,
    -1.8622719049453735,
    -1.8593672513961792,
    -1.8565387725830078,
    -1.85387122631073,
    -1.8512673377990723,
    -1.8482606410980225,
    -1.8445557355880737,
    -1.8408585786819458,
    -1.8371692895889282,
    -1.8334389925003052,
    -1.82974112033844,
    -1.826069712638855,
    -1.8222225904464722,
    -1.8166077136993408,
    -1.8110947608947754,
    -1.8046519756317139,
    -1.799792766571045,
    -1.7954931259155273,
    -1.7915184497833252,
    -1.7898708581924438,
    -1.790867567062378,
    -1.7924060821533203,
    -1.7933061122894287,
    -1.7934870719909668,
    -1.7920618057250977,
    -1.7909338474273682,
    -1.7904845476150513,
    -1.7900686264038086,
    -1.7895673513412476,
    -1.7875269651412964,
    -1.785157322883606,
    -1.782745361328125,
    -1.7806198596954346,
    -1.7791264057159424,
    -1.779000997543335,
    -1.77858567237854,
    -1.7770062685012817,
    -1.7752630710601807,
    -1.7745131254196167,
    -1.7741972208023071,
    -1.7753164768218994,
    -1.7764840126037598,
    -1.7774349451065063,
    -1.7780284881591797,
    -1.778613805770874,
    -1.7794352769851685,
    -1.7816343307495117,
    -1.7848023176193237,
    -1.7880078554153442,
    -1.7913786172866821,
    -1.794800043106079,
    -1.7973989248275757,
    -1.8001539707183838,
    -1.8029669523239136,
    -1.805809736251831,
    -1.8091720342636108,
    -1.8121953010559082,
    -1.815183401107788,
    -1.817880630493164,
    -1.8199371099472046,
    -1.8216851949691772,
    -1.823179006576538,
    -1.8262250423431396,
    -1.8294621706008911,
    -1.8325928449630737,
    -1.8349294662475586,
    -1.8368686437606812,
    -1.8383606672286987,
    -1.8383831977844238,
    -1.8384054899215698,
    -1.8384281396865845,
    -1.8395798206329346,
    -1.8412046432495117,
    -1.8425384759902954,
    -1.8438552618026733,
    -1.845147967338562,
    -1.8461787700653076,
    -1.847046136856079,
    -1.8487716913223267,
    -1.850701093673706,
    -1.8526307344436646,
    -1.8545154333114624,
    -1.8562415838241577,
    -1.8578439950942993,
    -1.8593019247055054,
    -1.8607040643692017,
    -1.8630893230438232,
    -1.8671897649765015,
    -1.8719052076339722,
    -1.876746416091919,
    -1.8815956115722656,
    -1.886470913887024,
    -1.8914272785186768
  ]
}