{
  "arm": 95,
  "p": 0.119,
  "q": 0.311,
  "whittle": [
    -1.7819210290908813,
    -1.777899980545044,
    -1.7732411623001099,
    -1.7683041095733643,
    -1.7631165981292725,
    -1.7571024894714355,
    -1.7510830163955688,
    -1.7458076477050781,
    -1.7426807880401611,
    -1.7394391298294067,
    -1.7361446619033813,
    -1.7331873178482056,
    -1.7293065786361694,
    -1.7253164052963257,
    -1.7213265895843506,
    -1.7174738645553589,
    -1.7134453058242798,
    -1.709458827972412,
    -1.7054970264434814,
    -1.7019706964492798,
    -1.697021245956421,
    -1.691288709640503,
    -1.6845674514770508,
    -1.6794641017913818,
    -1.6749979257583618,
    -1.6708897352218628,
    -1.6668716669082642,
    -1.6666533946990967,
    -1.6680101156234741,
    -1.6684530973434448,
    -1.6679238080978394,
    -1.665154218673706,
    -1.6631160974502563,
    -1.6625638008117676,
    -1.6619467735290527,
    -1.6613706350326538,
    -1.659770131111145,
    -1.6562464237213135,
    -1.6537104845046997,
    -1.6512095928192139,
    -1.6495954990386963,
    -1.6488970518112183,
    -1.6489214897155762,
    -1.6473406553268433,
    -1.6456128358840942,
    -1.6449389457702637,
    -1.6441104412078857,
    -1.6421228647232056,
    -1.6416523456573486,
    -1.6423476934432983,
    -1.642770767211914,
    -1.6432130336761475,
    -1.6438992023468018,
    -1.646222710609436,
    -1.6488959789276123,
    -1.6519397497177124,
    -1.6550921201705933,
    -1.6581370830535889,
    -1.6605298519134521,
    -1.6632405519485474,
    -1.6663318872451782,
    -1.6695319414138794,
    -1.672711968421936,
    -1.675915241241455,
    -1.6789896488189697,
    -1.6813838481903076,
    -1.683272123336792,
    -1.6851141452789307,
    -1.6865876913070679,
    -1.6891725063323975,
    -1.6922389268875122,
    -1.6949858665466309,
    -1.6969537734985352,
    -1.6989823579788208,
    -1.700514316558838,
    -1.701854944229126,
    -1.70358407497406,
    -1.7055854797363281,
    -1.7072436809539795,
    -1.7089182138442993,
    -1.710256576538086,
    -1.7115825414657593,
    -1.7128711938858032,
    -1.7138715982437134,
    -1.7144769430160522,
    -1.7160165309906006,
    -1.7177855968475342,
    -1.719565987586975,
    -1.7210150957107544,
    -1.7223238945007324,
    -1.723517656326294,
    -1.724706768989563,
    -1.7268626689910889,
    -1.7304348945617676,
    -1.7348670959472656,
    -1.7394447326660156,
    -1.7440226078033447,
    -1.7486003637313843,
    -1.7531780004501343,
    -1.7578221559524536
  ]
}