{
  "arm": 86,
  "p": 0.831,
  "q": 0.281,
  "whittle": [
    -1.9224865436553955,
    -1.9181376695632935,
    -1.9132745265960693,
    -1.9089494943618774,
    -1.9041427373886108,
    -1.8990610837936401,
    -1.8946236371994019,
    -1.890293002128601,
    -1.8878167867660522,
    -1.8854302167892456,
    -1.883248209953308,
    -1.8811750411987305,
    -1.878593921661377,
    -1.8751471042633057,
    -1.8717724084854126,
    -1.8683422803878784,
    -1.8649178743362427,
    -1.861493468284607,
    -1.8580998182296753,
    -1.8546520471572876,
    -1.8513667583465576,
    -1.8459917306900024,
    -1.8401360511779785,
    -1.8353854417800903,
    -1.8312873840332031,
    -1.8283543586730957,
    -1.8275521993637085,
    -1.8291112184524536,
    -1.8312382698059082,
    -1.832660436630249,
    -1.833358645439148,
    -1.83073890209198,
    -1.8298264741897583,
    -1.829208493232727,
    -1.828741431236267,
    -1.8287200927734375,
    -1.8287266492843628,
    -1.8270992040634155,
    -1.8250038623809814,
    -1.8232026100158691,
    -1.8232250213623047,
    -1.8241304159164429,
    -1.8243879079818726,
    -1.8234001398086548,
    -1.822502613067627,
    -1.823623538017273,
    -1.8258357048034668,
    -1.8279589414596558,
    -1.8291584253311157,
    -1.831007957458496,
    -1.832417368888855,
    -1.8338661193847656,
    -1.8357003927230835,
    -1.8388783931732178,
    -1.8423837423324585,
    -1.8459314107894897,
    -1.8495359420776367,
    -1.8532373905181885,
    -1.8561515808105469,
    -1.8590056896209717,
    -1.861953616142273,
    -1.8648806810379028,
    -1.867974042892456,
    -1.8710694313049316,
    -1.8741708993911743,
    -1.8771417140960693,
    -1.8797987699508667,
    -1.8817408084869385,
    -1.8847095966339111,
    -1.888458490371704,
    -1.892032265663147,
    -1.8951318264007568,
    -1.8977906703948975,
    -1.9004493951797485,
    -1.903085708618164,
    -1.9049161672592163,
    -1.906693696975708,
    -1.9070113897323608,
    -1.9082014560699463,
    -1.910045862197876,
    -1.9116461277008057,
    -1.9130923748016357,
    -1.9145159721374512,
    -1.9155149459838867,
    -1.9163460731506348,
    -1.918405532836914,
    -1.920567512512207,
    -1.922729253768921,
    -1.9246522188186646,
    -1.926530361175537,
    -1.9283630847930908,
    -1.9302546977996826,
    -1.932146430015564,
    -1.934482216835022,
    -1.9386351108551025,
    -1.9434261322021484,
    -1.948359727859497,
    -1.9535505771636963,
    -1.9587414264678955,
    -1.9640543460845947
  ]
}