{
  "arm": 43,
  "p": 0.263,
  "q": 0.851,
  "whittle": [
    -1.926031470298767,
    -1.9220263957977295,
    -1.9174280166625977,
    -1.912657618522644,
    -1.9076558351516724,
    -1.9019761085510254,
    -1.8964464664459229,
    -1.891432285308838,
    -1.8887263536453247,
    -1.8861721754074097,
    -1.884016990661621,
    -1.8818095922470093,
    -1.8783447742462158,
    -1.8750149011611938,
    -1.871642827987671,
    -1.8681925535202026,
    -1.8648223876953125,
    -1.8614522218704224,
    -1.858123540878296,
    -1.8551782369613647,
    -1.851496696472168,
    -1.8474922180175781,
    -1.8425748348236084,
    -1.8381747007369995,
    -1.834015965461731,
    -1.833349347114563,
    -1.8342301845550537,
    -1.8366788625717163,
    -1.8384370803833008,
    -1.840151071548462,
    -1.841044545173645,
    -1.8419638872146606,
    -1.8417938947677612,
    -1.8416235446929932,
    -1.8414865732192993,
    -1.8423230648040771,
    -1.8408470153808594,
    -1.8390254974365234,
    -1.836716651916504,
    -1.8351496458053589,
    -1.835091233253479,
    -1.8351296186447144,
    -1.8353577852249146,
    -1.8345119953155518,
    -1.8329509496688843,
    -1.8322770595550537,
    -1.8325531482696533,
    -1.8338350057601929,
    -1.8346925973892212,
    -1.8359867334365845,
    -1.836829423904419,
    -1.8377314805984497,
    -1.839093804359436,
    -1.8410658836364746,
    -1.8433650732040405,
    -1.8465276956558228,
    -1.8500745296478271,
    -1.8537236452102661,
    -1.856872320175171,
    -1.8596994876861572,
    -1.8623511791229248,
    -1.8649555444717407,
    -1.8677927255630493,
    -1.8707836866378784,
    -1.873565435409546,
    -1.87607741355896,
    -1.8783470392227173,
    -1.8800665140151978,
    -1.8827431201934814,
    -1.8862543106079102,
    -1.8897287845611572,
    -1.8932222127914429,
    -1.8960412740707397,
    -1.898589849472046,
    -1.9003431797027588,
    -1.9020960330963135,
    -1.9033565521240234,
    -1.9035110473632812,
    -1.9043763875961304,
    -1.906404733657837,
    -1.908053994178772,
    -1.9093661308288574,
    -1.9106900691986084,
    -1.9120748043060303,
    -1.9134827852249146,
    -1.9154462814331055,
    -1.917554497718811,
    -1.9196627140045166,
    -1.9215856790542603,
    -1.9234819412231445,
    -1.925337791442871,
    -1.9271727800369263,
    -1.9290378093719482,
    -1.9314168691635132,
    -1.9358007907867432,
    -1.9408982992172241,
    -1.9460036754608154,
    -1.951117992401123,
    -1.9562575817108154,
    -1.9614949226379395
  ]
}