{
  "arm": 75,
  "p": 0.256,
  "q": 0.535,
  "whittle": [
    -2.1155154705047607,
    -2.111487865447998,
    -2.107452392578125,
    -2.103449583053589,
    -2.099041223526001,
    -2.0936472415924072,
    -2.088310956954956,
    -2.0843734741210938,
    -2.081489086151123,
    -2.0791571140289307,
    -2.077134370803833,
    -2.075133800506592,
    -2.0719451904296875,
    -2.068659782409668,
    -2.0653343200683594,
    -2.0618343353271484,
    -2.058478355407715,
    -2.0551655292510986,
    -2.0518858432769775,
    -2.048628330230713,
    -2.044220209121704,
    -2.0389554500579834,
    -2.0324747562408447,
    -2.0274176597595215,
    -2.0235166549682617,
    -2.0221259593963623,
    -2.021191358566284,
    -2.0213751792907715,
    -2.023261547088623,
    -2.024946689605713,
    -2.0257840156555176,
    -2.026834726333618,
    -2.0274672508239746,
    -2.0271847248077393,
    -2.0264437198638916,
    -2.0266199111938477,
    -2.025195598602295,
    -2.0230259895324707,
    -2.0207011699676514,
    -2.018451690673828,
    -2.0167083740234375,
    -2.0161259174346924,
    -2.015289783477783,
    -2.014296531677246,
    -2.0127458572387695,
    -2.0121841430664062,
    -2.0134143829345703,
    -2.0146615505218506,
    -2.0148699283599854,
    -2.0144569873809814,
    -2.0148262977600098,
    -2.0152781009674072,
    -2.016343832015991,
    -2.0181870460510254,
    -2.0204572677612305,
    -2.0226290225982666,
    -2.024927854537964,
    -2.0272557735443115,
    -2.029669761657715,
    -2.032407522201538,
    -2.0354533195495605,
    -2.0378646850585938,
    -2.039740562438965,
    -2.0418074131011963,
    -2.0442087650299072,
    -2.046527624130249,
    -2.048868179321289,
    -2.0508687496185303,
    -2.0524566173553467,
    -2.0546152591705322,
    -2.0580108165740967,
    -2.061427593231201,
    -2.063295364379883,
    -2.0649333000183105,
    -2.0657882690429688,
    -2.0659501552581787,
    -2.0661120414733887,
    -2.0664055347442627,
    -2.0665464401245117,
    -2.0664896965026855,
    -2.0661461353302,
    -2.066673517227173,
    -2.0678341388702393,
    -2.0688822269439697,
    -2.069627046585083,
    -2.0714499950408936,
    -2.0734875202178955,
    -2.0755250453948975,
    -2.0775625705718994,
    -2.07942271232605,
    -2.0810751914978027,
    -2.0825634002685547,
    -2.0840728282928467,
    -2.086723804473877,
    -2.090583562850952,
    -2.0944998264312744,
    -2.098325252532959,
    -2.102285385131836,
    -2.107008695602417,
    -2.11232852935791
  ]
}