{
  "arm": 57,
  "p": 0.388,
  "q": 0.475,
  "whittle": [
    -1.872691035270691,
    -1.8685734272003174,
    -1.8636854887008667,
    -1.8587446212768555,
    -1.853657841682434,
    -1.8481112718582153,
    -1.8424763679504395,
    -1.838228702545166,
    -1.8354226350784302,
    -1.8327220678329468,
    -1.8304156064987183,
    -1.8279385566711426,
    -1.8248369693756104,
    -1.8212828636169434,
    -1.8177542686462402,
    -1.8142222166061401,
    -1.8106937408447266,
    -1.8071646690368652,
    -1.8036640882492065,
    -1.8003008365631104,
    -1.796406865119934,
    -1.7910879850387573,
    -1.7850704193115234,
    -1.780800700187683,
    -1.7766927480697632,
    -1.7738550901412964,
    -1.773893117904663,
    -1.7756190299987793,
    -1.77727210521698,
    -1.778637170791626,
    -1.7792757749557495,
    -1.7783676385879517,
    -1.7780765295028687,
    -1.7778326272964478,
    -1.777696967124939,
    -1.777427077293396,
    -1.7766247987747192,
    -1.7747124433517456,
    -1.772524356842041,
    -1.7714890241622925,
    -1.772028923034668,
    -1.7723535299301147,
    -1.7727514505386353,
    -1.772140383720398,
    -1.7708251476287842,
    -1.7703701257705688,
    -1.7714054584503174,
    -1.7724440097808838,
    -1.7739746570587158,
    -1.7752302885055542,
    -1.7761104106903076,
    -1.7770239114761353,
    -1.778412938117981,
    -1.781156301498413,
    -1.7846252918243408,
    -1.788136601448059,
    -1.7917406558990479,
    -1.7954461574554443,
    -1.7983394861221313,
    -1.8012551069259644,
    -1.8039417266845703,
    -1.8073033094406128,
    -1.8103663921356201,
    -1.8131452798843384,
    -1.8160492181777954,
    -1.8189152479171753,
    -1.821251392364502,
    -1.8238493204116821,
    -1.8273706436157227,
    -1.8310461044311523,
    -1.8345756530761719,
    -1.837981939315796,
    -1.840636134147644,
    -1.8433243036270142,
    -1.8451693058013916,
    -1.8469945192337036,
    -1.848280429840088,
    -1.8496577739715576,
    -1.851647138595581,
    -1.8537336587905884,
    -1.8554801940917969,
    -1.8569400310516357,
    -1.858367681503296,
    -1.85963773727417,
    -1.860679268836975,
    -1.8626785278320312,
    -1.8648931980133057,
    -1.8671268224716187,
    -1.8692420721054077,
    -1.8712489604949951,
    -1.8731783628463745,
    -1.8750689029693604,
    -1.876903772354126,
    -1.8803789615631104,
    -1.8853486776351929,
    -1.8904542922973633,
    -1.895559549331665,
    -1.9006876945495605,
    -1.905827283859253,
    -1.9110581874847412
  ]
}