{
  "arm": 5,
  "p": 0.4,
  "q": 0.278,
  "whittle": [
    -2.281863212585449,
    -2.2789087295532227,
    -2.275562047958374,
    -2.272073268890381,
    -2.267949342727661,
    -2.2635905742645264,
    -2.259967088699341,
    -2.2564666271209717,
    -2.255016565322876,
    -2.2536637783050537,
    -2.252302408218384,
    -2.2508795261383057,
    -2.2486112117767334,
    -2.2461211681365967,
    -2.2433712482452393,
    -2.240691900253296,
    -2.238132953643799,
    -2.235534429550171,
    -2.2330169677734375,
    -2.2300596237182617,
    -2.226651191711426,
    -2.2219748497009277,
    -2.218698024749756,
    -2.2175445556640625,
    -2.2164478302001953,
    -2.216365098953247,
    -2.217210292816162,
    -2.2187061309814453,
    -2.2222707271575928,
    -2.2254281044006348,
    -2.2277815341949463,
    -2.228966474533081,
    -2.230783462524414,
    -2.2317769527435303,
    -2.2327592372894287,
    -2.233781337738037,
    -2.233574390411377,
    -2.23209810256958,
    -2.230515480041504,
    -2.2289345264434814,
    -2.2290492057800293,
    -2.2301225662231445,
    -2.2297956943511963,
    -2.2302145957946777,
    -2.23183274269104,
    -2.2340078353881836,
    -2.2362143993377686,
    -2.2383053302764893,
    -2.2393369674682617,
    -2.240171432495117,
    -2.241476058959961,
    -2.242682933807373,
    -2.2447521686553955,
    -2.247509002685547,
    -2.2504994869232178,
    -2.2534823417663574,
    -2.2565929889678955,
    -2.259646415710449,
    -2.2623579502105713,
    -2.2658181190490723,
    -2.269160032272339,
    -2.2720577716827393,
    -2.2747738361358643,
    -2.277667999267578,
    -2.2810471057891846,
    -2.2846317291259766,
    -2.2876341342926025,
    -2.2917234897613525,
    -2.2961692810058594,
    -2.300779104232788,
    -2.305189371109009,
    -2.30899977684021,
    -2.3121676445007324,
    -2.3153886795043945,
    -2.318057060241699,
    -2.3190724849700928,
    -2.3203420639038086,
    -2.3214340209960938,
    -2.3220396041870117,
    -2.3221569061279297,
    -2.3219432830810547,
    -2.3222248554229736,
    -2.323338747024536,
    -2.324854612350464,
    -2.3260841369628906,
    -2.3287038803100586,
    -2.3315279483795166,
    -2.3343522548675537,
    -2.3371810913085938,
    -2.3398289680480957,
    -2.342258930206299,
    -2.344541549682617,
    -2.3468236923217773,
    -2.3500921726226807,
    -2.354532241821289,
    -2.3592708110809326,
    -2.364039421081543,
    -2.368807792663574,
    -2.3736510276794434,
    -2.37892484664917
  ]
}