{
  "arm": 36,
  "p": 0.613,
  "q": 0.406,
  "whittle": [
    -1.697109580039978,
    -1.6929570436477661,
    -1.688557744026184,
    -1.6835416555404663,
    -1.6784878969192505,
    -1.6725918054580688,
    -1.6663105487823486,
    -1.661033272743225,
    -1.657885193824768,
    -1.6544840335845947,
    -1.6510813236236572,
    -1.6479642391204834,
    -1.6451890468597412,
    -1.6412714719772339,
    -1.63718843460083,
    -1.6332911252975464,
    -1.6293911933898926,
    -1.6255770921707153,
    -1.6218791007995605,
    -1.6180776357650757,
    -1.6128029823303223,
    -1.6069127321243286,
    -1.6005027294158936,
    -1.594209909439087,
    -1.589569330215454,
    -1.5852943658828735,
    -1.5811940431594849,
    -1.5782418251037598,
    -1.5765728950500488,
    -1.5771377086639404,
    -1.576203465461731,
    -1.5723295211791992,
    -1.5693644285202026,
    -1.567461609840393,
    -1.566596508026123,
    -1.5659496784210205,
    -1.5648343563079834,
    -1.5625842809677124,
    -1.5591557025909424,
    -1.5571879148483276,
    -1.55547034740448,
    -1.5557713508605957,
    -1.556025743484497,
    -1.5550410747528076,
    -1.5535931587219238,
    -1.552993893623352,
    -1.5523946285247803,
    -1.5509121417999268,
    -1.5505595207214355,
    -1.551361083984375,
    -1.5517973899841309,
    -1.5522593259811401,
    -1.5535920858383179,
    -1.5564507246017456,
    -1.5593643188476562,
    -1.562342882156372,
    -1.5654141902923584,
    -1.5685486793518066,
    -1.5709706544876099,
    -1.5734000205993652,
    -1.5771937370300293,
    -1.5804356336593628,
    -1.5835763216018677,
    -1.586665391921997,
    -1.5894557237625122,
    -1.5921900272369385,
    -1.594447135925293,
    -1.596117615699768,
    -1.5973994731903076,
    -1.5991723537445068,
    -1.6021722555160522,
    -1.6047554016113281,
    -1.6066243648529053,
    -1.6084935665130615,
    -1.610572099685669,
    -1.6119080781936646,
    -1.6143488883972168,
    -1.6170655488967896,
    -1.6185657978057861,
    -1.6199110746383667,
    -1.6212027072906494,
    -1.622525930404663,
    -1.6238669157028198,
    -1.6248918771743774,
    -1.625549554824829,
    -1.62710440158844,
    -1.6287736892700195,
    -1.6303369998931885,
    -1.6315631866455078,
    -1.6329255104064941,
    -1.6343796253204346,
    -1.6364010572433472,
    -1.6384226083755493,
    -1.6411265134811401,
    -1.6451857089996338,
    -1.6495290994644165,
    -1.6539229154586792,
    -1.658316731452942,
    -1.6627105474472046,
    -1.6671943664550781
  ]
}