{
  "arm": 59,
  "p": 0.287,
  "q": 0.298,
  "whittle": [
    -2.1286189556121826,
    -2.1248440742492676,
    -2.1212477684020996,
    -2.1170127391815186,
    -2.112739324569702,
    -2.108031988143921,
    -2.103480577468872,
    -2.1001698970794678,
    -2.0986452102661133,
    -2.0971744060516357,
    -2.0956783294677734,
    -2.0938408374786377,
    -2.0914576053619385,
    -2.0889055728912354,
    -2.0860676765441895,
    -2.083345651626587,
    -2.0806567668914795,
    -2.0780415534973145,
    -2.075402021408081,
    -2.072443723678589,
    -2.068925619125366,
    -2.0638749599456787,
    -2.0614097118377686,
    -2.061166763305664,
    -2.0616395473480225,
    -2.0623040199279785,
    -2.0633716583251953,
    -2.0665202140808105,
    -2.0699243545532227,
    -2.072962522506714,
    -2.0754661560058594,
    -2.0756759643554688,
    -2.0760881900787354,
    -2.0769009590148926,
    -2.0777716636657715,
    -2.078979253768921,
    -2.0797269344329834,
    -2.078308343887329,
    -2.0783140659332275,
    -2.079488754272461,
    -2.080707311630249,
    -2.0821075439453125,
    -2.0844409465789795,
    -2.086441993713379,
    -2.0883185863494873,
    -2.091135025024414,
    -2.093928813934326,
    -2.096384286880493,
    -2.0994644165039062,
    -2.1020913124084473,
    -2.1042535305023193,
    -2.1064422130584717,
    -2.1090362071990967,
    -2.1121556758880615,
    -2.1165335178375244,
    -2.1209301948547363,
    -2.125483989715576,
    -2.1300315856933594,
    -2.133671760559082,
    -2.137009382247925,
    -2.1402688026428223,
    -2.144191265106201,
    -2.1480886936187744,
    -2.15177059173584,
    -2.1555893421173096,
    -2.1608328819274902,
    -2.165618419647217,
    -2.1700658798217773,
    -2.174759864807129,
    -2.1795856952667236,
    -2.18422269821167,
    -2.188365936279297,
    -2.1917989253997803,
    -2.195277452468872,
    -2.1986160278320312,
    -2.2012345790863037,
    -2.202502489089966,
    -2.2034223079681396,
    -2.204119920730591,
    -2.2051584720611572,
    -2.2071738243103027,
    -2.2093381881713867,
    -2.211453437805176,
    -2.2132818698883057,
    -2.21484112739563,
    -2.217603921890259,
    -2.220600128173828,
    -2.2235968112945557,
    -2.2264368534088135,
    -2.2291855812072754,
    -2.231776237487793,
    -2.234217405319214,
    -2.236689567565918,
    -2.2403573989868164,
    -2.2448792457580566,
    -2.249401092529297,
    -2.2541816234588623,
    -2.2591774463653564,
    -2.264960765838623,
    -2.2712955474853516
  ]
}