{
  "arm": 30,
  "p": 0.875,
  "q": 0.465,
  "whittle": [
    -1.8363581895828247,
    -1.8321788311004639,
    -1.8275823593139648,
    -1.822661280632019,
    -1.8175392150878906,
    -1.812248706817627,
    -1.8071352243423462,
    -1.8026089668273926,
    -1.7998207807540894,
    -1.7970592975616455,
    -1.7944691181182861,
    -1.791967511177063,
    -1.789095163345337,
    -1.7854617834091187,
    -1.7818877696990967,
    -1.7784743309020996,
    -1.7748688459396362,
    -1.7714695930480957,
    -1.7682690620422363,
    -1.76503586769104,
    -1.7612769603729248,
    -1.7564561367034912,
    -1.750612735748291,
    -1.7460452318191528,
    -1.741965413093567,
    -1.738257646560669,
    -1.7381653785705566,
    -1.7403112649917603,
    -1.7418863773345947,
    -1.7430592775344849,
    -1.74394690990448,
    -1.743397831916809,
    -1.7429585456848145,
    -1.7426128387451172,
    -1.7421815395355225,
    -1.7419711351394653,
    -1.7416807413101196,
    -1.7400327920913696,
    -1.7377508878707886,
    -1.7360610961914062,
    -1.7364799976348877,
    -1.7365167140960693,
    -1.7367430925369263,
    -1.7362629175186157,
    -1.7350255250930786,
    -1.7343759536743164,
    -1.7340641021728516,
    -1.7338024377822876,
    -1.7341768741607666,
    -1.735375165939331,
    -1.7361044883728027,
    -1.73688805103302,
    -1.738309621810913,
    -1.740148901939392,
    -1.7422047853469849,
    -1.7454997301101685,
    -1.7488316297531128,
    -1.7522921562194824,
    -1.755126953125,
    -1.757788062095642,
    -1.7603247165679932,
    -1.7628095149993896,
    -1.765639066696167,
    -1.76839280128479,
    -1.7709635496139526,
    -1.7737122774124146,
    -1.776063323020935,
    -1.7776541709899902,
    -1.780672550201416,
    -1.784179449081421,
    -1.787531852722168,
    -1.790476679801941,
    -1.7928998470306396,
    -1.7947988510131836,
    -1.7964529991149902,
    -1.7980546951293945,
    -1.7996371984481812,
    -1.8005425930023193,
    -1.80230712890625,
    -1.8043025732040405,
    -1.8059585094451904,
    -1.8074761629104614,
    -1.8088045120239258,
    -1.8098247051239014,
    -1.8107235431671143,
    -1.8126968145370483,
    -1.8147540092468262,
    -1.8168116807937622,
    -1.8187155723571777,
    -1.8206658363342285,
    -1.82254159450531,
    -1.824126958847046,
    -1.8263020515441895,
    -1.829333782196045,
    -1.8342266082763672,
    -1.8391317129135132,
    -1.8440368175506592,
    -1.8489418029785156,
    -1.853852391242981,
    -1.858911395072937
  ]
}