{
  "arm": 6,
  "p": 0.8,
  "q": 0.544,
  "whittle": [
    -1.7142255306243896,
    -1.71004056930542,
    -1.7056541442871094,
    -1.7006306648254395,
    -1.6953232288360596,
    -1.6894261837005615,
    -1.6830437183380127,
    -1.6770915985107422,
    -1.6734275817871094,
    -1.6700024604797363,
    -1.6665771007537842,
    -1.6633124351501465,
    -1.6605215072631836,
    -1.6564030647277832,
    -1.6522877216339111,
    -1.6486687660217285,
    -1.6450791358947754,
    -1.6413660049438477,
    -1.6376655101776123,
    -1.633939504623413,
    -1.6292576789855957,
    -1.6235215663909912,
    -1.617053747177124,
    -1.6115403175354004,
    -1.606898307800293,
    -1.6027357578277588,
    -1.598771333694458,
    -1.5962862968444824,
    -1.594724178314209,
    -1.5953216552734375,
    -1.594177007675171,
    -1.5903635025024414,
    -1.5872297286987305,
    -1.5850398540496826,
    -1.5835070610046387,
    -1.5825543403625488,
    -1.5810198783874512,
    -1.5788931846618652,
    -1.5759775638580322,
    -1.5734453201293945,
    -1.5714848041534424,
    -1.569610595703125,
    -1.5697453022003174,
    -1.5687665939331055,
    -1.5671288967132568,
    -1.566420316696167,
    -1.5657119750976562,
    -1.564239501953125,
    -1.5616743564605713,
    -1.5618839263916016,
    -1.5621874332427979,
    -1.562530755996704,
    -1.563384771347046,
    -1.565725564956665,
    -1.5685300827026367,
    -1.571397066116333,
    -1.5743072032928467,
    -1.5773272514343262,
    -1.5797622203826904,
    -1.5820069313049316,
    -1.5845017433166504,
    -1.5876636505126953,
    -1.5906944274902344,
    -1.5936729907989502,
    -1.5964949131011963,
    -1.5991227626800537,
    -1.6012341976165771,
    -1.6027350425720215,
    -1.6039137840270996,
    -1.6052570343017578,
    -1.607128381729126,
    -1.6097016334533691,
    -1.6114721298217773,
    -1.6132426261901855,
    -1.6151199340820312,
    -1.6170828342437744,
    -1.6190648078918457,
    -1.6218783855438232,
    -1.6238653659820557,
    -1.6255722045898438,
    -1.6269581317901611,
    -1.6282813549041748,
    -1.6295442581176758,
    -1.630553960800171,
    -1.6312730312347412,
    -1.6328108310699463,
    -1.6344265937805176,
    -1.6360201835632324,
    -1.6372382640838623,
    -1.6385419368743896,
    -1.640071153640747,
    -1.642045021057129,
    -1.6440186500549316,
    -1.6464307308197021,
    -1.6506659984588623,
    -1.6550159454345703,
    -1.6593661308288574,
    -1.6637160778045654,
    -1.6680667400360107,
    -1.6725192070007324
  ]
}