{
  "arm": 34,
  "p": 0.713,
  "q": 0.821,
  "whittle": [
    -2.064950942993164,
    -2.060960531234741,
    -2.0565695762634277,
    -2.052509307861328,
    -2.047764778137207,
    -2.0426292419433594,
    -2.037128210067749,
    -2.032890796661377,
    -2.030005693435669,
    -2.02783203125,
    -2.025932550430298,
    -2.0240373611450195,
    -2.021113634109497,
    -2.0180277824401855,
    -2.0148732662200928,
    -2.01163387298584,
    -2.0084879398345947,
    -2.0053422451019287,
    -2.002199649810791,
    -1.9990978240966797,
    -1.9954020977020264,
    -1.991411805152893,
    -1.9879239797592163,
    -1.9837726354599,
    -1.9828060865402222,
    -1.9829508066177368,
    -1.98435640335083,
    -1.986663818359375,
    -1.9890908002853394,
    -1.991050362586975,
    -1.9930572509765625,
    -1.9946916103363037,
    -1.996059536933899,
    -1.996544599533081,
    -1.9973098039627075,
    -1.997568130493164,
    -1.996020793914795,
    -1.9946379661560059,
    -1.9925122261047363,
    -1.9912129640579224,
    -1.9912337064743042,
    -1.9913345575332642,
    -1.9910609722137451,
    -1.9903393983840942,
    -1.989272117614746,
    -1.988878607749939,
    -1.9891754388809204,
    -1.990759253501892,
    -1.9910213947296143,
    -1.9908844232559204,
    -1.9913314580917358,
    -1.9924473762512207,
    -1.9939672946929932,
    -1.9961036443710327,
    -1.9985134601593018,
    -2.0008115768432617,
    -2.003146171569824,
    -2.0056002140045166,
    -2.0080111026763916,
    -2.0107414722442627,
    -2.0134801864624023,
    -2.0160818099975586,
    -2.0185792446136475,
    -2.020684242248535,
    -2.0225794315338135,
    -2.0246098041534424,
    -2.0260581970214844,
    -2.0276362895965576,
    -2.0296120643615723,
    -2.033151388168335,
    -2.0360922813415527,
    -2.039233922958374,
    -2.0409958362579346,
    -2.042724609375,
    -2.043984889984131,
    -2.0445351600646973,
    -2.0450761318206787,
    -2.0452914237976074,
    -2.0456666946411133,
    -2.046085834503174,
    -2.045907735824585,
    -2.0472593307495117,
    -2.048579454421997,
    -2.0498392581939697,
    -2.0511314868927,
    -2.053218126296997,
    -2.0553665161132812,
    -2.0575146675109863,
    -2.0595829486846924,
    -2.0614709854125977,
    -2.0632686614990234,
    -2.0650291442871094,
    -2.06689453125,
    -2.069063901901245,
    -2.073172092437744,
    -2.0772593021392822,
    -2.0813345909118652,
    -2.086620330810547,
    -2.091921091079712,
    -2.097349166870117
  ]
}