{
  "arm": 73,
  "p": 0.356,
  "q": 0.712,
  "whittle": [
    -2.160078525543213,
    -2.1559457778930664,
    -2.1520304679870605,
    -2.1481523513793945,
    -2.143786907196045,
    -2.138786792755127,
    -2.1341593265533447,
    -2.1305978298187256,
    -2.128431797027588,
    -2.1268630027770996,
    -2.1252949237823486,
    -2.1238012313842773,
    -2.121624708175659,
    -2.1190690994262695,
    -2.1162075996398926,
    -2.113205671310425,
    -2.110400438308716,
    -2.107595205307007,
    -2.104856252670288,
    -2.101980209350586,
    -2.098024845123291,
    -2.0940682888031006,
    -2.090569496154785,
    -2.089303731918335,
    -2.088697671890259,
    -2.0893595218658447,
    -2.0902578830718994,
    -2.092603921890259,
    -2.095397710800171,
    -2.0976061820983887,
    -2.0999159812927246,
    -2.101390838623047,
    -2.102668046951294,
    -2.103337526321411,
    -2.1040287017822266,
    -2.1046509742736816,
    -2.1033427715301514,
    -2.101888656616211,
    -2.0999324321746826,
    -2.098245620727539,
    -2.0984537601470947,
    -2.0986640453338623,
    -2.098076343536377,
    -2.097336530685425,
    -2.0955986976623535,
    -2.0976169109344482,
    -2.0999715328216553,
    -2.101726770401001,
    -2.1024138927459717,
    -2.102454900741577,
    -2.1035940647125244,
    -2.1048223972320557,
    -2.10673451423645,
    -2.1094045639038086,
    -2.1121528148651123,
    -2.1148667335510254,
    -2.117689847946167,
    -2.12056040763855,
    -2.1239993572235107,
    -2.127133846282959,
    -2.1304776668548584,
    -2.133470296859741,
    -2.136176824569702,
    -2.1387670040130615,
    -2.1414237022399902,
    -2.1445069313049316,
    -2.1471869945526123,
    -2.1498286724090576,
    -2.1536753177642822,
    -2.1577227115631104,
    -2.161876678466797,
    -2.166027784347534,
    -2.169041872024536,
    -2.172055721282959,
    -2.1745877265930176,
    -2.1763150691986084,
    -2.177356719970703,
    -2.1781318187713623,
    -2.178734540939331,
    -2.1790621280670166,
    -2.1791462898254395,
    -2.1803677082061768,
    -2.182039976119995,
    -2.1837387084960938,
    -2.185183525085449,
    -2.187591552734375,
    -2.1901659965515137,
    -2.1927404403686523,
    -2.1952502727508545,
    -2.197563409805298,
    -2.199751138687134,
    -2.201761245727539,
    -2.203852891921997,
    -2.206639289855957,
    -2.211036443710327,
    -2.2154431343078613,
    -2.219883918762207,
    -2.2246665954589844,
    -2.2302260398864746,
    -2.2363266944885254
  ]
}