{
  "arm": 67,
  "p": 0.206,
  "q": 0.772,
  "whittle": [
    -1.7292085886001587,
    -1.725070595741272,
    -1.7205342054367065,
    -1.7154064178466797,
    -1.7102566957473755,
    -1.7041337490081787,
    -1.6983460187911987,
    -1.6942626237869263,
    -1.6913089752197266,
    -1.6881592273712158,
    -1.6850098371505737,
    -1.6821588277816772,
    -1.6785212755203247,
    -1.6746705770492554,
    -1.6708316802978516,
    -1.6671007871627808,
    -1.6633869409561157,
    -1.6599737405776978,
    -1.6565607786178589,
    -1.653204083442688,
    -1.6488996744155884,
    -1.6436543464660645,
    -1.6378897428512573,
    -1.6336653232574463,
    -1.6296828985214233,
    -1.6261574029922485,
    -1.624841570854187,
    -1.6268553733825684,
    -1.6278307437896729,
    -1.6286389827728271,
    -1.6288386583328247,
    -1.62820565700531,
    -1.6269828081130981,
    -1.6264100074768066,
    -1.6258633136749268,
    -1.6254401206970215,
    -1.623803734779358,
    -1.621849536895752,
    -1.6192559003829956,
    -1.6171581745147705,
    -1.616243600845337,
    -1.6162750720977783,
    -1.6165342330932617,
    -1.615647315979004,
    -1.6137598752975464,
    -1.6131757497787476,
    -1.6126985549926758,
    -1.610996127128601,
    -1.610747218132019,
    -1.6116224527359009,
    -1.6121147871017456,
    -1.6126420497894287,
    -1.6135876178741455,
    -1.6157848834991455,
    -1.6186020374298096,
    -1.6215434074401855,
    -1.6246323585510254,
    -1.627794623374939,
    -1.6303720474243164,
    -1.6328418254852295,
    -1.635094165802002,
    -1.6372343301773071,
    -1.6398108005523682,
    -1.6422228813171387,
    -1.6445554494857788,
    -1.646590232849121,
    -1.6483502388000488,
    -1.649677038192749,
    -1.6508694887161255,
    -1.6524499654769897,
    -1.6554211378097534,
    -1.6579138040542603,
    -1.6591897010803223,
    -1.660274863243103,
    -1.6615408658981323,
    -1.6622248888015747,
    -1.6624938249588013,
    -1.6638075113296509,
    -1.6652803421020508,
    -1.6669073104858398,
    -1.6681934595108032,
    -1.6694345474243164,
    -1.6707080602645874,
    -1.671878457069397,
    -1.6728105545043945,
    -1.6743000745773315,
    -1.6759544610977173,
    -1.6776089668273926,
    -1.678850531578064,
    -1.6800408363342285,
    -1.6812551021575928,
    -1.6828930377960205,
    -1.6849673986434937,
    -1.6881593465805054,
    -1.692562222480774,
    -1.6969654560089111,
    -1.7013682126998901,
    -1.7057760953903198,
    -1.7102134227752686,
    -1.7147306203842163
  ]
}