{
  "arm": 37,
  "p": 0.412,
  "q": 0.673,
  "whittle": [
    -2.174227476119995,
    -2.170365333557129,
    -2.1665186882019043,
    -2.162910223007202,
    -2.15854811668396,
    -2.153599262237549,
    -2.1485214233398438,
    -2.1446471214294434,
    -2.1422104835510254,
    -2.140620470046997,
    -2.139037609100342,
    -2.137518882751465,
    -2.1351428031921387,
    -2.132564067840576,
    -2.129610061645508,
    -2.1265969276428223,
    -2.123774290084839,
    -2.1209516525268555,
    -2.118183135986328,
    -2.115335464477539,
    -2.111332416534424,
    -2.1073973178863525,
    -2.103815793991089,
    -2.1024675369262695,
    -2.1012918949127197,
    -2.101757764816284,
    -2.1026394367218018,
    -2.1046698093414307,
    -2.107679605484009,
    -2.109853982925415,
    -2.112152576446533,
    -2.113584518432617,
    -2.115739345550537,
    -2.1165049076080322,
    -2.1171276569366455,
    -2.1176185607910156,
    -2.116248369216919,
    -2.1147851943969727,
    -2.1127898693084717,
    -2.1110572814941406,
    -2.1103968620300293,
    -2.110546827316284,
    -2.109924077987671,
    -2.109342098236084,
    -2.1078507900238037,
    -2.109391689300537,
    -2.1116769313812256,
    -2.113384485244751,
    -2.1141891479492188,
    -2.1141130924224854,
    -2.115104913711548,
    -2.1162497997283936,
    -2.118173837661743,
    -2.120767593383789,
    -2.1234593391418457,
    -2.1260786056518555,
    -2.1287903785705566,
    -2.1315553188323975,
    -2.1347618103027344,
    -2.137765884399414,
    -2.1410884857177734,
    -2.143984794616699,
    -2.146705389022827,
    -2.149214267730713,
    -2.1518826484680176,
    -2.1543478965759277,
    -2.156926393508911,
    -2.1590845584869385,
    -2.1625494956970215,
    -2.16658878326416,
    -2.1706361770629883,
    -2.1745927333831787,
    -2.1768767833709717,
    -2.1788923740386963,
    -2.179865598678589,
    -2.180744171142578,
    -2.1816587448120117,
    -2.1822850704193115,
    -2.182795763015747,
    -2.1829285621643066,
    -2.1827495098114014,
    -2.1827263832092285,
    -2.184206485748291,
    -2.185758590698242,
    -2.1869771480560303,
    -2.1892659664154053,
    -2.1917166709899902,
    -2.1941683292388916,
    -2.196460723876953,
    -2.1986546516418457,
    -2.200721025466919,
    -2.202613115310669,
    -2.2045600414276123,
    -2.207315444946289,
    -2.2116012573242188,
    -2.2158873081207275,
    -2.220202922821045,
    -2.2246170043945312,
    -2.229454755783081,
    -2.2348527908325195
  ]
}