{
  "arm": 15,
  "p": 0.125,
  "q": 0.574,
  "whittle": [
    -1.9356334209442139,
    -1.9315083026885986,
    -1.9267786741256714,
    -1.9224096536636353,
    -1.9175060987472534,
    -1.91190505027771,
    -1.9064812660217285,
    -1.9023387432098389,
    -1.8998464345932007,
    -1.8974648714065552,
    -1.8953449726104736,
    -1.8931918144226074,
    -1.889790415763855,
    -1.8864496946334839,
    -1.8830912113189697,
    -1.8796038627624512,
    -1.8762191534042358,
    -1.8728657960891724,
    -1.869588851928711,
    -1.8662488460540771,
    -1.8617459535598755,
    -1.8568238019943237,
    -1.8507975339889526,
    -1.8466448783874512,
    -1.8425949811935425,
    -1.84084153175354,
    -1.841038703918457,
    -1.8427947759628296,
    -1.8449735641479492,
    -1.846730351448059,
    -1.847213864326477,
    -1.8472874164581299,
    -1.846875548362732,
    -1.8468419313430786,
    -1.8468263149261475,
    -1.8467774391174316,
    -1.8458210229873657,
    -1.8437625169754028,
    -1.8417208194732666,
    -1.840122938156128,
    -1.8407161235809326,
    -1.8411636352539062,
    -1.8414376974105835,
    -1.840760588645935,
    -1.8393254280090332,
    -1.8392654657363892,
    -1.8416403532028198,
    -1.843172311782837,
    -1.8451744318008423,
    -1.8464926481246948,
    -1.8474462032318115,
    -1.8486946821212769,
    -1.850509762763977,
    -1.853216290473938,
    -1.8567509651184082,
    -1.8603436946868896,
    -1.8640778064727783,
    -1.86789071559906,
    -1.870864748954773,
    -1.8739770650863647,
    -1.8767123222351074,
    -1.8802509307861328,
    -1.8835562467575073,
    -1.8867239952087402,
    -1.8898087739944458,
    -1.8925272226333618,
    -1.8949313163757324,
    -1.8968734741210938,
    -1.900330662727356,
    -1.9040266275405884,
    -1.9076167345046997,
    -1.9113250970840454,
    -1.91402006149292,
    -1.916727066040039,
    -1.9189411401748657,
    -1.920807123184204,
    -1.9226073026657104,
    -1.9229340553283691,
    -1.9244240522384644,
    -1.9265016317367554,
    -1.9280047416687012,
    -1.929404854774475,
    -1.9308031797409058,
    -1.9321306943893433,
    -1.9333173036575317,
    -1.9353100061416626,
    -1.9375108480453491,
    -1.9397112131118774,
    -1.9417177438735962,
    -1.9436535835266113,
    -1.9455246925354004,
    -1.9473273754119873,
    -1.9492579698562622,
    -1.9520618915557861,
    -1.9556723833084106,
    -1.960412859916687,
    -1.965653896331787,
    -1.9708943367004395,
    -1.976135015487671,
    -1.9814589023590088
  ]
}