{
  "arm": 32,
  "p": 0.513,
  "q": 0.288,
  "whittle": [
    -1.8951866626739502,
    -1.8908970355987549,
    -1.886073350906372,
    -1.8814036846160889,
    -1.8764300346374512,
    -1.8711907863616943,
    -1.866058588027954,
    -1.861663818359375,
    -1.8590021133422852,
    -1.8564763069152832,
    -1.854278564453125,
    -1.8520753383636475,
    -1.8490169048309326,
    -1.8455910682678223,
    -1.8421924114227295,
    -1.838728666305542,
    -1.8353023529052734,
    -1.831876277923584,
    -1.828474998474121,
    -1.8250072002410889,
    -1.8215019702911377,
    -1.8167543411254883,
    -1.8114724159240723,
    -1.8071625232696533,
    -1.8039896488189697,
    -1.804107427597046,
    -1.8050756454467773,
    -1.8074846267700195,
    -1.809621810913086,
    -1.8112053871154785,
    -1.8119993209838867,
    -1.8124363422393799,
    -1.812242031097412,
    -1.8120436668395996,
    -1.8119268417358398,
    -1.8122460842132568,
    -1.8111989498138428,
    -1.8093407154083252,
    -1.8072099685668945,
    -1.8062262535095215,
    -1.8068435192108154,
    -1.80698823928833,
    -1.8070635795593262,
    -1.8060896396636963,
    -1.8050212860107422,
    -1.8045275211334229,
    -1.8057072162628174,
    -1.8071997165679932,
    -1.8081557750701904,
    -1.8093845844268799,
    -1.8102443218231201,
    -1.8111286163330078,
    -1.8124206066131592,
    -1.8144829273223877,
    -1.8173110485076904,
    -1.8207483291625977,
    -1.8242990970611572,
    -1.8278777599334717,
    -1.8306629657745361,
    -1.8334791660308838,
    -1.8361012935638428,
    -1.8387231826782227,
    -1.8419690132141113,
    -1.8447885513305664,
    -1.8476722240447998,
    -1.8505659103393555,
    -1.8529472351074219,
    -1.8553032875061035,
    -1.8588299751281738,
    -1.8625152111053467,
    -1.8659987449645996,
    -1.869096040725708,
    -1.8714051246643066,
    -1.873220443725586,
    -1.8750171661376953,
    -1.876023769378662,
    -1.8762922286987305,
    -1.876441478729248,
    -1.8777337074279785,
    -1.879577875137329,
    -1.8812520503997803,
    -1.882584810256958,
    -1.8839733600616455,
    -1.884962558746338,
    -1.88576078414917,
    -1.8876936435699463,
    -1.8897924423217773,
    -1.8918914794921875,
    -1.8937926292419434,
    -1.8956928253173828,
    -1.8975255489349365,
    -1.899376630783081,
    -1.9012277126312256,
    -1.9040167331695557,
    -1.908686637878418,
    -1.913745403289795,
    -1.9188315868377686,
    -1.9239375591278076,
    -1.9290437698364258,
    -1.9342432022094727
  ]
}