{
  "arm": 55,
  "p": 0.188,
  "q": 0.653,
  "whittle": [
    -2.118830919265747,
    -2.114804267883301,
    -2.1109912395477295,
    -2.107060194015503,
    -2.102426528930664,
    -2.097101926803589,
    -2.0922842025756836,
    -2.0886192321777344,
    -2.086357355117798,
    -2.084336996078491,
    -2.0825178623199463,
    -2.0807242393493652,
    -2.0781047344207764,
    -2.075047016143799,
    -2.071932315826416,
    -2.0686211585998535,
    -2.0654826164245605,
    -2.062376022338867,
    -2.059296131134033,
    -2.056185483932495,
    -2.0519447326660156,
    -2.0475411415100098,
    -2.042367935180664,
    -2.038445472717285,
    -2.037045955657959,
    -2.0365610122680664,
    -2.0369200706481934,
    -2.0386641025543213,
    -2.0412280559539795,
    -2.0430908203125,
    -2.0446019172668457,
    -2.0458669662475586,
    -2.0477561950683594,
    -2.0476951599121094,
    -2.0480711460113525,
    -2.0485360622406006,
    -2.0469372272491455,
    -2.044889211654663,
    -2.0426714420318604,
    -2.0405521392822266,
    -2.0403566360473633,
    -2.0405871868133545,
    -2.039957284927368,
    -2.0390758514404297,
    -2.037997007369995,
    -2.0375421047210693,
    -2.0395171642303467,
    -2.0406694412231445,
    -2.040801525115967,
    -2.040330648422241,
    -2.040513038635254,
    -2.0411386489868164,
    -2.042135238647461,
    -2.044104814529419,
    -2.046447277069092,
    -2.0486819744110107,
    -2.0510098934173584,
    -2.053386688232422,
    -2.054912567138672,
    -2.0577104091644287,
    -2.0604512691497803,
    -2.0629429817199707,
    -2.06498122215271,
    -2.067093849182129,
    -2.069283962249756,
    -2.0710508823394775,
    -2.0725691318511963,
    -2.0744433403015137,
    -2.0761067867279053,
    -2.0795321464538574,
    -2.0824735164642334,
    -2.0855164527893066,
    -2.0871682167053223,
    -2.0872321128845215,
    -2.087362289428711,
    -2.0875394344329834,
    -2.0877161026000977,
    -2.087923049926758,
    -2.08807635307312,
    -2.08805513381958,
    -2.087564706802368,
    -2.0875608921051025,
    -2.088750123977661,
    -2.089848041534424,
    -2.090785264968872,
    -2.0926191806793213,
    -2.094667911529541,
    -2.09671688079834,
    -2.0987653732299805,
    -2.100694417953491,
    -2.1023616790771484,
    -2.1038589477539062,
    -2.1054344177246094,
    -2.107962131500244,
    -2.112010955810547,
    -2.1160593032836914,
    -2.1200480461120605,
    -2.124210834503174,
    -2.129068613052368,
    -2.1344165802001953
  ]
}