{
  "arm": 51,
  "p": 0.238,
  "q": 0.614,
  "whittle": [
    -1.7146307229995728,
    -1.7105343341827393,
    -1.706095814704895,
    -1.701135277748108,
    -1.6959892511367798,
    -1.68977952003479,
    -1.6836531162261963,
    -1.6778253316879272,
    -1.6745328903198242,
    -1.6711978912353516,
    -1.6678578853607178,
    -1.6647144556045532,
    -1.6611801385879517,
    -1.657135009765625,
    -1.653097152709961,
    -1.6491810083389282,
    -1.6452419757843018,
    -1.6414891481399536,
    -1.6378754377365112,
    -1.6342517137527466,
    -1.6290186643600464,
    -1.6234312057495117,
    -1.6166439056396484,
    -1.6115854978561401,
    -1.6072347164154053,
    -1.6031503677368164,
    -1.599417805671692,
    -1.5981159210205078,
    -1.5992265939712524,
    -1.599840760231018,
    -1.5994205474853516,
    -1.5978790521621704,
    -1.5961177349090576,
    -1.595153570175171,
    -1.5945159196853638,
    -1.5939509868621826,
    -1.592354416847229,
    -1.5896278619766235,
    -1.5865092277526855,
    -1.5845286846160889,
    -1.582889199256897,
    -1.58274507522583,
    -1.5829287767410278,
    -1.5819339752197266,
    -1.580079197883606,
    -1.5795029401779175,
    -1.5788191556930542,
    -1.5768250226974487,
    -1.5760191679000854,
    -1.5767852067947388,
    -1.5772125720977783,
    -1.5776678323745728,
    -1.5783839225769043,
    -1.5806180238723755,
    -1.5831153392791748,
    -1.5860377550125122,
    -1.589093565940857,
    -1.592232584953308,
    -1.5946584939956665,
    -1.597139596939087,
    -1.5993958711624146,
    -1.6023799180984497,
    -1.6055010557174683,
    -1.608333945274353,
    -1.6108812093734741,
    -1.6130210161209106,
    -1.6148308515548706,
    -1.6162017583847046,
    -1.6174263954162598,
    -1.6198369264602661,
    -1.6228201389312744,
    -1.6257895231246948,
    -1.627427577972412,
    -1.6285239458084106,
    -1.6298072338104248,
    -1.63118314743042,
    -1.6332018375396729,
    -1.63497793674469,
    -1.6365126371383667,
    -1.6378717422485352,
    -1.639206051826477,
    -1.640492558479309,
    -1.6418064832687378,
    -1.6430048942565918,
    -1.6439518928527832,
    -1.6454824209213257,
    -1.6471790075302124,
    -1.648755669593811,
    -1.6500533819198608,
    -1.6512850522994995,
    -1.6528500318527222,
    -1.6548864841461182,
    -1.6569689512252808,
    -1.6602882146835327,
    -1.6646736860275269,
    -1.6690963506698608,
    -1.6735187768936157,
    -1.6779414415359497,
    -1.6823641061782837,
    -1.6868648529052734
  ]
}