{
  "theta0": 6.666666666666666,
  "theta1": 0.6444444444444445,
  "theta2": 0.0,
  "whittle": [
    -0.440435528755188,
    1.5694780349731445,
    3.341721296310425,
    4.167380332946777,
    4.720383644104004,
    5.155905723571777,
    5.384638786315918,
    5.276524543762207,
    4.902303218841553,
    4.423530101776123,
    3.987316608428955,
    3.7314035892486572,
    3.579538583755493,
    3.5021212100982666,
    3.4659414291381836,
    3.4728593826293945,
    3.4818007946014404,
    3.488581895828247,
    3.5007083415985107,
    3.5166711807250977,
    3.536343574523926,
    3.557551383972168,
    3.5800325870513916,
    3.6021463871002197,
    3.620896100997925,
    3.6378161907196045,
    3.654735565185547,
    3.67155385017395,
    3.688307523727417,
    3.705061674118042,
    3.721815824508667,
    3.7365877628326416,
    3.7513675689697266,
    3.768467903137207,
    3.785569190979004,
    3.802670478820801,
    3.8197708129882812,
    3.836871385574341,
    3.8539979457855225,
    3.871286392211914,
    3.888575792312622,
    3.9060139656066895,
    3.924182415008545,
    3.941873073577881,
    3.956310272216797,
    3.9707465171813965,
    3.9851837158203125,
    3.999619483947754,
    4.0140180587768555,
    4.028383731842041,
    4.03870153427124,
    4.043790817260742,
    4.0480265617370605,
    4.0505805015563965,
    4.0501813888549805,
    4.049782752990723,
    4.0454421043396,
    4.03636360168457,
    4.026654243469238,
    4.016933917999268,
    4.0071024894714355,
    3.9972729682922363,
    3.9874067306518555,
    3.9774560928344727,
    3.9675064086914062,
    3.9575555324554443,
    3.947627544403076,
    3.9377031326293945,
    3.9277777671813965,
    3.9177937507629395,
    3.9076895713806152,
    3.8975863456726074,
    3.8874824047088623,
    3.877377986907959,
    3.867274522781372,
    3.8571701049804688,
    3.8470664024353027,
    3.8369624614715576,
    3.8268582820892334,
    3.816826581954956,
    3.8068461418151855,
    3.7968647480010986,
    3.7868852615356445,
    3.7769038677215576,
    3.766923427581787,
    3.7569429874420166,
    3.746962070465088,
    3.73698091506958,
    3.7270007133483887,
    3.7170205116271973,
    3.7070395946502686,
    3.69705867767334,
    3.6870779991149902,
    3.6770970821380615,
    3.667116403579712,
    3.657135486602783,
    3.64715576171875,
    3.6371748447418213,
    3.6271939277648926,
    3.6172142028808594
  ]
}