{
  "theta0": 6.111111111111111,
  "theta1": 0.2,
  "theta2": 0.0,
  "whittle": [
    -1.8813912868499756,
    -0.03728611767292023,
    1.8064398765563965,
    2.613316774368286,
    3.145688772201538,
    3.603945732116699,
    3.839099645614624,
    3.7062973976135254,
    3.482018232345581,
    3.2471835613250732,
    3.112502336502075,
    3.0400733947753906,
    3.0001213550567627,
    3.006287097930908,
    3.0182974338531494,
    3.033661127090454,
    3.0526349544525146,
    3.0713846683502197,
    3.0905730724334717,
    3.1116018295288086,
    3.1317262649536133,
    3.1523115634918213,
    3.171267032623291,
    3.1884632110595703,
    3.2056591510772705,
    3.222809076309204,
    3.2399485111236572,
    3.2570881843566895,
    3.2742273807525635,
    3.2925121784210205,
    3.3103203773498535,
    3.327636480331421,
    3.3447110652923584,
    3.361891746520996,
    3.379180908203125,
    3.3967795372009277,
    3.414236545562744,
    3.4320907592773438,
    3.4484856128692627,
    3.4632818698883057,
    3.4780778884887695,
    3.4927971363067627,
    3.5074548721313477,
    3.521819591522217,
    3.5358469486236572,
    3.5453131198883057,
    3.554875373840332,
    3.564439058303833,
    3.5718626976013184,
    3.5775914192199707,
    3.583320379257202,
    3.5844733715057373,
    3.5785868167877197,
    3.570065498352051,
    3.561544418334961,
    3.55302357673645,
    3.5441761016845703,
    3.534762382507324,
    3.5249311923980713,
    3.5151004791259766,
    3.505269765853882,
    3.4954395294189453,
    3.4856090545654297,
    3.4756834506988525,
    3.4655959606170654,
    3.4554660320281982,
    3.4453375339508057,
    3.4352076053619385,
    3.4250776767730713,
    3.4149484634399414,
    3.404819965362549,
    3.3948118686676025,
    3.384831666946411,
    3.3748512268066406,
    3.3648695945739746,
    3.3548905849456787,
    3.344909429550171,
    3.334928035736084,
    3.3249478340148926,
    3.3149662017822266,
    3.3049864768981934,
    3.2950057983398438,
    3.285024642944336,
    3.2750446796417236,
    3.265063762664795,
    3.255082845687866,
    3.2451016902923584,
    3.235121250152588,
    3.2251408100128174,
    3.215161085128784,
    3.2051804065704346,
    3.195199489593506,
    3.185218572616577,
    3.175292730331421,
    3.1654903888702393,
    3.1556880474090576,
    3.145887613296509,
    3.1360864639282227,
    3.1262848377227783,
    3.116591215133667
  ]
}