{
  "theta0": 9.444444444444445,
  "theta1": 0.6444444444444445,
  "theta2": 0.0,
  "whittle": [
    -0.7367175221443176,
    1.187894344329834,
    3.315143346786499,
    5.180194854736328,
    6.0542449951171875,
    6.710931301116943,
    7.246620178222656,
    7.739542484283447,
    8.133886337280273,
    8.246526718139648,
    8.10244369506836,
    7.686826705932617,
    7.192579746246338,
    6.682636737823486,
    6.213509559631348,
    5.8267741203308105,
    5.565800666809082,
    5.3757758140563965,
    5.242284774780273,
    5.1673994064331055,
    5.120642185211182,
    5.091822147369385,
    5.091932773590088,
    5.097110748291016,
    5.105990409851074,
    5.117840766906738,
    5.133886337280273,
    5.148824691772461,
    5.165301322937012,
    5.185266971588135,
    5.205233573913574,
    5.225905418395996,
    5.250305652618408,
    5.269539833068848,
    5.287380695343018,
    5.3052215576171875,
    5.323061466217041,
    5.340867042541504,
    5.358539581298828,
    5.376079559326172,
    5.392833709716797,
    5.409587383270264,
    5.426342010498047,
    5.443094730377197,
    5.459849834442139,
    5.47550106048584,
    5.49012565612793,
    5.5047502517700195,
    5.519540786743164,
    5.536642551422119,
    5.553471565246582,
    5.570281982421875,
    5.587091445922852,
    5.603902339935303,
    5.620780944824219,
    5.637941360473633,
    5.654940605163574,
    5.671938896179199,
    5.68893575668335,
    5.705934047698975,
    5.722931861877441,
    5.740786075592041,
    5.758807182312012,
    5.776828765869141,
    5.791271209716797,
    5.805579662322998,
    5.819888591766357,
    5.83420467376709,
    5.847484111785889,
    5.857248783111572,
    5.867013931274414,
    5.8766350746154785,
    5.8860650062561035,
    5.890532493591309,
    5.894768714904785,
    5.899004936218262,
    5.901096343994141,
    5.89906120300293,
    5.897026062011719,
    5.893307209014893,
    5.88438081741333,
    5.874802112579346,
    5.86497163772583,
    5.855142116546631,
    5.845312595367432,
    5.835427761077881,
    5.825477600097656,
    5.815526008605957,
    5.805576801300049,
    5.79564905166626,
    5.7857255935668945,
    5.7758002281188965,
    5.765873908996582,
    5.7559494972229,
    5.746023178100586,
    5.736007213592529,
    5.725903511047363,
    5.715799808502197,
    5.705694198608398,
    5.695591449737549
  ]
}