{
  "theta0": 6.111111111111111,
  "theta1": 0.9111111111111112,
  "theta2": 0.0,
  "whittle": [
    0.6101647019386292,
    2.62209415435791,
    3.9197428226470947,
    4.6547770500183105,
    5.116415977478027,
    5.353175163269043,
    5.30979585647583,
    4.946326732635498,
    4.448558807373047,
    3.9701523780822754,
    3.5895426273345947,
    3.387070894241333,
    3.276545286178589,
    3.2224483489990234,
    3.221160411834717,
    3.2275447845458984,
    3.235595464706421,
    3.2480854988098145,
    3.266843318939209,
    3.28691029548645,
    3.3104159832000732,
    3.331289768218994,
    3.352724552154541,
    3.371083974838257,
    3.3880038261413574,
    3.4048221111297607,
    3.4215762615203857,
    3.43621826171875,
    3.4508426189422607,
    3.4657840728759766,
    3.482884407043457,
    3.499985456466675,
    3.5170865058898926,
    3.53413987159729,
    3.551093339920044,
    3.568209171295166,
    3.5855281352996826,
    3.60270619392395,
    3.620661735534668,
    3.6388304233551025,
    3.6558034420013428,
    3.6702401638031006,
    3.6846771240234375,
    3.699113607406616,
    3.713549852371216,
    3.727199077606201,
    3.7362308502197266,
    3.736518621444702,
    3.7348709106445312,
    3.7342357635498047,
    3.733205795288086,
    3.731506824493408,
    3.722588300704956,
    3.7128782272338867,
    3.7031686305999756,
    3.6934664249420166,
    3.6836040019989014,
    3.6736795902252197,
    3.66375470161438,
    3.6538290977478027,
    3.643904447555542,
    3.633979082107544,
    3.624053716659546,
    3.614128828048706,
    3.6041457653045654,
    3.5940423011779785,
    3.5839381217956543,
    3.57383394241333,
    3.5637307167053223,
    3.5536270141601562,
    3.543522357940674,
    3.5334181785583496,
    3.5233399868011475,
    3.5133590698242188,
    3.50337815284729,
    3.4933974742889404,
    3.483417510986328,
    3.4734363555908203,
    3.463456392288208,
    3.453474521636963,
    3.4434945583343506,
    3.433513879776001,
    3.4235329627990723,
    3.413552761077881,
    3.403571367263794,
    3.39359188079834,
    3.383610963821411,
    3.3736298084259033,
    3.36365008354187,
    3.353668689727783,
    3.3436882495880127,
    3.333706855773926,
    3.323725700378418,
    3.3137450218200684,
    3.303764581680298,
    3.293821334838867,
    3.284020185470581,
    3.2742207050323486,
    3.2644176483154297,
    3.2546164989471436
  ]
}