{
  "arm": 81,
  "p": 0.331,
  "q": 0.37,
  "whittle": [
    -1.7315248250961304,
    -1.7274219989776611,
    -1.7230520248413086,
    -1.7180511951446533,
    -1.7132718563079834,
    -1.7072815895080566,
    -1.7011398077011108,
    -1.6961891651153564,
    -1.6929372549057007,
    -1.6896071434020996,
    -1.6862479448318481,
    -1.6831905841827393,
    -1.680307388305664,
    -1.67625093460083,
    -1.6721982955932617,
    -1.668311595916748,
    -1.6644233465194702,
    -1.6605116128921509,
    -1.656869888305664,
    -1.652974247932434,
    -1.6477344036102295,
    -1.6418235301971436,
    -1.635410189628601,
    -1.6290662288665771,
    -1.6244608163833618,
    -1.6201086044311523,
    -1.6160341501235962,
    -1.6124646663665771,
    -1.6112289428710938,
    -1.6117362976074219,
    -1.6107172966003418,
    -1.6069778203964233,
    -1.6045572757720947,
    -1.6035183668136597,
    -1.602921485900879,
    -1.6023802757263184,
    -1.6014587879180908,
    -1.5985554456710815,
    -1.5954214334487915,
    -1.5936025381088257,
    -1.5926198959350586,
    -1.593267560005188,
    -1.5936764478683472,
    -1.5924749374389648,
    -1.5908317565917969,
    -1.5902252197265625,
    -1.589699149131775,
    -1.5881456136703491,
    -1.5894145965576172,
    -1.5902156829833984,
    -1.5907061100006104,
    -1.591214895248413,
    -1.5927931070327759,
    -1.5955368280410767,
    -1.5985002517700195,
    -1.6015338897705078,
    -1.6047120094299316,
    -1.60788893699646,
    -1.6103050708770752,
    -1.6128716468811035,
    -1.616576910018921,
    -1.619791865348816,
    -1.6229852437973022,
    -1.626145362854004,
    -1.6289697885513306,
    -1.6317235231399536,
    -1.633707046508789,
    -1.6354825496673584,
    -1.6368613243103027,
    -1.6390628814697266,
    -1.6421135663986206,
    -1.6448485851287842,
    -1.6467574834823608,
    -1.6486965417861938,
    -1.6500542163848877,
    -1.6514263153076172,
    -1.653436303138733,
    -1.6550573110580444,
    -1.6566483974456787,
    -1.657971739768982,
    -1.6589807271957397,
    -1.6602712869644165,
    -1.6616120338439941,
    -1.6626489162445068,
    -1.6634045839309692,
    -1.6649492979049683,
    -1.6666667461395264,
    -1.6682945489883423,
    -1.6695852279663086,
    -1.6709102392196655,
    -1.6722086668014526,
    -1.6738834381103516,
    -1.6759628057479858,
    -1.6790523529052734,
    -1.6830534934997559,
    -1.6874231100082397,
    -1.6918962001800537,
    -1.6963695287704468,
    -1.700842261314392,
    -1.7054075002670288
  ]
}