{
  "arm": 82,
  "p": 0.731,
  "q": 0.637,
  "whittle": [
    -1.7447251081466675,
    -1.7404898405075073,
    -1.7358952760696411,
    -1.7307796478271484,
    -1.7253268957138062,
    -1.7194664478302002,
    -1.713226079940796,
    -1.708229422569275,
    -1.7050094604492188,
    -1.7017097473144531,
    -1.698409914970398,
    -1.6954867839813232,
    -1.6915868520736694,
    -1.687589168548584,
    -1.6835951805114746,
    -1.6798357963562012,
    -1.676131248474121,
    -1.6725553274154663,
    -1.668989658355713,
    -1.6654744148254395,
    -1.660996675491333,
    -1.6550920009613037,
    -1.648409366607666,
    -1.6435455083847046,
    -1.6393269300460815,
    -1.6352941989898682,
    -1.632541298866272,
    -1.632734775543213,
    -1.6338750123977661,
    -1.6346172094345093,
    -1.6349973678588867,
    -1.6335039138793945,
    -1.6317919492721558,
    -1.6311135292053223,
    -1.6303470134735107,
    -1.6295799016952515,
    -1.6279762983322144,
    -1.6261680126190186,
    -1.6235356330871582,
    -1.6215072870254517,
    -1.6208651065826416,
    -1.6206635236740112,
    -1.620950698852539,
    -1.6201786994934082,
    -1.6184413433074951,
    -1.6178994178771973,
    -1.6173573732376099,
    -1.616129994392395,
    -1.6159240007400513,
    -1.6168242692947388,
    -1.6172585487365723,
    -1.6177352666854858,
    -1.6186655759811401,
    -1.62094247341156,
    -1.6236871480941772,
    -1.6266201734542847,
    -1.6295993328094482,
    -1.6327053308486938,
    -1.6352839469909668,
    -1.6376093626022339,
    -1.6398433446884155,
    -1.6420706510543823,
    -1.6449124813079834,
    -1.6474244594573975,
    -1.6496291160583496,
    -1.6520047187805176,
    -1.6537728309631348,
    -1.6550853252410889,
    -1.6563206911087036,
    -1.657711386680603,
    -1.6604845523834229,
    -1.6632932424545288,
    -1.6645289659500122,
    -1.6655827760696411,
    -1.6668235063552856,
    -1.6680532693862915,
    -1.6699044704437256,
    -1.6724821329116821,
    -1.6737825870513916,
    -1.6755108833312988,
    -1.6769118309020996,
    -1.6782387495040894,
    -1.6795496940612793,
    -1.680420160293579,
    -1.6812121868133545,
    -1.6828001737594604,
    -1.6844604015350342,
    -1.686018943786621,
    -1.687224268913269,
    -1.688478708267212,
    -1.6897276639938354,
    -1.6916013956069946,
    -1.6936280727386475,
    -1.6963151693344116,
    -1.7007482051849365,
    -1.7051812410354614,
    -1.7096140384674072,
    -1.714046835899353,
    -1.718512773513794,
    -1.7230808734893799
  ]
}