{
  "arm": 54,
  "p": 0.838,
  "q": 0.386,
  "whittle": [
    -1.8440345525741577,
    -1.8401294946670532,
    -1.835755705833435,
    -1.8307981491088867,
    -1.8258997201919556,
    -1.8203986883163452,
    -1.8146222829818726,
    -1.8099157810211182,
    -1.8068491220474243,
    -1.8038667440414429,
    -1.8009430170059204,
    -1.7982193231582642,
    -1.795709490776062,
    -1.7923741340637207,
    -1.7885463237762451,
    -1.7848541736602783,
    -1.780991792678833,
    -1.7771292924880981,
    -1.7732669115066528,
    -1.769407868385315,
    -1.7652446031570435,
    -1.7593072652816772,
    -1.7530215978622437,
    -1.7467412948608398,
    -1.7420587539672852,
    -1.7376337051391602,
    -1.7336089611053467,
    -1.7305728197097778,
    -1.7305824756622314,
    -1.7309011220932007,
    -1.7288758754730225,
    -1.7252148389816284,
    -1.7221426963806152,
    -1.7199077606201172,
    -1.7189524173736572,
    -1.7183074951171875,
    -1.7171387672424316,
    -1.7146501541137695,
    -1.7121111154556274,
    -1.7097012996673584,
    -1.7078486680984497,
    -1.7064354419708252,
    -1.706852912902832,
    -1.7062337398529053,
    -1.7048290967941284,
    -1.7039541006088257,
    -1.7033523321151733,
    -1.7047038078308105,
    -1.705337405204773,
    -1.7065318822860718,
    -1.7072365283966064,
    -1.7080111503601074,
    -1.7096251249313354,
    -1.7127457857131958,
    -1.7158504724502563,
    -1.7190059423446655,
    -1.7222082614898682,
    -1.7255054712295532,
    -1.7281438112258911,
    -1.7307016849517822,
    -1.7345269918441772,
    -1.7382563352584839,
    -1.7412761449813843,
    -1.744004249572754,
    -1.7467780113220215,
    -1.7497121095657349,
    -1.752219557762146,
    -1.7541453838348389,
    -1.7556689977645874,
    -1.7590547800064087,
    -1.7622572183609009,
    -1.7649970054626465,
    -1.7672533988952637,
    -1.7695765495300293,
    -1.7718456983566284,
    -1.7741836309432983,
    -1.7754064798355103,
    -1.7755786180496216,
    -1.7769070863723755,
    -1.7786359786987305,
    -1.7801363468170166,
    -1.781596302986145,
    -1.7828660011291504,
    -1.7837345600128174,
    -1.7844456434249878,
    -1.7862564325332642,
    -1.788152813911438,
    -1.7900493144989014,
    -1.7918041944503784,
    -1.793526291847229,
    -1.7952098846435547,
    -1.7965830564498901,
    -1.797958254814148,
    -1.8005725145339966,
    -1.8047229051589966,
    -1.8091591596603394,
    -1.813908576965332,
    -1.8186579942703247,
    -1.823440670967102,
    -1.8283370733261108
  ]
}