{
  "arm": 95,
  "p": 0.119,
  "q": 0.311,
  "whittle": [
    -1.6185581684112549,
    -1.614197850227356,
    -1.6097838878631592,
    -1.604280710220337,
    -1.5981162786483765,
    -1.5919132232666016,
    -1.5857162475585938,
    -1.5802339315414429,
    -1.5769670009613037,
    -1.573595404624939,
    -1.570164442062378,
    -1.5665816068649292,
    -1.5624053478240967,
    -1.5582860708236694,
    -1.5541728734970093,
    -1.5506292581558228,
    -1.546908974647522,
    -1.5432387590408325,
    -1.539597511291504,
    -1.5359708070755005,
    -1.530903697013855,
    -1.5251706838607788,
    -1.519010066986084,
    -1.5145419836044312,
    -1.5103813409805298,
    -1.5064345598220825,
    -1.5042004585266113,
    -1.5036145448684692,
    -1.5047907829284668,
    -1.505228042602539,
    -1.5046533346176147,
    -1.5020625591278076,
    -1.5002778768539429,
    -1.499254822731018,
    -1.4986885786056519,
    -1.4981756210327148,
    -1.4972716569900513,
    -1.4945358037948608,
    -1.4919567108154297,
    -1.490181565284729,
    -1.4884569644927979,
    -1.4883239269256592,
    -1.4882405996322632,
    -1.4875363111495972,
    -1.4863770008087158,
    -1.4858441352844238,
    -1.4847275018692017,
    -1.4837285280227661,
    -1.484006643295288,
    -1.484800100326538,
    -1.4853525161743164,
    -1.4872738122940063,
    -1.48953115940094,
    -1.4921220541000366,
    -1.4949944019317627,
    -1.4980602264404297,
    -1.5012789964675903,
    -1.504359483718872,
    -1.5068402290344238,
    -1.5102349519729614,
    -1.5134899616241455,
    -1.5167450904846191,
    -1.5199662446975708,
    -1.5228214263916016,
    -1.5252891778945923,
    -1.5276260375976562,
    -1.529508352279663,
    -1.5309237241744995,
    -1.5323891639709473,
    -1.535581111907959,
    -1.5385640859603882,
    -1.5412614345550537,
    -1.5432196855545044,
    -1.5447973012924194,
    -1.546950101852417,
    -1.5498818159103394,
    -1.5533651113510132,
    -1.5565851926803589,
    -1.5583440065383911,
    -1.5597245693206787,
    -1.560889720916748,
    -1.562306523323059,
    -1.5636610984802246,
    -1.5647999048233032,
    -1.5656613111495972,
    -1.5671992301940918,
    -1.5687730312347412,
    -1.5701618194580078,
    -1.5714186429977417,
    -1.5733693838119507,
    -1.5754413604736328,
    -1.5775331258773804,
    -1.580000877380371,
    -1.5839934349060059,
    -1.5883816480636597,
    -1.592769980430603,
    -1.5971581935882568,
    -1.6015466451644897,
    -1.6059346199035645,
    -1.610417127609253
  ]
}