{
  "arm": 0,
  "p": 0.5,
  "q": 0.367,
  "whittle": [
    -1.9560229778289795,
    -1.951783537864685,
    -1.9473768472671509,
    -1.943240761756897,
    -1.938364028930664,
    -1.934097409248352,
    -1.9297798871994019,
    -1.9255796670913696,
    -1.923241138458252,
    -1.920727014541626,
    -1.9186139106750488,
    -1.9163824319839478,
    -1.9132380485534668,
    -1.9098753929138184,
    -1.906522512435913,
    -1.903085470199585,
    -1.8997200727462769,
    -1.8963547945022583,
    -1.8929893970489502,
    -1.889593243598938,
    -1.885956048965454,
    -1.8815443515777588,
    -1.8773714303970337,
    -1.8730602264404297,
    -1.8697372674942017,
    -1.869670033454895,
    -1.8707226514816284,
    -1.8727947473526,
    -1.874961018562317,
    -1.876600980758667,
    -1.8774447441101074,
    -1.8777861595153809,
    -1.8780040740966797,
    -1.8777637481689453,
    -1.8781887292861938,
    -1.8785831928253174,
    -1.8779594898223877,
    -1.876068115234375,
    -1.87384033203125,
    -1.8722844123840332,
    -1.8721776008605957,
    -1.872288465499878,
    -1.872302770614624,
    -1.8716403245925903,
    -1.8704458475112915,
    -1.8698984384536743,
    -1.8693512678146362,
    -1.8703372478485107,
    -1.8707913160324097,
    -1.870578646659851,
    -1.8710545301437378,
    -1.8719228506088257,
    -1.8730061054229736,
    -1.875080943107605,
    -1.8773506879806519,
    -1.8795562982559204,
    -1.8818199634552002,
    -1.885122537612915,
    -1.8877465724945068,
    -1.890393853187561,
    -1.8933016061782837,
    -1.8957750797271729,
    -1.898292899131775,
    -1.9004813432693481,
    -1.9024873971939087,
    -1.9050695896148682,
    -1.9072946310043335,
    -1.9091534614562988,
    -1.910771131515503,
    -1.9138429164886475,
    -1.9171897172927856,
    -1.9197295904159546,
    -1.92137610912323,
    -1.9230378866195679,
    -1.9247666597366333,
    -1.925962209701538,
    -1.926473617553711,
    -1.9270237684249878,
    -1.927456259727478,
    -1.927903652191162,
    -1.9291863441467285,
    -1.9303662776947021,
    -1.931605339050293,
    -1.9325146675109863,
    -1.933201789855957,
    -1.9350237846374512,
    -1.9370129108428955,
    -1.9390020370483398,
    -1.940783977508545,
    -1.9425076246261597,
    -1.9441183805465698,
    -1.945876955986023,
    -1.9478323459625244,
    -1.9505032300949097,
    -1.9542417526245117,
    -1.958937644958496,
    -1.963961124420166,
    -1.968984603881836,
    -1.9740393161773682,
    -1.9791923761367798
  ]
}