{
  "arm": 41,
  "p": 0.363,
  "q": 0.317,
  "whittle": [
    -1.8369197845458984,
    -1.832841396331787,
    -1.8281666040420532,
    -1.8234169483184814,
    -1.818450689315796,
    -1.8130061626434326,
    -1.8071215152740479,
    -1.8024849891662598,
    -1.7992326021194458,
    -1.7959259748458862,
    -1.7925965785980225,
    -1.789462924003601,
    -1.7862129211425781,
    -1.7821756601333618,
    -1.7781506776809692,
    -1.7742372751235962,
    -1.770182490348816,
    -1.766120433807373,
    -1.7620702981948853,
    -1.758345365524292,
    -1.754075288772583,
    -1.7484012842178345,
    -1.7415114641189575,
    -1.735901117324829,
    -1.7314656972885132,
    -1.7270517349243164,
    -1.7228766679763794,
    -1.7212774753570557,
    -1.7221553325653076,
    -1.7224678993225098,
    -1.7219403982162476,
    -1.7207982540130615,
    -1.7190319299697876,
    -1.7176377773284912,
    -1.7167505025863647,
    -1.7159008979797363,
    -1.7137175798416138,
    -1.710005760192871,
    -1.707007646560669,
    -1.7042523622512817,
    -1.7017822265625,
    -1.6996010541915894,
    -1.6983758211135864,
    -1.697243094444275,
    -1.695522665977478,
    -1.6942312717437744,
    -1.6929651498794556,
    -1.6909960508346558,
    -1.6879464387893677,
    -1.6857643127441406,
    -1.6857563257217407,
    -1.6857856512069702,
    -1.685920000076294,
    -1.686638355255127,
    -1.6875486373901367,
    -1.6887288093566895,
    -1.6907545328140259,
    -1.6933062076568604,
    -1.6951820850372314,
    -1.6972094774246216,
    -1.6995948553085327,
    -1.7015392780303955,
    -1.7033004760742188,
    -1.7051903009414673,
    -1.707615852355957,
    -1.7098960876464844,
    -1.71132230758667,
    -1.7127457857131958,
    -1.7137054204940796,
    -1.7146179676055908,
    -1.7150520086288452,
    -1.7157326936721802,
    -1.7164450883865356,
    -1.7164689302444458,
    -1.7157232761383057,
    -1.714977502822876,
    -1.7143423557281494,
    -1.7140218019485474,
    -1.7136518955230713,
    -1.7142564058303833,
    -1.7150465250015259,
    -1.715933084487915,
    -1.7167704105377197,
    -1.7172470092773438,
    -1.717543125152588,
    -1.7188152074813843,
    -1.7201515436172485,
    -1.7214882373809814,
    -1.7226918935775757,
    -1.7236183881759644,
    -1.7244142293930054,
    -1.725224256515503,
    -1.726200819015503,
    -1.7290778160095215,
    -1.7330070734024048,
    -1.7372004985809326,
    -1.7413944005966187,
    -1.7455880641937256,
    -1.749781847000122,
    -1.7540518045425415
  ]
}