{
  "arm": 46,
  "p": 0.863,
  "q": 0.702,
  "whittle": [
    -2.2981741428375244,
    -2.295977830886841,
    -2.2930662631988525,
    -2.289621353149414,
    -2.2856791019439697,
    -2.2813878059387207,
    -2.276545763015747,
    -2.2728493213653564,
    -2.270383358001709,
    -2.2692697048187256,
    -2.26821231842041,
    -2.2671713829040527,
    -2.265406608581543,
    -2.263131856918335,
    -2.260615110397339,
    -2.2583065032958984,
    -2.2560861110687256,
    -2.2538769245147705,
    -2.2517483234405518,
    -2.2493207454681396,
    -2.2457518577575684,
    -2.244375228881836,
    -2.2450637817382812,
    -2.245698928833008,
    -2.2464919090270996,
    -2.247528076171875,
    -2.249302387237549,
    -2.2525596618652344,
    -2.2559590339660645,
    -2.260673761367798,
    -2.2649104595184326,
    -2.266693115234375,
    -2.267470598220825,
    -2.268247604370117,
    -2.268888235092163,
    -2.269120931625366,
    -2.2683587074279785,
    -2.2676610946655273,
    -2.266296148300171,
    -2.2664997577667236,
    -2.267526626586914,
    -2.268139600753784,
    -2.2695741653442383,
    -2.27211856842041,
    -2.273773431777954,
    -2.276571273803711,
    -2.2795467376708984,
    -2.282562494277954,
    -2.284508466720581,
    -2.2866897583007812,
    -2.2887909412384033,
    -2.291048526763916,
    -2.293778419494629,
    -2.2969582080841064,
    -2.300276517868042,
    -2.3035783767700195,
    -2.3068883419036865,
    -2.3109681606292725,
    -2.31510591506958,
    -2.3187451362609863,
    -2.3214731216430664,
    -2.3244245052337646,
    -2.327202796936035,
    -2.3300411701202393,
    -2.33290958404541,
    -2.3367226123809814,
    -2.341444492340088,
    -2.3458328247070312,
    -2.350541591644287,
    -2.3553497791290283,
    -2.3601040840148926,
    -2.364675760269165,
    -2.3682258129119873,
    -2.3721015453338623,
    -2.3750436305999756,
    -2.3765079975128174,
    -2.3777077198028564,
    -2.37856125831604,
    -2.379383087158203,
    -2.3800649642944336,
    -2.380528688430786,
    -2.3812921047210693,
    -2.3833401203155518,
    -2.385340690612793,
    -2.387394428253174,
    -2.390561819076538,
    -2.393771171569824,
    -2.3969221115112305,
    -2.3998234272003174,
    -2.402730941772461,
    -2.405524969100952,
    -2.408233404159546,
    -2.4110677242279053,
    -2.4141428470611572,
    -2.419144630432129,
    -2.4242429733276367,
    -2.4293413162231445,
    -2.4344396591186523,
    -2.4396207332611084,
    -2.445301055908203
  ]
}