{
  "arm": 24,
  "p": 0.575,
  "q": 0.604,
  "whittle": [
    -1.917112946510315,
    -1.9130005836486816,
    -1.9081820249557495,
    -1.903383731842041,
    -1.8985646963119507,
    -1.8931056261062622,
    -1.8876469135284424,
    -1.8833606243133545,
    -1.8805207014083862,
    -1.8778520822525024,
    -1.8754419088363647,
    -1.873193383216858,
    -1.870136022567749,
    -1.8666225671768188,
    -1.863106608390808,
    -1.859554648399353,
    -1.8560357093811035,
    -1.8525164127349854,
    -1.8491883277893066,
    -1.8461469411849976,
    -1.8422315120697021,
    -1.837891697883606,
    -1.8330622911453247,
    -1.828528881072998,
    -1.8245806694030762,
    -1.8216875791549683,
    -1.8217272758483887,
    -1.8237029314041138,
    -1.8253834247589111,
    -1.8264546394348145,
    -1.8269379138946533,
    -1.8261247873306274,
    -1.825387716293335,
    -1.8250089883804321,
    -1.8245702981948853,
    -1.824998140335083,
    -1.8234387636184692,
    -1.8216114044189453,
    -1.8191864490509033,
    -1.8169755935668945,
    -1.8146791458129883,
    -1.8135708570480347,
    -1.8128060102462769,
    -1.8111592531204224,
    -1.8095760345458984,
    -1.8088849782943726,
    -1.8083795309066772,
    -1.808699607849121,
    -1.8093398809432983,
    -1.8097745180130005,
    -1.810421109199524,
    -1.8111116886138916,
    -1.812259554862976,
    -1.8141690492630005,
    -1.8163596391677856,
    -1.8190351724624634,
    -1.8223915100097656,
    -1.8258490562438965,
    -1.828681230545044,
    -1.8312830924987793,
    -1.83431077003479,
    -1.8368033170700073,
    -1.8394562005996704,
    -1.84286630153656,
    -1.8457919359207153,
    -1.8485264778137207,
    -1.850664734840393,
    -1.8524885177612305,
    -1.8540624380111694,
    -1.8571580648422241,
    -1.8604931831359863,
    -1.8636707067489624,
    -1.866058349609375,
    -1.8685566186904907,
    -1.8710157871246338,
    -1.8732892274856567,
    -1.875191330909729,
    -1.8769047260284424,
    -1.8775122165679932,
    -1.8791300058364868,
    -1.8807275295257568,
    -1.8819557428359985,
    -1.8831708431243896,
    -1.8843204975128174,
    -1.8852355480194092,
    -1.8871015310287476,
    -1.889078974723816,
    -1.891015648841858,
    -1.8927335739135742,
    -1.8945508003234863,
    -1.896280288696289,
    -1.8979741334915161,
    -1.899725317955017,
    -1.9021660089492798,
    -1.9065957069396973,
    -1.9113240242004395,
    -1.9163053035736084,
    -1.9212862253189087,
    -1.9262676239013672,
    -1.9313546419143677
  ]
}