{
  "arm": 15,
  "p": 0.125,
  "q": 0.574,
  "whittle": [
    -2.1657633781433105,
    -2.1615443229675293,
    -2.157733917236328,
    -2.1538476943969727,
    -2.1493091583251953,
    -2.1440582275390625,
    -2.138962984085083,
    -2.135205030441284,
    -2.1327247619628906,
    -2.13095760345459,
    -2.1291918754577637,
    -2.1274664402008057,
    -2.1246933937072754,
    -2.121779441833496,
    -2.118602991104126,
    -2.115372896194458,
    -2.1122777462005615,
    -2.1092584133148193,
    -2.1063132286071777,
    -2.103184223175049,
    -2.0990450382232666,
    -2.094620704650879,
    -2.089038848876953,
    -2.0860848426818848,
    -2.084933280944824,
    -2.0847690105438232,
    -2.085196018218994,
    -2.0861411094665527,
    -2.088932991027832,
    -2.0909197330474854,
    -2.0926005840301514,
    -2.0935490131378174,
    -2.093660354614258,
    -2.0937299728393555,
    -2.0942485332489014,
    -2.0947885513305664,
    -2.093425989151001,
    -2.0914032459259033,
    -2.089388132095337,
    -2.0873472690582275,
    -2.0866689682006836,
    -2.0873396396636963,
    -2.086740493774414,
    -2.0860178470611572,
    -2.0844922065734863,
    -2.0853991508483887,
    -2.087552547454834,
    -2.08870005607605,
    -2.089204788208008,
    -2.088989019393921,
    -2.089893341064453,
    -2.0909738540649414,
    -2.092674970626831,
    -2.095080852508545,
    -2.097628593444824,
    -2.1000967025756836,
    -2.102726936340332,
    -2.1056432723999023,
    -2.1085898876190186,
    -2.111722230911255,
    -2.114753246307373,
    -2.117509126663208,
    -2.119800090789795,
    -2.1222124099731445,
    -2.1248202323913574,
    -2.127605438232422,
    -2.130056381225586,
    -2.1323437690734863,
    -2.135277509689331,
    -2.139054298400879,
    -2.142881155014038,
    -2.146702289581299,
    -2.1494147777557373,
    -2.1518969535827637,
    -2.153486490249634,
    -2.1539509296417236,
    -2.154414653778076,
    -2.1549298763275146,
    -2.155376434326172,
    -2.155151128768921,
    -2.1548306941986084,
    -2.1552934646606445,
    -2.1567342281341553,
    -2.1580491065979004,
    -2.1591737270355225,
    -2.1612584590911865,
    -2.163597822189331,
    -2.1659369468688965,
    -2.168276071548462,
    -2.1703734397888184,
    -2.1723251342773438,
    -2.1741139888763428,
    -2.175903081893921,
    -2.1787891387939453,
    -2.182718515396118,
    -2.1869471073150635,
    -2.1912693977355957,
    -2.195774793624878,
    -2.200791358947754,
    -2.206575393676758
  ]
}