{
  "arm": 29,
  "p": 0.475,
  "q": 0.199,
  "whittle": [
    -2.0744471549987793,
    -2.070157289505005,
    -2.065783977508545,
    -2.0616931915283203,
    -2.0571508407592773,
    -2.0521631240844727,
    -2.0478858947753906,
    -2.0437073707580566,
    -2.0409374237060547,
    -2.0386245250701904,
    -2.03662109375,
    -2.0347275733947754,
    -2.0317254066467285,
    -2.028461456298828,
    -2.025153398513794,
    -2.0217444896698,
    -2.018479585647583,
    -2.0152227878570557,
    -2.011970043182373,
    -2.0085811614990234,
    -2.0045785903930664,
    -1.9998600482940674,
    -1.995369553565979,
    -1.9913744926452637,
    -1.9900736808776855,
    -1.9891716241836548,
    -1.9891164302825928,
    -1.990727424621582,
    -1.9933998584747314,
    -1.9949650764465332,
    -1.9960020780563354,
    -1.9968082904815674,
    -1.9976153373718262,
    -1.997223138809204,
    -1.9975427389144897,
    -1.9979054927825928,
    -1.9968818426132202,
    -1.994837760925293,
    -1.9926698207855225,
    -1.990524172782898,
    -1.9885728359222412,
    -1.9881539344787598,
    -1.9872009754180908,
    -1.9862630367279053,
    -1.984941840171814,
    -1.984317421913147,
    -1.9845420122146606,
    -1.9857908487319946,
    -1.985898733139038,
    -1.985429286956787,
    -1.9857741594314575,
    -1.986434817314148,
    -1.9874153137207031,
    -1.9892338514328003,
    -1.9915499687194824,
    -1.9938240051269531,
    -1.9961692094802856,
    -1.9985911846160889,
    -2.001248836517334,
    -2.0040054321289062,
    -2.007030487060547,
    -2.0095646381378174,
    -2.012129068374634,
    -2.0141608715057373,
    -2.016312599182129,
    -2.0187463760375977,
    -2.0211434364318848,
    -2.0233073234558105,
    -2.0262749195098877,
    -2.029926300048828,
    -2.0334815979003906,
    -2.036508321762085,
    -2.038343667984009,
    -2.039576292037964,
    -2.039710760116577,
    -2.040031671524048,
    -2.0406134128570557,
    -2.041069269180298,
    -2.0412933826446533,
    -2.041307210922241,
    -2.0408689975738525,
    -2.0412585735321045,
    -2.042536973953247,
    -2.0433197021484375,
    -2.043938636779785,
    -2.0457842350006104,
    -2.0478947162628174,
    -2.0500056743621826,
    -2.0521163940429688,
    -2.0540008544921875,
    -2.05570125579834,
    -2.0572562217712402,
    -2.0591838359832764,
    -2.0623815059661865,
    -2.0664596557617188,
    -2.070537805557251,
    -2.074676990509033,
    -2.0795702934265137,
    -2.08481502532959,
    -2.0901870727539062
  ]
}