{
  "arm": 51,
  "p": 0.238,
  "q": 0.614,
  "whittle": [
    -2.0464460849761963,
    -2.042266368865967,
    -2.037813186645508,
    -2.0335755348205566,
    -2.0287961959838867,
    -2.023362636566162,
    -2.0180184841156006,
    -2.0137765407562256,
    -2.0110723972320557,
    -2.008871078491211,
    -2.0068840980529785,
    -2.004915714263916,
    -2.002075672149658,
    -1.9988809823989868,
    -1.9955388307571411,
    -1.992116928100586,
    -1.988858699798584,
    -1.98562753200531,
    -1.9824542999267578,
    -1.979255199432373,
    -1.9749140739440918,
    -1.9699674844741821,
    -1.964433193206787,
    -1.9603947401046753,
    -1.9574763774871826,
    -1.9572304487228394,
    -1.9574872255325317,
    -1.9590959548950195,
    -1.9611597061157227,
    -1.9629855155944824,
    -1.963809609413147,
    -1.9643081426620483,
    -1.9637898206710815,
    -1.9636708498001099,
    -1.963246464729309,
    -1.9635272026062012,
    -1.9619886875152588,
    -1.9600385427474976,
    -1.9578852653503418,
    -1.9558433294296265,
    -1.9544757604599,
    -1.9548392295837402,
    -1.954729437828064,
    -1.9536043405532837,
    -1.9521243572235107,
    -1.9517269134521484,
    -1.9535561800003052,
    -1.9547839164733887,
    -1.955501675605774,
    -1.9564517736434937,
    -1.9574187994003296,
    -1.9587336778640747,
    -1.9603888988494873,
    -1.9627715349197388,
    -1.9652456045150757,
    -1.9678590297698975,
    -1.9715818166732788,
    -1.9753621816635132,
    -1.9783869981765747,
    -1.9814057350158691,
    -1.9844591617584229,
    -1.9871842861175537,
    -1.9894975423812866,
    -1.992639422416687,
    -1.9959484338760376,
    -1.9987317323684692,
    -2.0011444091796875,
    -2.00309419631958,
    -2.005516529083252,
    -2.00924015045166,
    -2.012859344482422,
    -2.016657829284668,
    -2.0193753242492676,
    -2.0221333503723145,
    -2.024359703063965,
    -2.0262317657470703,
    -2.0269954204559326,
    -2.0276241302490234,
    -2.028367042541504,
    -2.029823064804077,
    -2.03128719329834,
    -2.0326757431030273,
    -2.0340607166290283,
    -2.0354316234588623,
    -2.036606550216675,
    -2.03869366645813,
    -2.0409796237945557,
    -2.0432655811309814,
    -2.0454628467559814,
    -2.047484874725342,
    -2.0493712425231934,
    -2.0511064529418945,
    -2.053084135055542,
    -2.0559189319610596,
    -2.059957265853882,
    -2.064164161682129,
    -2.069446563720703,
    -2.074852705001831,
    -2.0802688598632812,
    -2.0857791900634766
  ]
}