{
  "arm": 30,
  "p": 0.875,
  "q": 0.465,
  "whittle": [
    -1.872497320175171,
    -1.8681161403656006,
    -1.8632285594940186,
    -1.8582708835601807,
    -1.8532509803771973,
    -1.8480546474456787,
    -1.8423815965652466,
    -1.8379226922988892,
    -1.835052251815796,
    -1.8323869705200195,
    -1.830066204071045,
    -1.8278734683990479,
    -1.825009822845459,
    -1.821513295173645,
    -1.8180574178695679,
    -1.8146511316299438,
    -1.8111666440963745,
    -1.8076823949813843,
    -1.804600715637207,
    -1.8015016317367554,
    -1.797868013381958,
    -1.7931733131408691,
    -1.7889811992645264,
    -1.7845598459243774,
    -1.780660629272461,
    -1.7798067331314087,
    -1.7810715436935425,
    -1.7834248542785645,
    -1.7850593328475952,
    -1.786424160003662,
    -1.787487506866455,
    -1.787540078163147,
    -1.7869359254837036,
    -1.7866957187652588,
    -1.7865720987319946,
    -1.7872827053070068,
    -1.786545753479004,
    -1.784994125366211,
    -1.782799482345581,
    -1.7807469367980957,
    -1.7795929908752441,
    -1.7797164916992188,
    -1.7797878980636597,
    -1.778594970703125,
    -1.777442455291748,
    -1.7770026922225952,
    -1.7767101526260376,
    -1.7779631614685059,
    -1.7784409523010254,
    -1.7795991897583008,
    -1.7804179191589355,
    -1.7813619375228882,
    -1.7827532291412354,
    -1.7846089601516724,
    -1.7866181135177612,
    -1.7898657321929932,
    -1.793331265449524,
    -1.7969223260879517,
    -1.7998766899108887,
    -1.8026466369628906,
    -1.8052808046340942,
    -1.8078842163085938,
    -1.8112857341766357,
    -1.8148436546325684,
    -1.8181467056274414,
    -1.821027159690857,
    -1.8235604763031006,
    -1.8257139921188354,
    -1.8291913270950317,
    -1.832828402519226,
    -1.8363088369369507,
    -1.8394335508346558,
    -1.842039704322815,
    -1.8447010517120361,
    -1.8467857837677002,
    -1.8485937118530273,
    -1.8506252765655518,
    -1.8516345024108887,
    -1.8531548976898193,
    -1.855023980140686,
    -1.8567198514938354,
    -1.8581827878952026,
    -1.8595980405807495,
    -1.8607085943222046,
    -1.8616917133331299,
    -1.8637317419052124,
    -1.8658397197723389,
    -1.8678017854690552,
    -1.8696305751800537,
    -1.8715786933898926,
    -1.873581051826477,
    -1.8754392862319946,
    -1.8772979974746704,
    -1.8804750442504883,
    -1.8852777481079102,
    -1.890339732170105,
    -1.895401954650879,
    -1.9004640579223633,
    -1.9055262804031372,
    -1.910741925239563
  ]
}