{
  "arm": 60,
  "p": 0.688,
  "q": 0.564,
  "whittle": [
    -2.1388192176818848,
    -2.135066270828247,
    -2.1311275959014893,
    -2.12732195854187,
    -2.1229875087738037,
    -2.118302345275879,
    -2.1138389110565186,
    -2.1102192401885986,
    -2.1082584857940674,
    -2.106684446334839,
    -2.1051104068756104,
    -2.10359263420105,
    -2.1015655994415283,
    -2.098968267440796,
    -2.0961251258850098,
    -2.093303918838501,
    -2.0905044078826904,
    -2.087704658508301,
    -2.0849835872650146,
    -2.082172155380249,
    -2.0782370567321777,
    -2.0739681720733643,
    -2.0695483684539795,
    -2.0677902698516846,
    -2.067152738571167,
    -2.0678303241729736,
    -2.0685367584228516,
    -2.070880889892578,
    -2.0737173557281494,
    -2.0760090351104736,
    -2.078503131866455,
    -2.0791995525360107,
    -2.0794906616210938,
    -2.0803442001342773,
    -2.0810649394989014,
    -2.081881284713745,
    -2.0809004306793213,
    -2.0798099040985107,
    -2.0780296325683594,
    -2.0764427185058594,
    -2.0766682624816895,
    -2.077153205871582,
    -2.076810121536255,
    -2.0758535861968994,
    -2.07566237449646,
    -2.0780179500579834,
    -2.0804784297943115,
    -2.0825791358947754,
    -2.0838582515716553,
    -2.085222005844116,
    -2.086839199066162,
    -2.08854079246521,
    -2.090707540512085,
    -2.0934715270996094,
    -2.0963871479034424,
    -2.0992937088012695,
    -2.1029653549194336,
    -2.107189655303955,
    -2.110753059387207,
    -2.1140296459198,
    -2.117344856262207,
    -2.1205124855041504,
    -2.123444080352783,
    -2.1269493103027344,
    -2.1305785179138184,
    -2.134195327758789,
    -2.1370790004730225,
    -2.1406590938568115,
    -2.1447319984436035,
    -2.1490478515625,
    -2.1533639430999756,
    -2.1573898792266846,
    -2.1605722904205322,
    -2.163755416870117,
    -2.1672072410583496,
    -2.170724630355835,
    -2.173335313796997,
    -2.174177885055542,
    -2.174821376800537,
    -2.1754398345947266,
    -2.1765546798706055,
    -2.178412675857544,
    -2.1802031993865967,
    -2.181872844696045,
    -2.183337926864624,
    -2.1859498023986816,
    -2.188667058944702,
    -2.1913836002349854,
    -2.193887233734131,
    -2.1963469982147217,
    -2.198671579360962,
    -2.2008254528045654,
    -2.203108787536621,
    -2.205693006515503,
    -2.2100343704223633,
    -2.214569091796875,
    -2.219136953353882,
    -2.2237656116485596,
    -2.229487657546997,
    -2.2355659008026123
  ]
}