{
  "arm": 47,
  "p": 0.138,
  "q": 0.258,
  "whittle": [
    -2.3997185230255127,
    -2.3979806900024414,
    -2.395080327987671,
    -2.3918845653533936,
    -2.388214349746704,
    -2.384007453918457,
    -2.3809421062469482,
    -2.3786332607269287,
    -2.3778374195098877,
    -2.3769912719726562,
    -2.376164674758911,
    -2.375429153442383,
    -2.3736841678619385,
    -2.371507167816162,
    -2.3691930770874023,
    -2.3669610023498535,
    -2.364833354949951,
    -2.362842559814453,
    -2.3605661392211914,
    -2.3580996990203857,
    -2.3567495346069336,
    -2.355520248413086,
    -2.3545749187469482,
    -2.354219913482666,
    -2.35395884513855,
    -2.3549110889434814,
    -2.3562161922454834,
    -2.3583180904388428,
    -2.361584424972534,
    -2.365621328353882,
    -2.368812084197998,
    -2.370709180831909,
    -2.3732712268829346,
    -2.3750429153442383,
    -2.376383066177368,
    -2.377750873565674,
    -2.377305746078491,
    -2.375734567642212,
    -2.3744089603424072,
    -2.37308931350708,
    -2.3735029697418213,
    -2.3742029666900635,
    -2.3741729259490967,
    -2.3764352798461914,
    -2.3787193298339844,
    -2.381243944168091,
    -2.383768320083618,
    -2.38563871383667,
    -2.3868017196655273,
    -2.387291669845581,
    -2.3887367248535156,
    -2.390385866165161,
    -2.3924500942230225,
    -2.3953351974487305,
    -2.3986566066741943,
    -2.401979923248291,
    -2.4054677486419678,
    -2.4087612628936768,
    -2.4111266136169434,
    -2.414517641067505,
    -2.418288230895996,
    -2.421848773956299,
    -2.425239324569702,
    -2.4286465644836426,
    -2.43208646774292,
    -2.435204267501831,
    -2.439131259918213,
    -2.4441938400268555,
    -2.4491868019104004,
    -2.4541242122650146,
    -2.4588704109191895,
    -2.4630439281463623,
    -2.4665110111236572,
    -2.468644857406616,
    -2.4702067375183105,
    -2.471785068511963,
    -2.4732024669647217,
    -2.474557876586914,
    -2.475466728210449,
    -2.4757697582244873,
    -2.475708246231079,
    -2.4759626388549805,
    -2.4768524169921875,
    -2.477588653564453,
    -2.478205919265747,
    -2.481051206588745,
    -2.4842798709869385,
    -2.487494468688965,
    -2.490588426589966,
    -2.493499994277954,
    -2.496263027191162,
    -2.49888277053833,
    -2.501502752304077,
    -2.5054409503936768,
    -2.5103399753570557,
    -2.5154800415039062,
    -2.5206234455108643,
    -2.5257978439331055,
    -2.5307371616363525,
    -2.536013126373291
  ]
}