{
  "arm": 52,
  "p": 0.637,
  "q": 0.88,
  "whittle": [
    -2.2918994426727295,
    -2.289498805999756,
    -2.2864339351654053,
    -2.2830393314361572,
    -2.279090404510498,
    -2.2745769023895264,
    -2.269808053970337,
    -2.2664029598236084,
    -2.2647688388824463,
    -2.26367449760437,
    -2.262652635574341,
    -2.26165509223938,
    -2.2601020336151123,
    -2.2580833435058594,
    -2.2555904388427734,
    -2.2532572746276855,
    -2.2510619163513184,
    -2.248896360397339,
    -2.2467398643493652,
    -2.2443509101867676,
    -2.2407734394073486,
    -2.2386577129364014,
    -2.2379181385040283,
    -2.2380261421203613,
    -2.2388460636138916,
    -2.2400026321411133,
    -2.241576910018921,
    -2.244871139526367,
    -2.2481582164764404,
    -2.251744508743286,
    -2.256009340286255,
    -2.258554458618164,
    -2.2597100734710693,
    -2.260483741760254,
    -2.2614083290100098,
    -2.2615089416503906,
    -2.2606418132781982,
    -2.260021209716797,
    -2.25858473777771,
    -2.258467435836792,
    -2.259552240371704,
    -2.2597649097442627,
    -2.2600698471069336,
    -2.2624852657318115,
    -2.263706684112549,
    -2.2660531997680664,
    -2.2687973976135254,
    -2.271502733230591,
    -2.273876190185547,
    -2.275702714920044,
    -2.2777044773101807,
    -2.2796716690063477,
    -2.2823703289031982,
    -2.285548448562622,
    -2.2888073921203613,
    -2.292043924331665,
    -2.2953383922576904,
    -2.29917311668396,
    -2.3034186363220215,
    -2.307004928588867,
    -2.3104021549224854,
    -2.3139021396636963,
    -2.3168013095855713,
    -2.319871664047241,
    -2.3232462406158447,
    -2.326878309249878,
    -2.3308169841766357,
    -2.3351073265075684,
    -2.3397023677825928,
    -2.344388246536255,
    -2.349050521850586,
    -2.3537468910217285,
    -2.3573203086853027,
    -2.3608031272888184,
    -2.364473342895508,
    -2.366610288619995,
    -2.367851495742798,
    -2.3686697483062744,
    -2.3694164752960205,
    -2.3700063228607178,
    -2.3702433109283447,
    -2.3706815242767334,
    -2.371385335922241,
    -2.373366355895996,
    -2.3755085468292236,
    -2.378535509109497,
    -2.3815767765045166,
    -2.3846182823181152,
    -2.3874268531799316,
    -2.3902089595794678,
    -2.3928935527801514,
    -2.3954038619995117,
    -2.3979852199554443,
    -2.400636672973633,
    -2.4052722454071045,
    -2.4102678298950195,
    -2.4152634143829346,
    -2.420259475708008,
    -2.425255537033081,
    -2.4304347038269043
  ]
}