{
  "arm": 36,
  "p": 0.613,
  "q": 0.406,
  "whittle": [
    -1.6138224601745605,
    -1.6090224981307983,
    -1.6043204069137573,
    -1.599489688873291,
    -1.5938607454299927,
    -1.5882151126861572,
    -1.5819752216339111,
    -1.5753368139266968,
    -1.5714284181594849,
    -1.5678000450134277,
    -1.5641101598739624,
    -1.5604461431503296,
    -1.5573363304138184,
    -1.552983283996582,
    -1.5486189126968384,
    -1.5444384813308716,
    -1.5409051179885864,
    -1.5370618104934692,
    -1.533104658126831,
    -1.5283854007720947,
    -1.522778034210205,
    -1.5163501501083374,
    -1.5095270872116089,
    -1.5028573274612427,
    -1.4980742931365967,
    -1.4935848712921143,
    -1.4893031120300293,
    -1.4866613149642944,
    -1.4842737913131714,
    -1.4823533296585083,
    -1.4804378747940063,
    -1.476391077041626,
    -1.4734301567077637,
    -1.4711716175079346,
    -1.469300389289856,
    -1.4684157371520996,
    -1.4671646356582642,
    -1.4649958610534668,
    -1.4619423151016235,
    -1.4591368436813354,
    -1.4574460983276367,
    -1.4576634168624878,
    -1.457715392112732,
    -1.4568860530853271,
    -1.4555341005325317,
    -1.4547088146209717,
    -1.4538835287094116,
    -1.4522920846939087,
    -1.4498661756515503,
    -1.4485619068145752,
    -1.4487924575805664,
    -1.4490430355072021,
    -1.449730396270752,
    -1.4521270990371704,
    -1.4543482065200806,
    -1.4568856954574585,
    -1.45968759059906,
    -1.4625325202941895,
    -1.46470046043396,
    -1.4668382406234741,
    -1.4702774286270142,
    -1.4733364582061768,
    -1.476222276687622,
    -1.4790520668029785,
    -1.481929063796997,
    -1.4846463203430176,
    -1.4865891933441162,
    -1.4880338907241821,
    -1.4891135692596436,
    -1.4903212785720825,
    -1.4913997650146484,
    -1.4933762550354004,
    -1.4951432943344116,
    -1.4969102144241333,
    -1.4984147548675537,
    -1.500041127204895,
    -1.5028659105300903,
    -1.5057588815689087,
    -1.507444977760315,
    -1.5085872411727905,
    -1.5095468759536743,
    -1.510695457458496,
    -1.5118370056152344,
    -1.512690544128418,
    -1.513413429260254,
    -1.5149223804473877,
    -1.5161213874816895,
    -1.517226219177246,
    -1.5184226036071777,
    -1.5204157829284668,
    -1.5223016738891602,
    -1.5240626335144043,
    -1.5258234739303589,
    -1.5286656618118286,
    -1.5325098037719727,
    -1.5365877151489258,
    -1.5406655073165894,
    -1.5447434186935425,
    -1.548821210861206,
    -1.5529823303222656
  ]
}