{
  "arm": 78,
  "p": 0.856,
  "q": 0.623,
  "whittle": [
    -1.8561452627182007,
    -1.8520089387893677,
    -1.8475286960601807,
    -1.8424644470214844,
    -1.8372446298599243,
    -1.8315753936767578,
    -1.8254095315933228,
    -1.819449543952942,
    -1.8150911331176758,
    -1.8120715618133545,
    -1.8089361190795898,
    -1.8061437606811523,
    -1.8027738332748413,
    -1.7988948822021484,
    -1.795014500617981,
    -1.791301965713501,
    -1.7874187231063843,
    -1.7835355997085571,
    -1.779724359512329,
    -1.7762885093688965,
    -1.7720153331756592,
    -1.7661818265914917,
    -1.7595977783203125,
    -1.7550913095474243,
    -1.7508686780929565,
    -1.746866226196289,
    -1.7437859773635864,
    -1.7455765008926392,
    -1.7468584775924683,
    -1.7477679252624512,
    -1.7479875087738037,
    -1.7455593347549438,
    -1.7442066669464111,
    -1.74357008934021,
    -1.742843508720398,
    -1.7419953346252441,
    -1.740670919418335,
    -1.7387663125991821,
    -1.7362043857574463,
    -1.733784556388855,
    -1.7322325706481934,
    -1.7319587469100952,
    -1.7319225072860718,
    -1.7311748266220093,
    -1.729508399963379,
    -1.7286040782928467,
    -1.7281218767166138,
    -1.7264851331710815,
    -1.7255799770355225,
    -1.7257881164550781,
    -1.7262345552444458,
    -1.7267820835113525,
    -1.7280185222625732,
    -1.7298647165298462,
    -1.731832504272461,
    -1.7345424890518188,
    -1.7376054525375366,
    -1.740792155265808,
    -1.743467092514038,
    -1.7458653450012207,
    -1.748326301574707,
    -1.750549554824829,
    -1.752839207649231,
    -1.7555630207061768,
    -1.7579591274261475,
    -1.7604241371154785,
    -1.7624657154083252,
    -1.76395583152771,
    -1.765326738357544,
    -1.7671265602111816,
    -1.7702360153198242,
    -1.773128867149353,
    -1.7751426696777344,
    -1.7773354053497314,
    -1.7789397239685059,
    -1.7803078889846802,
    -1.7819669246673584,
    -1.7837319374084473,
    -1.7853648662567139,
    -1.787153720855713,
    -1.7885756492614746,
    -1.7899770736694336,
    -1.7910808324813843,
    -1.792008399963379,
    -1.7929439544677734,
    -1.7947436571121216,
    -1.7965964078903198,
    -1.798449158668518,
    -1.8001269102096558,
    -1.8018383979797363,
    -1.8034329414367676,
    -1.8047609329223633,
    -1.8065696954727173,
    -1.8091050386428833,
    -1.8136258125305176,
    -1.818346619606018,
    -1.823067307472229,
    -1.8277881145477295,
    -1.83250892162323,
    -1.8373570442199707
  ]
}