{
  "arm": 55,
  "p": 0.188,
  "q": 0.653,
  "whittle": [
    -1.9102199077606201,
    -1.9058644771575928,
    -1.9013301134109497,
    -1.8967636823654175,
    -1.8920491933822632,
    -1.8866485357284546,
    -1.8813989162445068,
    -1.8770201206207275,
    -1.8747345209121704,
    -1.872637391090393,
    -1.8707301616668701,
    -1.8688228130340576,
    -1.8658689260482788,
    -1.862797737121582,
    -1.8596935272216797,
    -1.8564462661743164,
    -1.8533401489257812,
    -1.8502448797225952,
    -1.847233772277832,
    -1.8441717624664307,
    -1.8407952785491943,
    -1.837019920349121,
    -1.8321864604949951,
    -1.8281257152557373,
    -1.8254742622375488,
    -1.825994849205017,
    -1.8272664546966553,
    -1.83009672164917,
    -1.8328477144241333,
    -1.8349131345748901,
    -1.8361257314682007,
    -1.8383736610412598,
    -1.8393919467926025,
    -1.8396402597427368,
    -1.8404042720794678,
    -1.841810703277588,
    -1.8418265581130981,
    -1.8402581214904785,
    -1.8393174409866333,
    -1.8401684761047363,
    -1.84092116355896,
    -1.8413424491882324,
    -1.842241644859314,
    -1.8427761793136597,
    -1.8416386842727661,
    -1.8436806201934814,
    -1.8461946249008179,
    -1.8483768701553345,
    -1.850789189338684,
    -1.852486491203308,
    -1.8539793491363525,
    -1.855552077293396,
    -1.8574501276016235,
    -1.8608430624008179,
    -1.8646639585494995,
    -1.8685611486434937,
    -1.8726141452789307,
    -1.8767502307891846,
    -1.8801649808883667,
    -1.8831090927124023,
    -1.886163592338562,
    -1.8896523714065552,
    -1.8931200504302979,
    -1.8965531587600708,
    -1.8998761177062988,
    -1.902885913848877,
    -1.9069397449493408,
    -1.910852313041687,
    -1.9146939516067505,
    -1.9187180995941162,
    -1.9228416681289673,
    -1.9268730878829956,
    -1.9290978908538818,
    -1.9312552213668823,
    -1.9334100484848022,
    -1.9355647563934326,
    -1.9366662502288818,
    -1.9380429983139038,
    -1.940350890159607,
    -1.942613959312439,
    -1.944340705871582,
    -1.9460278749465942,
    -1.9477274417877197,
    -1.9493895769119263,
    -1.9509057998657227,
    -1.9531769752502441,
    -1.9556375741958618,
    -1.957888126373291,
    -1.9600616693496704,
    -1.9622352123260498,
    -1.9642678499221802,
    -1.966255784034729,
    -1.968418002128601,
    -1.9713438749313354,
    -1.9754682779312134,
    -1.980883240699768,
    -1.9863455295562744,
    -1.9918078184127808,
    -1.9972702264785767,
    -2.002824544906616
  ]
}