{
  "arm": 67,
  "p": 0.206,
  "q": 0.772,
  "whittle": [
    -1.7948598861694336,
    -1.7906899452209473,
    -1.7862439155578613,
    -1.78133225440979,
    -1.7764623165130615,
    -1.7705175876617432,
    -1.764652967453003,
    -1.760306477546692,
    -1.7573983669281006,
    -1.754252314567566,
    -1.7511060237884521,
    -1.7482492923736572,
    -1.7449674606323242,
    -1.7411189079284668,
    -1.7372651100158691,
    -1.7334997653961182,
    -1.7296910285949707,
    -1.7258461713790894,
    -1.7220014333724976,
    -1.7184687852859497,
    -1.714145302772522,
    -1.7088321447372437,
    -1.702255129814148,
    -1.6974831819534302,
    -1.692982792854309,
    -1.6888624429702759,
    -1.68552565574646,
    -1.6874436140060425,
    -1.688642978668213,
    -1.689363718032837,
    -1.6896555423736572,
    -1.6897310018539429,
    -1.6907804012298584,
    -1.6901217699050903,
    -1.6894893646240234,
    -1.6889756917953491,
    -1.6871490478515625,
    -1.6841126680374146,
    -1.681403636932373,
    -1.6793394088745117,
    -1.6774810552597046,
    -1.6771920919418335,
    -1.6771773099899292,
    -1.6759260892868042,
    -1.6738884449005127,
    -1.6727603673934937,
    -1.6717876195907593,
    -1.6694611310958862,
    -1.6677974462509155,
    -1.668545126914978,
    -1.6689029932022095,
    -1.6693018674850464,
    -1.6698591709136963,
    -1.6710189580917358,
    -1.6723233461380005,
    -1.6746095418930054,
    -1.677583932876587,
    -1.6806433200836182,
    -1.6831153631210327,
    -1.6854761838912964,
    -1.687705159187317,
    -1.6897459030151367,
    -1.691786527633667,
    -1.6943368911743164,
    -1.6968504190444946,
    -1.698803186416626,
    -1.7005183696746826,
    -1.7016477584838867,
    -1.702758550643921,
    -1.7045124769210815,
    -1.706858515739441,
    -1.7092050313949585,
    -1.7103919982910156,
    -1.711571455001831,
    -1.712585210800171,
    -1.7122821807861328,
    -1.7121821641921997,
    -1.7130088806152344,
    -1.7143961191177368,
    -1.7158701419830322,
    -1.717065453529358,
    -1.7182164192199707,
    -1.719395637512207,
    -1.7204722166061401,
    -1.7213099002838135,
    -1.722743272781372,
    -1.7243398427963257,
    -1.725951910018921,
    -1.7273303270339966,
    -1.7284903526306152,
    -1.729586124420166,
    -1.7306526899337769,
    -1.7324782609939575,
    -1.735748291015625,
    -1.7401742935180664,
    -1.744600534439087,
    -1.7490266561508179,
    -1.753453016281128,
    -1.7578788995742798,
    -1.7623884677886963
  ]
}