{
  "arm": 88,
  "p": 0.581,
  "q": 0.814,
  "whittle": [
    -1.8089123964309692,
    -1.8050209283828735,
    -1.800684928894043,
    -1.795493245124817,
    -1.790096640586853,
    -1.7842378616333008,
    -1.7781985998153687,
    -1.772186279296875,
    -1.7683162689208984,
    -1.7653719186782837,
    -1.762365460395813,
    -1.7596386671066284,
    -1.7565072774887085,
    -1.7527016401290894,
    -1.7489111423492432,
    -1.7451345920562744,
    -1.7413408756256104,
    -1.7375473976135254,
    -1.733922004699707,
    -1.7306053638458252,
    -1.7258387804031372,
    -1.7207955121994019,
    -1.7149070501327515,
    -1.7105231285095215,
    -1.7063944339752197,
    -1.702508568763733,
    -1.7002589702606201,
    -1.7022379636764526,
    -1.7035646438598633,
    -1.704390525817871,
    -1.7049778699874878,
    -1.7030671834945679,
    -1.700817584991455,
    -1.7000905275344849,
    -1.6994560956954956,
    -1.698591947555542,
    -1.6966444253921509,
    -1.694582223892212,
    -1.6920419931411743,
    -1.6899288892745972,
    -1.6884517669677734,
    -1.6883569955825806,
    -1.6887693405151367,
    -1.6884236335754395,
    -1.6865663528442383,
    -1.6860398054122925,
    -1.6856297254562378,
    -1.6860148906707764,
    -1.6869418621063232,
    -1.6885240077972412,
    -1.6892906427383423,
    -1.6901568174362183,
    -1.6919372081756592,
    -1.695028305053711,
    -1.6981377601623535,
    -1.7013064622879028,
    -1.70450758934021,
    -1.707824468612671,
    -1.710728645324707,
    -1.7132316827774048,
    -1.715645670890808,
    -1.7183868885040283,
    -1.7214207649230957,
    -1.724132776260376,
    -1.7267892360687256,
    -1.729217767715454,
    -1.7311400175094604,
    -1.732491135597229,
    -1.7338871955871582,
    -1.7370898723602295,
    -1.7402602434158325,
    -1.743430733680725,
    -1.7456164360046387,
    -1.7473644018173218,
    -1.7488179206848145,
    -1.7502386569976807,
    -1.7506017684936523,
    -1.7519350051879883,
    -1.7537801265716553,
    -1.7555958032608032,
    -1.757110595703125,
    -1.7585656642913818,
    -1.75974440574646,
    -1.7608941793441772,
    -1.7620078325271606,
    -1.7637821435928345,
    -1.7656378746032715,
    -1.7674643993377686,
    -1.7691068649291992,
    -1.7707680463790894,
    -1.7722396850585938,
    -1.773557424545288,
    -1.7756800651550293,
    -1.7781702280044556,
    -1.7824844121932983,
    -1.7871878147125244,
    -1.7919023036956787,
    -1.796617031097412,
    -1.801331639289856,
    -1.806150197982788
  ]
}