{
  "arm": 17,
  "p": 0.325,
  "q": 0.159,
  "whittle": [
    -2.4679036140441895,
    -2.466222047805786,
    -2.4633076190948486,
    -2.4603230953216553,
    -2.4569201469421387,
    -2.4541194438934326,
    -2.450991630554199,
    -2.448026418685913,
    -2.44736385345459,
    -2.446470260620117,
    -2.4455888271331787,
    -2.444671392440796,
    -2.4427802562713623,
    -2.4404218196868896,
    -2.4380292892456055,
    -2.4356889724731445,
    -2.433506488800049,
    -2.431389331817627,
    -2.429222583770752,
    -2.426682710647583,
    -2.426224708557129,
    -2.4243881702423096,
    -2.423203945159912,
    -2.422823667526245,
    -2.4239399433135986,
    -2.424877405166626,
    -2.425968885421753,
    -2.428804874420166,
    -2.432913064956665,
    -2.4369521141052246,
    -2.4399635791778564,
    -2.4413535594940186,
    -2.443199872970581,
    -2.4450902938842773,
    -2.4461166858673096,
    -2.4465560913085938,
    -2.445612907409668,
    -2.4438540935516357,
    -2.442172050476074,
    -2.440134048461914,
    -2.4378929138183594,
    -2.4363677501678467,
    -2.435743808746338,
    -2.4353389739990234,
    -2.437472105026245,
    -2.4399101734161377,
    -2.4420735836029053,
    -2.443674087524414,
    -2.444469690322876,
    -2.444485902786255,
    -2.444101333618164,
    -2.443718671798706,
    -2.4452016353607178,
    -2.4473938941955566,
    -2.449878454208374,
    -2.452705144882202,
    -2.455716609954834,
    -2.45849871635437,
    -2.4603826999664307,
    -2.462512493133545,
    -2.4649240970611572,
    -2.466797351837158,
    -2.469151496887207,
    -2.471980094909668,
    -2.474775552749634,
    -2.477570056915283,
    -2.4797160625457764,
    -2.481785535812378,
    -2.4853484630584717,
    -2.489107370376587,
    -2.492948532104492,
    -2.4966676235198975,
    -2.4977595806121826,
    -2.498656749725342,
    -2.499601125717163,
    -2.500725269317627,
    -2.5017945766448975,
    -2.502621650695801,
    -2.503051280975342,
    -2.502851963043213,
    -2.5022943019866943,
    -2.501922369003296,
    -2.5022151470184326,
    -2.5020790100097656,
    -2.5017356872558594,
    -2.5027472972869873,
    -2.5043485164642334,
    -2.506436824798584,
    -2.509204626083374,
    -2.5118749141693115,
    -2.5142548084259033,
    -2.516505241394043,
    -2.519078493118286,
    -2.5228431224823,
    -2.5274791717529297,
    -2.5322494506835938,
    -2.536881446838379,
    -2.5414140224456787,
    -2.545966148376465,
    -2.5508182048797607
  ]
}