{
  "arm": 18,
  "p": 0.725,
  "q": 0.426,
  "whittle": [
    -2.03670597076416,
    -2.0322585105895996,
    -2.027644157409668,
    -2.023285388946533,
    -2.0184381008148193,
    -2.0133657455444336,
    -2.0085160732269287,
    -2.0042519569396973,
    -2.001255750656128,
    -1.9989511966705322,
    -1.9968739748001099,
    -1.9948700666427612,
    -1.9919298887252808,
    -1.9886168241500854,
    -1.985270380973816,
    -1.981846570968628,
    -1.978516697883606,
    -1.975187063217163,
    -1.9718810319900513,
    -1.9685107469558716,
    -1.9644540548324585,
    -1.9597928524017334,
    -1.9549944400787354,
    -1.9505341053009033,
    -1.9482122659683228,
    -1.9480732679367065,
    -1.9488329887390137,
    -1.9510648250579834,
    -1.952980637550354,
    -1.9547324180603027,
    -1.9556769132614136,
    -1.9566031694412231,
    -1.957017421722412,
    -1.956774115562439,
    -1.957183599472046,
    -1.95746648311615,
    -1.955933928489685,
    -1.9542263746261597,
    -1.951962947845459,
    -1.9498587846755981,
    -1.9484840631484985,
    -1.9486138820648193,
    -1.9483473300933838,
    -1.9473985433578491,
    -1.9460569620132446,
    -1.9455114603042603,
    -1.9462462663650513,
    -1.9477686882019043,
    -1.948142409324646,
    -1.947975993156433,
    -1.9480336904525757,
    -1.948927640914917,
    -1.9501240253448486,
    -1.9522162675857544,
    -1.954491138458252,
    -1.9567495584487915,
    -1.959017276763916,
    -1.961654782295227,
    -1.964416742324829,
    -1.9670692682266235,
    -1.9695751667022705,
    -1.9715956449508667,
    -1.9733153581619263,
    -1.9751194715499878,
    -1.9771589040756226,
    -1.9799917936325073,
    -1.9823702573776245,
    -1.984129548072815,
    -1.986457109451294,
    -1.9900625944137573,
    -1.9934941530227661,
    -1.996577501296997,
    -1.9990919828414917,
    -2.001645803451538,
    -2.0037009716033936,
    -2.0055580139160156,
    -2.0061538219451904,
    -2.0064172744750977,
    -2.0068519115448,
    -2.0071523189544678,
    -2.0080056190490723,
    -2.0092766284942627,
    -2.0105795860290527,
    -2.0116026401519775,
    -2.0124096870422363,
    -2.014414072036743,
    -2.0165328979492188,
    -2.0186519622802734,
    -2.020770788192749,
    -2.0226478576660156,
    -2.024364948272705,
    -2.025980234146118,
    -2.0278067588806152,
    -2.0304393768310547,
    -2.0344958305358887,
    -2.0384860038757324,
    -2.043642044067383,
    -2.048861265182495,
    -2.054109573364258,
    -2.0594754219055176
  ]
}