{
  "arm": 13,
  "p": 0.45,
  "q": 0.752,
  "whittle": [
    -1.5908101797103882,
    -1.5858657360076904,
    -1.5807260274887085,
    -1.5758962631225586,
    -1.5699660778045654,
    -1.5637599229812622,
    -1.5575578212738037,
    -1.550793170928955,
    -1.5461841821670532,
    -1.541917324066162,
    -1.5378156900405884,
    -1.5339823961257935,
    -1.5295041799545288,
    -1.5248868465423584,
    -1.5203394889831543,
    -1.5164039134979248,
    -1.512751817703247,
    -1.5087497234344482,
    -1.504599928855896,
    -1.4999195337295532,
    -1.494078278541565,
    -1.4882816076278687,
    -1.4813354015350342,
    -1.474862813949585,
    -1.4698081016540527,
    -1.4650176763534546,
    -1.461396336555481,
    -1.458693504333496,
    -1.4560741186141968,
    -1.4532958269119263,
    -1.450160264968872,
    -1.4451243877410889,
    -1.4416292905807495,
    -1.4389569759368896,
    -1.436638355255127,
    -1.4352962970733643,
    -1.4335113763809204,
    -1.430836796760559,
    -1.4276654720306396,
    -1.4247491359710693,
    -1.422642469406128,
    -1.4206279516220093,
    -1.4196114540100098,
    -1.419370412826538,
    -1.417830228805542,
    -1.4167051315307617,
    -1.4153938293457031,
    -1.4132139682769775,
    -1.4103822708129883,
    -1.407740592956543,
    -1.4067243337631226,
    -1.4066520929336548,
    -1.4072620868682861,
    -1.4095724821090698,
    -1.4118798971176147,
    -1.4140665531158447,
    -1.4163503646850586,
    -1.4187817573547363,
    -1.420750379562378,
    -1.4225012063980103,
    -1.42466402053833,
    -1.4267429113388062,
    -1.4288721084594727,
    -1.4307607412338257,
    -1.432707667350769,
    -1.4345533847808838,
    -1.4357290267944336,
    -1.4366427659988403,
    -1.4374332427978516,
    -1.4383118152618408,
    -1.4389660358428955,
    -1.4391865730285645,
    -1.4385864734649658,
    -1.4391785860061646,
    -1.4398127794265747,
    -1.4409983158111572,
    -1.443290114402771,
    -1.4456932544708252,
    -1.4465714693069458,
    -1.4473412036895752,
    -1.447859764099121,
    -1.4486063718795776,
    -1.4493796825408936,
    -1.4501240253448486,
    -1.4505319595336914,
    -1.4513155221939087,
    -1.452195167541504,
    -1.4529953002929688,
    -1.4538272619247437,
    -1.4554535150527954,
    -1.4569883346557617,
    -1.458384394645691,
    -1.4600356817245483,
    -1.4626944065093994,
    -1.4663861989974976,
    -1.4700775146484375,
    -1.4737693071365356,
    -1.4774610996246338,
    -1.481152892112732,
    -1.4849225282669067
  ]
}