{
  "arm": 48,
  "p": 0.537,
  "q": 0.525,
  "whittle": [
    -2.122992992401123,
    -2.1189510822296143,
    -2.1152143478393555,
    -2.111177444458008,
    -2.1068246364593506,
    -2.102067470550537,
    -2.0971174240112305,
    -2.09350323677063,
    -2.0911684036254883,
    -2.08959698677063,
    -2.0880274772644043,
    -2.0862555503845215,
    -2.0837838649749756,
    -2.0811994075775146,
    -2.078198194503784,
    -2.075282573699951,
    -2.072499990463257,
    -2.0697171688079834,
    -2.0669991970062256,
    -2.064084529876709,
    -2.0605897903442383,
    -2.0573859214782715,
    -2.0558009147644043,
    -2.0560083389282227,
    -2.05659556388855,
    -2.0573337078094482,
    -2.058993339538574,
    -2.0622029304504395,
    -2.06512451171875,
    -2.067493438720703,
    -2.070024013519287,
    -2.0719563961029053,
    -2.0740489959716797,
    -2.0748825073242188,
    -2.0756607055664062,
    -2.0764291286468506,
    -2.0751984119415283,
    -2.073957920074463,
    -2.0721864700317383,
    -2.0713863372802734,
    -2.0718395709991455,
    -2.072258472442627,
    -2.0722596645355225,
    -2.071833848953247,
    -2.0708768367767334,
    -2.073010206222534,
    -2.075446128845215,
    -2.077087879180908,
    -2.077754020690918,
    -2.078911066055298,
    -2.0804150104522705,
    -2.0821213722229004,
    -2.0841972827911377,
    -2.0869433879852295,
    -2.08979868888855,
    -2.092620372772217,
    -2.0955169200897217,
    -2.099496364593506,
    -2.1029272079467773,
    -2.1061339378356934,
    -2.1091856956481934,
    -2.1122946739196777,
    -2.115288019180298,
    -2.117865562438965,
    -2.120410919189453,
    -2.123641014099121,
    -2.126444101333618,
    -2.130422353744507,
    -2.1344172954559326,
    -2.1387128829956055,
    -2.1429603099823,
    -2.146907329559326,
    -2.149186134338379,
    -2.151409149169922,
    -2.1536855697631836,
    -2.154815196990967,
    -2.15594482421875,
    -2.156792163848877,
    -2.1573989391326904,
    -2.157898426055908,
    -2.158505916595459,
    -2.1602742671966553,
    -2.1620543003082275,
    -2.163677453994751,
    -2.165013551712036,
    -2.167506217956543,
    -2.170146942138672,
    -2.1727845668792725,
    -2.175158977508545,
    -2.1775331497192383,
    -2.1797661781311035,
    -2.1818490028381348,
    -2.184110641479492,
    -2.187178611755371,
    -2.191642999649048,
    -2.1961491107940674,
    -2.2006947994232178,
    -2.2057104110717773,
    -2.2116448879241943,
    -2.21758770942688
  ]
}