{
  "arm": 75,
  "p": 0.256,
  "q": 0.535,
  "whittle": [
    -1.9715899229049683,
    -1.9670674800872803,
    -1.9624028205871582,
    -1.9578208923339844,
    -1.9530988931655884,
    -1.94780695438385,
    -1.9425172805786133,
    -1.9385945796966553,
    -1.9362764358520508,
    -1.9343613386154175,
    -1.9324554204940796,
    -1.929880976676941,
    -1.9270288944244385,
    -1.9240376949310303,
    -1.9208482503890991,
    -1.917580246925354,
    -1.9144731760025024,
    -1.9113937616348267,
    -1.908392071723938,
    -1.9052515029907227,
    -1.901541829109192,
    -1.897696852684021,
    -1.8934381008148193,
    -1.8902233839035034,
    -1.890434980392456,
    -1.8909354209899902,
    -1.8929275274276733,
    -1.8964829444885254,
    -1.8991447687149048,
    -1.901201605796814,
    -1.9033043384552002,
    -1.9050626754760742,
    -1.9052865505218506,
    -1.9062846899032593,
    -1.907043695449829,
    -1.9078483581542969,
    -1.9075745344161987,
    -1.9059441089630127,
    -1.9053349494934082,
    -1.9061263799667358,
    -1.9069069623947144,
    -1.9072539806365967,
    -1.9078468084335327,
    -1.9079288244247437,
    -1.9077486991882324,
    -1.9100828170776367,
    -1.9125720262527466,
    -1.9140843152999878,
    -1.9159934520721436,
    -1.9176054000854492,
    -1.9188685417175293,
    -1.9203517436981201,
    -1.9224255084991455,
    -1.9251569509506226,
    -1.9288374185562134,
    -1.93265700340271,
    -1.9366331100463867,
    -1.9407042264938354,
    -1.9439064264297485,
    -1.9465073347091675,
    -1.94917893409729,
    -1.9512704610824585,
    -1.9539854526519775,
    -1.9570454359054565,
    -1.9602910280227661,
    -1.963352918624878,
    -1.9669073820114136,
    -1.9707850217819214,
    -1.9746029376983643,
    -1.9785547256469727,
    -1.9825307130813599,
    -1.9864336252212524,
    -1.9887398481369019,
    -1.9908398389816284,
    -1.992924451828003,
    -1.9949274063110352,
    -1.995577096939087,
    -1.9960901737213135,
    -1.9972647428512573,
    -1.999349594116211,
    -2.0010621547698975,
    -2.002685308456421,
    -2.0043153762817383,
    -2.0058727264404297,
    -2.0071394443511963,
    -2.009376049041748,
    -2.0118069648742676,
    -2.014237642288208,
    -2.016416311264038,
    -2.018568992614746,
    -2.0205719470977783,
    -2.0224502086639404,
    -2.024479389190674,
    -2.0275323390960693,
    -2.031790256500244,
    -2.037186622619629,
    -2.0426836013793945,
    -2.048180103302002,
    -2.0536770820617676,
    -2.059267520904541
  ]
}