{
  "arm": 56,
  "p": 0.588,
  "q": 0.209,
  "whittle": [
    -1.6653975248336792,
    -1.6609777212142944,
    -1.6564422845840454,
    -1.651302456855774,
    -1.6460002660751343,
    -1.6401638984680176,
    -1.6336830854415894,
    -1.6272677183151245,
    -1.6235278844833374,
    -1.6199647188186646,
    -1.6163454055786133,
    -1.6128807067871094,
    -1.608709692955017,
    -1.6043981313705444,
    -1.600144624710083,
    -1.5960170030593872,
    -1.591873288154602,
    -1.5879673957824707,
    -1.584063172340393,
    -1.580066442489624,
    -1.574964165687561,
    -1.5682777166366577,
    -1.5615025758743286,
    -1.5557218790054321,
    -1.5510157346725464,
    -1.5466265678405762,
    -1.5428190231323242,
    -1.5408146381378174,
    -1.540561556816101,
    -1.5407644510269165,
    -1.5402500629425049,
    -1.5375648736953735,
    -1.5352568626403809,
    -1.5335496664047241,
    -1.532690167427063,
    -1.531872034072876,
    -1.5305618047714233,
    -1.5279178619384766,
    -1.5245336294174194,
    -1.522375226020813,
    -1.5205501317977905,
    -1.5201563835144043,
    -1.520193338394165,
    -1.519783854484558,
    -1.5182409286499023,
    -1.517426609992981,
    -1.5161415338516235,
    -1.5142332315444946,
    -1.5124448537826538,
    -1.512955904006958,
    -1.5131510496139526,
    -1.5133591890335083,
    -1.514225959777832,
    -1.5165762901306152,
    -1.5189719200134277,
    -1.5216233730316162,
    -1.5243568420410156,
    -1.5270308256149292,
    -1.529112696647644,
    -1.5312000513076782,
    -1.5331802368164062,
    -1.535853385925293,
    -1.538450837135315,
    -1.5406219959259033,
    -1.5427178144454956,
    -1.544819712638855,
    -1.5465327501296997,
    -1.5477585792541504,
    -1.5487771034240723,
    -1.550276756286621,
    -1.5530049800872803,
    -1.5546188354492188,
    -1.5554149150848389,
    -1.5562105178833008,
    -1.5572435855865479,
    -1.5584949254989624,
    -1.5599550008773804,
    -1.561139464378357,
    -1.5623594522476196,
    -1.563373327255249,
    -1.564281940460205,
    -1.5653338432312012,
    -1.5663747787475586,
    -1.5669469833374023,
    -1.5674070119857788,
    -1.5686416625976562,
    -1.5696995258331299,
    -1.570757508277893,
    -1.5717283487319946,
    -1.5726982355117798,
    -1.5740134716033936,
    -1.5757513046264648,
    -1.5775761604309082,
    -1.580721378326416,
    -1.5848112106323242,
    -1.588901400566101,
    -1.5929911136627197,
    -1.5970810651779175,
    -1.6011710166931152,
    -1.6053751707077026
  ]
}