{
  "arm": 34,
  "p": 0.713,
  "q": 0.821,
  "whittle": [
    -2.1161248683929443,
    -2.11260986328125,
    -2.108151435852051,
    -2.1042368412017822,
    -2.0998287200927734,
    -2.0947070121765137,
    -2.089216947555542,
    -2.0841140747070312,
    -2.081028699874878,
    -2.0788776874542236,
    -2.076986312866211,
    -2.0751190185546875,
    -2.073518991470337,
    -2.0705878734588623,
    -2.0674259662628174,
    -2.0641608238220215,
    -2.0610105991363525,
    -2.0578598976135254,
    -2.0547215938568115,
    -2.05161452293396,
    -2.047372341156006,
    -2.042440176010132,
    -2.0362768173217773,
    -2.032268762588501,
    -2.029240846633911,
    -2.0284478664398193,
    -2.027754068374634,
    -2.028687000274658,
    -2.030705213546753,
    -2.0322747230529785,
    -2.033684730529785,
    -2.033569574356079,
    -2.032940626144409,
    -2.0328030586242676,
    -2.0328469276428223,
    -2.0323684215545654,
    -2.030780792236328,
    -2.0293593406677246,
    -2.0271949768066406,
    -2.02521014213562,
    -2.023432493209839,
    -2.022512197494507,
    -2.0216915607452393,
    -2.0205156803131104,
    -2.018655776977539,
    -2.018720865249634,
    -2.020686149597168,
    -2.0223259925842285,
    -2.0234715938568115,
    -2.0236458778381348,
    -2.0246856212615967,
    -2.0259342193603516,
    -2.027841329574585,
    -2.030216693878174,
    -2.032698154449463,
    -2.035134792327881,
    -2.0378520488739014,
    -2.041625499725342,
    -2.0450403690338135,
    -2.0478992462158203,
    -2.0510222911834717,
    -2.0542454719543457,
    -2.0569660663604736,
    -2.0592737197875977,
    -2.0621683597564697,
    -2.065423011779785,
    -2.0681393146514893,
    -2.070258617401123,
    -2.0721309185028076,
    -2.075819492340088,
    -2.0796144008636475,
    -2.083505392074585,
    -2.0862436294555664,
    -2.089008092880249,
    -2.0912740230560303,
    -2.0920510292053223,
    -2.092740058898926,
    -2.093097686767578,
    -2.093487501144409,
    -2.0939903259277344,
    -2.093764305114746,
    -2.0951595306396484,
    -2.096560001373291,
    -2.0979483127593994,
    -2.0993611812591553,
    -2.101597547531128,
    -2.1038947105407715,
    -2.106191873550415,
    -2.1083626747131348,
    -2.1104137897491455,
    -2.112351655960083,
    -2.1141796112060547,
    -2.1160712242126465,
    -2.1181137561798096,
    -2.1223626136779785,
    -2.1266400814056396,
    -2.130936622619629,
    -2.1355435848236084,
    -2.1411471366882324,
    -2.1467676162719727
  ]
}