{
  "arm": 40,
  "p": 0.562,
  "q": 0.762,
  "whittle": [
    -1.8718650341033936,
    -1.8678381443023682,
    -1.8633887767791748,
    -1.858689785003662,
    -1.8536211252212524,
    -1.8479255437850952,
    -1.8420460224151611,
    -1.8374406099319458,
    -1.8343781232833862,
    -1.8315683603286743,
    -1.8287197351455688,
    -1.826148509979248,
    -1.822911262512207,
    -1.819240927696228,
    -1.8155748844146729,
    -1.8119639158248901,
    -1.808294415473938,
    -1.8046247959136963,
    -1.8011271953582764,
    -1.797930359840393,
    -1.7939168214797974,
    -1.7892155647277832,
    -1.7828787565231323,
    -1.778321385383606,
    -1.774185299873352,
    -1.770361304283142,
    -1.7690240144729614,
    -1.770695686340332,
    -1.772162914276123,
    -1.7730544805526733,
    -1.7736270427703857,
    -1.7730085849761963,
    -1.7720061540603638,
    -1.7715048789978027,
    -1.770897626876831,
    -1.7703582048416138,
    -1.7690315246582031,
    -1.7671599388122559,
    -1.7645872831344604,
    -1.7622696161270142,
    -1.7603837251663208,
    -1.7599208354949951,
    -1.7599073648452759,
    -1.7592744827270508,
    -1.7574375867843628,
    -1.75663161277771,
    -1.7559340000152588,
    -1.7555441856384277,
    -1.756093144416809,
    -1.7568644285202026,
    -1.7573810815811157,
    -1.7579551935195923,
    -1.7589846849441528,
    -1.7608704566955566,
    -1.762903094291687,
    -1.7658753395080566,
    -1.768999457359314,
    -1.7722294330596924,
    -1.7749971151351929,
    -1.7774100303649902,
    -1.7799880504608154,
    -1.7822297811508179,
    -1.7842344045639038,
    -1.786594271659851,
    -1.789258360862732,
    -1.7917529344558716,
    -1.7936761379241943,
    -1.795156717300415,
    -1.7964906692504883,
    -1.7989777326583862,
    -1.8020856380462646,
    -1.805193543434143,
    -1.8067022562026978,
    -1.8081477880477905,
    -1.809513807296753,
    -1.810851812362671,
    -1.8112664222717285,
    -1.8114395141601562,
    -1.8122951984405518,
    -1.8139352798461914,
    -1.8152899742126465,
    -1.8165212869644165,
    -1.817559003829956,
    -1.8185560703277588,
    -1.8194328546524048,
    -1.8210755586624146,
    -1.8228795528411865,
    -1.8246105909347534,
    -1.826197862625122,
    -1.8277851343154907,
    -1.829170823097229,
    -1.8304474353790283,
    -1.831723928451538,
    -1.8335844278335571,
    -1.8378691673278809,
    -1.8424925804138184,
    -1.8471789360046387,
    -1.851865291595459,
    -1.8565808534622192,
    -1.8614048957824707
  ]
}