{
  "arm": 3,
  "p": 0.2,
  "q": 0.456,
  "whittle": [
    -1.6375317573547363,
    -1.6329551935195923,
    -1.628546118736267,
    -1.6234190464019775,
    -1.6174205541610718,
    -1.6111143827438354,
    -1.604828953742981,
    -1.5985981225967407,
    -1.5946468114852905,
    -1.5911606550216675,
    -1.5876671075820923,
    -1.5842970609664917,
    -1.5810312032699585,
    -1.5768389701843262,
    -1.5726670026779175,
    -1.5686490535736084,
    -1.5651299953460693,
    -1.5613824129104614,
    -1.5576400756835938,
    -1.5534706115722656,
    -1.5481467247009277,
    -1.542359471321106,
    -1.5359307527542114,
    -1.5303733348846436,
    -1.5257426500320435,
    -1.5216140747070312,
    -1.5175622701644897,
    -1.5151934623718262,
    -1.5139402151107788,
    -1.5143818855285645,
    -1.5127488374710083,
    -1.5091147422790527,
    -1.506645679473877,
    -1.5049431324005127,
    -1.5042248964309692,
    -1.5036818981170654,
    -1.5027538537979126,
    -1.5002374649047852,
    -1.4976171255111694,
    -1.4956780672073364,
    -1.4943541288375854,
    -1.4942511320114136,
    -1.4940810203552246,
    -1.493225336074829,
    -1.4919596910476685,
    -1.4914194345474243,
    -1.4905319213867188,
    -1.489672303199768,
    -1.4896888732910156,
    -1.4905203580856323,
    -1.4910790920257568,
    -1.4927904605865479,
    -1.4950517416000366,
    -1.4976826906204224,
    -1.5004738569259644,
    -1.5035749673843384,
    -1.506824016571045,
    -1.51007080078125,
    -1.513309121131897,
    -1.5170495510101318,
    -1.5207257270812988,
    -1.5240148305892944,
    -1.5272818803787231,
    -1.5304983854293823,
    -1.5337742567062378,
    -1.5368307828903198,
    -1.5390043258666992,
    -1.540695309638977,
    -1.5421173572540283,
    -1.5449806451797485,
    -1.547998309135437,
    -1.5508629083633423,
    -1.5528514385223389,
    -1.5549159049987793,
    -1.5575798749923706,
    -1.5604108572006226,
    -1.5638784170150757,
    -1.5671957731246948,
    -1.5689390897750854,
    -1.5703887939453125,
    -1.5714972019195557,
    -1.5726370811462402,
    -1.5740481615066528,
    -1.5752912759780884,
    -1.5763107538223267,
    -1.577900767326355,
    -1.5796748399734497,
    -1.5810987949371338,
    -1.5823999643325806,
    -1.584303379058838,
    -1.586509346961975,
    -1.588591456413269,
    -1.5909020900726318,
    -1.5944689512252808,
    -1.598601222038269,
    -1.6029455661773682,
    -1.6073747873306274,
    -1.6118038892745972,
    -1.6162331104278564,
    -1.6207325458526611
  ]
}