{
  "arm": 89,
  "p": 0.381,
  "q": 0.133,
  "whittle": [
    -1.8363934755325317,
    -1.8319330215454102,
    -1.8270196914672852,
    -1.8221185207366943,
    -1.8170976638793945,
    -1.8118163347244263,
    -1.8072539567947388,
    -1.8030592203140259,
    -1.80074942111969,
    -1.7981867790222168,
    -1.7959282398223877,
    -1.7936241626739502,
    -1.790092945098877,
    -1.7865647077560425,
    -1.783134937286377,
    -1.7796863317489624,
    -1.7762025594711304,
    -1.772723913192749,
    -1.7693120241165161,
    -1.7661951780319214,
    -1.7628093957901,
    -1.7580151557922363,
    -1.7525880336761475,
    -1.7481740713119507,
    -1.7443909645080566,
    -1.7437574863433838,
    -1.7445316314697266,
    -1.7468469142913818,
    -1.7486977577209473,
    -1.7498551607131958,
    -1.7505873441696167,
    -1.7502659559249878,
    -1.7499288320541382,
    -1.7499288320541382,
    -1.749882459640503,
    -1.750383973121643,
    -1.750409722328186,
    -1.7483726739883423,
    -1.74636971950531,
    -1.7455167770385742,
    -1.7461917400360107,
    -1.746522068977356,
    -1.7468005418777466,
    -1.7458198070526123,
    -1.744894027709961,
    -1.7448127269744873,
    -1.7454506158828735,
    -1.7466989755630493,
    -1.7484285831451416,
    -1.7496708631515503,
    -1.7506000995635986,
    -1.7515528202056885,
    -1.752983570098877,
    -1.7549139261245728,
    -1.7579474449157715,
    -1.7614741325378418,
    -1.7651532888412476,
    -1.7686405181884766,
    -1.7715256214141846,
    -1.7744635343551636,
    -1.777339220046997,
    -1.781054973602295,
    -1.7846343517303467,
    -1.7879207134246826,
    -1.7908909320831299,
    -1.793860912322998,
    -1.7965078353881836,
    -1.800306797027588,
    -1.8040390014648438,
    -1.8078099489212036,
    -1.8114144802093506,
    -1.814427375793457,
    -1.8171292543411255,
    -1.8198316097259521,
    -1.822551965713501,
    -1.8243951797485352,
    -1.8262182474136353,
    -1.828410029411316,
    -1.8306989669799805,
    -1.832783579826355,
    -1.8344531059265137,
    -1.8359018564224243,
    -1.837371587753296,
    -1.838416576385498,
    -1.8393064737319946,
    -1.8412317037582397,
    -1.8434053659439087,
    -1.8455517292022705,
    -1.8474496603012085,
    -1.8494096994400024,
    -1.851279854774475,
    -1.8531649112701416,
    -1.8548803329467773,
    -1.858626127243042,
    -1.8634575605392456,
    -1.8685522079467773,
    -1.8736464977264404,
    -1.8787415027618408,
    -1.8838595151901245,
    -1.889068603515625
  ]
}