{
  "arm": 69,
  "p": 0.406,
  "q": 0.594,
  "whittle": [
    -1.893151044845581,
    -1.8890044689178467,
    -1.8844554424285889,
    -1.8798460960388184,
    -1.8746734857559204,
    -1.8689885139465332,
    -1.8634486198425293,
    -1.8590768575668335,
    -1.856115460395813,
    -1.8533357381820679,
    -1.8505617380142212,
    -1.8480315208435059,
    -1.8446074724197388,
    -1.8409751653671265,
    -1.8373405933380127,
    -1.8336671590805054,
    -1.8300279378890991,
    -1.8263884782791138,
    -1.8227530717849731,
    -1.8192870616912842,
    -1.815285563468933,
    -1.8108854293823242,
    -1.80547034740448,
    -1.8008670806884766,
    -1.7965142726898193,
    -1.793321132659912,
    -1.7940857410430908,
    -1.7962145805358887,
    -1.797782301902771,
    -1.7992050647735596,
    -1.7999638319015503,
    -1.7999699115753174,
    -1.7998372316360474,
    -1.799318552017212,
    -1.7988622188568115,
    -1.7983078956604004,
    -1.796471118927002,
    -1.7943507432937622,
    -1.7918168306350708,
    -1.7895139455795288,
    -1.787675380706787,
    -1.7873979806900024,
    -1.7872737646102905,
    -1.7862640619277954,
    -1.7845245599746704,
    -1.7837395668029785,
    -1.7829951047897339,
    -1.7820745706558228,
    -1.782470703125,
    -1.78284752368927,
    -1.7833771705627441,
    -1.7839497327804565,
    -1.7846847772598267,
    -1.7860331535339355,
    -1.7876858711242676,
    -1.7899806499481201,
    -1.7931772470474243,
    -1.7964650392532349,
    -1.7990760803222656,
    -1.801553726196289,
    -1.804261565208435,
    -1.8065390586853027,
    -1.8087793588638306,
    -1.810912013053894,
    -1.8134065866470337,
    -1.8158427476882935,
    -1.8178108930587769,
    -1.819451928138733,
    -1.820841908454895,
    -1.8237299919128418,
    -1.8268871307373047,
    -1.8294638395309448,
    -1.8308807611465454,
    -1.8323731422424316,
    -1.8329240083694458,
    -1.8329142332077026,
    -1.8328534364700317,
    -1.8330100774765015,
    -1.8335797786712646,
    -1.8349432945251465,
    -1.8362964391708374,
    -1.837580919265747,
    -1.8388142585754395,
    -1.8398009538650513,
    -1.840589165687561,
    -1.8423035144805908,
    -1.844173550605774,
    -1.846043586730957,
    -1.8478426933288574,
    -1.8495296239852905,
    -1.851101040840149,
    -1.8526347875595093,
    -1.8544561862945557,
    -1.8574975728988647,
    -1.862168788909912,
    -1.8669549226760864,
    -1.8717416524887085,
    -1.8765277862548828,
    -1.8813197612762451,
    -1.8862332105636597
  ]
}