{
  "arm": 61,
  "p": 0.488,
  "q": 0.831,
  "whittle": [
    -1.6957707405090332,
    -1.691075325012207,
    -1.686551570892334,
    -1.681674838066101,
    -1.6761342287063599,
    -1.6701868772506714,
    -1.6639140844345093,
    -1.6573925018310547,
    -1.6536389589309692,
    -1.6500672101974487,
    -1.64647376537323,
    -1.6429041624069214,
    -1.6397002935409546,
    -1.6354008913040161,
    -1.6311006546020508,
    -1.6269264221191406,
    -1.6231993436813354,
    -1.619294285774231,
    -1.6154006719589233,
    -1.6114951372146606,
    -1.6059784889221191,
    -1.6001908779144287,
    -1.5929388999938965,
    -1.586750864982605,
    -1.582079529762268,
    -1.5775353908538818,
    -1.5731844902038574,
    -1.570771336555481,
    -1.5683339834213257,
    -1.565767765045166,
    -1.564531922340393,
    -1.5608772039413452,
    -1.5581449270248413,
    -1.555644154548645,
    -1.5535176992416382,
    -1.5523725748062134,
    -1.5499681234359741,
    -1.5474728345870972,
    -1.544166922569275,
    -1.5405699014663696,
    -1.5380932092666626,
    -1.5357457399368286,
    -1.5335222482681274,
    -1.5309523344039917,
    -1.5285375118255615,
    -1.5275003910064697,
    -1.5265207290649414,
    -1.524816632270813,
    -1.5219966173171997,
    -1.5196372270584106,
    -1.5195012092590332,
    -1.5195573568344116,
    -1.5198758840560913,
    -1.521454095840454,
    -1.5235151052474976,
    -1.5254862308502197,
    -1.5279885530471802,
    -1.5307046175003052,
    -1.5329805612564087,
    -1.5349178314208984,
    -1.5372451543807983,
    -1.5405100584030151,
    -1.5432765483856201,
    -1.5459579229354858,
    -1.5486419200897217,
    -1.551116943359375,
    -1.5528615713119507,
    -1.5544521808624268,
    -1.5555572509765625,
    -1.5564850568771362,
    -1.5574156045913696,
    -1.5583566427230835,
    -1.5592570304870605,
    -1.5608577728271484,
    -1.5624897480010986,
    -1.5636961460113525,
    -1.5658262968063354,
    -1.5675544738769531,
    -1.5685629844665527,
    -1.5697869062423706,
    -1.5708649158477783,
    -1.5717966556549072,
    -1.5727710723876953,
    -1.5736972093582153,
    -1.574579119682312,
    -1.5759894847869873,
    -1.5774857997894287,
    -1.5787016153335571,
    -1.5796488523483276,
    -1.5807678699493408,
    -1.582607626914978,
    -1.5843054056167603,
    -1.586003303527832,
    -1.5885462760925293,
    -1.5926003456115723,
    -1.5966541767120361,
    -1.6007080078125,
    -1.604762077331543,
    -1.6088162660598755,
    -1.612958550453186
  ]
}