{
  "arm": 98,
  "p": 0.719,
  "q": 0.163,
  "whittle": [
    -1.7605313062667847,
    -1.756464958190918,
    -1.7520980834960938,
    -1.7472939491271973,
    -1.742410659790039,
    -1.7367851734161377,
    -1.730663776397705,
    -1.7258222103118896,
    -1.723128318786621,
    -1.7198612689971924,
    -1.7165480852127075,
    -1.713671326637268,
    -1.710084080696106,
    -1.7060668468475342,
    -1.7021217346191406,
    -1.6983102560043335,
    -1.6943198442459106,
    -1.6902989149093628,
    -1.6865394115447998,
    -1.6829018592834473,
    -1.6789690256118774,
    -1.6724543571472168,
    -1.6658897399902344,
    -1.6602213382720947,
    -1.655704140663147,
    -1.6515446901321411,
    -1.6478345394134521,
    -1.647092580795288,
    -1.6486223936080933,
    -1.649110198020935,
    -1.6490001678466797,
    -1.6473054885864258,
    -1.645014762878418,
    -1.6442714929580688,
    -1.643614649772644,
    -1.6429979801177979,
    -1.6420247554779053,
    -1.6401171684265137,
    -1.6375274658203125,
    -1.635404348373413,
    -1.6337651014328003,
    -1.6338634490966797,
    -1.6340140104293823,
    -1.6336992979049683,
    -1.632664442062378,
    -1.6317301988601685,
    -1.6310890913009644,
    -1.6292818784713745,
    -1.6291056871414185,
    -1.6298142671585083,
    -1.6301581859588623,
    -1.6305196285247803,
    -1.6310995817184448,
    -1.6323753595352173,
    -1.635170578956604,
    -1.6379990577697754,
    -1.640882968902588,
    -1.6437071561813354,
    -1.6459136009216309,
    -1.6481261253356934,
    -1.650314450263977,
    -1.6523284912109375,
    -1.6544578075408936,
    -1.656864881515503,
    -1.6594312191009521,
    -1.6617447137832642,
    -1.6636863946914673,
    -1.6651644706726074,
    -1.6663211584091187,
    -1.6683390140533447,
    -1.6712452173233032,
    -1.6727324724197388,
    -1.6737327575683594,
    -1.674767017364502,
    -1.6759191751480103,
    -1.67707097530365,
    -1.6770182847976685,
    -1.6766517162322998,
    -1.677499532699585,
    -1.6784100532531738,
    -1.6794407367706299,
    -1.6805880069732666,
    -1.681713581085205,
    -1.6821898221969604,
    -1.6824768781661987,
    -1.6838418245315552,
    -1.6853827238082886,
    -1.686805248260498,
    -1.6879056692123413,
    -1.68900465965271,
    -1.6901081800460815,
    -1.6911113262176514,
    -1.692293643951416,
    -1.695031762123108,
    -1.6990594863891602,
    -1.703385591506958,
    -1.7077114582061768,
    -1.712037205696106,
    -1.71639084815979,
    -1.7208484411239624
  ]
}