{
  "arm": 10,
  "p": 0.75,
  "q": 0.663,
  "whittle": [
    -2.0594184398651123,
    -2.0553641319274902,
    -2.051041841506958,
    -2.047010660171509,
    -2.0423827171325684,
    -2.0374109745025635,
    -2.031972885131836,
    -2.0267865657806396,
    -2.0234227180480957,
    -2.0215463638305664,
    -2.0197112560272217,
    -2.0179193019866943,
    -2.0152950286865234,
    -2.012308359146118,
    -2.00911283493042,
    -2.005979537963867,
    -2.002937078475952,
    -1.999894618988037,
    -1.9969145059585571,
    -1.9939196109771729,
    -1.990176796913147,
    -1.9863100051879883,
    -1.982837438583374,
    -1.9796216487884521,
    -1.9792858362197876,
    -1.9797718524932861,
    -1.981298804283142,
    -1.983991265296936,
    -1.9868135452270508,
    -1.9889612197875977,
    -1.9909040927886963,
    -1.991817831993103,
    -1.9916999340057373,
    -1.9923198223114014,
    -1.9929527044296265,
    -1.9934760332107544,
    -1.9925280809402466,
    -1.9913675785064697,
    -1.9894592761993408,
    -1.9891945123672485,
    -1.9898548126220703,
    -1.9901845455169678,
    -1.9903051853179932,
    -1.9900124073028564,
    -1.9890282154083252,
    -1.9908277988433838,
    -1.9931104183197021,
    -1.9950584173202515,
    -1.996384620666504,
    -1.997787594795227,
    -1.9994150400161743,
    -2.0011203289031982,
    -2.0033137798309326,
    -2.005892038345337,
    -2.008593797683716,
    -2.011272668838501,
    -2.0147764682769775,
    -2.01874041557312,
    -2.0221707820892334,
    -2.0252370834350586,
    -2.0280773639678955,
    -2.031017303466797,
    -2.033555746078491,
    -2.0359411239624023,
    -2.0386037826538086,
    -2.0418198108673096,
    -2.044377565383911,
    -2.0466270446777344,
    -2.050436019897461,
    -2.0543479919433594,
    -2.058248519897461,
    -2.0621094703674316,
    -2.0645995140075684,
    -2.0666556358337402,
    -2.0687146186828613,
    -2.0711052417755127,
    -2.0726630687713623,
    -2.0732338428497314,
    -2.0739378929138184,
    -2.074418544769287,
    -2.0760481357574463,
    -2.077728033065796,
    -2.07930588722229,
    -2.080796718597412,
    -2.082217216491699,
    -2.084604501724243,
    -2.0870654582977295,
    -2.0894742012023926,
    -2.0916659832000732,
    -2.093857765197754,
    -2.0959715843200684,
    -2.0979979038238525,
    -2.100024461746216,
    -2.102349281311035,
    -2.1066744327545166,
    -2.1111204624176025,
    -2.115852117538452,
    -2.1213631629943848,
    -2.1269569396972656,
    -2.132678508758545
  ]
}