{
  "arm": 4,
  "p": 0.6,
  "q": 0.722,
  "whittle": [
    -1.9029126167297363,
    -1.8989875316619873,
    -1.8945083618164062,
    -1.8898464441299438,
    -1.884629726409912,
    -1.878809928894043,
    -1.8727620840072632,
    -1.8668193817138672,
    -1.863193392753601,
    -1.8601834774017334,
    -1.8570467233657837,
    -1.854288101196289,
    -1.8517656326293945,
    -1.8480448722839355,
    -1.844217300415039,
    -1.8404642343521118,
    -1.8366293907165527,
    -1.8327945470809937,
    -1.8290659189224243,
    -1.8256502151489258,
    -1.8214423656463623,
    -1.816847324371338,
    -1.8105428218841553,
    -1.8057315349578857,
    -1.8013956546783447,
    -1.7972533702850342,
    -1.7934154272079468,
    -1.7932777404785156,
    -1.7941080331802368,
    -1.794785737991333,
    -1.794852614402771,
    -1.7933902740478516,
    -1.7907445430755615,
    -1.7899497747421265,
    -1.7890881299972534,
    -1.7882860898971558,
    -1.78605055809021,
    -1.783928632736206,
    -1.7811036109924316,
    -1.7785272598266602,
    -1.776513934135437,
    -1.7745962142944336,
    -1.7739975452423096,
    -1.7730917930603027,
    -1.771256446838379,
    -1.770215392112732,
    -1.7690109014511108,
    -1.7670515775680542,
    -1.7668912410736084,
    -1.7662553787231445,
    -1.7664154767990112,
    -1.7669087648391724,
    -1.7678015232086182,
    -1.7691092491149902,
    -1.7705979347229004,
    -1.7722982168197632,
    -1.7749791145324707,
    -1.7779136896133423,
    -1.7803503274917603,
    -1.7824757099151611,
    -1.7849620580673218,
    -1.7872174978256226,
    -1.7891753911972046,
    -1.7909804582595825,
    -1.7930803298950195,
    -1.7953459024429321,
    -1.7970104217529297,
    -1.7984470129013062,
    -1.799526572227478,
    -1.800776720046997,
    -1.8026885986328125,
    -1.8049882650375366,
    -1.8059443235397339,
    -1.806331753730774,
    -1.8059161901474,
    -1.8055391311645508,
    -1.8051577806472778,
    -1.8047133684158325,
    -1.8043982982635498,
    -1.804903507232666,
    -1.805901050567627,
    -1.8070189952850342,
    -1.8081094026565552,
    -1.8089956045150757,
    -1.8096442222595215,
    -1.811121940612793,
    -1.8127081394195557,
    -1.8142997026443481,
    -1.8158775568008423,
    -1.8172801733016968,
    -1.8187168836593628,
    -1.8200006484985352,
    -1.8212761878967285,
    -1.823232650756836,
    -1.8273322582244873,
    -1.8316737413406372,
    -1.836175560951233,
    -1.8406773805618286,
    -1.8451794385910034,
    -1.8497872352600098
  ]
}