{
  "arm": 86,
  "p": 0.831,
  "q": 0.281,
  "whittle": [
    -2.2519102096557617,
    -2.248832941055298,
    -2.2449371814727783,
    -2.2411091327667236,
    -2.2369179725646973,
    -2.232743501663208,
    -2.2286217212677,
    -2.224400758743286,
    -2.22119140625,
    -2.218662977218628,
    -2.2165632247924805,
    -2.214539051055908,
    -2.212594747543335,
    -2.209406852722168,
    -2.2059571743011475,
    -2.2023866176605225,
    -2.1989078521728516,
    -2.1954290866851807,
    -2.1919500827789307,
    -2.1884090900421143,
    -2.184386968612671,
    -2.1781973838806152,
    -2.1709706783294678,
    -2.163694143295288,
    -2.1583869457244873,
    -2.1551032066345215,
    -2.153637409210205,
    -2.152322292327881,
    -2.151150941848755,
    -2.1505677700042725,
    -2.149763345718384,
    -2.1488277912139893,
    -2.1484389305114746,
    -2.146596908569336,
    -2.1454267501831055,
    -2.1445438861846924,
    -2.142570734024048,
    -2.1403181552886963,
    -2.1375818252563477,
    -2.1349852085113525,
    -2.1322121620178223,
    -2.128993511199951,
    -2.1258983612060547,
    -2.122685432434082,
    -2.121265411376953,
    -2.120415687561035,
    -2.1190502643585205,
    -2.118596076965332,
    -2.11905574798584,
    -2.118504047393799,
    -2.1168336868286133,
    -2.1150660514831543,
    -2.114834785461426,
    -2.1161599159240723,
    -2.117867946624756,
    -2.1196324825286865,
    -2.121450901031494,
    -2.1234283447265625,
    -2.124394178390503,
    -2.1253244876861572,
    -2.1265923976898193,
    -2.128580331802368,
    -2.130790948867798,
    -2.132537603378296,
    -2.134394407272339,
    -2.1364922523498535,
    -2.138249635696411,
    -2.139425039291382,
    -2.1408729553222656,
    -2.1423568725585938,
    -2.143777370452881,
    -2.1454319953918457,
    -2.1477599143981934,
    -2.15008807182312,
    -2.1513383388519287,
    -2.1515676975250244,
    -2.15175461769104,
    -2.151536703109741,
    -2.1512420177459717,
    -2.1508188247680664,
    -2.1501052379608154,
    -2.1491808891296387,
    -2.1484503746032715,
    -2.1474859714508057,
    -2.146578073501587,
    -2.1482152938842773,
    -2.150019407272339,
    -2.1518239974975586,
    -2.1536359786987305,
    -2.155452251434326,
    -2.156935214996338,
    -2.1582374572753906,
    -2.1595394611358643,
    -2.1616086959838867,
    -2.1654436588287354,
    -2.169283866882324,
    -2.173124074935913,
    -2.1769917011260986,
    -2.1807684898376465,
    -2.184645414352417
  ]
}