{
  "arm": 19,
  "p": 0.225,
  "q": 0.693,
  "whittle": [
    -2.510584592819214,
    -2.509281635284424,
    -2.5069692134857178,
    -2.50412917137146,
    -2.5005528926849365,
    -2.496164560317993,
    -2.4923832416534424,
    -2.4900131225585938,
    -2.488684892654419,
    -2.487969398498535,
    -2.4872758388519287,
    -2.4864590167999268,
    -2.484691619873047,
    -2.482693672180176,
    -2.480485200881958,
    -2.478317975997925,
    -2.476332902908325,
    -2.4744932651519775,
    -2.47259521484375,
    -2.4704437255859375,
    -2.4693751335144043,
    -2.4686057567596436,
    -2.4668099880218506,
    -2.465681552886963,
    -2.4656074047088623,
    -2.466585874557495,
    -2.468130588531494,
    -2.4704487323760986,
    -2.473687171936035,
    -2.4780428409576416,
    -2.4813363552093506,
    -2.483729124069214,
    -2.4859635829925537,
    -2.486907720565796,
    -2.4878857135772705,
    -2.4884891510009766,
    -2.4877941608428955,
    -2.4866652488708496,
    -2.485266923904419,
    -2.484053373336792,
    -2.4829463958740234,
    -2.482851028442383,
    -2.4845712184906006,
    -2.4870948791503906,
    -2.4889485836029053,
    -2.491464853286743,
    -2.494213819503784,
    -2.4965670108795166,
    -2.4990527629852295,
    -2.500532865524292,
    -2.502103567123413,
    -2.5038843154907227,
    -2.5060884952545166,
    -2.509061336517334,
    -2.512307643890381,
    -2.5156667232513428,
    -2.519209861755371,
    -2.5228235721588135,
    -2.525609016418457,
    -2.528249740600586,
    -2.531575918197632,
    -2.5349361896514893,
    -2.5379793643951416,
    -2.541271209716797,
    -2.544837236404419,
    -2.5479609966278076,
    -2.5507829189300537,
    -2.554410457611084,
    -2.559196710586548,
    -2.5641417503356934,
    -2.569005012512207,
    -2.5738649368286133,
    -2.5774986743927,
    -2.5811450481414795,
    -2.583711862564087,
    -2.5858547687530518,
    -2.5872931480407715,
    -2.5885045528411865,
    -2.5894763469696045,
    -2.5899887084960938,
    -2.5900235176086426,
    -2.590296506881714,
    -2.5911896228790283,
    -2.5922040939331055,
    -2.5931217670440674,
    -2.595682382583618,
    -2.5990593433380127,
    -2.602435827255249,
    -2.6058127880096436,
    -2.609079122543335,
    -2.612032651901245,
    -2.614816904067993,
    -2.6176018714904785,
    -2.6210391521453857,
    -2.6259665489196777,
    -2.6310818195343018,
    -2.636329412460327,
    -2.641587257385254,
    -2.6468451023101807,
    -2.652340888977051
  ]
}