{
  "arm": 59,
  "p": 0.287,
  "q": 0.298,
  "whittle": [
    -1.611768126487732,
    -1.6075323820114136,
    -1.6029770374298096,
    -1.5976184606552124,
    -1.591857671737671,
    -1.5859938859939575,
    -1.5799909830093384,
    -1.575635313987732,
    -1.5727174282073975,
    -1.569565773010254,
    -1.566359043121338,
    -1.562376618385315,
    -1.5584385395050049,
    -1.5546462535858154,
    -1.5513780117034912,
    -1.5479482412338257,
    -1.544608235359192,
    -1.5411895513534546,
    -1.5377932786941528,
    -1.5343899726867676,
    -1.5304206609725952,
    -1.5252403020858765,
    -1.5201562643051147,
    -1.516128420829773,
    -1.5124905109405518,
    -1.5113224983215332,
    -1.5107698440551758,
    -1.512640357017517,
    -1.5142691135406494,
    -1.51532781124115,
    -1.5156337022781372,
    -1.515239953994751,
    -1.5145317316055298,
    -1.5142529010772705,
    -1.5139611959457397,
    -1.513715147972107,
    -1.5136744976043701,
    -1.512681245803833,
    -1.5110526084899902,
    -1.511494517326355,
    -1.5116320848464966,
    -1.511904001235962,
    -1.5124672651290894,
    -1.5127969980239868,
    -1.5122681856155396,
    -1.5119385719299316,
    -1.5114727020263672,
    -1.5102629661560059,
    -1.5104527473449707,
    -1.5114668607711792,
    -1.5122109651565552,
    -1.512965440750122,
    -1.515161156654358,
    -1.5179290771484375,
    -1.5211703777313232,
    -1.5244345664978027,
    -1.5277525186538696,
    -1.5309697389602661,
    -1.5335403680801392,
    -1.5357202291488647,
    -1.5380616188049316,
    -1.5408039093017578,
    -1.5434826612472534,
    -1.5459212064743042,
    -1.5484645366668701,
    -1.5509790182113647,
    -1.5528143644332886,
    -1.554366946220398,
    -1.5560908317565918,
    -1.55939519405365,
    -1.5625181198120117,
    -1.564736247062683,
    -1.5660250186920166,
    -1.567252278327942,
    -1.5686149597167969,
    -1.5704506635665894,
    -1.5734387636184692,
    -1.5764933824539185,
    -1.578149676322937,
    -1.5796056985855103,
    -1.5810822248458862,
    -1.5825717449188232,
    -1.584014892578125,
    -1.5849390029907227,
    -1.5856554508209229,
    -1.5872341394424438,
    -1.588652491569519,
    -1.5900143384933472,
    -1.5912976264953613,
    -1.5926165580749512,
    -1.594481110572815,
    -1.596529483795166,
    -1.598719596862793,
    -1.6025675535202026,
    -1.6069679260253906,
    -1.611368179321289,
    -1.615782618522644,
    -1.620217204093933,
    -1.624651551246643,
    -1.629155158996582
  ]
}