{
  "arm": 49,
  "p": 0.338,
  "q": 0.791,
  "whittle": [
    -1.9381484985351562,
    -1.9341381788253784,
    -1.9294685125350952,
    -1.9245326519012451,
    -1.9195939302444458,
    -1.9140328168869019,
    -1.9085301160812378,
    -1.904024600982666,
    -1.9013289213180542,
    -1.8989256620407104,
    -1.8968441486358643,
    -1.8947274684906006,
    -1.891729474067688,
    -1.888464331626892,
    -1.885153889656067,
    -1.8818539381027222,
    -1.878549337387085,
    -1.8752449750900269,
    -1.8719849586486816,
    -1.868735432624817,
    -1.8649002313613892,
    -1.8603448867797852,
    -1.8553824424743652,
    -1.8510366678237915,
    -1.848885416984558,
    -1.8491240739822388,
    -1.8502178192138672,
    -1.8528223037719727,
    -1.8548787832260132,
    -1.8566818237304688,
    -1.857720136642456,
    -1.859453797340393,
    -1.8596426248550415,
    -1.859559416770935,
    -1.859883189201355,
    -1.8609541654586792,
    -1.8601232767105103,
    -1.8584660291671753,
    -1.8564618825912476,
    -1.8570201396942139,
    -1.8571869134902954,
    -1.8573254346847534,
    -1.8577730655670166,
    -1.8568419218063354,
    -1.8553766012191772,
    -1.8548940420150757,
    -1.8559520244598389,
    -1.857358694076538,
    -1.8579800128936768,
    -1.8593554496765137,
    -1.8602784872055054,
    -1.861242413520813,
    -1.862622857093811,
    -1.864716649055481,
    -1.8671271800994873,
    -1.8698997497558594,
    -1.873513102531433,
    -1.8772307634353638,
    -1.880419373512268,
    -1.883081316947937,
    -1.885756254196167,
    -1.8884308338165283,
    -1.8911056518554688,
    -1.8944225311279297,
    -1.8972680568695068,
    -1.8999356031417847,
    -1.902225136756897,
    -1.9043346643447876,
    -1.9078059196472168,
    -1.9114011526107788,
    -1.9149404764175415,
    -1.9185452461242676,
    -1.9213091135025024,
    -1.9232388734817505,
    -1.9250497817993164,
    -1.9258123636245728,
    -1.9261819124221802,
    -1.9263198375701904,
    -1.9273629188537598,
    -1.9294359683990479,
    -1.9311482906341553,
    -1.9325034618377686,
    -1.9338886737823486,
    -1.9353171586990356,
    -1.9366488456726074,
    -1.9386682510375977,
    -1.9408254623413086,
    -1.9429829120635986,
    -1.9450515508651733,
    -1.9469691514968872,
    -1.9489766359329224,
    -1.950891137123108,
    -1.9528052806854248,
    -1.9551241397857666,
    -1.959118366241455,
    -1.9642257690429688,
    -1.9693905115127563,
    -1.9745889902114868,
    -1.9797879457473755,
    -1.9850881099700928
  ]
}