{
  "arm": 16,
  "p": 0.525,
  "q": 0.841,
  "whittle": [
    -1.769616723060608,
    -1.7653921842575073,
    -1.7610805034637451,
    -1.7559986114501953,
    -1.7501301765441895,
    -1.7441602945327759,
    -1.7380919456481934,
    -1.7319989204406738,
    -1.7281430959701538,
    -1.7250345945358276,
    -1.7218762636184692,
    -1.7191085815429688,
    -1.7158757448196411,
    -1.7120392322540283,
    -1.7082176208496094,
    -1.7045477628707886,
    -1.7008507251739502,
    -1.6974486112594604,
    -1.6940587759017944,
    -1.690726637840271,
    -1.6864441633224487,
    -1.6811648607254028,
    -1.6751600503921509,
    -1.670475959777832,
    -1.6661630868911743,
    -1.6622154712677002,
    -1.6598953008651733,
    -1.6618478298187256,
    -1.6632134914398193,
    -1.6641055345535278,
    -1.6646738052368164,
    -1.663771152496338,
    -1.662513017654419,
    -1.662061095237732,
    -1.6615082025527954,
    -1.6610126495361328,
    -1.6593801975250244,
    -1.6577930450439453,
    -1.6553423404693604,
    -1.6540396213531494,
    -1.6538770198822021,
    -1.6537513732910156,
    -1.6542410850524902,
    -1.6530280113220215,
    -1.6512662172317505,
    -1.6508978605270386,
    -1.6505013704299927,
    -1.6495260000228882,
    -1.650590419769287,
    -1.6517597436904907,
    -1.6524631977081299,
    -1.6532198190689087,
    -1.6544419527053833,
    -1.6568022966384888,
    -1.6596839427947998,
    -1.6626876592636108,
    -1.6660370826721191,
    -1.6694815158843994,
    -1.672524094581604,
    -1.675168514251709,
    -1.6778513193130493,
    -1.6807141304016113,
    -1.6841676235198975,
    -1.6872808933258057,
    -1.6898695230484009,
    -1.6923753023147583,
    -1.694500207901001,
    -1.6960216760635376,
    -1.697547435760498,
    -1.700862169265747,
    -1.704171061515808,
    -1.7074798345565796,
    -1.7098759412765503,
    -1.7119486331939697,
    -1.713528037071228,
    -1.7151074409484863,
    -1.717191457748413,
    -1.7188303470611572,
    -1.7207703590393066,
    -1.7228686809539795,
    -1.724635124206543,
    -1.7262870073318481,
    -1.7279609441757202,
    -1.7295231819152832,
    -1.7309058904647827,
    -1.7328591346740723,
    -1.734893560409546,
    -1.7369276285171509,
    -1.7388583421707153,
    -1.7407848834991455,
    -1.7429970502853394,
    -1.745376467704773,
    -1.7477666139602661,
    -1.7511250972747803,
    -1.7559293508529663,
    -1.7607333660125732,
    -1.7655372619628906,
    -1.770341396331787,
    -1.775145411491394,
    -1.780076026916504
  ]
}