{
  "arm": 57,
  "p": 0.388,
  "q": 0.475,
  "whittle": [
    -1.7793538570404053,
    -1.7752058506011963,
    -1.7705514430999756,
    -1.765566349029541,
    -1.7606738805770874,
    -1.7549645900726318,
    -1.7489047050476074,
    -1.7442623376846313,
    -1.7409418821334839,
    -1.737658977508545,
    -1.734365463256836,
    -1.731330156326294,
    -1.7283275127410889,
    -1.7243309020996094,
    -1.7203340530395508,
    -1.716485619544983,
    -1.7125911712646484,
    -1.7085821628570557,
    -1.7049570083618164,
    -1.701356291770935,
    -1.6970393657684326,
    -1.691203236579895,
    -1.684437870979309,
    -1.6791810989379883,
    -1.674523115158081,
    -1.6702945232391357,
    -1.6662614345550537,
    -1.665643334388733,
    -1.6668635606765747,
    -1.6674500703811646,
    -1.6671679019927979,
    -1.6665928363800049,
    -1.6646461486816406,
    -1.6637187004089355,
    -1.6629855632781982,
    -1.662319302558899,
    -1.6604723930358887,
    -1.657075047492981,
    -1.6542625427246094,
    -1.6517127752304077,
    -1.6499803066253662,
    -1.6496052742004395,
    -1.6495872735977173,
    -1.6484084129333496,
    -1.6464946269989014,
    -1.6454459428787231,
    -1.644766926765442,
    -1.6427191495895386,
    -1.6398693323135376,
    -1.6391730308532715,
    -1.6394261121749878,
    -1.639707326889038,
    -1.6401277780532837,
    -1.6411564350128174,
    -1.6422696113586426,
    -1.6439374685287476,
    -1.6466870307922363,
    -1.6496306657791138,
    -1.6518046855926514,
    -1.6540402173995972,
    -1.6566883325576782,
    -1.6586573123931885,
    -1.6606487035751343,
    -1.663527011871338,
    -1.6664175987243652,
    -1.6685882806777954,
    -1.6702549457550049,
    -1.6717720031738281,
    -1.672882318496704,
    -1.674178123474121,
    -1.6763601303100586,
    -1.678920865058899,
    -1.6799077987670898,
    -1.6808687448501587,
    -1.682004451751709,
    -1.6829720735549927,
    -1.6829047203063965,
    -1.6834967136383057,
    -1.6849067211151123,
    -1.68643057346344,
    -1.6876319646835327,
    -1.688820719718933,
    -1.6899741888046265,
    -1.6909048557281494,
    -1.691556453704834,
    -1.6929829120635986,
    -1.6945675611495972,
    -1.6961520910263062,
    -1.697579264640808,
    -1.6987111568450928,
    -1.6998533010482788,
    -1.7013107538223267,
    -1.7032743692398071,
    -1.7065017223358154,
    -1.710881233215332,
    -1.7152601480484009,
    -1.7196396589279175,
    -1.7240186929702759,
    -1.7283979654312134,
    -1.7328593730926514
  ]
}