{
  "arm": 97,
  "p": 0.319,
  "q": 0.844,
  "whittle": [
    -2.168775796890259,
    -2.1651737689971924,
    -2.1611504554748535,
    -2.157348871231079,
    -2.153017282485962,
    -2.1479849815368652,
    -2.142988681793213,
    -2.1390812397003174,
    -2.1373047828674316,
    -2.1358165740966797,
    -2.1343283653259277,
    -2.132880210876465,
    -2.131141185760498,
    -2.128718137741089,
    -2.126023292541504,
    -2.123222827911377,
    -2.120584011077881,
    -2.1178793907165527,
    -2.115264892578125,
    -2.112414598464966,
    -2.108597755432129,
    -2.1043508052825928,
    -2.0990359783172607,
    -2.0976932048797607,
    -2.0969369411468506,
    -2.0972189903259277,
    -2.098012685775757,
    -2.099452257156372,
    -2.1022236347198486,
    -2.1046011447906494,
    -2.1069607734680176,
    -2.1076714992523193,
    -2.1080214977264404,
    -2.1091418266296387,
    -2.110020637512207,
    -2.111051559448242,
    -2.110260248184204,
    -2.1090638637542725,
    -2.107287645339966,
    -2.1060707569122314,
    -2.106233835220337,
    -2.1064035892486572,
    -2.1060068607330322,
    -2.104764223098755,
    -2.1056458950042725,
    -2.1080522537231445,
    -2.110600233078003,
    -2.112531900405884,
    -2.1143267154693604,
    -2.116600275039673,
    -2.118391275405884,
    -2.120168447494507,
    -2.122516393661499,
    -2.125462770462036,
    -2.128483772277832,
    -2.131504535675049,
    -2.1357061862945557,
    -2.1401023864746094,
    -2.1440136432647705,
    -2.1474432945251465,
    -2.151186943054199,
    -2.1544859409332275,
    -2.1586856842041016,
    -2.1625285148620605,
    -2.166330099105835,
    -2.1699306964874268,
    -2.1733551025390625,
    -2.1776084899902344,
    -2.1817541122436523,
    -2.186232328414917,
    -2.1906723976135254,
    -2.1951558589935303,
    -2.198639392852783,
    -2.2019360065460205,
    -2.2052319049835205,
    -2.2085907459259033,
    -2.2114012241363525,
    -2.212421178817749,
    -2.2130815982818604,
    -2.2136199474334717,
    -2.2147018909454346,
    -2.2165865898132324,
    -2.2184677124023438,
    -2.220392942428589,
    -2.222339630126953,
    -2.225008487701416,
    -2.22782826423645,
    -2.230562448501587,
    -2.2331066131591797,
    -2.2356507778167725,
    -2.2380871772766113,
    -2.2403435707092285,
    -2.242680549621582,
    -2.2454841136932373,
    -2.249823808670044,
    -2.254195213317871,
    -2.2588863372802734,
    -2.263618230819702,
    -2.2688844203948975,
    -2.2752275466918945
  ]
}