{
  "arm": 84,
  "p": 0.631,
  "q": 0.459,
  "whittle": [
    -1.6863253116607666,
    -1.6820991039276123,
    -1.6776032447814941,
    -1.6725478172302246,
    -1.6673582792282104,
    -1.6613550186157227,
    -1.6549965143203735,
    -1.649183988571167,
    -1.6456416845321655,
    -1.6421771049499512,
    -1.6387124061584473,
    -1.6353330612182617,
    -1.631561517715454,
    -1.627390742301941,
    -1.6232383251190186,
    -1.619294285774231,
    -1.615683674812317,
    -1.6119356155395508,
    -1.6082204580307007,
    -1.6044824123382568,
    -1.5999324321746826,
    -1.5938044786453247,
    -1.5869710445404053,
    -1.5815457105636597,
    -1.5768803358078003,
    -1.5727394819259644,
    -1.5691609382629395,
    -1.5672632455825806,
    -1.5671380758285522,
    -1.5676559209823608,
    -1.5675369501113892,
    -1.5646171569824219,
    -1.5626038312911987,
    -1.560861349105835,
    -1.5600131750106812,
    -1.5592749118804932,
    -1.5578347444534302,
    -1.5556185245513916,
    -1.5531314611434937,
    -1.55073082447052,
    -1.54887855052948,
    -1.5475741624832153,
    -1.5477445125579834,
    -1.546549916267395,
    -1.5449490547180176,
    -1.5442744493484497,
    -1.5435876846313477,
    -1.541686773300171,
    -1.539665937423706,
    -1.5388271808624268,
    -1.5391837358474731,
    -1.5395679473876953,
    -1.540257453918457,
    -1.5425474643707275,
    -1.5450423955917358,
    -1.547594666481018,
    -1.5505412817001343,
    -1.5535786151885986,
    -1.5559509992599487,
    -1.5582420825958252,
    -1.5607571601867676,
    -1.56375253200531,
    -1.566816806793213,
    -1.5698295831680298,
    -1.572851538658142,
    -1.5755107402801514,
    -1.5773956775665283,
    -1.5788049697875977,
    -1.5800175666809082,
    -1.5819785594940186,
    -1.584857702255249,
    -1.587430477142334,
    -1.5892432928085327,
    -1.5908254384994507,
    -1.5919864177703857,
    -1.5935800075531006,
    -1.5965676307678223,
    -1.5996452569961548,
    -1.6025846004486084,
    -1.604386329650879,
    -1.6058263778686523,
    -1.6071205139160156,
    -1.6084129810333252,
    -1.609462857246399,
    -1.6101220846176147,
    -1.6116582155227661,
    -1.6131618022918701,
    -1.6144064664840698,
    -1.615594744682312,
    -1.6168653964996338,
    -1.6188035011291504,
    -1.6207897663116455,
    -1.6228423118591309,
    -1.626025676727295,
    -1.6303794384002686,
    -1.634732961654663,
    -1.6390867233276367,
    -1.6434402465820312,
    -1.6477938890457153,
    -1.652237892150879
  ]
}