{
  "arm": 74,
  "p": 0.756,
  "q": 0.268,
  "whittle": [
    -1.9908301830291748,
    -1.986593246459961,
    -1.9821791648864746,
    -1.9779715538024902,
    -1.9732078313827515,
    -1.9682936668395996,
    -1.9631723165512085,
    -1.9589859247207642,
    -1.9561432600021362,
    -1.9538915157318115,
    -1.9518924951553345,
    -1.9492992162704468,
    -1.9461551904678345,
    -1.9429399967193604,
    -1.9396986961364746,
    -1.9364013671875,
    -1.9331939220428467,
    -1.9299863576889038,
    -1.9268078804016113,
    -1.9240511655807495,
    -1.9208768606185913,
    -1.916187047958374,
    -1.9125748872756958,
    -1.908713936805725,
    -1.9069952964782715,
    -1.9074623584747314,
    -1.9089895486831665,
    -1.9119303226470947,
    -1.914995789527893,
    -1.9169201850891113,
    -1.9186893701553345,
    -1.9204457998275757,
    -1.9224368333816528,
    -1.9236910343170166,
    -1.9245796203613281,
    -1.9251430034637451,
    -1.9248473644256592,
    -1.923335075378418,
    -1.9217804670333862,
    -1.9217745065689087,
    -1.9225159883499146,
    -1.9229780435562134,
    -1.9233561754226685,
    -1.9236031770706177,
    -1.9240094423294067,
    -1.9238139390945435,
    -1.9258226156234741,
    -1.9275106191635132,
    -1.9281071424484253,
    -1.9288053512573242,
    -1.929895281791687,
    -1.9311164617538452,
    -1.9326502084732056,
    -1.934998631477356,
    -1.9374960660934448,
    -1.93991219997406,
    -1.9423811435699463,
    -1.945474624633789,
    -1.9482853412628174,
    -1.9509146213531494,
    -1.953437328338623,
    -1.9557675123214722,
    -1.9575446844100952,
    -1.9594906568527222,
    -1.9616010189056396,
    -1.9638596773147583,
    -1.9655050039291382,
    -1.9665616750717163,
    -1.969236135482788,
    -1.9725332260131836,
    -1.9755463600158691,
    -1.9779331684112549,
    -1.9797518253326416,
    -1.9815704822540283,
    -1.9818451404571533,
    -1.9821702241897583,
    -1.9824984073638916,
    -1.9828760623931885,
    -1.9833123683929443,
    -1.9836612939834595,
    -1.9843823909759521,
    -1.9858216047286987,
    -1.987196683883667,
    -1.9881072044372559,
    -1.9888290166854858,
    -1.9908429384231567,
    -1.9929850101470947,
    -1.995126724243164,
    -1.9971858263015747,
    -1.9990606307983398,
    -2.0008184909820557,
    -2.0025475025177,
    -2.0046005249023438,
    -2.0073788166046143,
    -2.0112624168395996,
    -2.015165328979492,
    -2.02009916305542,
    -2.025334119796753,
    -2.030568838119507,
    -2.035926103591919
  ]
}