{
  "arm": 83,
  "p": 0.231,
  "q": 0.192,
  "whittle": [
    -1.9699763059616089,
    -1.9658687114715576,
    -1.9613202810287476,
    -1.9570369720458984,
    -1.952201247215271,
    -1.946983814239502,
    -1.9422733783721924,
    -1.9382914304733276,
    -1.936008095741272,
    -1.9335708618164062,
    -1.9314855337142944,
    -1.9293265342712402,
    -1.9261056184768677,
    -1.9227999448776245,
    -1.919508934020996,
    -1.9160736799240112,
    -1.9127347469329834,
    -1.9094303846359253,
    -1.9061349630355835,
    -1.9026254415512085,
    -1.899276614189148,
    -1.8949203491210938,
    -1.8903758525848389,
    -1.8860268592834473,
    -1.8831770420074463,
    -1.8827458620071411,
    -1.8829405307769775,
    -1.8847179412841797,
    -1.887236475944519,
    -1.8886961936950684,
    -1.889855146408081,
    -1.890917181968689,
    -1.8918358087539673,
    -1.8918077945709229,
    -1.8914729356765747,
    -1.8918640613555908,
    -1.890740156173706,
    -1.8884336948394775,
    -1.886338472366333,
    -1.8842450380325317,
    -1.8842979669570923,
    -1.8845980167388916,
    -1.8840339183807373,
    -1.8829104900360107,
    -1.881762146949768,
    -1.881256103515625,
    -1.8805443048477173,
    -1.8806145191192627,
    -1.8810498714447021,
    -1.8821502923965454,
    -1.8829262256622314,
    -1.8836898803710938,
    -1.8845720291137695,
    -1.8862104415893555,
    -1.8881244659423828,
    -1.8904248476028442,
    -1.8939964771270752,
    -1.897391676902771,
    -1.900119662284851,
    -1.9031388759613037,
    -1.905935525894165,
    -1.9085156917572021,
    -1.9111640453338623,
    -1.9137073755264282,
    -1.9165822267532349,
    -1.9194570779800415,
    -1.9217296838760376,
    -1.9243005514144897,
    -1.9279595613479614,
    -1.9316303730010986,
    -1.9351234436035156,
    -1.937621831893921,
    -1.939400315284729,
    -1.9400783777236938,
    -1.940248727798462,
    -1.9405169486999512,
    -1.9408011436462402,
    -1.9410947561264038,
    -1.9414798021316528,
    -1.9430817365646362,
    -1.944586992263794,
    -1.9461216926574707,
    -1.94740629196167,
    -1.9483617544174194,
    -1.9490615129470825,
    -1.9508883953094482,
    -1.9529929161071777,
    -1.955098032951355,
    -1.957202672958374,
    -1.9591869115829468,
    -1.961012363433838,
    -1.962743878364563,
    -1.9647477865219116,
    -1.9681562185287476,
    -1.9719758033752441,
    -1.9767972230911255,
    -1.9819438457489014,
    -1.9870904684066772,
    -1.9922369718551636,
    -1.9974778890609741
  ]
}