{
  "arm": 72,
  "p": 0.556,
  "q": 0.446,
  "whittle": [
    -2.118537425994873,
    -2.1144723892211914,
    -2.110793113708496,
    -2.107255697250366,
    -2.102966785430908,
    -2.0993382930755615,
    -2.0955069065093994,
    -2.091972589492798,
    -2.0903029441833496,
    -2.088752269744873,
    -2.087200403213501,
    -2.0857205390930176,
    -2.083458423614502,
    -2.0808217525482178,
    -2.0779707431793213,
    -2.0750691890716553,
    -2.0722718238830566,
    -2.069474697113037,
    -2.0667247772216797,
    -2.063805341720581,
    -2.0600075721740723,
    -2.0560367107391357,
    -2.053280830383301,
    -2.05256724357605,
    -2.0521416664123535,
    -2.0527234077453613,
    -2.053966522216797,
    -2.056471824645996,
    -2.0595364570617676,
    -2.061904191970825,
    -2.064500331878662,
    -2.0661580562591553,
    -2.068469285964966,
    -2.069206476211548,
    -2.0699517726898193,
    -2.0707943439483643,
    -2.0699543952941895,
    -2.068624258041382,
    -2.066805601119995,
    -2.0652949810028076,
    -2.065725564956665,
    -2.0662739276885986,
    -2.0660593509674072,
    -2.0655672550201416,
    -2.06485652923584,
    -2.067135810852051,
    -2.069492816925049,
    -2.071434259414673,
    -2.0722131729125977,
    -2.0723464488983154,
    -2.073561191558838,
    -2.074964761734009,
    -2.0765700340270996,
    -2.0791549682617188,
    -2.081913471221924,
    -2.084648609161377,
    -2.087425708770752,
    -2.0909018516540527,
    -2.0941340923309326,
    -2.0972375869750977,
    -2.1002402305603027,
    -2.1026463508605957,
    -2.1048667430877686,
    -2.1071388721466064,
    -2.1100127696990967,
    -2.1133170127868652,
    -2.116920232772827,
    -2.120884656906128,
    -2.1247847080230713,
    -2.1290581226348877,
    -2.1331961154937744,
    -2.1369264125823975,
    -2.1398677825927734,
    -2.1422061920166016,
    -2.1440353393554688,
    -2.1450281143188477,
    -2.1460514068603516,
    -2.1468088626861572,
    -2.147275686264038,
    -2.147339344024658,
    -2.147311210632324,
    -2.148433208465576,
    -2.15012788772583,
    -2.15154767036438,
    -2.152691602706909,
    -2.1550662517547607,
    -2.157602310180664,
    -2.1601383686065674,
    -2.1625454425811768,
    -2.164818048477173,
    -2.166945219039917,
    -2.168912649154663,
    -2.170999050140381,
    -2.174034595489502,
    -2.178373098373413,
    -2.1827523708343506,
    -2.187161445617676,
    -2.191964864730835,
    -2.197659730911255,
    -2.2035460472106934
  ]
}