{
  "arm": 87,
  "p": 0.181,
  "q": 0.548,
  "whittle": [
    -2.2746224403381348,
    -2.2714085578918457,
    -2.267975330352783,
    -2.264308214187622,
    -2.260063886642456,
    -2.2551369667053223,
    -2.250284194946289,
    -2.246060609817505,
    -2.2438459396362305,
    -2.24239182472229,
    -2.24094557762146,
    -2.239259719848633,
    -2.2368297576904297,
    -2.2343554496765137,
    -2.23149037361145,
    -2.228698253631592,
    -2.225961923599243,
    -2.2232940196990967,
    -2.2206897735595703,
    -2.217811346054077,
    -2.2139627933502197,
    -2.209798812866211,
    -2.2066609859466553,
    -2.205461025238037,
    -2.204876661300659,
    -2.2054715156555176,
    -2.2062158584594727,
    -2.2081809043884277,
    -2.211374282836914,
    -2.2140462398529053,
    -2.2162158489227295,
    -2.2172911167144775,
    -2.2185091972351074,
    -2.2193615436553955,
    -2.22019362449646,
    -2.220615863800049,
    -2.2194745540618896,
    -2.217766046524048,
    -2.216003656387329,
    -2.214247703552246,
    -2.2133727073669434,
    -2.2138264179229736,
    -2.213273286819458,
    -2.2128043174743652,
    -2.213482618331909,
    -2.2155168056488037,
    -2.217895746231079,
    -2.219646692276001,
    -2.2207343578338623,
    -2.2207891941070557,
    -2.2219436168670654,
    -2.2233428955078125,
    -2.2253310680389404,
    -2.22804594039917,
    -2.2308943271636963,
    -2.2336835861206055,
    -2.236651659011841,
    -2.2396490573883057,
    -2.2425427436828613,
    -2.2459464073181152,
    -2.2491869926452637,
    -2.252267837524414,
    -2.254917621612549,
    -2.2576417922973633,
    -2.260937213897705,
    -2.2643392086029053,
    -2.267115831375122,
    -2.2696025371551514,
    -2.273548126220703,
    -2.2778778076171875,
    -2.282132863998413,
    -2.286214590072632,
    -2.2892324924468994,
    -2.2923123836517334,
    -2.2951183319091797,
    -2.2960760593414307,
    -2.2971975803375244,
    -2.2982072830200195,
    -2.298710823059082,
    -2.298696517944336,
    -2.2984986305236816,
    -2.2986741065979004,
    -2.2992820739746094,
    -2.3009142875671387,
    -2.3022773265838623,
    -2.304724931716919,
    -2.3073971271514893,
    -2.310070037841797,
    -2.312737464904785,
    -2.3151731491088867,
    -2.3174712657928467,
    -2.3196089267730713,
    -2.3217461109161377,
    -2.324784278869629,
    -2.3290350437164307,
    -2.333526372909546,
    -2.338139533996582,
    -2.3427562713623047,
    -2.34737229347229,
    -2.3524327278137207
  ]
}