{
  "arm": 45,
  "p": 0.463,
  "q": 0.436,
  "whittle": [
    -2.180185556411743,
    -2.1770431995391846,
    -2.1736621856689453,
    -2.1699578762054443,
    -2.165870189666748,
    -2.1613526344299316,
    -2.1568827629089355,
    -2.153625726699829,
    -2.152228593826294,
    -2.1509101390838623,
    -2.1496119499206543,
    -2.1482207775115967,
    -2.146033525466919,
    -2.1436498165130615,
    -2.140962600708008,
    -2.138409376144409,
    -2.1360135078430176,
    -2.1336333751678467,
    -2.1312050819396973,
    -2.128434658050537,
    -2.1249327659606934,
    -2.121293544769287,
    -2.1209895610809326,
    -2.1206703186035156,
    -2.121249198913574,
    -2.1222150325775146,
    -2.1234774589538574,
    -2.1265742778778076,
    -2.1299355030059814,
    -2.1331920623779297,
    -2.136244058609009,
    -2.1384530067443848,
    -2.1393115520477295,
    -2.1403253078460693,
    -2.141482353210449,
    -2.1427016258239746,
    -2.1418352127075195,
    -2.140723705291748,
    -2.1392505168914795,
    -2.1388285160064697,
    -2.1400091648101807,
    -2.140812635421753,
    -2.1408798694610596,
    -2.142580986022949,
    -2.144059181213379,
    -2.146592140197754,
    -2.149374485015869,
    -2.1515536308288574,
    -2.1532444953918457,
    -2.155576229095459,
    -2.1576650142669678,
    -2.159806728363037,
    -2.162174940109253,
    -2.1652543544769287,
    -2.168492317199707,
    -2.171722650527954,
    -2.1760318279266357,
    -2.180582284927368,
    -2.1842660903930664,
    -2.187657356262207,
    -2.1911349296569824,
    -2.1940841674804688,
    -2.1972405910491943,
    -2.2009308338165283,
    -2.2046713829040527,
    -2.20916485786438,
    -2.2140400409698486,
    -2.2184977531433105,
    -2.2231078147888184,
    -2.2278892993927,
    -2.2325096130371094,
    -2.236738681793213,
    -2.240187883377075,
    -2.243661403656006,
    -2.2469024658203125,
    -2.249826431274414,
    -2.2517683506011963,
    -2.2528085708618164,
    -2.253650426864624,
    -2.254124164581299,
    -2.255091428756714,
    -2.2572178840637207,
    -2.259317636489868,
    -2.2612431049346924,
    -2.262840747833252,
    -2.2656660079956055,
    -2.2686710357666016,
    -2.2716751098632812,
    -2.274404764175415,
    -2.2771499156951904,
    -2.2797467708587646,
    -2.282184600830078,
    -2.2846591472625732,
    -2.28798246383667,
    -2.292664051055908,
    -2.2975502014160156,
    -2.302435874938965,
    -2.3073618412017822,
    -2.312645196914673,
    -2.318351984024048
  ]
}