{
  "arm": 92,
  "p": 0.681,
  "q": 0.222,
  "whittle": [
    -2.120248317718506,
    -2.1160807609558105,
    -2.112058162689209,
    -2.108011484146118,
    -2.1034202575683594,
    -2.0985970497131348,
    -2.0933849811553955,
    -2.089273691177368,
    -2.0868844985961914,
    -2.0847764015197754,
    -2.0828404426574707,
    -2.081054925918579,
    -2.078690528869629,
    -2.0754916667938232,
    -2.072282552719116,
    -2.0689570903778076,
    -2.0657641887664795,
    -2.0625715255737305,
    -2.0593788623809814,
    -2.0562150478363037,
    -2.052248239517212,
    -2.046959161758423,
    -2.0419280529022217,
    -2.0375711917877197,
    -2.036278009414673,
    -2.0354084968566895,
    -2.035142421722412,
    -2.036560297012329,
    -2.039074182510376,
    -2.040773630142212,
    -2.04197359085083,
    -2.042815923690796,
    -2.043301582336426,
    -2.0431106090545654,
    -2.0434610843658447,
    -2.0438685417175293,
    -2.042996644973755,
    -2.041137933731079,
    -2.0389647483825684,
    -2.0369014739990234,
    -2.03592848777771,
    -2.03665828704834,
    -2.0359203815460205,
    -2.0350167751312256,
    -2.0346567630767822,
    -2.034186363220215,
    -2.036102294921875,
    -2.037736654281616,
    -2.0381548404693604,
    -2.037691831588745,
    -2.037130355834961,
    -2.0378177165985107,
    -2.038939952850342,
    -2.0410826206207275,
    -2.0434229373931885,
    -2.045673370361328,
    -2.0479953289031982,
    -2.050339698791504,
    -2.0523667335510254,
    -2.054967164993286,
    -2.05802059173584,
    -2.06052565574646,
    -2.063011646270752,
    -2.0651345252990723,
    -2.067484140396118,
    -2.0696189403533936,
    -2.071687936782837,
    -2.073838233947754,
    -2.0763437747955322,
    -2.079957962036133,
    -2.083047389984131,
    -2.085249662399292,
    -2.0869200229644775,
    -2.0873284339904785,
    -2.087399959564209,
    -2.0875134468078613,
    -2.0879616737365723,
    -2.088223934173584,
    -2.088324546813965,
    -2.088068962097168,
    -2.0875563621520996,
    -2.08693790435791,
    -2.086956024169922,
    -2.0876224040985107,
    -2.088136672973633,
    -2.0899367332458496,
    -2.091984748840332,
    -2.0940327644348145,
    -2.0959625244140625,
    -2.097761392593384,
    -2.0994067192077637,
    -2.100925922393799,
    -2.1025660037994385,
    -2.105226516723633,
    -2.1091322898864746,
    -2.113179922103882,
    -2.1172268390655518,
    -2.1211702823638916,
    -2.12556791305542,
    -2.1309375762939453
  ]
}