{
  "arm": 94,
  "p": 0.881,
  "q": 0.755,
  "whittle": [
    -1.7477562427520752,
    -1.7435446977615356,
    -1.7390756607055664,
    -1.7335803508758545,
    -1.7280410528182983,
    -1.7223964929580688,
    -1.7163411378860474,
    -1.7111371755599976,
    -1.7080295085906982,
    -1.7051090002059937,
    -1.702079176902771,
    -1.6993764638900757,
    -1.6963084936141968,
    -1.6925204992294312,
    -1.6887564659118652,
    -1.6853216886520386,
    -1.6819772720336914,
    -1.678628921508789,
    -1.6752804517745972,
    -1.671995759010315,
    -1.6678650379180908,
    -1.6632519960403442,
    -1.6585420370101929,
    -1.6542448997497559,
    -1.6509809494018555,
    -1.6489078998565674,
    -1.6498522758483887,
    -1.6519743204116821,
    -1.653099536895752,
    -1.6541638374328613,
    -1.6550558805465698,
    -1.6545864343643188,
    -1.6530874967575073,
    -1.6525981426239014,
    -1.6520185470581055,
    -1.6514232158660889,
    -1.6505790948867798,
    -1.6494181156158447,
    -1.6470566987991333,
    -1.645386815071106,
    -1.6449851989746094,
    -1.644998550415039,
    -1.6454414129257202,
    -1.6443668603897095,
    -1.6430048942565918,
    -1.6426125764846802,
    -1.6422202587127686,
    -1.641008973121643,
    -1.6398122310638428,
    -1.6406850814819336,
    -1.6412724256515503,
    -1.6419150829315186,
    -1.643066644668579,
    -1.6446257829666138,
    -1.6465063095092773,
    -1.6495555639266968,
    -1.6526864767074585,
    -1.655967116355896,
    -1.6588274240493774,
    -1.661310076713562,
    -1.6634188890457153,
    -1.6657042503356934,
    -1.6682286262512207,
    -1.6711405515670776,
    -1.6740409135818481,
    -1.6765007972717285,
    -1.6784188747406006,
    -1.6796976327896118,
    -1.6817305088043213,
    -1.6849371194839478,
    -1.688085675239563,
    -1.6911612749099731,
    -1.6932286024093628,
    -1.694500207901001,
    -1.695915937423706,
    -1.6974124908447266,
    -1.6992743015289307,
    -1.7021536827087402,
    -1.7037897109985352,
    -1.7056643962860107,
    -1.7071701288223267,
    -1.7086365222930908,
    -1.7099072933197021,
    -1.7109675407409668,
    -1.7121721506118774,
    -1.714002251625061,
    -1.7158600091934204,
    -1.7176272869110107,
    -1.7193487882614136,
    -1.7210602760314941,
    -1.7228747606277466,
    -1.7250794172286987,
    -1.7273763418197632,
    -1.7301747798919678,
    -1.7347966432571411,
    -1.739418625831604,
    -1.7440404891967773,
    -1.7486622333526611,
    -1.7532840967178345,
    -1.7580060958862305
  ]
}