{
  "arm": 26,
  "p": 0.775,
  "q": 0.11,
  "whittle": [
    -2.2159011363983154,
    -2.2126479148864746,
    -2.2091660499572754,
    -2.2055578231811523,
    -2.2015109062194824,
    -2.1978466510772705,
    -2.1941421031951904,
    -2.1904592514038086,
    -2.1883416175842285,
    -2.1868410110473633,
    -2.1853268146514893,
    -2.184037923812866,
    -2.181809663772583,
    -2.1791396141052246,
    -2.1762664318084717,
    -2.1733899116516113,
    -2.170625925064087,
    -2.1678619384765625,
    -2.1651864051818848,
    -2.1624326705932617,
    -2.158836841583252,
    -2.1534125804901123,
    -2.151878595352173,
    -2.1515398025512695,
    -2.1517019271850586,
    -2.1523444652557373,
    -2.153010606765747,
    -2.155144691467285,
    -2.158154010772705,
    -2.160275459289551,
    -2.1629695892333984,
    -2.164774179458618,
    -2.166231155395508,
    -2.166853189468384,
    -2.1675808429718018,
    -2.1678569316864014,
    -2.166557788848877,
    -2.16499400138855,
    -2.1631696224212646,
    -2.1614112854003906,
    -2.160094976425171,
    -2.1601779460906982,
    -2.159579277038574,
    -2.158980369567871,
    -2.1584808826446533,
    -2.159719944000244,
    -2.1619348526000977,
    -2.164011240005493,
    -2.165153741836548,
    -2.1651604175567627,
    -2.165714979171753,
    -2.1670026779174805,
    -2.1687536239624023,
    -2.171229839324951,
    -2.1738996505737305,
    -2.176547050476074,
    -2.1792566776275635,
    -2.1819660663604736,
    -2.183720350265503,
    -2.186046838760376,
    -2.1892266273498535,
    -2.192124366760254,
    -2.1951205730438232,
    -2.197678565979004,
    -2.200178861618042,
    -2.2027170658111572,
    -2.2050139904022217,
    -2.207453727722168,
    -2.2113168239593506,
    -2.2154715061187744,
    -2.2196030616760254,
    -2.2227275371551514,
    -2.2251853942871094,
    -2.226954698562622,
    -2.227773904800415,
    -2.2287003993988037,
    -2.229626417160034,
    -2.2302792072296143,
    -2.230543375015259,
    -2.2303824424743652,
    -2.2302186489105225,
    -2.229980707168579,
    -2.2302026748657227,
    -2.231156826019287,
    -2.2320432662963867,
    -2.234172821044922,
    -2.236661195755005,
    -2.239151954650879,
    -2.241591691970825,
    -2.2438297271728516,
    -2.2459049224853516,
    -2.24784255027771,
    -2.249990463256836,
    -2.2531049251556396,
    -2.2574574947357178,
    -2.261810064315796,
    -2.266218423843384,
    -2.2706496715545654,
    -2.2752161026000977,
    -2.280289888381958
  ]
}