{
  "arm": 21,
  "p": 0.425,
  "q": 0.515,
  "whittle": [
    -1.7741330862045288,
    -1.7700471878051758,
    -1.7657614946365356,
    -1.7607725858688354,
    -1.7556792497634888,
    -1.7496654987335205,
    -1.7434958219528198,
    -1.7374343872070312,
    -1.7336751222610474,
    -1.730420470237732,
    -1.7270851135253906,
    -1.7240239381790161,
    -1.7213228940963745,
    -1.7173701524734497,
    -1.7133418321609497,
    -1.7094660997390747,
    -1.7055643796920776,
    -1.7015376091003418,
    -1.6975104808807373,
    -1.6928465366363525,
    -1.687318205833435,
    -1.6814494132995605,
    -1.6746939420700073,
    -1.6690795421600342,
    -1.6646579504013062,
    -1.660487174987793,
    -1.6565279960632324,
    -1.6546436548233032,
    -1.6560051441192627,
    -1.6566396951675415,
    -1.656409502029419,
    -1.6537200212478638,
    -1.6518807411193848,
    -1.6507290601730347,
    -1.650044560432434,
    -1.6494700908660889,
    -1.6476612091064453,
    -1.6446658372879028,
    -1.6410317420959473,
    -1.6389188766479492,
    -1.6371784210205078,
    -1.6355586051940918,
    -1.6348577737808228,
    -1.632811427116394,
    -1.630981683731079,
    -1.6300420761108398,
    -1.6294609308242798,
    -1.6277899742126465,
    -1.6278190612792969,
    -1.6286062002182007,
    -1.6290245056152344,
    -1.6294249296188354,
    -1.6299320459365845,
    -1.6322957277297974,
    -1.6351325511932373,
    -1.6381492614746094,
    -1.6412814855575562,
    -1.6444602012634277,
    -1.64693284034729,
    -1.649356484413147,
    -1.653035283088684,
    -1.6563159227371216,
    -1.6594924926757812,
    -1.6626231670379639,
    -1.6658209562301636,
    -1.668599247932434,
    -1.6707830429077148,
    -1.6725507974624634,
    -1.6738556623458862,
    -1.6762961149215698,
    -1.6792984008789062,
    -1.6820734739303589,
    -1.683963656425476,
    -1.6860400438308716,
    -1.6881766319274902,
    -1.6895619630813599,
    -1.6909066438674927,
    -1.6925023794174194,
    -1.694044589996338,
    -1.6956288814544678,
    -1.697043538093567,
    -1.6983463764190674,
    -1.6996511220932007,
    -1.70078444480896,
    -1.701516032218933,
    -1.7030940055847168,
    -1.7048176527023315,
    -1.7065411806106567,
    -1.708130121231079,
    -1.7094130516052246,
    -1.7106486558914185,
    -1.7120392322540283,
    -1.7141485214233398,
    -1.717137336730957,
    -1.7213561534881592,
    -1.7258132696151733,
    -1.730337142944336,
    -1.7348612546920776,
    -1.7393848896026611,
    -1.7439944744110107
  ]
}