{
  "arm": 65,
  "p": 0.306,
  "q": 0.238,
  "whittle": [
    -2.304722547531128,
    -2.302584409713745,
    -2.299535036087036,
    -2.296186685562134,
    -2.292271375656128,
    -2.287844181060791,
    -2.283613681793213,
    -2.280359983444214,
    -2.2789151668548584,
    -2.277696371078491,
    -2.276479959487915,
    -2.2752397060394287,
    -2.2731096744537354,
    -2.270618200302124,
    -2.2679851055145264,
    -2.2654361724853516,
    -2.263012647628784,
    -2.2607386112213135,
    -2.2583863735198975,
    -2.255568742752075,
    -2.252346992492676,
    -2.2490925788879395,
    -2.2457475662231445,
    -2.2446837425231934,
    -2.2442264556884766,
    -2.244812488555908,
    -2.2457833290100098,
    -2.247342109680176,
    -2.250528335571289,
    -2.2537057399749756,
    -2.2560441493988037,
    -2.2573020458221436,
    -2.2579803466796875,
    -2.2588016986846924,
    -2.2595996856689453,
    -2.2607789039611816,
    -2.260171413421631,
    -2.25864839553833,
    -2.257221221923828,
    -2.2557785511016846,
    -2.2553629875183105,
    -2.255946159362793,
    -2.257490873336792,
    -2.2594337463378906,
    -2.261035203933716,
    -2.2634048461914062,
    -2.265774965286255,
    -2.268042802810669,
    -2.270024538040161,
    -2.272648334503174,
    -2.274463653564453,
    -2.2761898040771484,
    -2.2785143852233887,
    -2.2814342975616455,
    -2.284661054611206,
    -2.2881393432617188,
    -2.2926852703094482,
    -2.2971556186676025,
    -2.3007419109344482,
    -2.3045363426208496,
    -2.3080241680145264,
    -2.311189889907837,
    -2.3148584365844727,
    -2.31887149810791,
    -2.3230371475219727,
    -2.326890468597412,
    -2.3314831256866455,
    -2.3362388610839844,
    -2.3410346508026123,
    -2.345884323120117,
    -2.3505337238311768,
    -2.3545620441436768,
    -2.35795521736145,
    -2.3613710403442383,
    -2.364835500717163,
    -2.367213487625122,
    -2.3687689304351807,
    -2.3699538707733154,
    -2.3708088397979736,
    -2.3711135387420654,
    -2.3710265159606934,
    -2.3715975284576416,
    -2.3732030391693115,
    -2.3749070167541504,
    -2.376331329345703,
    -2.379027843475342,
    -2.382061719894409,
    -2.3850960731506348,
    -2.3879733085632324,
    -2.390742301940918,
    -2.3933498859405518,
    -2.395829677581787,
    -2.3983170986175537,
    -2.4019110202789307,
    -2.406444549560547,
    -2.411127805709839,
    -2.4161195755004883,
    -2.421043634414673,
    -2.4257662296295166,
    -2.430713176727295
  ]
}