{
  "arm": 7,
  "p": 0.15,
  "q": 0.811,
  "whittle": [
    -1.849196434020996,
    -1.8453062772750854,
    -1.8408337831497192,
    -1.83603835105896,
    -1.8309483528137207,
    -1.8248401880264282,
    -1.8189697265625,
    -1.8129358291625977,
    -1.8098385334014893,
    -1.8066927194595337,
    -1.8035469055175781,
    -1.8006318807601929,
    -1.7980483770370483,
    -1.794260859489441,
    -1.7904202938079834,
    -1.786612629890442,
    -1.7827507257461548,
    -1.778904914855957,
    -1.775179147720337,
    -1.7717756032943726,
    -1.767493486404419,
    -1.7621651887893677,
    -1.7555499076843262,
    -1.7508437633514404,
    -1.746545433998108,
    -1.7424607276916504,
    -1.7384686470031738,
    -1.7365331649780273,
    -1.7375574111938477,
    -1.7382757663726807,
    -1.7378783226013184,
    -1.7364698648452759,
    -1.7346842288970947,
    -1.734001636505127,
    -1.7333481311798096,
    -1.7325559854507446,
    -1.7304245233535767,
    -1.7270866632461548,
    -1.7239103317260742,
    -1.7214959859848022,
    -1.7197529077529907,
    -1.718207836151123,
    -1.718026876449585,
    -1.7163305282592773,
    -1.71431303024292,
    -1.7131562232971191,
    -1.7121996879577637,
    -1.7101231813430786,
    -1.7085312604904175,
    -1.7093133926391602,
    -1.7097060680389404,
    -1.7100176811218262,
    -1.71074640750885,
    -1.7122173309326172,
    -1.7145345211029053,
    -1.7175273895263672,
    -1.720666527748108,
    -1.7238504886627197,
    -1.7264723777770996,
    -1.7289774417877197,
    -1.7318230867385864,
    -1.7342737913131714,
    -1.7367936372756958,
    -1.739922046661377,
    -1.743115782737732,
    -1.7458311319351196,
    -1.7479816675186157,
    -1.7496198415756226,
    -1.7508805990219116,
    -1.7523324489593506,
    -1.7545855045318604,
    -1.7576344013214111,
    -1.7592525482177734,
    -1.7605534791946411,
    -1.7606903314590454,
    -1.760529637336731,
    -1.7607381343841553,
    -1.761773943901062,
    -1.7634366750717163,
    -1.7651493549346924,
    -1.7664676904678345,
    -1.7677375078201294,
    -1.7690417766571045,
    -1.7703129053115845,
    -1.7715427875518799,
    -1.7731438875198364,
    -1.7749170064926147,
    -1.7767008543014526,
    -1.7784326076507568,
    -1.78001868724823,
    -1.7814692258834839,
    -1.7827194929122925,
    -1.784475564956665,
    -1.7876063585281372,
    -1.7921990156173706,
    -1.796837568283081,
    -1.8014757633209229,
    -1.8061141967773438,
    -1.8107523918151855,
    -1.8154757022857666
  ]
}