{
  "arm": 58,
  "p": 0.787,
  "q": 0.742,
  "whittle": [
    -1.6481144428253174,
    -1.6433727741241455,
    -1.638687252998352,
    -1.6336225271224976,
    -1.627941370010376,
    -1.6220896244049072,
    -1.6154448986053467,
    -1.608776569366455,
    -1.6047850847244263,
    -1.6011426448822021,
    -1.5974715948104858,
    -1.5938050746917725,
    -1.5906492471694946,
    -1.5863697528839111,
    -1.5819969177246094,
    -1.5781149864196777,
    -1.5746800899505615,
    -1.5707957744598389,
    -1.5668352842330933,
    -1.562859296798706,
    -1.5576014518737793,
    -1.5512940883636475,
    -1.5442111492156982,
    -1.5377774238586426,
    -1.5329443216323853,
    -1.5284101963043213,
    -1.5241044759750366,
    -1.5215938091278076,
    -1.5192039012908936,
    -1.5169548988342285,
    -1.5154420137405396,
    -1.511654019355774,
    -1.5089510679244995,
    -1.5062484741210938,
    -1.5040158033370972,
    -1.5026458501815796,
    -1.5009417533874512,
    -1.4986276626586914,
    -1.4956748485565186,
    -1.4926244020462036,
    -1.4903452396392822,
    -1.4882090091705322,
    -1.487646222114563,
    -1.4861427545547485,
    -1.484325647354126,
    -1.4833728075027466,
    -1.4824199676513672,
    -1.4806134700775146,
    -1.47765052318573,
    -1.4754854440689087,
    -1.4754058122634888,
    -1.4755243062973022,
    -1.4761364459991455,
    -1.4775432348251343,
    -1.4796464443206787,
    -1.4819706678390503,
    -1.484602928161621,
    -1.4873273372650146,
    -1.489630937576294,
    -1.491633653640747,
    -1.4941681623458862,
    -1.4971518516540527,
    -1.4999319314956665,
    -1.5024853944778442,
    -1.5046557188034058,
    -1.5069670677185059,
    -1.5085101127624512,
    -1.5096865892410278,
    -1.5105979442596436,
    -1.5116130113601685,
    -1.5125925540924072,
    -1.5150737762451172,
    -1.5166234970092773,
    -1.5183186531066895,
    -1.5200438499450684,
    -1.522080659866333,
    -1.5247963666915894,
    -1.5275150537490845,
    -1.529943585395813,
    -1.5323247909545898,
    -1.533509612083435,
    -1.5346577167510986,
    -1.5357437133789062,
    -1.5366510152816772,
    -1.5375568866729736,
    -1.5389082431793213,
    -1.5402458906173706,
    -1.5412968397140503,
    -1.5425604581832886,
    -1.544522762298584,
    -1.5463975667953491,
    -1.5481312274932861,
    -1.5499898195266724,
    -1.5523673295974731,
    -1.5564322471618652,
    -1.5604969263076782,
    -1.564561367034912,
    -1.5686262845993042,
    -1.5726909637451172,
    -1.5768530368804932
  ]
}