{
  "arm": 11,
  "p": 0.25,
  "q": 0.219,
  "whittle": [
    -2.2119884490966797,
    -2.208653450012207,
    -2.2054669857025146,
    -2.201781749725342,
    -2.1978259086608887,
    -2.193608045578003,
    -2.190220355987549,
    -2.1872780323028564,
    -2.186347007751465,
    -2.1851866245269775,
    -2.184070587158203,
    -2.1822640895843506,
    -2.180206060409546,
    -2.177762269973755,
    -2.1752095222473145,
    -2.1727521419525146,
    -2.170424461364746,
    -2.168142795562744,
    -2.1657042503356934,
    -2.1629765033721924,
    -2.1598782539367676,
    -2.158607244491577,
    -2.159526824951172,
    -2.1604201793670654,
    -2.161294460296631,
    -2.162435293197632,
    -2.1651384830474854,
    -2.1687636375427246,
    -2.1726186275482178,
    -2.176595449447632,
    -2.179997444152832,
    -2.181896209716797,
    -2.1838955879211426,
    -2.184931993484497,
    -2.186199426651001,
    -2.1874945163726807,
    -2.1875438690185547,
    -2.1860835552215576,
    -2.184788227081299,
    -2.1854007244110107,
    -2.186532974243164,
    -2.1876142024993896,
    -2.1880383491516113,
    -2.1901018619537354,
    -2.1918039321899414,
    -2.1944658756256104,
    -2.1973278522491455,
    -2.199481725692749,
    -2.200951099395752,
    -2.2030997276306152,
    -2.205226182937622,
    -2.2073733806610107,
    -2.2098400592803955,
    -2.212766408920288,
    -2.2160210609436035,
    -2.2192487716674805,
    -2.2226150035858154,
    -2.226848840713501,
    -2.2304224967956543,
    -2.233832836151123,
    -2.2373130321502686,
    -2.2402310371398926,
    -2.242828369140625,
    -2.245745897293091,
    -2.249051332473755,
    -2.252859115600586,
    -2.257690668106079,
    -2.2621326446533203,
    -2.2669177055358887,
    -2.2717318534851074,
    -2.276346206665039,
    -2.280341148376465,
    -2.2834300994873047,
    -2.2860209941864014,
    -2.287294387817383,
    -2.2885749340057373,
    -2.2900497913360596,
    -2.291264057159424,
    -2.2921104431152344,
    -2.292414665222168,
    -2.2925751209259033,
    -2.2935445308685303,
    -2.295605421066284,
    -2.297342538833618,
    -2.2987821102142334,
    -2.3014941215515137,
    -2.3044862747192383,
    -2.3074839115142822,
    -2.310426950454712,
    -2.3131589889526367,
    -2.3157260417938232,
    -2.3181533813476562,
    -2.320605993270874,
    -2.3247807025909424,
    -2.3296782970428467,
    -2.334575653076172,
    -2.339473247528076,
    -2.3443706035614014,
    -2.3496053218841553,
    -2.3550398349761963
  ]
}