{
  "arm": 5,
  "p": 0.4,
  "q": 0.278,
  "whittle": [
    -1.7944209575653076,
    -1.7904285192489624,
    -1.785934329032898,
    -1.7811810970306396,
    -1.7764370441436768,
    -1.7706483602523804,
    -1.7652740478515625,
    -1.7607951164245605,
    -1.757904052734375,
    -1.7546709775924683,
    -1.7514034509658813,
    -1.748470664024353,
    -1.7449783086776733,
    -1.7410081624984741,
    -1.7370615005493164,
    -1.7332484722137451,
    -1.729275107383728,
    -1.7252947092056274,
    -1.7216517925262451,
    -1.7180352210998535,
    -1.7139497995376587,
    -1.7078735828399658,
    -1.7011314630508423,
    -1.6952382326126099,
    -1.6906373500823975,
    -1.686324954032898,
    -1.6822559833526611,
    -1.6794228553771973,
    -1.6803696155548096,
    -1.6808178424835205,
    -1.6805552244186401,
    -1.6784536838531494,
    -1.675891637802124,
    -1.6751152276992798,
    -1.674440622329712,
    -1.6738005876541138,
    -1.6726233959197998,
    -1.669389009475708,
    -1.666748046875,
    -1.6641426086425781,
    -1.6624583005905151,
    -1.660929560661316,
    -1.660857915878296,
    -1.6601678133010864,
    -1.6585105657577515,
    -1.6574528217315674,
    -1.6567389965057373,
    -1.6549992561340332,
    -1.6535314321517944,
    -1.654120922088623,
    -1.6544290781021118,
    -1.6547542810440063,
    -1.6553345918655396,
    -1.6563369035720825,
    -1.658823847770691,
    -1.6616852283477783,
    -1.664673089981079,
    -1.6675539016723633,
    -1.6697757244110107,
    -1.672121524810791,
    -1.674764633178711,
    -1.6767975091934204,
    -1.6793769598007202,
    -1.6818445920944214,
    -1.6844842433929443,
    -1.6868805885314941,
    -1.688661813735962,
    -1.6902012825012207,
    -1.691442608833313,
    -1.6928166151046753,
    -1.6953544616699219,
    -1.6977994441986084,
    -1.6993422508239746,
    -1.7004197835922241,
    -1.7016140222549438,
    -1.7026138305664062,
    -1.7023283243179321,
    -1.7031686305999756,
    -1.704387903213501,
    -1.705849528312683,
    -1.7070666551589966,
    -1.7082457542419434,
    -1.7094247341156006,
    -1.7102147340774536,
    -1.7107360363006592,
    -1.7121753692626953,
    -1.7137999534606934,
    -1.7154247760772705,
    -1.7167671918869019,
    -1.7179396152496338,
    -1.7190515995025635,
    -1.7201443910598755,
    -1.721724033355713,
    -1.7249723672866821,
    -1.7293472290039062,
    -1.7337864637374878,
    -1.7382259368896484,
    -1.7426652908325195,
    -1.7471048831939697,
    -1.7516225576400757
  ]
}