{
  "arm": 2,
  "p": 0.7,
  "q": 0.189,
  "whittle": [
    -2.6660995483398438,
    -2.665217161178589,
    -2.6644163131713867,
    -2.6620101928710938,
    -2.658935546875,
    -2.6564228534698486,
    -2.6541192531585693,
    -2.6523704528808594,
    -2.6517906188964844,
    -2.6516001224517822,
    -2.6514060497283936,
    -2.6509039402008057,
    -2.6497063636779785,
    -2.6479828357696533,
    -2.6462790966033936,
    -2.644606828689575,
    -2.6431870460510254,
    -2.642183780670166,
    -2.643352508544922,
    -2.6446123123168945,
    -2.645176649093628,
    -2.643803358078003,
    -2.6442067623138428,
    -2.6454410552978516,
    -2.6465914249420166,
    -2.6477315425872803,
    -2.6504294872283936,
    -2.6547369956970215,
    -2.6600210666656494,
    -2.6648473739624023,
    -2.6688320636749268,
    -2.6713931560516357,
    -2.6744446754455566,
    -2.6762382984161377,
    -2.678114175796509,
    -2.679434061050415,
    -2.6791844367980957,
    -2.6786298751831055,
    -2.6777241230010986,
    -2.676969051361084,
    -2.676872491836548,
    -2.680494785308838,
    -2.6831881999969482,
    -2.6860768795013428,
    -2.6891942024230957,
    -2.692302942276001,
    -2.695457935333252,
    -2.698298692703247,
    -2.7002103328704834,
    -2.700849771499634,
    -2.7009825706481934,
    -2.702690839767456,
    -2.705209255218506,
    -2.7082712650299072,
    -2.7114500999450684,
    -2.7153077125549316,
    -2.7192976474761963,
    -2.723395824432373,
    -2.7262978553771973,
    -2.729191541671753,
    -2.7321441173553467,
    -2.7344489097595215,
    -2.737521171569824,
    -2.741316318511963,
    -2.7455453872680664,
    -2.750314712524414,
    -2.7558486461639404,
    -2.761209487915039,
    -2.766650676727295,
    -2.7722525596618652,
    -2.777886390686035,
    -2.782709836959839,
    -2.787177801132202,
    -2.791543960571289,
    -2.7952921390533447,
    -2.79811954498291,
    -2.800170660018921,
    -2.8017961978912354,
    -2.8031225204467773,
    -2.8039588928222656,
    -2.804405927658081,
    -2.8047916889190674,
    -2.8055942058563232,
    -2.80631685256958,
    -2.8069772720336914,
    -2.8094165325164795,
    -2.8123698234558105,
    -2.8154232501983643,
    -2.819227933883667,
    -2.8229262828826904,
    -2.8264615535736084,
    -2.82983660697937,
    -2.8332033157348633,
    -2.83729887008667,
    -2.8430731296539307,
    -2.8489248752593994,
    -2.8548269271850586,
    -2.860729217529297,
    -2.8666317462921143,
    -2.8728599548339844
  ]
}