{
  "arm": 44,
  "p": 0.662,
  "q": 0.169,
  "whittle": [
    -1.7736746072769165,
    -1.769742488861084,
    -1.765071988105774,
    -1.7599291801452637,
    -1.754798412322998,
    -1.7493793964385986,
    -1.7439240217208862,
    -1.7392572164535522,
    -1.736539602279663,
    -1.7336094379425049,
    -1.7306795120239258,
    -1.728060007095337,
    -1.7247697114944458,
    -1.7209690809249878,
    -1.717237114906311,
    -1.713679552078247,
    -1.7099237442016602,
    -1.7064625024795532,
    -1.7031066417694092,
    -1.6997352838516235,
    -1.6960420608520508,
    -1.6900697946548462,
    -1.6836142539978027,
    -1.6782786846160889,
    -1.6740139722824097,
    -1.670250415802002,
    -1.6666780710220337,
    -1.6677366495132446,
    -1.6694262027740479,
    -1.6701796054840088,
    -1.6707807779312134,
    -1.6698805093765259,
    -1.6686139106750488,
    -1.6681946516036987,
    -1.667894959449768,
    -1.6676198244094849,
    -1.6670912504196167,
    -1.6653386354446411,
    -1.663071870803833,
    -1.6613891124725342,
    -1.6615227460861206,
    -1.6618664264678955,
    -1.6621872186660767,
    -1.6612581014633179,
    -1.6601808071136475,
    -1.6596471071243286,
    -1.6593356132507324,
    -1.6602684259414673,
    -1.6619658470153809,
    -1.6630265712738037,
    -1.663742184638977,
    -1.664474368095398,
    -1.665720820426941,
    -1.6687134504318237,
    -1.6716059446334839,
    -1.6748764514923096,
    -1.6782022714614868,
    -1.6814982891082764,
    -1.6841250658035278,
    -1.6867514848709106,
    -1.689835548400879,
    -1.693271279335022,
    -1.6966747045516968,
    -1.699680209159851,
    -1.702438473701477,
    -1.7051218748092651,
    -1.7075015306472778,
    -1.7091729640960693,
    -1.712257981300354,
    -1.7157281637191772,
    -1.7190386056900024,
    -1.7216503620147705,
    -1.7240513563156128,
    -1.7257578372955322,
    -1.727318525314331,
    -1.728874921798706,
    -1.7296758890151978,
    -1.730613112449646,
    -1.7319421768188477,
    -1.733375072479248,
    -1.734921932220459,
    -1.7363930940628052,
    -1.7377883195877075,
    -1.7385549545288086,
    -1.7392271757125854,
    -1.740970492362976,
    -1.7428922653198242,
    -1.7448142766952515,
    -1.7465476989746094,
    -1.7481695413589478,
    -1.7496376037597656,
    -1.751022219657898,
    -1.7529698610305786,
    -1.756131649017334,
    -1.76066255569458,
    -1.7653825283050537,
    -1.7701025009155273,
    -1.774822473526001,
    -1.7795741558074951,
    -1.7844254970550537
  ]
}