{
  "arm": 80,
  "p": 0.531,
  "q": 0.103,
  "whittle": [
    -2.509467124938965,
    -2.507969856262207,
    -2.505249261856079,
    -2.5024032592773438,
    -2.5001754760742188,
    -2.497795820236206,
    -2.494783878326416,
    -2.4922235012054443,
    -2.4919755458831787,
    -2.4913008213043213,
    -2.4906346797943115,
    -2.490095376968384,
    -2.488693952560425,
    -2.486546754837036,
    -2.4843709468841553,
    -2.4822375774383545,
    -2.4803295135498047,
    -2.478421688079834,
    -2.476564407348633,
    -2.475203514099121,
    -2.475149154663086,
    -2.4731605052948,
    -2.4718129634857178,
    -2.4714531898498535,
    -2.472546100616455,
    -2.4737021923065186,
    -2.4750399589538574,
    -2.4778707027435303,
    -2.48218035697937,
    -2.4863641262054443,
    -2.489793300628662,
    -2.4914655685424805,
    -2.493302345275879,
    -2.4956023693084717,
    -2.496880054473877,
    -2.4980247020721436,
    -2.497222661972046,
    -2.4959208965301514,
    -2.494474172592163,
    -2.4930365085601807,
    -2.491138219833374,
    -2.4898147583007812,
    -2.489649772644043,
    -2.4909942150115967,
    -2.4940249919891357,
    -2.4969358444213867,
    -2.499309778213501,
    -2.501296281814575,
    -2.5027291774749756,
    -2.5032451152801514,
    -2.5032215118408203,
    -2.503110647201538,
    -2.504833459854126,
    -2.507340669631958,
    -2.509949207305908,
    -2.5130043029785156,
    -2.516293525695801,
    -2.519446611404419,
    -2.5216405391693115,
    -2.523902654647827,
    -2.526726484298706,
    -2.529010057449341,
    -2.5310089588165283,
    -2.5335822105407715,
    -2.5370068550109863,
    -2.540154457092285,
    -2.5428054332733154,
    -2.5455429553985596,
    -2.5496115684509277,
    -2.5536623001098633,
    -2.558259963989258,
    -2.561579704284668,
    -2.56353497505188,
    -2.5648443698883057,
    -2.5660877227783203,
    -2.567490577697754,
    -2.5687003135681152,
    -2.569692850112915,
    -2.570359230041504,
    -2.570460557937622,
    -2.570214033126831,
    -2.5699827671051025,
    -2.5705840587615967,
    -2.570587158203125,
    -2.570504665374756,
    -2.5717689990997314,
    -2.573565721511841,
    -2.5753743648529053,
    -2.5776679515838623,
    -2.5807178020477295,
    -2.5834429264068604,
    -2.5859694480895996,
    -2.5886712074279785,
    -2.5922062397003174,
    -2.5969173908233643,
    -2.6017627716064453,
    -2.6067211627960205,
    -2.611712694168091,
    -2.616705894470215,
    -2.621959924697876
  ]
}