{
  "arm": 68,
  "p": 0.606,
  "q": 0.327,
  "whittle": [
    -1.6688514947891235,
    -1.6646109819412231,
    -1.6598496437072754,
    -1.6546480655670166,
    -1.6495212316513062,
    -1.6438156366348267,
    -1.637869954109192,
    -1.6327706575393677,
    -1.6295846700668335,
    -1.6261420249938965,
    -1.6226626634597778,
    -1.6194138526916504,
    -1.6156516075134277,
    -1.6114704608917236,
    -1.607343316078186,
    -1.6038285493850708,
    -1.6001756191253662,
    -1.5964033603668213,
    -1.5926307439804077,
    -1.5888102054595947,
    -1.5843664407730103,
    -1.5780078172683716,
    -1.5713680982589722,
    -1.5659359693527222,
    -1.5613255500793457,
    -1.557100772857666,
    -1.5538595914840698,
    -1.5516520738601685,
    -1.5509862899780273,
    -1.5514014959335327,
    -1.5510369539260864,
    -1.5476961135864258,
    -1.545411467552185,
    -1.5440632104873657,
    -1.5432188510894775,
    -1.5424587726593018,
    -1.5412487983703613,
    -1.5388567447662354,
    -1.535932183265686,
    -1.5337227582931519,
    -1.532320261001587,
    -1.5324037075042725,
    -1.5325019359588623,
    -1.5320420265197754,
    -1.5307250022888184,
    -1.5299639701843262,
    -1.5291533470153809,
    -1.527445912361145,
    -1.5245624780654907,
    -1.5243474245071411,
    -1.5245885848999023,
    -1.52484929561615,
    -1.5253374576568604,
    -1.5274457931518555,
    -1.5300534963607788,
    -1.5327637195587158,
    -1.5355385541915894,
    -1.5383553504943848,
    -1.540473461151123,
    -1.5425916910171509,
    -1.544732689857483,
    -1.5470383167266846,
    -1.5493286848068237,
    -1.551320195198059,
    -1.5534160137176514,
    -1.5555578470230103,
    -1.5572110414505005,
    -1.558557152748108,
    -1.5595898628234863,
    -1.5608179569244385,
    -1.5625190734863281,
    -1.5648062229156494,
    -1.5657764673233032,
    -1.5666157007217407,
    -1.5675212144851685,
    -1.5686854124069214,
    -1.5713343620300293,
    -1.5739192962646484,
    -1.5754426717758179,
    -1.5765599012374878,
    -1.5777899026870728,
    -1.5789268016815186,
    -1.5800423622131348,
    -1.5807760953903198,
    -1.5811543464660645,
    -1.5824995040893555,
    -1.5838017463684082,
    -1.5849257707595825,
    -1.5859522819519043,
    -1.5873136520385742,
    -1.5892354249954224,
    -1.5910418033599854,
    -1.5929739475250244,
    -1.5962880849838257,
    -1.6004539728164673,
    -1.604620337486267,
    -1.608786940574646,
    -1.6129528284072876,
    -1.6171191930770874,
    -1.6213715076446533
  ]
}