{
  "arm": 39,
  "p": 0.163,
  "q": 0.495,
  "whittle": [
    -2.026782274246216,
    -2.0226104259490967,
    -2.0186262130737305,
    -2.0143158435821533,
    -2.0094549655914307,
    -2.0039823055267334,
    -1.9994240999221802,
    -1.9959039688110352,
    -1.9934486150741577,
    -1.9910733699798584,
    -1.9889954328536987,
    -1.9868301153182983,
    -1.9837900400161743,
    -1.9804617166519165,
    -1.977110743522644,
    -1.9736064672470093,
    -1.9702279567718506,
    -1.9668833017349243,
    -1.9635624885559082,
    -1.9602670669555664,
    -1.9558035135269165,
    -1.9510185718536377,
    -1.944793701171875,
    -1.9402915239334106,
    -1.9365007877349854,
    -1.9355363845825195,
    -1.9358159303665161,
    -1.937200665473938,
    -1.9396783113479614,
    -1.9412862062454224,
    -1.9418919086456299,
    -1.942540168762207,
    -1.9431054592132568,
    -1.9428735971450806,
    -1.9421411752700806,
    -1.9421194791793823,
    -1.9408577680587769,
    -1.9385547637939453,
    -1.9363096952438354,
    -1.93402099609375,
    -1.9336491823196411,
    -1.934141993522644,
    -1.9339362382888794,
    -1.9331309795379639,
    -1.9318325519561768,
    -1.9312479496002197,
    -1.9323946237564087,
    -1.933308482170105,
    -1.9336621761322021,
    -1.9335802793502808,
    -1.9342151880264282,
    -1.9348827600479126,
    -1.9357845783233643,
    -1.9376845359802246,
    -1.9399067163467407,
    -1.9420404434204102,
    -1.9446157217025757,
    -1.9480398893356323,
    -1.9505563974380493,
    -1.95332670211792,
    -1.9559389352798462,
    -1.95811927318573,
    -1.9599308967590332,
    -1.9619815349578857,
    -1.9641488790512085,
    -1.9666080474853516,
    -1.968676209449768,
    -1.9704378843307495,
    -1.9719734191894531,
    -1.9752657413482666,
    -1.9781677722930908,
    -1.9808400869369507,
    -1.982386589050293,
    -1.9823764562606812,
    -1.9823179244995117,
    -1.982321858406067,
    -1.9823729991912842,
    -1.9823247194290161,
    -1.982161283493042,
    -1.9821021556854248,
    -1.9820266962051392,
    -1.9830896854400635,
    -1.9841630458831787,
    -1.9850609302520752,
    -1.9856876134872437,
    -1.9873367547988892,
    -1.9892191886901855,
    -1.9911015033721924,
    -1.9929839372634888,
    -1.99464750289917,
    -1.9961822032928467,
    -1.9976742267608643,
    -1.9993036985397339,
    -2.002088785171509,
    -2.0058581829071045,
    -2.0094962120056152,
    -2.013775110244751,
    -2.0187952518463135,
    -2.023815870285034,
    -2.028919219970703
  ]
}