{
  "arm": 76,
  "p": 0.656,
  "q": 0.801,
  "whittle": [
    -2.0482568740844727,
    -2.045224189758301,
    -2.0407161712646484,
    -2.036689043045044,
    -2.031986951828003,
    -2.026829242706299,
    -2.0213403701782227,
    -2.0159168243408203,
    -2.012326955795288,
    -2.010448694229126,
    -2.008570671081543,
    -2.006692886352539,
    -2.0045316219329834,
    -2.001713514328003,
    -1.9986447095870972,
    -1.9954317808151245,
    -1.9923619031906128,
    -1.9893091917037964,
    -1.9863345623016357,
    -1.9832819700241089,
    -1.9784690141677856,
    -1.9729044437408447,
    -1.9669610261917114,
    -1.9630235433578491,
    -1.9614266157150269,
    -1.9608656167984009,
    -1.961299180984497,
    -1.962892770767212,
    -1.964842677116394,
    -1.9669889211654663,
    -1.966790795326233,
    -1.9664316177368164,
    -1.9662508964538574,
    -1.9667962789535522,
    -1.9677122831344604,
    -1.968361735343933,
    -1.9674636125564575,
    -1.9664677381515503,
    -1.9650410413742065,
    -1.9656699895858765,
    -1.966644525527954,
    -1.967456340789795,
    -1.9681363105773926,
    -1.9689887762069702,
    -1.9704031944274902,
    -1.9728901386260986,
    -1.9752484560012817,
    -1.9784411191940308,
    -1.9813017845153809,
    -1.9836641550064087,
    -1.9854474067687988,
    -1.9874151945114136,
    -1.990250587463379,
    -1.9942179918289185,
    -1.9982795715332031,
    -2.0023796558380127,
    -2.0065391063690186,
    -2.0108556747436523,
    -2.0147578716278076,
    -2.018282890319824,
    -2.0224392414093018,
    -2.026639461517334,
    -2.0302798748016357,
    -2.0339202880859375,
    -2.03756046295166,
    -2.041602373123169,
    -2.0462756156921387,
    -2.050307273864746,
    -2.054372787475586,
    -2.058689594268799,
    -2.0630297660827637,
    -2.067370891571045,
    -2.0706210136413574,
    -2.0738511085510254,
    -2.077080488204956,
    -2.080310821533203,
    -2.0829262733459473,
    -2.08439564704895,
    -2.084840774536133,
    -2.0868911743164062,
    -2.0888705253601074,
    -2.090803861618042,
    -2.092644214630127,
    -2.0944385528564453,
    -2.0962536334991455,
    -2.0988662242889404,
    -2.101552963256836,
    -2.1040940284729004,
    -2.106497049331665,
    -2.108914375305176,
    -2.1112406253814697,
    -2.113494396209717,
    -2.11576247215271,
    -2.1181046962738037,
    -2.1222658157348633,
    -2.1264758110046387,
    -2.1311402320861816,
    -2.136763334274292,
    -2.142707347869873,
    -2.1486387252807617
  ]
}