{
  "arm": 20,
  "p": 0.625,
  "q": 0.248,
  "whittle": [
    -2.323762893676758,
    -2.3214786052703857,
    -2.3180088996887207,
    -2.314481735229492,
    -2.3106794357299805,
    -2.306316375732422,
    -2.301931381225586,
    -2.2983479499816895,
    -2.296251058578491,
    -2.2948338985443115,
    -2.2934091091156006,
    -2.2921104431152344,
    -2.290121555328369,
    -2.28745698928833,
    -2.2846317291259766,
    -2.2818706035614014,
    -2.279240369796753,
    -2.276550531387329,
    -2.27394437789917,
    -2.2710423469543457,
    -2.2675552368164062,
    -2.2624363899230957,
    -2.2584798336029053,
    -2.257025718688965,
    -2.2561709880828857,
    -2.255610466003418,
    -2.2563273906707764,
    -2.257192373275757,
    -2.2593061923980713,
    -2.261752128601074,
    -2.2641422748565674,
    -2.2649500370025635,
    -2.2653307914733887,
    -2.265669584274292,
    -2.266500949859619,
    -2.2673158645629883,
    -2.2660417556762695,
    -2.264556407928467,
    -2.2627484798431396,
    -2.2610907554626465,
    -2.259432315826416,
    -2.2584280967712402,
    -2.2581851482391357,
    -2.257753849029541,
    -2.259530782699585,
    -2.2615702152252197,
    -2.26358962059021,
    -2.265580177307129,
    -2.2666287422180176,
    -2.2673499584198,
    -2.2686705589294434,
    -2.2699155807495117,
    -2.271498918533325,
    -2.2741143703460693,
    -2.2769808769226074,
    -2.2798404693603516,
    -2.282797336578369,
    -2.28584623336792,
    -2.288583755493164,
    -2.2917990684509277,
    -2.2955362796783447,
    -2.2986721992492676,
    -2.3014981746673584,
    -2.304259777069092,
    -2.3072991371154785,
    -2.310821533203125,
    -2.314056158065796,
    -2.317150831222534,
    -2.321488618850708,
    -2.3260138034820557,
    -2.3303608894348145,
    -2.333958864212036,
    -2.337033748626709,
    -2.3398375511169434,
    -2.341404914855957,
    -2.3425774574279785,
    -2.343749523162842,
    -2.3446686267852783,
    -2.345155954360962,
    -2.3452157974243164,
    -2.3450708389282227,
    -2.345187187194824,
    -2.3458471298217773,
    -2.3471858501434326,
    -2.3483102321624756,
    -2.350813150405884,
    -2.3535637855529785,
    -2.3563146591186523,
    -2.358992576599121,
    -2.361488103866577,
    -2.363851308822632,
    -2.3660690784454346,
    -2.3682873249053955,
    -2.3712384700775146,
    -2.375746488571167,
    -2.3804304599761963,
    -2.385146379470825,
    -2.389861822128296,
    -2.3945775032043457,
    -2.399547576904297
  ]
}