{
  "arm": 8,
  "p": 0.55,
  "q": 0.13,
  "whittle": [
    -2.234196424484253,
    -2.2302355766296387,
    -2.2265758514404297,
    -2.2227272987365723,
    -2.2184762954711914,
    -2.213904857635498,
    -2.2095632553100586,
    -2.2057089805603027,
    -2.2035064697265625,
    -2.2017030715942383,
    -2.2000107765197754,
    -2.1984872817993164,
    -2.195906162261963,
    -2.192932605743408,
    -2.1897711753845215,
    -2.186631202697754,
    -2.1836583614349365,
    -2.180704355239868,
    -2.177757978439331,
    -2.174844741821289,
    -2.171137571334839,
    -2.1656670570373535,
    -2.1612627506256104,
    -2.160402297973633,
    -2.159574270248413,
    -2.158850908279419,
    -2.158531427383423,
    -2.160315752029419,
    -2.163361072540283,
    -2.1651430130004883,
    -2.1671807765960693,
    -2.16788649559021,
    -2.169023036956787,
    -2.1700546741485596,
    -2.1705455780029297,
    -2.1711032390594482,
    -2.1702418327331543,
    -2.1683380603790283,
    -2.1662564277648926,
    -2.1642446517944336,
    -2.162444829940796,
    -2.162357807159424,
    -2.1615560054779053,
    -2.160755157470703,
    -2.1606557369232178,
    -2.160810947418213,
    -2.162688970565796,
    -2.164410352706909,
    -2.165146827697754,
    -2.1648306846618652,
    -2.164100170135498,
    -2.164830446243286,
    -2.1660192012786865,
    -2.168015956878662,
    -2.170501232147217,
    -2.172903060913086,
    -2.1753969192504883,
    -2.1777546405792236,
    -2.1792333126068115,
    -2.1809141635894775,
    -2.1842057704925537,
    -2.186964273452759,
    -2.189692497253418,
    -2.192112445831299,
    -2.1947059631347656,
    -2.196991205215454,
    -2.198845863342285,
    -2.2004384994506836,
    -2.2016475200653076,
    -2.2026898860931396,
    -2.2054362297058105,
    -2.20601224899292,
    -2.2061662673950195,
    -2.2063207626342773,
    -2.206475019454956,
    -2.2066538333892822,
    -2.2071423530578613,
    -2.207585573196411,
    -2.2077765464782715,
    -2.2074759006500244,
    -2.2071640491485596,
    -2.2066421508789062,
    -2.2065320014953613,
    -2.2058656215667725,
    -2.205209970474243,
    -2.206991672515869,
    -2.2091760635375977,
    -2.211360216140747,
    -2.2135448455810547,
    -2.215728759765625,
    -2.217531681060791,
    -2.2193620204925537,
    -2.221329689025879,
    -2.2244198322296143,
    -2.2284841537475586,
    -2.2325713634490967,
    -2.236753463745117,
    -2.241049289703369,
    -2.245345115661621,
    -2.2499353885650635
  ]
}