{
  "arm": 22,
  "p": 0.825,
  "q": 0.781,
  "whittle": [
    -1.773403525352478,
    -1.769355058670044,
    -1.7649292945861816,
    -1.7599183320999146,
    -1.7551777362823486,
    -1.7496610879898071,
    -1.7433946132659912,
    -1.738203525543213,
    -1.7348099946975708,
    -1.731485366821289,
    -1.7281607389450073,
    -1.7250261306762695,
    -1.7222825288772583,
    -1.7183599472045898,
    -1.7143241167068481,
    -1.710506558418274,
    -1.7066289186477661,
    -1.7029799222946167,
    -1.6993306875228882,
    -1.6956850290298462,
    -1.69125235080719,
    -1.6853612661361694,
    -1.678903341293335,
    -1.6730765104293823,
    -1.6685336828231812,
    -1.664260983467102,
    -1.6603076457977295,
    -1.6575301885604858,
    -1.6561217308044434,
    -1.6567744016647339,
    -1.6569619178771973,
    -1.6534702777862549,
    -1.650743007659912,
    -1.6488536596298218,
    -1.6478818655014038,
    -1.6467061042785645,
    -1.6448640823364258,
    -1.642858624458313,
    -1.6400842666625977,
    -1.6374280452728271,
    -1.6354557275772095,
    -1.6343331336975098,
    -1.6344157457351685,
    -1.6337194442749023,
    -1.631709337234497,
    -1.63056218624115,
    -1.6298203468322754,
    -1.628536343574524,
    -1.6262396574020386,
    -1.6257632970809937,
    -1.6259446144104004,
    -1.6261814832687378,
    -1.6270480155944824,
    -1.6283971071243286,
    -1.6300616264343262,
    -1.6326508522033691,
    -1.63536536693573,
    -1.6382073163986206,
    -1.6406443119049072,
    -1.6426950693130493,
    -1.644917368888855,
    -1.6473215818405151,
    -1.6491992473602295,
    -1.6519793272018433,
    -1.6542397737503052,
    -1.6566182374954224,
    -1.658426284790039,
    -1.6596934795379639,
    -1.660810947418213,
    -1.6619244813919067,
    -1.6630383729934692,
    -1.6647592782974243,
    -1.6663306951522827,
    -1.6673955917358398,
    -1.6682709455490112,
    -1.6692395210266113,
    -1.6703609228134155,
    -1.6700812578201294,
    -1.6703705787658691,
    -1.6715500354766846,
    -1.672651767730713,
    -1.673766851425171,
    -1.6747875213623047,
    -1.6754860877990723,
    -1.6761646270751953,
    -1.6775240898132324,
    -1.6789287328720093,
    -1.6803466081619263,
    -1.6814404726028442,
    -1.6825436353683472,
    -1.6835579872131348,
    -1.6844311952590942,
    -1.6859129667282104,
    -1.687748670578003,
    -1.6915457248687744,
    -1.6955974102020264,
    -1.6998028755187988,
    -1.704007863998413,
    -1.7082130908966064,
    -1.7125276327133179
  ]
}