{
  "arm": 25,
  "p": 0.375,
  "q": 0.87,
  "whittle": [
    -2.355132818222046,
    -2.3531570434570312,
    -2.3505473136901855,
    -2.3471016883850098,
    -2.3433003425598145,
    -2.3387601375579834,
    -2.334272623062134,
    -2.3305041790008545,
    -2.3290445804595947,
    -2.3281993865966797,
    -2.327357292175293,
    -2.3259871006011963,
    -2.3240513801574707,
    -2.3220527172088623,
    -2.3197407722473145,
    -2.31748104095459,
    -2.315476417541504,
    -2.313551902770996,
    -2.311629056930542,
    -2.309373378753662,
    -2.3077199459075928,
    -2.307358980178833,
    -2.3070261478424072,
    -2.307563066482544,
    -2.3085567951202393,
    -2.3098907470703125,
    -2.3126230239868164,
    -2.316182851791382,
    -2.320270299911499,
    -2.3254029750823975,
    -2.329577684402466,
    -2.3323252201080322,
    -2.334170341491699,
    -2.335172414779663,
    -2.3364946842193604,
    -2.337430715560913,
    -2.3367440700531006,
    -2.336029529571533,
    -2.334635019302368,
    -2.3352088928222656,
    -2.3364272117614746,
    -2.337150812149048,
    -2.3397419452667236,
    -2.3423550128936768,
    -2.3439064025878906,
    -2.3464195728302,
    -2.349546432495117,
    -2.3522276878356934,
    -2.3543496131896973,
    -2.3571019172668457,
    -2.3593671321868896,
    -2.3613414764404297,
    -2.3640224933624268,
    -2.367405414581299,
    -2.3708298206329346,
    -2.374239206314087,
    -2.377753257751465,
    -2.382023334503174,
    -2.3863933086395264,
    -2.3899319171905518,
    -2.393571138381958,
    -2.3968465328216553,
    -2.399911642074585,
    -2.4031567573547363,
    -2.4065144062042236,
    -2.410198211669922,
    -2.4147090911865234,
    -2.4193711280822754,
    -2.424107074737549,
    -2.4289612770080566,
    -2.4337852001190186,
    -2.438662052154541,
    -2.4424333572387695,
    -2.4453516006469727,
    -2.4475603103637695,
    -2.449157953262329,
    -2.4505667686462402,
    -2.451606035232544,
    -2.452528476715088,
    -2.4531631469726562,
    -2.4536068439483643,
    -2.4543938636779785,
    -2.455543279647827,
    -2.457750082015991,
    -2.4600279331207275,
    -2.4631497859954834,
    -2.4664196968078613,
    -2.4695980548858643,
    -2.4725494384765625,
    -2.475534200668335,
    -2.47839093208313,
    -2.481058120727539,
    -2.4837257862091064,
    -2.4866247177124023,
    -2.4914767742156982,
    -2.4966468811035156,
    -2.501837968826294,
    -2.5070297718048096,
    -2.512221097946167,
    -2.5175416469573975
  ]
}