{
  "arm": 14,
  "p": 0.85,
  "q": 0.307,
  "whittle": [
    -1.954193115234375,
    -1.9499918222427368,
    -1.945021629333496,
    -1.9404102563858032,
    -1.9355913400650024,
    -1.93043851852417,
    -1.9254276752471924,
    -1.9210079908370972,
    -1.9180824756622314,
    -1.9155097007751465,
    -1.9132721424102783,
    -1.9111347198486328,
    -1.9082040786743164,
    -1.9047011137008667,
    -1.9012548923492432,
    -1.8977713584899902,
    -1.8942779302597046,
    -1.890784740447998,
    -1.8873040676116943,
    -1.8838024139404297,
    -1.880292534828186,
    -1.874997615814209,
    -1.8686654567718506,
    -1.8640847206115723,
    -1.859732747077942,
    -1.8570215702056885,
    -1.856370449066162,
    -1.8581583499908447,
    -1.8601607084274292,
    -1.861388087272644,
    -1.862159252166748,
    -1.8610059022903442,
    -1.8599085807800293,
    -1.859582781791687,
    -1.8592199087142944,
    -1.8592634201049805,
    -1.8585349321365356,
    -1.8567718267440796,
    -1.854512095451355,
    -1.8523595333099365,
    -1.850705623626709,
    -1.8500425815582275,
    -1.8501219749450684,
    -1.848692774772644,
    -1.847410798072815,
    -1.8468000888824463,
    -1.846795916557312,
    -1.8487595319747925,
    -1.8494333028793335,
    -1.8503955602645874,
    -1.8511157035827637,
    -1.8520933389663696,
    -1.8533116579055786,
    -1.8550938367843628,
    -1.8572418689727783,
    -1.8604223728179932,
    -1.8638527393341064,
    -1.8673650026321411,
    -1.8701094388961792,
    -1.872804045677185,
    -1.87557852268219,
    -1.8781225681304932,
    -1.8814690113067627,
    -1.8844314813613892,
    -1.887436032295227,
    -1.890278697013855,
    -1.892848253250122,
    -1.8946603536605835,
    -1.8969593048095703,
    -1.9005932807922363,
    -1.904053807258606,
    -1.9069585800170898,
    -1.909503698348999,
    -1.912097454071045,
    -1.9147015810012817,
    -1.91726815700531,
    -1.9193027019500732,
    -1.92026948928833,
    -1.9209946393966675,
    -1.9226701259613037,
    -1.9243443012237549,
    -1.925709843635559,
    -1.9270250797271729,
    -1.9279613494873047,
    -1.9287275075912476,
    -1.9307297468185425,
    -1.93282949924469,
    -1.9349329471588135,
    -1.9369038343429565,
    -1.938750147819519,
    -1.9405896663665771,
    -1.9423953294754028,
    -1.9442391395568848,
    -1.9466133117675781,
    -1.951083779335022,
    -1.955915093421936,
    -1.9610472917556763,
    -1.9661797285079956,
    -1.9713330268859863,
    -1.9766234159469604
  ]
}