{
  "arm": 64,
  "p": 0.506,
  "q": 0.683,
  "whittle": [
    -1.7139486074447632,
    -1.7092913389205933,
    -1.704554796218872,
    -1.699587345123291,
    -1.6946253776550293,
    -1.6888823509216309,
    -1.6829856634140015,
    -1.6777595281600952,
    -1.674290657043457,
    -1.670782446861267,
    -1.6672275066375732,
    -1.6637053489685059,
    -1.66058349609375,
    -1.6569865942001343,
    -1.652712106704712,
    -1.648589849472046,
    -1.6445602178573608,
    -1.640486240386963,
    -1.6365962028503418,
    -1.6326977014541626,
    -1.6272836923599243,
    -1.6211915016174316,
    -1.614200472831726,
    -1.607553243637085,
    -1.602735161781311,
    -1.5981178283691406,
    -1.5936387777328491,
    -1.5896825790405273,
    -1.5871549844741821,
    -1.5845202207565308,
    -1.5830562114715576,
    -1.5795226097106934,
    -1.5762388706207275,
    -1.5735855102539062,
    -1.5718858242034912,
    -1.5707545280456543,
    -1.5681904554367065,
    -1.5655192136764526,
    -1.5614168643951416,
    -1.557604432106018,
    -1.5551451444625854,
    -1.55303955078125,
    -1.551800012588501,
    -1.5502935647964478,
    -1.547898530960083,
    -1.5466656684875488,
    -1.54563570022583,
    -1.5434093475341797,
    -1.5402348041534424,
    -1.5370482206344604,
    -1.5358765125274658,
    -1.535841703414917,
    -1.536171555519104,
    -1.5369240045547485,
    -1.5379420518875122,
    -1.5398871898651123,
    -1.542406678199768,
    -1.544992446899414,
    -1.5470455884933472,
    -1.5488777160644531,
    -1.5511224269866943,
    -1.5534260272979736,
    -1.5557067394256592,
    -1.5582846403121948,
    -1.5604603290557861,
    -1.5625617504119873,
    -1.5640685558319092,
    -1.5653142929077148,
    -1.5662024021148682,
    -1.5671488046646118,
    -1.5680444240570068,
    -1.5688775777816772,
    -1.5700974464416504,
    -1.5716108083724976,
    -1.5723634958267212,
    -1.573332667350769,
    -1.574074625968933,
    -1.574948787689209,
    -1.5758177042007446,
    -1.577003002166748,
    -1.5779858827590942,
    -1.5788426399230957,
    -1.5797290802001953,
    -1.5805351734161377,
    -1.5811748504638672,
    -1.582504153251648,
    -1.5838465690612793,
    -1.5849273204803467,
    -1.5858488082885742,
    -1.5868251323699951,
    -1.5882658958435059,
    -1.5899040699005127,
    -1.5915418863296509,
    -1.594072699546814,
    -1.5980714559555054,
    -1.6020704507827759,
    -1.6060692071914673,
    -1.6100680828094482,
    -1.6140668392181396,
    -1.6181505918502808
  ]
}