{
  "arm": 71,
  "p": 0.156,
  "q": 0.179,
  "whittle": [
    -1.898768424987793,
    -1.894881010055542,
    -1.8900796175003052,
    -1.8857171535491943,
    -1.8809174299240112,
    -1.8752044439315796,
    -1.8695834875106812,
    -1.8653409481048584,
    -1.8625695705413818,
    -1.8595740795135498,
    -1.856458306312561,
    -1.853796362876892,
    -1.8503689765930176,
    -1.8465418815612793,
    -1.842738151550293,
    -1.8389933109283447,
    -1.8351134061813354,
    -1.831292748451233,
    -1.8274719715118408,
    -1.8235790729522705,
    -1.8194142580032349,
    -1.8141371011734009,
    -1.8075027465820312,
    -1.8017460107803345,
    -1.7972612380981445,
    -1.7930649518966675,
    -1.7895652055740356,
    -1.7885088920593262,
    -1.7895538806915283,
    -1.7900022268295288,
    -1.7900669574737549,
    -1.7892794609069824,
    -1.7889257669448853,
    -1.7884410619735718,
    -1.7878789901733398,
    -1.787062644958496,
    -1.7857319116592407,
    -1.782990574836731,
    -1.780484676361084,
    -1.7780662775039673,
    -1.7763047218322754,
    -1.7760789394378662,
    -1.7758159637451172,
    -1.775011658668518,
    -1.7738163471221924,
    -1.7729071378707886,
    -1.7719978094100952,
    -1.7698125839233398,
    -1.7691243886947632,
    -1.7692394256591797,
    -1.7696033716201782,
    -1.7699881792068481,
    -1.7705949544906616,
    -1.7715257406234741,
    -1.7730926275253296,
    -1.7753347158432007,
    -1.7784315347671509,
    -1.781278133392334,
    -1.7835501432418823,
    -1.7861725091934204,
    -1.7889454364776611,
    -1.7910616397857666,
    -1.7932484149932861,
    -1.7959271669387817,
    -1.7987340688705444,
    -1.801252841949463,
    -1.8030632734298706,
    -1.8048678636550903,
    -1.8063526153564453,
    -1.8078043460845947,
    -1.8105168342590332,
    -1.8123021125793457,
    -1.8135234117507935,
    -1.814218521118164,
    -1.8139243125915527,
    -1.813602328300476,
    -1.8132314682006836,
    -1.8129538297653198,
    -1.8126276731491089,
    -1.8126991987228394,
    -1.813765287399292,
    -1.8149534463882446,
    -1.8160243034362793,
    -1.8168264627456665,
    -1.8171749114990234,
    -1.81856369972229,
    -1.8202567100524902,
    -1.821950078010559,
    -1.8236380815505981,
    -1.825124740600586,
    -1.8263627290725708,
    -1.827462911605835,
    -1.8286445140838623,
    -1.8314075469970703,
    -1.8350433111190796,
    -1.8395360708236694,
    -1.8441433906555176,
    -1.8487505912780762,
    -1.8533575534820557,
    -1.858033537864685
  ]
}