{
  "arm": 38,
  "p": 0.812,
  "q": 0.228,
  "whittle": [
    -1.926530361175537,
    -1.9223467111587524,
    -1.917723298072815,
    -1.9135839939117432,
    -1.908798098564148,
    -1.9038586616516113,
    -1.8994054794311523,
    -1.8951992988586426,
    -1.8930795192718506,
    -1.8906328678131104,
    -1.888551950454712,
    -1.8866881132125854,
    -1.8838591575622559,
    -1.8805859088897705,
    -1.8773711919784546,
    -1.8741258382797241,
    -1.8708536624908447,
    -1.8675813674926758,
    -1.8643105030059814,
    -1.8613860607147217,
    -1.8581538200378418,
    -1.8532997369766235,
    -1.8497077226638794,
    -1.8466559648513794,
    -1.8455564975738525,
    -1.8463129997253418,
    -1.8480861186981201,
    -1.8507333993911743,
    -1.8535317182540894,
    -1.8553557395935059,
    -1.8562852144241333,
    -1.8577253818511963,
    -1.8595494031906128,
    -1.8604973554611206,
    -1.861282229423523,
    -1.8620226383209229,
    -1.8614692687988281,
    -1.8597848415374756,
    -1.8576891422271729,
    -1.8565239906311035,
    -1.8562756776809692,
    -1.8564406633377075,
    -1.8558629751205444,
    -1.8553800582885742,
    -1.8551031351089478,
    -1.854573130607605,
    -1.853962779045105,
    -1.8549405336380005,
    -1.855534315109253,
    -1.8553916215896606,
    -1.8560889959335327,
    -1.8568717241287231,
    -1.858085036277771,
    -1.859999656677246,
    -1.8622273206710815,
    -1.8644078969955444,
    -1.866631031036377,
    -1.8691200017929077,
    -1.8716919422149658,
    -1.8742841482162476,
    -1.8766270875930786,
    -1.8790611028671265,
    -1.881438136100769,
    -1.8834656476974487,
    -1.8853319883346558,
    -1.8873523473739624,
    -1.888990044593811,
    -1.8904651403427124,
    -1.8933260440826416,
    -1.8963887691497803,
    -1.8991769552230835,
    -1.9011282920837402,
    -1.9027312994003296,
    -1.9035089015960693,
    -1.9034985303878784,
    -1.903488039970398,
    -1.9037567377090454,
    -1.9038366079330444,
    -1.904044508934021,
    -1.9041060209274292,
    -1.9042881727218628,
    -1.9052693843841553,
    -1.9064180850982666,
    -1.907062292098999,
    -1.9075689315795898,
    -1.9093034267425537,
    -1.9111876487731934,
    -1.9130719900131226,
    -1.9147714376449585,
    -1.9164156913757324,
    -1.918026089668274,
    -1.9196115732192993,
    -1.9215426445007324,
    -1.9238717555999756,
    -1.9274437427520752,
    -1.9310187101364136,
    -1.9358880519866943,
    -1.940816879272461,
    -1.9457457065582275,
    -1.950796127319336
  ]
}