{
  "arm": 85,
  "p": 0.431,
  "q": 0.726,
  "whittle": [
    -2.2592689990997314,
    -2.2562968730926514,
    -2.252941846847534,
    -2.249521493911743,
    -2.2454659938812256,
    -2.240780830383301,
    -2.236497163772583,
    -2.2332229614257812,
    -2.231391191482544,
    -2.2301254272460938,
    -2.2289013862609863,
    -2.2275357246398926,
    -2.2252938747406006,
    -2.223048686981201,
    -2.2203903198242188,
    -2.217827320098877,
    -2.21545672416687,
    -2.213016986846924,
    -2.210609197616577,
    -2.207928419113159,
    -2.2042453289031982,
    -2.2015273571014404,
    -2.20151686668396,
    -2.2016215324401855,
    -2.2019309997558594,
    -2.202537775039673,
    -2.203592538833618,
    -2.2066593170166016,
    -2.209859609603882,
    -2.2131941318511963,
    -2.216944456100464,
    -2.219728469848633,
    -2.222240447998047,
    -2.223184108734131,
    -2.2240920066833496,
    -2.2243733406066895,
    -2.223313093185425,
    -2.2222025394439697,
    -2.2204763889312744,
    -2.2190282344818115,
    -2.2177391052246094,
    -2.217606544494629,
    -2.217256784439087,
    -2.216951370239258,
    -2.2165348529815674,
    -2.218693256378174,
    -2.221233606338501,
    -2.2232892513275146,
    -2.2242422103881836,
    -2.224627733230591,
    -2.2255311012268066,
    -2.226858139038086,
    -2.228883981704712,
    -2.2318103313446045,
    -2.23481822013855,
    -2.237799882888794,
    -2.240858554840088,
    -2.243997573852539,
    -2.2465381622314453,
    -2.249664545059204,
    -2.253018617630005,
    -2.256279468536377,
    -2.259291410446167,
    -2.2620692253112793,
    -2.2647407054901123,
    -2.2674169540405273,
    -2.270487070083618,
    -2.2747137546539307,
    -2.278942584991455,
    -2.2834651470184326,
    -2.2879128456115723,
    -2.2923827171325684,
    -2.295896053314209,
    -2.2995166778564453,
    -2.3023438453674316,
    -2.304422616958618,
    -2.30574369430542,
    -2.306591272354126,
    -2.3072073459625244,
    -2.3076045513153076,
    -2.3078227043151855,
    -2.3082661628723145,
    -2.309732437133789,
    -2.311739206314087,
    -2.3135039806365967,
    -2.316262722015381,
    -2.319147825241089,
    -2.322033405303955,
    -2.324798822402954,
    -2.327425241470337,
    -2.3299286365509033,
    -2.3322551250457764,
    -2.3345820903778076,
    -2.337599515914917,
    -2.3423683643341064,
    -2.3471367359161377,
    -2.351905584335327,
    -2.3567066192626953,
    -2.361950397491455,
    -2.367321491241455
  ]
}