{
  "arm": 66,
  "p": 0.706,
  "q": 0.505,
  "whittle": [
    -2.0268208980560303,
    -2.0226638317108154,
    -2.018536329269409,
    -2.014655828475952,
    -2.0101845264434814,
    -2.0056769847869873,
    -2.0015194416046143,
    -1.997605562210083,
    -1.9954620599746704,
    -1.9934602975845337,
    -1.9916110038757324,
    -1.9897723197937012,
    -1.9875327348709106,
    -1.9844383001327515,
    -1.9813333749771118,
    -1.9781780242919922,
    -1.9750714302062988,
    -1.9719650745391846,
    -1.968876600265503,
    -1.9657617807388306,
    -1.9619662761688232,
    -1.9577771425247192,
    -1.9522569179534912,
    -1.9483698606491089,
    -1.9454797506332397,
    -1.9448248147964478,
    -1.945129156112671,
    -1.946714162826538,
    -1.9489692449569702,
    -1.9509177207946777,
    -1.952203392982483,
    -1.9527478218078613,
    -1.9522496461868286,
    -1.9521872997283936,
    -1.9524190425872803,
    -1.9530030488967896,
    -1.952172875404358,
    -1.9507310390472412,
    -1.9486629962921143,
    -1.9467660188674927,
    -1.9462031126022339,
    -1.9468560218811035,
    -1.9469703435897827,
    -1.946232795715332,
    -1.9451037645339966,
    -1.9447638988494873,
    -1.9464372396469116,
    -1.948183298110962,
    -1.9490057229995728,
    -1.9497065544128418,
    -1.9508081674575806,
    -1.952218770980835,
    -1.9540520906448364,
    -1.9564270973205566,
    -1.9589370489120483,
    -1.9614224433898926,
    -1.9647959470748901,
    -1.968518853187561,
    -1.9715991020202637,
    -1.9744648933410645,
    -1.977623701095581,
    -1.980354905128479,
    -1.982966661453247,
    -1.9857722520828247,
    -1.9889724254608154,
    -1.9923412799835205,
    -1.9949227571487427,
    -1.996922492980957,
    -2.0002098083496094,
    -2.0039703845977783,
    -2.007706642150879,
    -2.0112059116363525,
    -2.01389217376709,
    -2.016273021697998,
    -2.01815128326416,
    -2.01922869682312,
    -2.0197055339813232,
    -2.0201072692871094,
    -2.0204176902770996,
    -2.020712375640869,
    -2.020937442779541,
    -2.022336721420288,
    -2.0237667560577393,
    -2.024972438812256,
    -2.0259337425231934,
    -2.0280401706695557,
    -2.0302536487579346,
    -2.032466173171997,
    -2.0344533920288086,
    -2.0364081859588623,
    -2.0382211208343506,
    -2.0399527549743652,
    -2.041741371154785,
    -2.0438997745513916,
    -2.047840118408203,
    -2.0519301891326904,
    -2.0559072494506836,
    -2.0608391761779785,
    -2.0661680698394775,
    -2.0716135501861572
  ]
}