{
  "arm": 63,
  "p": 0.106,
  "q": 0.416,
  "whittle": [
    -2.215301752090454,
    -2.2116587162017822,
    -2.2082724571228027,
    -2.2045185565948486,
    -2.2001848220825195,
    -2.1954586505889893,
    -2.19171142578125,
    -2.188751220703125,
    -2.18669056892395,
    -2.1848278045654297,
    -2.1831870079040527,
    -2.1815686225891113,
    -2.1788785457611084,
    -2.175934076309204,
    -2.1727631092071533,
    -2.169609308242798,
    -2.166581392288208,
    -2.1636223793029785,
    -2.160667896270752,
    -2.1575374603271484,
    -2.1534101963043213,
    -2.149036407470703,
    -2.145097494125366,
    -2.144277572631836,
    -2.1433258056640625,
    -2.142537832260132,
    -2.142503261566162,
    -2.143828868865967,
    -2.1462137699127197,
    -2.1481471061706543,
    -2.1499125957489014,
    -2.1506972312927246,
    -2.1520590782165527,
    -2.154040813446045,
    -2.1544406414031982,
    -2.154897451400757,
    -2.1535589694976807,
    -2.151193141937256,
    -2.1490488052368164,
    -2.146883726119995,
    -2.1450600624084473,
    -2.1437878608703613,
    -2.142749547958374,
    -2.14182710647583,
    -2.141059637069702,
    -2.1407179832458496,
    -2.1405980587005615,
    -2.141401529312134,
    -2.141481399536133,
    -2.1408793926239014,
    -2.1397695541381836,
    -2.1394495964050293,
    -2.1403748989105225,
    -2.142428398132324,
    -2.1447601318359375,
    -2.14695405960083,
    -2.149258852005005,
    -2.151477575302124,
    -2.152756690979004,
    -2.1543996334075928,
    -2.1562001705169678,
    -2.158358097076416,
    -2.160745620727539,
    -2.1629767417907715,
    -2.1651461124420166,
    -2.1670026779174805,
    -2.1682989597320557,
    -2.169182777404785,
    -2.169734477996826,
    -2.1712019443511963,
    -2.1742103099823,
    -2.1765248775482178,
    -2.176544666290283,
    -2.176582098007202,
    -2.1768598556518555,
    -2.1773316860198975,
    -2.1778030395507812,
    -2.178260326385498,
    -2.178359031677246,
    -2.1781299114227295,
    -2.177427053451538,
    -2.176787853240967,
    -2.1766538619995117,
    -2.1765894889831543,
    -2.1771602630615234,
    -2.178921699523926,
    -2.180971384048462,
    -2.183021306991577,
    -2.185070514678955,
    -2.1870036125183105,
    -2.188671350479126,
    -2.1901869773864746,
    -2.1919336318969727,
    -2.194985866546631,
    -2.1989431381225586,
    -2.2029104232788086,
    -2.207024097442627,
    -2.2111380100250244,
    -2.2154383659362793,
    -2.2198524475097656
  ]
}