{
  "arm": 23,
  "p": 0.175,
  "q": 0.337,
  "whittle": [
    -1.7747273445129395,
    -1.7706338167190552,
    -1.7661852836608887,
    -1.7610241174697876,
    -1.756101131439209,
    -1.749989628791809,
    -1.743891716003418,
    -1.7379205226898193,
    -1.7344248294830322,
    -1.7311108112335205,
    -1.727752447128296,
    -1.7246142625808716,
    -1.7208166122436523,
    -1.7167644500732422,
    -1.7127141952514648,
    -1.7088152170181274,
    -1.7047513723373413,
    -1.7006890773773193,
    -1.696783185005188,
    -1.693180799484253,
    -1.6881320476531982,
    -1.682273030281067,
    -1.6754693984985352,
    -1.670088291168213,
    -1.6655939817428589,
    -1.661349892616272,
    -1.6574008464813232,
    -1.6560267210006714,
    -1.657319188117981,
    -1.6577152013778687,
    -1.6571714878082275,
    -1.6560438871383667,
    -1.6539943218231201,
    -1.6531168222427368,
    -1.6523842811584473,
    -1.6516963243484497,
    -1.6500316858291626,
    -1.6465728282928467,
    -1.6433528661727905,
    -1.640852928161621,
    -1.639125943183899,
    -1.6369572877883911,
    -1.6365416049957275,
    -1.6354485750198364,
    -1.63357675075531,
    -1.6326225996017456,
    -1.6316375732421875,
    -1.6296347379684448,
    -1.6268744468688965,
    -1.6264721155166626,
    -1.6267356872558594,
    -1.6270157098770142,
    -1.6274785995483398,
    -1.6283628940582275,
    -1.6305630207061768,
    -1.6332781314849854,
    -1.6362184286117554,
    -1.6390749216079712,
    -1.6412689685821533,
    -1.6437311172485352,
    -1.6462066173553467,
    -1.648278832435608,
    -1.6512558460235596,
    -1.6542466878890991,
    -1.6572871208190918,
    -1.659929871559143,
    -1.66176176071167,
    -1.6632403135299683,
    -1.6644704341888428,
    -1.6658000946044922,
    -1.6674174070358276,
    -1.6699727773666382,
    -1.67169189453125,
    -1.6728971004486084,
    -1.6740214824676514,
    -1.6751831769943237,
    -1.6766729354858398,
    -1.6785104274749756,
    -1.6799339056015015,
    -1.6813987493515015,
    -1.6825380325317383,
    -1.6836720705032349,
    -1.6847996711730957,
    -1.6856606006622314,
    -1.6862777471542358,
    -1.687649130821228,
    -1.6892398595809937,
    -1.690695881843567,
    -1.691888689994812,
    -1.6930105686187744,
    -1.6940184831619263,
    -1.6949620246887207,
    -1.6965117454528809,
    -1.6997839212417603,
    -1.7040376663208008,
    -1.708419680595398,
    -1.7128015756607056,
    -1.7171835899353027,
    -1.7215654850006104,
    -1.726015329360962
  ]
}