{
  "arm": 43,
  "p": 0.263,
  "q": 0.851,
  "whittle": [
    -1.6440294981002808,
    -1.6394076347351074,
    -1.635130524635315,
    -1.6301710605621338,
    -1.6246329545974731,
    -1.6186528205871582,
    -1.6128833293914795,
    -1.606568694114685,
    -1.6027381420135498,
    -1.5992603302001953,
    -1.5957329273223877,
    -1.5922281742095947,
    -1.5884495973587036,
    -1.5841854810714722,
    -1.5799520015716553,
    -1.5758086442947388,
    -1.5720995664596558,
    -1.568265438079834,
    -1.5644316673278809,
    -1.559977412223816,
    -1.554524302482605,
    -1.549297571182251,
    -1.542690396308899,
    -1.5374542474746704,
    -1.5329924821853638,
    -1.5287457704544067,
    -1.5258634090423584,
    -1.5235198736190796,
    -1.5220270156860352,
    -1.5220507383346558,
    -1.5215049982070923,
    -1.519389033317566,
    -1.5167508125305176,
    -1.514693260192871,
    -1.5132110118865967,
    -1.5123616456985474,
    -1.51005220413208,
    -1.5075181722640991,
    -1.5041403770446777,
    -1.5010583400726318,
    -1.498935580253601,
    -1.4977158308029175,
    -1.497626781463623,
    -1.4968299865722656,
    -1.4946353435516357,
    -1.493649959564209,
    -1.492806077003479,
    -1.4909709692001343,
    -1.4885739088058472,
    -1.4881333112716675,
    -1.4882973432540894,
    -1.4887058734893799,
    -1.4900004863739014,
    -1.4924668073654175,
    -1.4948196411132812,
    -1.4972718954086304,
    -1.49994957447052,
    -1.5026935338974,
    -1.5049731731414795,
    -1.5070288181304932,
    -1.5094860792160034,
    -1.5112735033035278,
    -1.5139254331588745,
    -1.5166280269622803,
    -1.5188839435577393,
    -1.5208503007888794,
    -1.5225319862365723,
    -1.5236773490905762,
    -1.5244907140731812,
    -1.525169014930725,
    -1.5255287885665894,
    -1.5258867740631104,
    -1.526696801185608,
    -1.5274956226348877,
    -1.5283198356628418,
    -1.5282570123672485,
    -1.5286107063293457,
    -1.529708981513977,
    -1.5307905673980713,
    -1.5317047834396362,
    -1.5326648950576782,
    -1.5335710048675537,
    -1.5344994068145752,
    -1.5353853702545166,
    -1.536285161972046,
    -1.5374486446380615,
    -1.5385184288024902,
    -1.5394728183746338,
    -1.5402717590332031,
    -1.541111707687378,
    -1.5423052310943604,
    -1.5438917875289917,
    -1.5454778671264648,
    -1.548102617263794,
    -1.5520292520523071,
    -1.5559558868408203,
    -1.559882640838623,
    -1.5638092756271362,
    -1.5677478313446045,
    -1.5717852115631104
  ]
}