{
  "arm": 37,
  "p": 0.412,
  "q": 0.673,
  "whittle": [
    -2.3389995098114014,
    -2.3364245891571045,
    -2.3333840370178223,
    -2.330198049545288,
    -2.3263561725616455,
    -2.3218672275543213,
    -2.317758083343506,
    -2.3146042823791504,
    -2.312962055206299,
    -2.3119139671325684,
    -2.31093692779541,
    -2.309990644454956,
    -2.3082079887390137,
    -2.3061511516571045,
    -2.3036959171295166,
    -2.3013272285461426,
    -2.299166679382324,
    -2.296969175338745,
    -2.294772148132324,
    -2.292275905609131,
    -2.2887814044952393,
    -2.2868096828460693,
    -2.2861526012420654,
    -2.2856364250183105,
    -2.2861382961273193,
    -2.287278175354004,
    -2.288715124130249,
    -2.29194974899292,
    -2.2954368591308594,
    -2.2993545532226562,
    -2.3031108379364014,
    -2.3052384853363037,
    -2.307652711868286,
    -2.3088574409484863,
    -2.30997633934021,
    -2.3108959197998047,
    -2.3099277019500732,
    -2.308844804763794,
    -2.3072500228881836,
    -2.3059287071228027,
    -2.305572271347046,
    -2.3053340911865234,
    -2.3051228523254395,
    -2.3057010173797607,
    -2.3070437908172607,
    -2.30940318107605,
    -2.311887264251709,
    -2.3140692710876465,
    -2.315805435180664,
    -2.316474437713623,
    -2.3171980381011963,
    -2.3187754154205322,
    -2.3207919597625732,
    -2.323744535446167,
    -2.3268916606903076,
    -2.3299877643585205,
    -2.333209753036499,
    -2.3364853858947754,
    -2.339085102081299,
    -2.3420252799987793,
    -2.3458449840545654,
    -2.3492188453674316,
    -2.3523223400115967,
    -2.3553216457366943,
    -2.3584794998168945,
    -2.361326217651367,
    -2.3636012077331543,
    -2.3665215969085693,
    -2.3709614276885986,
    -2.375603437423706,
    -2.3801498413085938,
    -2.3845722675323486,
    -2.3871381282806396,
    -2.3886516094207764,
    -2.3900296688079834,
    -2.3914074897766113,
    -2.3927855491638184,
    -2.393850803375244,
    -2.3945791721343994,
    -2.3948957920074463,
    -2.3949389457702637,
    -2.3950750827789307,
    -2.3956687450408936,
    -2.3965604305267334,
    -2.3981263637542725,
    -2.4009809494018555,
    -2.4039499759674072,
    -2.406912088394165,
    -2.409874677658081,
    -2.412616729736328,
    -2.4152026176452637,
    -2.4176154136657715,
    -2.4200284481048584,
    -2.423283815383911,
    -2.42818284034729,
    -2.4331109523773193,
    -2.438045024871826,
    -2.442979574203491,
    -2.4479522705078125,
    -2.453200578689575
  ]
}