{
  "arm": 79,
  "p": 0.131,
  "q": 0.89,
  "whittle": [
    -1.9702528715133667,
    -1.9659126996994019,
    -1.961219310760498,
    -1.9562017917633057,
    -1.9512135982513428,
    -1.9456475973129272,
    -1.9402967691421509,
    -1.9346630573272705,
    -1.931173324584961,
    -1.928877830505371,
    -1.926896333694458,
    -1.9249151945114136,
    -1.9219975471496582,
    -1.9188820123672485,
    -1.9156861305236816,
    -1.9122713804244995,
    -1.909075379371643,
    -1.9058996438980103,
    -1.9028085470199585,
    -1.8995643854141235,
    -1.8957267999649048,
    -1.891119360923767,
    -1.8872450590133667,
    -1.8834105730056763,
    -1.883040428161621,
    -1.8834288120269775,
    -1.8845453262329102,
    -1.8871150016784668,
    -1.8893539905548096,
    -1.8913060426712036,
    -1.8924281597137451,
    -1.8930833339691162,
    -1.892727255821228,
    -1.8927792310714722,
    -1.8937240839004517,
    -1.894193410873413,
    -1.8928310871124268,
    -1.8911360502243042,
    -1.8894025087356567,
    -1.8900443315505981,
    -1.890378475189209,
    -1.8906490802764893,
    -1.8913178443908691,
    -1.8903799057006836,
    -1.8890715837478638,
    -1.8902071714401245,
    -1.892620325088501,
    -1.8939110040664673,
    -1.8957176208496094,
    -1.8973369598388672,
    -1.8986790180206299,
    -1.9003726243972778,
    -1.9023605585098267,
    -1.9050607681274414,
    -1.9087798595428467,
    -1.9125399589538574,
    -1.9164392948150635,
    -1.9204267263412476,
    -1.923906683921814,
    -1.9269603490829468,
    -1.929871916770935,
    -1.932782769203186,
    -1.9359171390533447,
    -1.9389421939849854,
    -1.9420545101165771,
    -1.9447576999664307,
    -1.9472885131835938,
    -1.9500890970230103,
    -1.9537569284439087,
    -1.9575467109680176,
    -1.961345911026001,
    -1.9653578996658325,
    -1.968580961227417,
    -1.970627784729004,
    -1.9726616144180298,
    -1.9741743803024292,
    -1.9747720956802368,
    -1.9755451679229736,
    -1.9780550003051758,
    -1.980390191078186,
    -1.9820690155029297,
    -1.983635425567627,
    -1.9851919412612915,
    -1.9868276119232178,
    -1.9886071681976318,
    -1.990833044052124,
    -1.9932291507720947,
    -1.9956246614456177,
    -1.997748851776123,
    -1.9998677968978882,
    -2.001871347427368,
    -2.0039803981781006,
    -2.0061068534851074,
    -2.0088822841644287,
    -2.0131821632385254,
    -2.018641233444214,
    -2.0240979194641113,
    -2.029554843902588,
    -2.0350115299224854,
    -2.0405642986297607
  ]
}