{
  "arm": 99,
  "p": 0.219,
  "q": 0.429,
  "whittle": [
    -1.717997431755066,
    -1.7131991386413574,
    -1.7081574201583862,
    -1.7028144598007202,
    -1.6973618268966675,
    -1.6914088726043701,
    -1.6853965520858765,
    -1.6793442964553833,
    -1.6755006313323975,
    -1.6718658208847046,
    -1.668184518814087,
    -1.6645365953445435,
    -1.660657286643982,
    -1.6562789678573608,
    -1.651906132698059,
    -1.6476768255233765,
    -1.6433814764022827,
    -1.6393064260482788,
    -1.6352890729904175,
    -1.6312439441680908,
    -1.6258606910705566,
    -1.6196094751358032,
    -1.612406611442566,
    -1.6067756414413452,
    -1.6017764806747437,
    -1.5970799922943115,
    -1.5926424264907837,
    -1.5899713039398193,
    -1.5876929759979248,
    -1.5877565145492554,
    -1.5868215560913086,
    -1.5857245922088623,
    -1.5841485261917114,
    -1.5824211835861206,
    -1.5812642574310303,
    -1.5801695585250854,
    -1.5780320167541504,
    -1.5743099451065063,
    -1.5703721046447754,
    -1.5665943622589111,
    -1.564216136932373,
    -1.5619999170303345,
    -1.561126470565796,
    -1.5593185424804688,
    -1.5569688081741333,
    -1.5554344654083252,
    -1.5532485246658325,
    -1.5504485368728638,
    -1.547187328338623,
    -1.5444362163543701,
    -1.5416984558105469,
    -1.5412983894348145,
    -1.541224718093872,
    -1.5417436361312866,
    -1.542433261871338,
    -1.543535828590393,
    -1.5455479621887207,
    -1.5479404926300049,
    -1.5496755838394165,
    -1.551612138748169,
    -1.5538171529769897,
    -1.5553730726242065,
    -1.556929588317871,
    -1.558884620666504,
    -1.5614404678344727,
    -1.5635414123535156,
    -1.5648027658462524,
    -1.5653859376907349,
    -1.5657790899276733,
    -1.5662754774093628,
    -1.566619873046875,
    -1.5667877197265625,
    -1.5674105882644653,
    -1.5669333934783936,
    -1.5659656524658203,
    -1.5655136108398438,
    -1.566280484199524,
    -1.5674254894256592,
    -1.5684187412261963,
    -1.5694376230239868,
    -1.5701874494552612,
    -1.571012258529663,
    -1.5718193054199219,
    -1.5723882913589478,
    -1.572767734527588,
    -1.5739306211471558,
    -1.5750155448913574,
    -1.5760060548782349,
    -1.5769966840744019,
    -1.5780826807022095,
    -1.5797665119171143,
    -1.5815304517745972,
    -1.583815097808838,
    -1.587203860282898,
    -1.591135025024414,
    -1.5950665473937988,
    -1.5989981889724731,
    -1.6029295921325684,
    -1.606860876083374,
    -1.61085844039917
  ]
}