{
  "arm": 73,
  "p": 0.356,
  "q": 0.712,
  "whittle": [
    -1.6850405931472778,
    -1.6809923648834229,
    -1.6767042875289917,
    -1.6714982986450195,
    -1.6655888557434082,
    -1.659476637840271,
    -1.6533734798431396,
    -1.6486374139785767,
    -1.6456069946289062,
    -1.6423707008361816,
    -1.6390975713729858,
    -1.6360855102539062,
    -1.6323622465133667,
    -1.628382682800293,
    -1.6244096755981445,
    -1.6205860376358032,
    -1.616772174835205,
    -1.6131740808486938,
    -1.6096470355987549,
    -1.606184959411621,
    -1.6012365818023682,
    -1.5958175659179688,
    -1.589171290397644,
    -1.584352970123291,
    -1.5797855854034424,
    -1.5758904218673706,
    -1.5734108686447144,
    -1.5739450454711914,
    -1.5752755403518677,
    -1.5760146379470825,
    -1.5762853622436523,
    -1.575084924697876,
    -1.573480248451233,
    -1.5726643800735474,
    -1.5721073150634766,
    -1.5716910362243652,
    -1.570489764213562,
    -1.5686571598052979,
    -1.5666284561157227,
    -1.5649795532226562,
    -1.5642269849777222,
    -1.564378261566162,
    -1.5645580291748047,
    -1.5637539625167847,
    -1.5621788501739502,
    -1.5617595911026,
    -1.561286449432373,
    -1.5600985288619995,
    -1.5615015029907227,
    -1.5625100135803223,
    -1.5631353855133057,
    -1.5638618469238281,
    -1.5662955045700073,
    -1.5689878463745117,
    -1.5717103481292725,
    -1.5744690895080566,
    -1.5777264833450317,
    -1.581038236618042,
    -1.5838024616241455,
    -1.5863707065582275,
    -1.5897141695022583,
    -1.593033790588379,
    -1.59635329246521,
    -1.5991114377975464,
    -1.6018050909042358,
    -1.604135513305664,
    -1.6060858964920044,
    -1.6074548959732056,
    -1.6097722053527832,
    -1.61299729347229,
    -1.6161432266235352,
    -1.6192456483840942,
    -1.6212960481643677,
    -1.622676134109497,
    -1.6241158246994019,
    -1.6264383792877197,
    -1.628739595413208,
    -1.6306519508361816,
    -1.6323139667510986,
    -1.6338058710098267,
    -1.6351158618927002,
    -1.6365621089935303,
    -1.6380335092544556,
    -1.6394717693328857,
    -1.6405407190322876,
    -1.6422384977340698,
    -1.6440585851669312,
    -1.6457667350769043,
    -1.6471210718154907,
    -1.6485116481781006,
    -1.6506136655807495,
    -1.6527483463287354,
    -1.655214786529541,
    -1.6584066152572632,
    -1.6628936529159546,
    -1.667412519454956,
    -1.671931266784668,
    -1.6764594316482544,
    -1.6810121536254883,
    -1.68565034866333
  ]
}