{
  "arm": 28,
  "p": 0.675,
  "q": 0.643,
  "whittle": [
    -1.9430105686187744,
    -1.9389679431915283,
    -1.934135913848877,
    -1.929740071296692,
    -1.9247139692306519,
    -1.9192960262298584,
    -1.9135315418243408,
    -1.9078959226608276,
    -1.904491901397705,
    -1.9018235206604004,
    -1.8994946479797363,
    -1.8972147703170776,
    -1.894552230834961,
    -1.8910846710205078,
    -1.887587308883667,
    -1.8839939832687378,
    -1.8805009126663208,
    -1.8770078420639038,
    -1.8735147714614868,
    -1.8702870607376099,
    -1.866367220878601,
    -1.862259030342102,
    -1.857362151145935,
    -1.8532108068466187,
    -1.8492873907089233,
    -1.847292423248291,
    -1.8478000164031982,
    -1.8495949506759644,
    -1.8512977361679077,
    -1.8526155948638916,
    -1.8535486459732056,
    -1.8530170917510986,
    -1.852264642715454,
    -1.851625919342041,
    -1.851339340209961,
    -1.8518317937850952,
    -1.8500593900680542,
    -1.8484183549880981,
    -1.8460619449615479,
    -1.843923807144165,
    -1.8433220386505127,
    -1.8432742357254028,
    -1.8431686162948608,
    -1.8427015542984009,
    -1.8413727283477783,
    -1.840774655342102,
    -1.841190218925476,
    -1.8427553176879883,
    -1.8435561656951904,
    -1.8448340892791748,
    -1.8457283973693848,
    -1.846854567527771,
    -1.8485876321792603,
    -1.8507188558578491,
    -1.852973222732544,
    -1.8557825088500977,
    -1.8591376543045044,
    -1.8626123666763306,
    -1.8655424118041992,
    -1.8681730031967163,
    -1.8708934783935547,
    -1.8733689785003662,
    -1.875753402709961,
    -1.8781503438949585,
    -1.8809056282043457,
    -1.883669137954712,
    -1.8858044147491455,
    -1.887473464012146,
    -1.8897548913955688,
    -1.8932031393051147,
    -1.8965476751327515,
    -1.8998544216156006,
    -1.9016695022583008,
    -1.9033159017562866,
    -1.9047247171401978,
    -1.9048914909362793,
    -1.9052064418792725,
    -1.9054423570632935,
    -1.905823826789856,
    -1.9067058563232422,
    -1.9081803560256958,
    -1.909380316734314,
    -1.9105966091156006,
    -1.9116805791854858,
    -1.91262686252594,
    -1.914506435394287,
    -1.9164791107177734,
    -1.9183886051177979,
    -1.9200944900512695,
    -1.9218993186950684,
    -1.9237598180770874,
    -1.9254955053329468,
    -1.9272373914718628,
    -1.929571270942688,
    -1.9337003231048584,
    -1.9382959604263306,
    -1.94330894947052,
    -1.9483387470245361,
    -1.9533679485321045,
    -1.958510160446167
  ]
}