{
  "arm": 33,
  "p": 0.312,
  "q": 0.554,
  "whittle": [
    -2.172274351119995,
    -2.1686344146728516,
    -2.1648354530334473,
    -2.161013603210449,
    -2.1566076278686523,
    -2.1516189575195312,
    -2.146540641784668,
    -2.142333507537842,
    -2.139979362487793,
    -2.1383540630340576,
    -2.136723041534424,
    -2.1351377964019775,
    -2.132927179336548,
    -2.130284070968628,
    -2.127366781234741,
    -2.124366521835327,
    -2.121481418609619,
    -2.118623971939087,
    -2.115859270095825,
    -2.1128292083740234,
    -2.1088151931762695,
    -2.104459524154663,
    -2.0995731353759766,
    -2.09832501411438,
    -2.097374200820923,
    -2.097806215286255,
    -2.0984113216400146,
    -2.0999109745025635,
    -2.102829694747925,
    -2.105022668838501,
    -2.107147455215454,
    -2.1083693504333496,
    -2.1083717346191406,
    -2.1090598106384277,
    -2.10979962348938,
    -2.1103594303131104,
    -2.1090636253356934,
    -2.1074512004852295,
    -2.1055731773376465,
    -2.1038594245910645,
    -2.103909730911255,
    -2.1044607162475586,
    -2.1038827896118164,
    -2.1032819747924805,
    -2.1037817001342773,
    -2.1061556339263916,
    -2.1084632873535156,
    -2.110062599182129,
    -2.1109838485717773,
    -2.1119842529296875,
    -2.1133131980895996,
    -2.114898681640625,
    -2.1168270111083984,
    -2.1195008754730225,
    -2.122277021408081,
    -2.125011444091797,
    -2.128582000732422,
    -2.1326546669006348,
    -2.1359405517578125,
    -2.1391818523406982,
    -2.14229679107666,
    -2.145310163497925,
    -2.147763729095459,
    -2.1509368419647217,
    -2.1544296741485596,
    -2.157607078552246,
    -2.1605002880096436,
    -2.1646628379821777,
    -2.168570041656494,
    -2.172854423522949,
    -2.1770174503326416,
    -2.181001901626587,
    -2.1839544773101807,
    -2.1869492530822754,
    -2.1887929439544678,
    -2.1894946098327637,
    -2.1901965141296387,
    -2.191006660461426,
    -2.1915102005004883,
    -2.191483736038208,
    -2.191373348236084,
    -2.192307233810425,
    -2.1939852237701416,
    -2.1955411434173584,
    -2.1967613697052,
    -2.1991021633148193,
    -2.201643228530884,
    -2.20418381690979,
    -2.206519842147827,
    -2.2088027000427246,
    -2.2109549045562744,
    -2.2129452228546143,
    -2.214935064315796,
    -2.2178006172180176,
    -2.221867084503174,
    -2.226231098175049,
    -2.230651378631592,
    -2.2351651191711426,
    -2.2401962280273438,
    -2.2462782859802246
  ]
}