{
  "arm": 1,
  "p": 0.3,
  "q": 0.633,
  "whittle": [
    -1.7036161422729492,
    -1.6991596221923828,
    -1.6947922706604004,
    -1.689699411392212,
    -1.684477686882019,
    -1.678662896156311,
    -1.672895073890686,
    -1.666826605796814,
    -1.6634515523910522,
    -1.6599948406219482,
    -1.6565109491348267,
    -1.6530488729476929,
    -1.6500412225723267,
    -1.6458408832550049,
    -1.6416525840759277,
    -1.6375834941864014,
    -1.6335746049880981,
    -1.629407286643982,
    -1.6256159543991089,
    -1.6217312812805176,
    -1.6162923574447632,
    -1.6105424165725708,
    -1.6039154529571533,
    -1.5980345010757446,
    -1.5935242176055908,
    -1.5891188383102417,
    -1.585148572921753,
    -1.5825670957565308,
    -1.5811747312545776,
    -1.5815439224243164,
    -1.5809485912322998,
    -1.579757809638977,
    -1.577506422996521,
    -1.5759780406951904,
    -1.575056552886963,
    -1.5742459297180176,
    -1.5725923776626587,
    -1.5698027610778809,
    -1.5659432411193848,
    -1.563352346420288,
    -1.5615407228469849,
    -1.5611165761947632,
    -1.5610580444335938,
    -1.5600515604019165,
    -1.5578237771987915,
    -1.5566198825836182,
    -1.555525779724121,
    -1.553199052810669,
    -1.5507311820983887,
    -1.5503519773483276,
    -1.5504646301269531,
    -1.5506054162979126,
    -1.5511925220489502,
    -1.5523618459701538,
    -1.5546832084655762,
    -1.557079792022705,
    -1.5597267150878906,
    -1.5624381303787231,
    -1.5645171403884888,
    -1.5665644407272339,
    -1.5689910650253296,
    -1.5707342624664307,
    -1.5725538730621338,
    -1.5752317905426025,
    -1.577552318572998,
    -1.5796529054641724,
    -1.5813159942626953,
    -1.5819729566574097,
    -1.582343578338623,
    -1.582861304283142,
    -1.5832788944244385,
    -1.584721565246582,
    -1.585364580154419,
    -1.5858317613601685,
    -1.5851161479949951,
    -1.5845311880111694,
    -1.5842174291610718,
    -1.5850036144256592,
    -1.5859586000442505,
    -1.5867915153503418,
    -1.5873061418533325,
    -1.5880320072174072,
    -1.5888985395431519,
    -1.5896803140640259,
    -1.5902684926986694,
    -1.591546654701233,
    -1.5929256677627563,
    -1.5938900709152222,
    -1.594750165939331,
    -1.5956063270568848,
    -1.5964418649673462,
    -1.5980148315429688,
    -1.5996315479278564,
    -1.6024415493011475,
    -1.6064311265945435,
    -1.6104207038879395,
    -1.614410400390625,
    -1.6183998584747314,
    -1.6223896741867065,
    -1.6264599561691284
  ]
}