{
  "arm": 77,
  "p": 0.456,
  "q": 0.357,
  "whittle": [
    -1.9672248363494873,
    -1.9634160995483398,
    -1.9587754011154175,
    -1.954539179801941,
    -1.9499794244766235,
    -1.9445356130599976,
    -1.9392491579055786,
    -1.9349366426467896,
    -1.9321660995483398,
    -1.9294352531433105,
    -1.9266709089279175,
    -1.9242117404937744,
    -1.9215819835662842,
    -1.9179490804672241,
    -1.9143192768096924,
    -1.9106525182724,
    -1.9070007801055908,
    -1.9033490419387817,
    -1.8996974229812622,
    -1.8959732055664062,
    -1.8916807174682617,
    -1.8869532346725464,
    -1.880892276763916,
    -1.8761078119277954,
    -1.8715910911560059,
    -1.8671742677688599,
    -1.8655309677124023,
    -1.8652924299240112,
    -1.867061734199524,
    -1.8678433895111084,
    -1.8682652711868286,
    -1.8680620193481445,
    -1.8676539659500122,
    -1.8670448064804077,
    -1.8665190935134888,
    -1.8659554719924927,
    -1.863276481628418,
    -1.8609108924865723,
    -1.8582942485809326,
    -1.8558053970336914,
    -1.8534082174301147,
    -1.8510432243347168,
    -1.848240852355957,
    -1.8467433452606201,
    -1.8448914289474487,
    -1.8439735174179077,
    -1.8430557250976562,
    -1.840730905532837,
    -1.837709665298462,
    -1.8369001150131226,
    -1.837098240852356,
    -1.8372517824172974,
    -1.8378874063491821,
    -1.8393352031707764,
    -1.840847373008728,
    -1.842449426651001,
    -1.8444228172302246,
    -1.8468106985092163,
    -1.8491445779800415,
    -1.8515492677688599,
    -1.8544098138809204,
    -1.8569724559783936,
    -1.8592100143432617,
    -1.8615549802780151,
    -1.8641066551208496,
    -1.8672778606414795,
    -1.8695456981658936,
    -1.8713250160217285,
    -1.872810959815979,
    -1.8747652769088745,
    -1.8778895139694214,
    -1.880601167678833,
    -1.882298231124878,
    -1.8837331533432007,
    -1.8853477239608765,
    -1.886440396308899,
    -1.8866866827011108,
    -1.8870688676834106,
    -1.887298345565796,
    -1.8884403705596924,
    -1.889746069908142,
    -1.8909739255905151,
    -1.8921926021575928,
    -1.8929286003112793,
    -1.8934465646743774,
    -1.8950848579406738,
    -1.8969403505325317,
    -1.8988327980041504,
    -1.900628685951233,
    -1.902315616607666,
    -1.9038782119750977,
    -1.9052475690841675,
    -1.9067730903625488,
    -1.9093677997589111,
    -1.9128786325454712,
    -1.9175487756729126,
    -1.922402024269104,
    -1.9272550344467163,
    -1.9321082830429077,
    -1.9370514154434204
  ]
}