{
  "arm": 91,
  "p": 0.281,
  "q": 0.666,
  "whittle": [
    -2.1723761558532715,
    -2.16861891746521,
    -2.1649956703186035,
    -2.161365270614624,
    -2.156912326812744,
    -2.1518185138702393,
    -2.1467502117156982,
    -2.142976999282837,
    -2.1405694484710693,
    -2.1387553215026855,
    -2.1371095180511475,
    -2.1355135440826416,
    -2.133573055267334,
    -2.1307246685028076,
    -2.1278014183044434,
    -2.1247198581695557,
    -2.1217968463897705,
    -2.118887186050415,
    -2.115987777709961,
    -2.113102674484253,
    -2.109032392501831,
    -2.1046676635742188,
    -2.1004459857940674,
    -2.0979559421539307,
    -2.0969855785369873,
    -2.097005844116211,
    -2.097508192062378,
    -2.0995657444000244,
    -2.1023640632629395,
    -2.1044070720672607,
    -2.106221914291382,
    -2.1077983379364014,
    -2.109849452972412,
    -2.1114699840545654,
    -2.112018585205078,
    -2.112346649169922,
    -2.1108877658843994,
    -2.1091060638427734,
    -2.1069791316986084,
    -2.1050453186035156,
    -2.104191303253174,
    -2.104217290878296,
    -2.1033873558044434,
    -2.1026272773742676,
    -2.101903200149536,
    -2.1015801429748535,
    -2.101733922958374,
    -2.1031785011291504,
    -2.1038994789123535,
    -2.103576421737671,
    -2.102857828140259,
    -2.103409767150879,
    -2.1047494411468506,
    -2.1068062782287598,
    -2.109182119369507,
    -2.111541509628296,
    -2.114000082015991,
    -2.11651873588562,
    -2.1182339191436768,
    -2.1198718547821045,
    -2.1219706535339355,
    -2.124446153640747,
    -2.1270761489868164,
    -2.1298882961273193,
    -2.132866859436035,
    -2.135465145111084,
    -2.137221097946167,
    -2.138705253601074,
    -2.140185594558716,
    -2.1435439586639404,
    -2.1471478939056396,
    -2.150690793991089,
    -2.152484655380249,
    -2.153716802597046,
    -2.1540262699127197,
    -2.1544384956359863,
    -2.155092716217041,
    -2.1555278301239014,
    -2.155794620513916,
    -2.155665636062622,
    -2.1551761627197266,
    -2.154672145843506,
    -2.154629945755005,
    -2.155012369155884,
    -2.156013011932373,
    -2.1580023765563965,
    -2.160188913345337,
    -2.1623759269714355,
    -2.164562940597534,
    -2.1665027141571045,
    -2.1683149337768555,
    -2.1699538230895996,
    -2.171663522720337,
    -2.1740996837615967,
    -2.1778643131256104,
    -2.1819331645965576,
    -2.1860015392303467,
    -2.1901822090148926,
    -2.1945934295654297,
    -2.199495553970337
  ]
}