{
  "arm": 70,
  "p": 0.806,
  "q": 0.86,
  "whittle": [
    -2.2794551849365234,
    -2.276343584060669,
    -2.272892475128174,
    -2.269327163696289,
    -2.265392541885376,
    -2.2607414722442627,
    -2.2560441493988037,
    -2.2522478103637695,
    -2.249917984008789,
    -2.2484519481658936,
    -2.2469897270202637,
    -2.245598793029785,
    -2.2444310188293457,
    -2.2420408725738525,
    -2.239271640777588,
    -2.2364563941955566,
    -2.2337276935577393,
    -2.230999708175659,
    -2.2283096313476562,
    -2.2256295680999756,
    -2.2216973304748535,
    -2.2171947956085205,
    -2.2114264965057373,
    -2.20995831489563,
    -2.2090582847595215,
    -2.2082700729370117,
    -2.2079343795776367,
    -2.2085394859313965,
    -2.209650754928589,
    -2.211611032485962,
    -2.2138915061950684,
    -2.2139129638671875,
    -2.213578462600708,
    -2.2138431072235107,
    -2.214304208755493,
    -2.214338779449463,
    -2.2131049633026123,
    -2.2120091915130615,
    -2.2101755142211914,
    -2.2084670066833496,
    -2.206773519515991,
    -2.2070865631103516,
    -2.2064225673675537,
    -2.2058794498443604,
    -2.2066798210144043,
    -2.2086424827575684,
    -2.210766315460205,
    -2.212791681289673,
    -2.2145326137542725,
    -2.2157816886901855,
    -2.216214418411255,
    -2.2174770832061768,
    -2.2195651531219482,
    -2.22224497795105,
    -2.225020408630371,
    -2.2277441024780273,
    -2.230489730834961,
    -2.233405113220215,
    -2.2363333702087402,
    -2.239453077316284,
    -2.242764949798584,
    -2.2460379600524902,
    -2.248450994491577,
    -2.2510507106781006,
    -2.253694772720337,
    -2.257143259048462,
    -2.26011323928833,
    -2.2626500129699707,
    -2.2650420665740967,
    -2.269266366958618,
    -2.2734689712524414,
    -2.277705430984497,
    -2.280747652053833,
    -2.2840046882629395,
    -2.287374496459961,
    -2.289874792098999,
    -2.2907803058624268,
    -2.291346311569214,
    -2.29164719581604,
    -2.2918360233306885,
    -2.291760206222534,
    -2.291715383529663,
    -2.2918548583984375,
    -2.2931175231933594,
    -2.294843912124634,
    -2.2974369525909424,
    -2.300067186355591,
    -2.3026974201202393,
    -2.3051822185516357,
    -2.3075549602508545,
    -2.3098368644714355,
    -2.3119382858276367,
    -2.3141744136810303,
    -2.3164100646972656,
    -2.3205721378326416,
    -2.325105905532837,
    -2.3296725749969482,
    -2.3342411518096924,
    -2.338818311691284,
    -2.343571424484253
  ]
}