{
  "arm": 50,
  "p": 0.738,
  "q": 0.347,
  "whittle": [
    -2.115231990814209,
    -2.1115145683288574,
    -2.106884717941284,
    -2.10280442237854,
    -2.098444938659668,
    -2.0935866832733154,
    -2.0880653858184814,
    -2.0835678577423096,
    -2.080667495727539,
    -2.0786068439483643,
    -2.0766777992248535,
    -2.0748255252838135,
    -2.0730578899383545,
    -2.0700504779815674,
    -2.0669288635253906,
    -2.0636656284332275,
    -2.0604891777038574,
    -2.057312488555908,
    -2.0541656017303467,
    -2.050852060317993,
    -2.0468499660491943,
    -2.0414111614227295,
    -2.035714626312256,
    -2.0312085151672363,
    -2.029208183288574,
    -2.02834153175354,
    -2.0279717445373535,
    -2.0284037590026855,
    -2.030524969100952,
    -2.031933546066284,
    -2.0326590538024902,
    -2.0327329635620117,
    -2.0320911407470703,
    -2.0318427085876465,
    -2.0320017337799072,
    -2.0324289798736572,
    -2.0310065746307373,
    -2.0293705463409424,
    -2.0272367000579834,
    -2.025242567062378,
    -2.0232696533203125,
    -2.0213053226470947,
    -2.020469903945923,
    -2.0190975666046143,
    -2.017603635787964,
    -2.0167629718780518,
    -2.0184311866760254,
    -2.0201680660247803,
    -2.02101993560791,
    -2.0213489532470703,
    -2.0222628116607666,
    -2.0231845378875732,
    -2.0245022773742676,
    -2.026505470275879,
    -2.02897572517395,
    -2.0314676761627197,
    -2.0342013835906982,
    -2.0379722118377686,
    -2.0409600734710693,
    -2.043843984603882,
    -2.047126531600952,
    -2.0501790046691895,
    -2.053460121154785,
    -2.0572216510772705,
    -2.0610337257385254,
    -2.0649118423461914,
    -2.0680673122406006,
    -2.070927143096924,
    -2.0748064517974854,
    -2.0787014961242676,
    -2.0826265811920166,
    -2.0860002040863037,
    -2.0887529850006104,
    -2.0915403366088867,
    -2.0944550037384033,
    -2.0976030826568604,
    -2.1004791259765625,
    -2.1013245582580566,
    -2.1017096042633057,
    -2.1017816066741943,
    -2.101536512374878,
    -2.102236270904541,
    -2.1037344932556152,
    -2.1048619747161865,
    -2.1057636737823486,
    -2.1079885959625244,
    -2.1103405952453613,
    -2.11264705657959,
    -2.1147336959838867,
    -2.1168198585510254,
    -2.118762731552124,
    -2.120548963546753,
    -2.1224312782287598,
    -2.1248674392700195,
    -2.12870454788208,
    -2.1327250003814697,
    -2.1370227336883545,
    -2.141338586807251,
    -2.1468801498413086,
    -2.1526224613189697
  ]
}