{
  "arm": 9,
  "p": 0.35,
  "q": 0.396,
  "whittle": [
    -1.836584210395813,
    -1.8324182033538818,
    -1.8277337551116943,
    -1.8228988647460938,
    -1.8177685737609863,
    -1.811814785003662,
    -1.8057366609573364,
    -1.80048406124115,
    -1.7970448732376099,
    -1.7938191890716553,
    -1.7905322313308716,
    -1.7875640392303467,
    -1.7845251560211182,
    -1.7805445194244385,
    -1.7765601873397827,
    -1.7727209329605103,
    -1.7687307596206665,
    -1.7647382020950317,
    -1.760746717453003,
    -1.7567392587661743,
    -1.752018690109253,
    -1.74613618850708,
    -1.7394813299179077,
    -1.7341727018356323,
    -1.729668378829956,
    -1.7254313230514526,
    -1.7213233709335327,
    -1.719692587852478,
    -1.721001386642456,
    -1.7215503454208374,
    -1.7212413549423218,
    -1.7200998067855835,
    -1.7180685997009277,
    -1.7173449993133545,
    -1.7166730165481567,
    -1.7160460948944092,
    -1.7143754959106445,
    -1.710949182510376,
    -1.7082715034484863,
    -1.7056809663772583,
    -1.7040021419525146,
    -1.702823281288147,
    -1.702844262123108,
    -1.7019000053405762,
    -1.7001110315322876,
    -1.6990734338760376,
    -1.6984063386917114,
    -1.6964106559753418,
    -1.6936134099960327,
    -1.693169355392456,
    -1.6934760808944702,
    -1.6938077211380005,
    -1.6942853927612305,
    -1.6955031156539917,
    -1.6969354152679443,
    -1.699342966079712,
    -1.7023422718048096,
    -1.705359697341919,
    -1.7076085805892944,
    -1.7099868059158325,
    -1.7126635313034058,
    -1.7147319316864014,
    -1.717353343963623,
    -1.7203879356384277,
    -1.722936749458313,
    -1.725243091583252,
    -1.7270119190216064,
    -1.7287100553512573,
    -1.7299602031707764,
    -1.7315678596496582,
    -1.734522819519043,
    -1.7371833324432373,
    -1.7390466928482056,
    -1.740947961807251,
    -1.7424834966659546,
    -1.742345929145813,
    -1.7421295642852783,
    -1.7422890663146973,
    -1.743584394454956,
    -1.7451708316802979,
    -1.7464182376861572,
    -1.7476098537445068,
    -1.7488300800323486,
    -1.7497507333755493,
    -1.7502702474594116,
    -1.7517666816711426,
    -1.7534536123275757,
    -1.7551512718200684,
    -1.7568490505218506,
    -1.7584266662597656,
    -1.7595964670181274,
    -1.7607592344284058,
    -1.7624659538269043,
    -1.7655434608459473,
    -1.7699140310287476,
    -1.77445387840271,
    -1.7789937257766724,
    -1.7835334539413452,
    -1.788073182106018,
    -1.792694091796875
  ]
}