{
  "arm": 35,
  "p": 0.213,
  "q": 0.14,
  "whittle": [
    -1.8965286016464233,
    -1.8924169540405273,
    -1.8875548839569092,
    -1.8830125331878662,
    -1.8784550428390503,
    -1.873051404953003,
    -1.868215560913086,
    -1.8635421991348267,
    -1.860431432723999,
    -1.8570963144302368,
    -1.853744387626648,
    -1.8506674766540527,
    -1.8472808599472046,
    -1.8431822061538696,
    -1.839112639427185,
    -1.8351176977157593,
    -1.8309919834136963,
    -1.8268378973007202,
    -1.8226841688156128,
    -1.818394660949707,
    -1.8136249780654907,
    -1.8076177835464478,
    -1.8005908727645874,
    -1.793563723564148,
    -1.7880213260650635,
    -1.783410906791687,
    -1.7788445949554443,
    -1.7750718593597412,
    -1.7746598720550537,
    -1.7744786739349365,
    -1.7738511562347412,
    -1.7727845907211304,
    -1.7716251611709595,
    -1.770195722579956,
    -1.7692029476165771,
    -1.768062710762024,
    -1.765964388847351,
    -1.7619056701660156,
    -1.7589209079742432,
    -1.7561274766921997,
    -1.7535014152526855,
    -1.7514625787734985,
    -1.7495392560958862,
    -1.7479639053344727,
    -1.7467217445373535,
    -1.7453471422195435,
    -1.7439836263656616,
    -1.7413561344146729,
    -1.7381582260131836,
    -1.736101508140564,
    -1.7354025840759277,
    -1.7352805137634277,
    -1.7353646755218506,
    -1.7358081340789795,
    -1.736624002456665,
    -1.7372472286224365,
    -1.7382713556289673,
    -1.739362120628357,
    -1.7410941123962402,
    -1.743140697479248,
    -1.7454088926315308,
    -1.7471696138381958,
    -1.7487590312957764,
    -1.7501144409179688,
    -1.7513233423233032,
    -1.7530332803726196,
    -1.7543662786483765,
    -1.7556971311569214,
    -1.7569528818130493,
    -1.7579296827316284,
    -1.7588374614715576,
    -1.7603706121444702,
    -1.760992169380188,
    -1.761674165725708,
    -1.7616723775863647,
    -1.7609293460845947,
    -1.7601206302642822,
    -1.7593508958816528,
    -1.7586073875427246,
    -1.7578576803207397,
    -1.7579939365386963,
    -1.7587686777114868,
    -1.7594108581542969,
    -1.7597453594207764,
    -1.7597790956497192,
    -1.7607250213623047,
    -1.762002944946289,
    -1.7632805109024048,
    -1.7645584344863892,
    -1.7656528949737549,
    -1.7664066553115845,
    -1.7671087980270386,
    -1.7678930759429932,
    -1.7702966928482056,
    -1.7738661766052246,
    -1.7780400514602661,
    -1.7822449207305908,
    -1.786449670791626,
    -1.7906546592712402,
    -1.7949252128601074
  ]
}