{
  "arm": 42,
  "p": 0.763,
  "q": 0.584,
  "whittle": [
    -1.9651943445205688,
    -1.9610140323638916,
    -1.956141710281372,
    -1.9516279697418213,
    -1.9467353820800781,
    -1.9415384531021118,
    -1.9358701705932617,
    -1.9312008619308472,
    -1.9283872842788696,
    -1.9258431196212769,
    -1.9236299991607666,
    -1.9214897155761719,
    -1.9194437265396118,
    -1.9162122011184692,
    -1.912792682647705,
    -1.9093642234802246,
    -1.9059876203536987,
    -1.9026110172271729,
    -1.8992342948913574,
    -1.8960415124893188,
    -1.892349123954773,
    -1.8883541822433472,
    -1.883670449256897,
    -1.879612684249878,
    -1.8759963512420654,
    -1.874609112739563,
    -1.8747667074203491,
    -1.8766990900039673,
    -1.8783334493637085,
    -1.8796290159225464,
    -1.8805824518203735,
    -1.8788185119628906,
    -1.8775815963745117,
    -1.8769539594650269,
    -1.8765277862548828,
    -1.8762954473495483,
    -1.874578833580017,
    -1.8729573488235474,
    -1.8706324100494385,
    -1.868493914604187,
    -1.8666105270385742,
    -1.8664391040802002,
    -1.8657569885253906,
    -1.864314079284668,
    -1.8629151582717896,
    -1.8623223304748535,
    -1.8615365028381348,
    -1.8624309301376343,
    -1.8631590604782104,
    -1.8639384508132935,
    -1.8648451566696167,
    -1.8660115003585815,
    -1.8676269054412842,
    -1.8697808980941772,
    -1.8725930452346802,
    -1.875978708267212,
    -1.8794174194335938,
    -1.882982850074768,
    -1.88595712184906,
    -1.8886462450027466,
    -1.8916267156600952,
    -1.8946011066436768,
    -1.8971539735794067,
    -1.900023341178894,
    -1.902981162071228,
    -1.906152606010437,
    -1.9085100889205933,
    -1.910406470298767,
    -1.912087321281433,
    -1.9155093431472778,
    -1.9189343452453613,
    -1.9222711324691772,
    -1.9240360260009766,
    -1.92575204372406,
    -1.9261430501937866,
    -1.9264006614685059,
    -1.9268869161605835,
    -1.927270531654358,
    -1.9277275800704956,
    -1.9290326833724976,
    -1.9305973052978516,
    -1.9320905208587646,
    -1.933393955230713,
    -1.9344942569732666,
    -1.9354727268218994,
    -1.937446117401123,
    -1.939504861831665,
    -1.9415258169174194,
    -1.9433865547180176,
    -1.9453117847442627,
    -1.9471397399902344,
    -1.949188232421875,
    -1.9513461589813232,
    -1.9537855386734009,
    -1.9579282999038696,
    -1.9627541303634644,
    -1.9677696228027344,
    -1.9728968143463135,
    -1.9780311584472656,
    -1.9832830429077148
  ]
}