{
  "arm": 62,
  "p": 0.888,
  "q": 0.149,
  "whittle": [
    -2.0018439292907715,
    -1.9974092245101929,
    -1.9930864572525024,
    -1.9888746738433838,
    -1.9843528270721436,
    -1.9796808958053589,
    -1.975606918334961,
    -1.9716299772262573,
    -1.9692822694778442,
    -1.9675079584121704,
    -1.9657232761383057,
    -1.9641326665878296,
    -1.961421012878418,
    -1.9585657119750977,
    -1.9556320905685425,
    -1.9526114463806152,
    -1.9496448040008545,
    -1.9466785192489624,
    -1.943750262260437,
    -1.940936803817749,
    -1.9378809928894043,
    -1.9332211017608643,
    -1.9300814867019653,
    -1.9289170503616333,
    -1.929254412651062,
    -1.9300516843795776,
    -1.9318666458129883,
    -1.9352569580078125,
    -1.9385943412780762,
    -1.940824270248413,
    -1.9429978132247925,
    -1.9454801082611084,
    -1.9481710195541382,
    -1.9492833614349365,
    -1.9500572681427002,
    -1.9508624076843262,
    -1.9514751434326172,
    -1.950242280960083,
    -1.9502127170562744,
    -1.950509786605835,
    -1.9515085220336914,
    -1.9521434307098389,
    -1.952749490737915,
    -1.9523807764053345,
    -1.9525734186172485,
    -1.9547779560089111,
    -1.9570627212524414,
    -1.9592149257659912,
    -1.9602090120315552,
    -1.9617278575897217,
    -1.9631837606430054,
    -1.9646919965744019,
    -1.9664851427078247,
    -1.9691038131713867,
    -1.9718358516693115,
    -1.9745776653289795,
    -1.977893590927124,
    -1.981839895248413,
    -1.9849491119384766,
    -1.9877560138702393,
    -1.9905273914337158,
    -1.993525505065918,
    -1.9959986209869385,
    -1.9982558488845825,
    -2.0010263919830322,
    -2.0043015480041504,
    -2.0090513229370117,
    -2.013035774230957,
    -2.0168910026550293,
    -2.0210156440734863,
    -2.0251636505126953,
    -2.028012275695801,
    -2.0301501750946045,
    -2.0322883129119873,
    -2.033290386199951,
    -2.033925771713257,
    -2.034572124481201,
    -2.035187005996704,
    -2.0357608795166016,
    -2.0358951091766357,
    -2.0362601280212402,
    -2.037965774536133,
    -2.039564371109009,
    -2.040684700012207,
    -2.041687488555908,
    -2.043898820877075,
    -2.0463292598724365,
    -2.0487160682678223,
    -2.0508713722229004,
    -2.0530261993408203,
    -2.0550758838653564,
    -2.0570731163024902,
    -2.059091329574585,
    -2.0618393421173096,
    -2.06607723236084,
    -2.070335865020752,
    -2.075212240219116,
    -2.0807318687438965,
    -2.086251974105835,
    -2.091909885406494
  ]
}