{
  "arm": 6,
  "p": 0.8,
  "q": 0.544,
  "whittle": [
    -1.755176305770874,
    -1.7510427236557007,
    -1.7463358640670776,
    -1.7408818006515503,
    -1.7355329990386963,
    -1.7300257682800293,
    -1.7241487503051758,
    -1.7195391654968262,
    -1.7164816856384277,
    -1.713612675666809,
    -1.71089506149292,
    -1.708255648612976,
    -1.7049328088760376,
    -1.7012020349502563,
    -1.697487235069275,
    -1.6940606832504272,
    -1.6907634735107422,
    -1.6874868869781494,
    -1.6842100620269775,
    -1.6809862852096558,
    -1.6770333051681519,
    -1.6719889640808105,
    -1.666059970855713,
    -1.6615550518035889,
    -1.6575368642807007,
    -1.6538382768630981,
    -1.6515772342681885,
    -1.6536445617675781,
    -1.655379056930542,
    -1.6565160751342773,
    -1.6572667360305786,
    -1.655169129371643,
    -1.6539247035980225,
    -1.653626799583435,
    -1.6532433032989502,
    -1.6528772115707397,
    -1.6527525186538696,
    -1.651641845703125,
    -1.6494282484054565,
    -1.6483497619628906,
    -1.648511290550232,
    -1.6486153602600098,
    -1.6491870880126953,
    -1.6489307880401611,
    -1.6482657194137573,
    -1.6481008529663086,
    -1.6479007005691528,
    -1.6488089561462402,
    -1.6503121852874756,
    -1.651644229888916,
    -1.6525170803070068,
    -1.6534945964813232,
    -1.6550520658493042,
    -1.65813410282135,
    -1.6616487503051758,
    -1.6650954484939575,
    -1.668586254119873,
    -1.6721824407577515,
    -1.6751978397369385,
    -1.6780046224594116,
    -1.681473970413208,
    -1.6850024461746216,
    -1.6880149841308594,
    -1.690693736076355,
    -1.6933777332305908,
    -1.696229100227356,
    -1.6985819339752197,
    -1.7004083395004272,
    -1.7036993503570557,
    -1.7072843313217163,
    -1.7107402086257935,
    -1.7139333486557007,
    -1.7163368463516235,
    -1.7190072536468506,
    -1.7216297388076782,
    -1.7235296964645386,
    -1.725688099861145,
    -1.7288967370986938,
    -1.7320191860198975,
    -1.7352114915847778,
    -1.7370152473449707,
    -1.7385196685791016,
    -1.7399604320526123,
    -1.7411954402923584,
    -1.7423728704452515,
    -1.7444428205490112,
    -1.746585726737976,
    -1.7487201690673828,
    -1.750625491142273,
    -1.7526640892028809,
    -1.7545695304870605,
    -1.7569990158081055,
    -1.7594828605651855,
    -1.762434959411621,
    -1.7673341035842896,
    -1.7722419500350952,
    -1.777150273323059,
    -1.7820820808410645,
    -1.7870248556137085,
    -1.7920783758163452
  ]
}