{
  "arm": 96,
  "p": 0.519,
  "q": 0.577,
  "whittle": [
    -2.212024211883545,
    -2.208728313446045,
    -2.205217123031616,
    -2.201564073562622,
    -2.19732928276062,
    -2.1926183700561523,
    -2.188077211380005,
    -2.1846320629119873,
    -2.1825501918792725,
    -2.1810803413391113,
    -2.1796393394470215,
    -2.1782660484313965,
    -2.1758813858032227,
    -2.1733968257904053,
    -2.170595645904541,
    -2.1678168773651123,
    -2.1651248931884766,
    -2.1624362468719482,
    -2.159839391708374,
    -2.1571149826049805,
    -2.153210401535034,
    -2.1488707065582275,
    -2.146230459213257,
    -2.145089864730835,
    -2.144749879837036,
    -2.145514488220215,
    -2.1464834213256836,
    -2.1494882106781006,
    -2.152724027633667,
    -2.155937433242798,
    -2.158669948577881,
    -2.1610493659973145,
    -2.1632025241851807,
    -2.164052724838257,
    -2.1649017333984375,
    -2.165863513946533,
    -2.1647884845733643,
    -2.163623809814453,
    -2.16188383102417,
    -2.1609535217285156,
    -2.1619181632995605,
    -2.1625287532806396,
    -2.1623687744140625,
    -2.1621432304382324,
    -2.163552761077881,
    -2.1660006046295166,
    -2.1685235500335693,
    -2.1704893112182617,
    -2.1714236736297607,
    -2.1723902225494385,
    -2.1736536026000977,
    -2.1753430366516113,
    -2.177485227584839,
    -2.180291175842285,
    -2.183199405670166,
    -2.186075448989868,
    -2.189005136489868,
    -2.192014217376709,
    -2.195286273956299,
    -2.1984493732452393,
    -2.2015252113342285,
    -2.2040927410125732,
    -2.2066402435302734,
    -2.2092831134796143,
    -2.211850166320801,
    -2.214961528778076,
    -2.2177820205688477,
    -2.2217857837677,
    -2.225834608078003,
    -2.230246067047119,
    -2.2345337867736816,
    -2.2385692596435547,
    -2.241623640060425,
    -2.243863105773926,
    -2.2454893589019775,
    -2.2463321685791016,
    -2.2474825382232666,
    -2.248321771621704,
    -2.2487707138061523,
    -2.248912811279297,
    -2.2490832805633545,
    -2.2499494552612305,
    -2.251713752746582,
    -2.253413200378418,
    -2.2548158168792725,
    -2.257357120513916,
    -2.260049343109131,
    -2.2627413272857666,
    -2.2653679847717285,
    -2.26780104637146,
    -2.270098924636841,
    -2.2722294330596924,
    -2.2743730545043945,
    -2.2771081924438477,
    -2.2814881801605225,
    -2.286074161529541,
    -2.2906599044799805,
    -2.295323371887207,
    -2.3003506660461426,
    -2.3057849407196045
  ]
}