{
  "arm": 12,
  "p": 0.65,
  "q": 0.485,
  "whittle": [
    -2.1200642585754395,
    -2.1156229972839355,
    -2.1116397380828857,
    -2.107778310775757,
    -2.1033425331115723,
    -2.0988683700561523,
    -2.094770669937134,
    -2.090965747833252,
    -2.088923454284668,
    -2.087153196334839,
    -2.0853829383850098,
    -2.0836472511291504,
    -2.0812482833862305,
    -2.07824444770813,
    -2.0750954151153564,
    -2.071970224380493,
    -2.0689408779144287,
    -2.0659115314483643,
    -2.062910556793213,
    -2.0598461627960205,
    -2.05574369430542,
    -2.051273822784424,
    -2.0468852519989014,
    -2.0438404083251953,
    -2.0427143573760986,
    -2.0428881645202637,
    -2.0433154106140137,
    -2.045032024383545,
    -2.0475003719329834,
    -2.0494914054870605,
    -2.051276683807373,
    -2.052189826965332,
    -2.0527544021606445,
    -2.0531764030456543,
    -2.0536458492279053,
    -2.0542354583740234,
    -2.0530970096588135,
    -2.0516467094421387,
    -2.049609422683716,
    -2.047747850418091,
    -2.04719614982605,
    -2.0478920936584473,
    -2.047438144683838,
    -2.046739101409912,
    -2.04524302482605,
    -2.0455825328826904,
    -2.047718048095703,
    -2.049499988555908,
    -2.050116539001465,
    -2.0502607822418213,
    -2.051459550857544,
    -2.052602529525757,
    -2.054253101348877,
    -2.0566892623901367,
    -2.0592527389526367,
    -2.0617897510528564,
    -2.06435489654541,
    -2.067007064819336,
    -2.0699734687805176,
    -2.072880983352661,
    -2.07603120803833,
    -2.0788238048553467,
    -2.081596851348877,
    -2.083995819091797,
    -2.0863418579101562,
    -2.089427947998047,
    -2.0920143127441406,
    -2.0941524505615234,
    -2.0975074768066406,
    -2.101365327835083,
    -2.1052606105804443,
    -2.108814239501953,
    -2.1115691661834717,
    -2.113978862762451,
    -2.1159536838531494,
    -2.1176273822784424,
    -2.1184659004211426,
    -2.118971109390259,
    -2.1193904876708984,
    -2.1195967197418213,
    -2.1193931102752686,
    -2.120286703109741,
    -2.1217730045318604,
    -2.1230475902557373,
    -2.1240642070770264,
    -2.126293897628784,
    -2.1286590099334717,
    -2.131024122238159,
    -2.13326096534729,
    -2.135366678237915,
    -2.1373331546783447,
    -2.1391537189483643,
    -2.1410984992980957,
    -2.143577814102173,
    -2.1477417945861816,
    -2.1519277095794678,
    -2.1562469005584717,
    -2.160862684249878,
    -2.166480302810669,
    -2.172151565551758
  ]
}