{
  "arm": 93,
  "p": 0.481,
  "q": 0.488,
  "whittle": [
    -1.5840893983840942,
    -1.579493522644043,
    -1.5751038789749146,
    -1.570102334022522,
    -1.5644937753677368,
    -1.5584927797317505,
    -1.552128553390503,
    -1.5465195178985596,
    -1.5431238412857056,
    -1.5396263599395752,
    -1.5361193418502808,
    -1.5327051877975464,
    -1.529797077178955,
    -1.525577187538147,
    -1.5215665102005005,
    -1.5180389881134033,
    -1.5146484375,
    -1.5108681917190552,
    -1.5070799589157104,
    -1.5029106140136719,
    -1.4974905252456665,
    -1.4915616512298584,
    -1.4851230382919312,
    -1.4796746969223022,
    -1.4751787185668945,
    -1.4710561037063599,
    -1.4671165943145752,
    -1.4652576446533203,
    -1.4639427661895752,
    -1.4635803699493408,
    -1.4619163274765015,
    -1.4583404064178467,
    -1.455868124961853,
    -1.454016923904419,
    -1.4528250694274902,
    -1.4521653652191162,
    -1.4510875940322876,
    -1.4487842321395874,
    -1.446213960647583,
    -1.4441125392913818,
    -1.4438718557357788,
    -1.4439730644226074,
    -1.4434698820114136,
    -1.4426628351211548,
    -1.4413654804229736,
    -1.4407033920288086,
    -1.4399988651275635,
    -1.4387458562850952,
    -1.4373960494995117,
    -1.4381645917892456,
    -1.4386054277420044,
    -1.439959168434143,
    -1.4421392679214478,
    -1.4446804523468018,
    -1.447155475616455,
    -1.4499711990356445,
    -1.4529964923858643,
    -1.4560725688934326,
    -1.4585803747177124,
    -1.4619609117507935,
    -1.4654515981674194,
    -1.4685674905776978,
    -1.4716650247573853,
    -1.474690556526184,
    -1.4777686595916748,
    -1.4808480739593506,
    -1.4826747179031372,
    -1.4840165376663208,
    -1.4852204322814941,
    -1.4874727725982666,
    -1.4903244972229004,
    -1.4930340051651,
    -1.4949979782104492,
    -1.4969618320465088,
    -1.49945068359375,
    -1.5021812915802002,
    -1.5054423809051514,
    -1.5077203512191772,
    -1.5092170238494873,
    -1.5105524063110352,
    -1.5116047859191895,
    -1.5125700235366821,
    -1.5138578414916992,
    -1.514998197555542,
    -1.5159586668014526,
    -1.517619013786316,
    -1.5189272165298462,
    -1.520176649093628,
    -1.5221498012542725,
    -1.5242797136306763,
    -1.5263001918792725,
    -1.5281929969787598,
    -1.530390739440918,
    -1.5334467887878418,
    -1.5374971628189087,
    -1.5417066812515259,
    -1.5459160804748535,
    -1.5501254796981812,
    -1.5543349981307983,
    -1.5586236715316772
  ]
}