{
  "arm": 27,
  "p": 0.275,
  "q": 0.377,
  "whittle": [
    -1.9184490442276,
    -1.914225459098816,
    -1.909513235092163,
    -1.9046814441680908,
    -1.8998111486434937,
    -1.8944735527038574,
    -1.8896164894104004,
    -1.8856879472732544,
    -1.883237361907959,
    -1.8810069561004639,
    -1.8789316415786743,
    -1.8768912553787231,
    -1.8738620281219482,
    -1.8705836534500122,
    -1.8672914505004883,
    -1.8640087842941284,
    -1.8607016801834106,
    -1.857412338256836,
    -1.8541896343231201,
    -1.850856065750122,
    -1.8463644981384277,
    -1.841295838356018,
    -1.8360049724578857,
    -1.8317099809646606,
    -1.8285205364227295,
    -1.8288092613220215,
    -1.8294130563735962,
    -1.832065463066101,
    -1.8341151475906372,
    -1.8358628749847412,
    -1.8368806838989258,
    -1.8381282091140747,
    -1.8381264209747314,
    -1.8382582664489746,
    -1.8379967212677002,
    -1.8385708332061768,
    -1.8385237455368042,
    -1.8366577625274658,
    -1.83501136302948,
    -1.8356194496154785,
    -1.8364180326461792,
    -1.8367964029312134,
    -1.837159514427185,
    -1.835869312286377,
    -1.8348071575164795,
    -1.8346091508865356,
    -1.8371059894561768,
    -1.8384538888931274,
    -1.840381383895874,
    -1.8417949676513672,
    -1.8428703546524048,
    -1.8442003726959229,
    -1.8456742763519287,
    -1.8477610349655151,
    -1.8508082628250122,
    -1.8545020818710327,
    -1.8583641052246094,
    -1.8622323274612427,
    -1.8652575016021729,
    -1.8682619333267212,
    -1.8711289167404175,
    -1.8744323253631592,
    -1.878269910812378,
    -1.8813823461532593,
    -1.8845199346542358,
    -1.8875809907913208,
    -1.8899319171905518,
    -1.8920031785964966,
    -1.8958081007003784,
    -1.8997024297714233,
    -1.9034299850463867,
    -1.9069433212280273,
    -1.9097864627838135,
    -1.9126859903335571,
    -1.9155852794647217,
    -1.9178770780563354,
    -1.9196879863739014,
    -1.9209734201431274,
    -1.9232354164123535,
    -1.9254801273345947,
    -1.9273557662963867,
    -1.929042100906372,
    -1.9306191205978394,
    -1.932002067565918,
    -1.933151125907898,
    -1.9353209733963013,
    -1.9376955032348633,
    -1.9400707483291626,
    -1.9424076080322266,
    -1.944617748260498,
    -1.9467047452926636,
    -1.9487818479537964,
    -1.9508711099624634,
    -1.954429268836975,
    -1.9594823122024536,
    -1.9648196697235107,
    -1.9701787233352661,
    -1.9755513668060303,
    -1.980945110321045,
    -1.9864249229431152
  ]
}