{
  "arm": 32,
  "p": 0.513,
  "q": 0.288,
  "whittle": [
    -1.6978615522384644,
    -1.6936817169189453,
    -1.6890976428985596,
    -1.683995246887207,
    -1.6789741516113281,
    -1.6730482578277588,
    -1.6672953367233276,
    -1.6622475385665894,
    -1.6589707136154175,
    -1.6555668115615845,
    -1.6521363258361816,
    -1.648882508277893,
    -1.6449135541915894,
    -1.6407859325408936,
    -1.6366925239562988,
    -1.632752776145935,
    -1.6287319660186768,
    -1.625002145767212,
    -1.6212923526763916,
    -1.6175209283828735,
    -1.6133066415786743,
    -1.6070759296417236,
    -1.6002616882324219,
    -1.5952080488204956,
    -1.5908732414245605,
    -1.5867358446121216,
    -1.5837666988372803,
    -1.582902193069458,
    -1.5840516090393066,
    -1.584499478340149,
    -1.5842087268829346,
    -1.5834275484085083,
    -1.5815200805664062,
    -1.5802887678146362,
    -1.579587459564209,
    -1.5789300203323364,
    -1.5777528285980225,
    -1.575313687324524,
    -1.5726308822631836,
    -1.5702898502349854,
    -1.5685763359069824,
    -1.567501425743103,
    -1.5676745176315308,
    -1.566507339477539,
    -1.564892053604126,
    -1.564212441444397,
    -1.5635379552841187,
    -1.5615153312683105,
    -1.558934211730957,
    -1.5585626363754272,
    -1.5588866472244263,
    -1.559227705001831,
    -1.5597925186157227,
    -1.5608900785446167,
    -1.5628407001495361,
    -1.5650886297225952,
    -1.5680080652236938,
    -1.570914626121521,
    -1.573144555091858,
    -1.575415849685669,
    -1.5776848793029785,
    -1.5798450708389282,
    -1.5828365087509155,
    -1.5857923030853271,
    -1.588523507118225,
    -1.5907942056655884,
    -1.5926119089126587,
    -1.594031810760498,
    -1.5952154397964478,
    -1.5973222255706787,
    -1.600199580192566,
    -1.602586030960083,
    -1.603858232498169,
    -1.6048216819763184,
    -1.6058951616287231,
    -1.6071614027023315,
    -1.6081551313400269,
    -1.6094449758529663,
    -1.610687255859375,
    -1.61220383644104,
    -1.6134965419769287,
    -1.6147356033325195,
    -1.6159467697143555,
    -1.616762399673462,
    -1.6174376010894775,
    -1.618881344795227,
    -1.6204708814620972,
    -1.6218631267547607,
    -1.623062014579773,
    -1.6241881847381592,
    -1.6255886554718018,
    -1.6275198459625244,
    -1.6294610500335693,
    -1.632983684539795,
    -1.637290358543396,
    -1.6415971517562866,
    -1.6459039449691772,
    -1.6502108573913574,
    -1.6545177698135376,
    -1.658906102180481
  ]
}