{
  "arm": 90,
  "p": 0.781,
  "q": 0.4,
  "whittle": [
    -2.0395150184631348,
    -2.035512924194336,
    -2.0307393074035645,
    -2.026482343673706,
    -2.0220718383789062,
    -2.016972303390503,
    -2.012082815170288,
    -2.007763147354126,
    -2.0043225288391113,
    -2.001924753189087,
    -1.9997464418411255,
    -1.9976218938827515,
    -1.9951553344726562,
    -1.9917147159576416,
    -1.9882609844207764,
    -1.9847345352172852,
    -1.9812910556793213,
    -1.9778478145599365,
    -1.9744529724121094,
    -1.9709481000900269,
    -1.9667984247207642,
    -1.9605209827423096,
    -1.95455002784729,
    -1.9492958784103394,
    -1.9450504779815674,
    -1.9427404403686523,
    -1.9417635202407837,
    -1.9413179159164429,
    -1.9422273635864258,
    -1.9434247016906738,
    -1.9440913200378418,
    -1.9415925741195679,
    -1.9403767585754395,
    -1.9396474361419678,
    -1.9387054443359375,
    -1.9384758472442627,
    -1.9371980428695679,
    -1.9354517459869385,
    -1.933149814605713,
    -1.9309964179992676,
    -1.9290910959243774,
    -1.9283198118209839,
    -1.9277375936508179,
    -1.9264720678329468,
    -1.924803376197815,
    -1.9254103899002075,
    -1.9272693395614624,
    -1.9288634061813354,
    -1.9299684762954712,
    -1.9304393529891968,
    -1.931519865989685,
    -1.9328176975250244,
    -1.9344704151153564,
    -1.9366469383239746,
    -1.9392971992492676,
    -1.9427357912063599,
    -1.9462400674819946,
    -1.9498465061187744,
    -1.9527536630630493,
    -1.9555193185806274,
    -1.9582781791687012,
    -1.9608895778656006,
    -1.9639012813568115,
    -1.9669346809387207,
    -1.9700292348861694,
    -1.9730854034423828,
    -1.9756245613098145,
    -1.9777263402938843,
    -1.9800406694412231,
    -1.98373281955719,
    -1.9872828722000122,
    -1.9905458688735962,
    -1.9931366443634033,
    -1.995752215385437,
    -1.998402714729309,
    -2.0011510848999023,
    -2.0039615631103516,
    -2.0043861865997314,
    -2.004633903503418,
    -2.0049145221710205,
    -2.0060606002807617,
    -2.0074174404144287,
    -2.0087366104125977,
    -2.0097711086273193,
    -2.0105936527252197,
    -2.0126495361328125,
    -2.0148096084594727,
    -2.016970157623291,
    -2.0190043449401855,
    -2.0208964347839355,
    -2.0226428508758545,
    -2.0242414474487305,
    -2.0261101722717285,
    -2.028438091278076,
    -2.032233238220215,
    -2.0362839698791504,
    -2.040656566619873,
    -2.045576810836792,
    -2.0508618354797363,
    -2.056267738342285
  ]
}