{
  "arm": 53,
  "p": 0.438,
  "q": 0.12,
  "whittle": [
    -1.9896149635314941,
    -1.9852296113967896,
    -1.981155514717102,
    -1.976939082145691,
    -1.9725171327590942,
    -1.9679301977157593,
    -1.9640671014785767,
    -1.9604861736297607,
    -1.9588720798492432,
    -1.9572662115097046,
    -1.955617070198059,
    -1.9539406299591064,
    -1.9513720273971558,
    -1.9486604928970337,
    -1.9456528425216675,
    -1.942695140838623,
    -1.9398577213287354,
    -1.937020182609558,
    -1.9342395067214966,
    -1.9314500093460083,
    -1.928707242012024,
    -1.925465703010559,
    -1.9257245063781738,
    -1.9273300170898438,
    -1.928062915802002,
    -1.9298665523529053,
    -1.9329299926757812,
    -1.9367034435272217,
    -1.9397982358932495,
    -1.942163348197937,
    -1.9447391033172607,
    -1.9469162225723267,
    -1.948891282081604,
    -1.9493905305862427,
    -1.950154185295105,
    -1.9510469436645508,
    -1.9509176015853882,
    -1.949262261390686,
    -1.9492236375808716,
    -1.9494407176971436,
    -1.9501211643218994,
    -1.9505373239517212,
    -1.9507747888565063,
    -1.950682520866394,
    -1.9509341716766357,
    -1.9533095359802246,
    -1.955445647239685,
    -1.9570913314819336,
    -1.9584604501724243,
    -1.9603233337402344,
    -1.9617365598678589,
    -1.9634157419204712,
    -1.9654901027679443,
    -1.9679174423217773,
    -1.9706276655197144,
    -1.9743629693984985,
    -1.9782984256744385,
    -1.9820775985717773,
    -1.9851651191711426,
    -1.9878363609313965,
    -1.9906781911849976,
    -1.9929009675979614,
    -1.9949848651885986,
    -1.9972960948944092,
    -2.0000219345092773,
    -2.0032413005828857,
    -2.0070369243621826,
    -2.0104587078094482,
    -2.0140137672424316,
    -2.0176455974578857,
    -2.021176338195801,
    -2.023724317550659,
    -2.025082588195801,
    -2.02553653717041,
    -2.0259909629821777,
    -2.0264453887939453,
    -2.027009963989258,
    -2.0277326107025146,
    -2.028334140777588,
    -2.028475046157837,
    -2.0296363830566406,
    -2.0312092304229736,
    -2.032761812210083,
    -2.0338175296783447,
    -2.034743070602417,
    -2.0367543697357178,
    -2.0391087532043457,
    -2.041384696960449,
    -2.0434634685516357,
    -2.045542001724243,
    -2.0474421977996826,
    -2.0495269298553467,
    -2.0518174171447754,
    -2.055232286453247,
    -2.059415817260742,
    -2.0637295246124268,
    -2.06846284866333,
    -2.0739126205444336,
    -2.079361915588379,
    -2.0849053859710693
  ]
}