{
  "arm": 31,
  "p": 0.113,
  "q": 0.732,
  "whittle": [
    -2.049307346343994,
    -2.0450711250305176,
    -2.040569543838501,
    -2.036328077316284,
    -2.0315468311309814,
    -2.026047945022583,
    -2.0208020210266113,
    -2.0156452655792236,
    -2.0128891468048096,
    -2.0107359886169434,
    -2.0088086128234863,
    -2.006887197494507,
    -2.00394606590271,
    -2.0008413791656494,
    -1.9976091384887695,
    -1.9942361116409302,
    -1.9910386800765991,
    -1.9878854751586914,
    -1.9848086833953857,
    -1.9815438985824585,
    -1.9773389101028442,
    -1.9727057218551636,
    -1.9676673412322998,
    -1.9633886814117432,
    -1.961748719215393,
    -1.961986780166626,
    -1.9623773097991943,
    -1.9644917249679565,
    -1.967142105102539,
    -1.9690757989883423,
    -1.9702726602554321,
    -1.971500039100647,
    -1.9717867374420166,
    -1.9717975854873657,
    -1.972240924835205,
    -1.9726709127426147,
    -1.9712550640106201,
    -1.9693599939346313,
    -1.9673269987106323,
    -1.965666651725769,
    -1.9660935401916504,
    -1.9662621021270752,
    -1.9660530090332031,
    -1.9651588201522827,
    -1.963775634765625,
    -1.9643290042877197,
    -1.9665002822875977,
    -1.967576026916504,
    -1.9686187505722046,
    -1.9700480699539185,
    -1.9710643291473389,
    -1.9720293283462524,
    -1.9737859964370728,
    -1.9763163328170776,
    -1.978906273841858,
    -1.9823791980743408,
    -1.9862293004989624,
    -1.9901646375656128,
    -1.9934239387512207,
    -1.9966416358947754,
    -1.9995543956756592,
    -2.0024139881134033,
    -2.0053870677948,
    -2.008681535720825,
    -2.0119659900665283,
    -2.014721393585205,
    -2.0172276496887207,
    -2.0199105739593506,
    -2.023587226867676,
    -2.0273964405059814,
    -2.0312962532043457,
    -2.035287380218506,
    -2.0382418632507324,
    -2.0403530597686768,
    -2.041731119155884,
    -2.0422885417938232,
    -2.0428454875946045,
    -2.043355703353882,
    -2.044090986251831,
    -2.0457868576049805,
    -2.0474319458007812,
    -2.0489299297332764,
    -2.0504353046417236,
    -2.0519495010375977,
    -2.053452491760254,
    -2.0556366443634033,
    -2.058028221130371,
    -2.0604195594787598,
    -2.0627126693725586,
    -2.0648374557495117,
    -2.0668342113494873,
    -2.068652868270874,
    -2.0707409381866455,
    -2.0736966133117676,
    -2.077824592590332,
    -2.082160234451294,
    -2.0872907638549805,
    -2.0928103923797607,
    -2.098329782485962,
    -2.1039412021636963
  ]
}