{
  "arm": 6,
  "p": 0.8,
  "q": 0.544,
  "whittle": [
    -2.2220828533172607,
    -2.218348741531372,
    -2.213773727416992,
    -2.2095868587493896,
    -2.205082654953003,
    -2.201364517211914,
    -2.1967966556549072,
    -2.1923439502716064,
    -2.1888742446899414,
    -2.186065435409546,
    -2.1835548877716064,
    -2.1811845302581787,
    -2.178840160369873,
    -2.175947666168213,
    -2.1721768379211426,
    -2.1682796478271484,
    -2.1645050048828125,
    -2.160731077194214,
    -2.156956911087036,
    -2.15285587310791,
    -2.1471028327941895,
    -2.1401102542877197,
    -2.1324257850646973,
    -2.1246871948242188,
    -2.1176958084106445,
    -2.1129698753356934,
    -2.108307361602783,
    -2.1061010360717773,
    -2.104685068130493,
    -2.1036601066589355,
    -2.102329730987549,
    -2.09956693649292,
    -2.0962629318237305,
    -2.0944671630859375,
    -2.0931503772735596,
    -2.0917069911956787,
    -2.089071273803711,
    -2.0860202312469482,
    -2.082324504852295,
    -2.079700469970703,
    -2.077080011367798,
    -2.07417368888855,
    -2.0715434551239014,
    -2.068054676055908,
    -2.0641090869903564,
    -2.062514305114746,
    -2.060983657836914,
    -2.0600781440734863,
    -2.06022310256958,
    -2.0595242977142334,
    -2.0580837726593018,
    -2.058138370513916,
    -2.0589118003845215,
    -2.060420036315918,
    -2.062335968017578,
    -2.06424617767334,
    -2.066175699234009,
    -2.0682525634765625,
    -2.0696723461151123,
    -2.0719900131225586,
    -2.074646234512329,
    -2.0772194862365723,
    -2.079559803009033,
    -2.0816428661346436,
    -2.083986520767212,
    -2.086956262588501,
    -2.089437961578369,
    -2.0915114879608154,
    -2.093350648880005,
    -2.0949819087982178,
    -2.096574544906616,
    -2.098144769668579,
    -2.1003782749176025,
    -2.102886438369751,
    -2.1050941944122314,
    -2.106374740600586,
    -2.107607841491699,
    -2.1080551147460938,
    -2.1082875728607178,
    -2.108381509780884,
    -2.108649969100952,
    -2.1100223064422607,
    -2.1112618446350098,
    -2.1120738983154297,
    -2.112795829772949,
    -2.114802598953247,
    -2.116915702819824,
    -2.1190285682678223,
    -2.1211495399475098,
    -2.1232738494873047,
    -2.125298500061035,
    -2.1271426677703857,
    -2.128852367401123,
    -2.131073474884033,
    -2.135122060775757,
    -2.1391704082489014,
    -2.143218755722046,
    -2.1481406688690186,
    -2.153491497039795,
    -2.1589174270629883
  ]
}