{
  "arm": 92,
  "p": 0.681,
  "q": 0.222,
  "whittle": [
    -2.358894109725952,
    -2.3561601638793945,
    -2.3522744178771973,
    -2.3483517169952393,
    -2.3444747924804688,
    -2.340125322341919,
    -2.33487868309021,
    -2.3309667110443115,
    -2.327810764312744,
    -2.3260650634765625,
    -2.324312448501587,
    -2.3226613998413086,
    -2.319965124130249,
    -2.3169751167297363,
    -2.313802719116211,
    -2.3106815814971924,
    -2.3077337741851807,
    -2.304814577102661,
    -2.3018712997436523,
    -2.2987661361694336,
    -2.2948713302612305,
    -2.289179801940918,
    -2.2825236320495605,
    -2.279555082321167,
    -2.277549982070923,
    -2.276238441467285,
    -2.2753896713256836,
    -2.274998188018799,
    -2.276005506515503,
    -2.2770094871520996,
    -2.277367115020752,
    -2.2758777141571045,
    -2.2741942405700684,
    -2.2740018367767334,
    -2.2743496894836426,
    -2.2740814685821533,
    -2.2723612785339355,
    -2.270449161529541,
    -2.2681620121002197,
    -2.266019105911255,
    -2.2632462978363037,
    -2.2603421211242676,
    -2.257160186767578,
    -2.2540879249572754,
    -2.2514405250549316,
    -2.2509262561798096,
    -2.2523844242095947,
    -2.2535831928253174,
    -2.2540924549102783,
    -2.254267930984497,
    -2.25378155708313,
    -2.2542648315429688,
    -2.255314826965332,
    -2.2575342655181885,
    -2.2599430084228516,
    -2.2623519897460938,
    -2.2648565769195557,
    -2.267426013946533,
    -2.26934552192688,
    -2.272164821624756,
    -2.2754898071289062,
    -2.278679847717285,
    -2.2813520431518555,
    -2.283735990524292,
    -2.286881446838379,
    -2.2903430461883545,
    -2.293131113052368,
    -2.29565691947937,
    -2.2977991104125977,
    -2.3009724617004395,
    -2.3052282333374023,
    -2.308739423751831,
    -2.311843156814575,
    -2.3150062561035156,
    -2.318169593811035,
    -2.3213326930999756,
    -2.3244388103485107,
    -2.325878143310547,
    -2.327082395553589,
    -2.327728271484375,
    -2.3282933235168457,
    -2.3287367820739746,
    -2.32877779006958,
    -2.329442024230957,
    -2.330308437347412,
    -2.3325939178466797,
    -2.3351285457611084,
    -2.3376622200012207,
    -2.340196371078491,
    -2.3425192832946777,
    -2.3446714878082275,
    -2.346439838409424,
    -2.3481264114379883,
    -2.350583553314209,
    -2.3545992374420166,
    -2.3589158058166504,
    -2.3632652759552,
    -2.36761474609375,
    -2.371965169906616,
    -2.376622200012207
  ]
}