{
  "arm": 61,
  "p": 0.488,
  "q": 0.831,
  "whittle": [
    -3.1177871227264404,
    -3.1177515983581543,
    -3.117690324783325,
    -3.1174259185791016,
    -3.116811513900757,
    -3.1140992641448975,
    -3.1116669178009033,
    -3.1091036796569824,
    -3.107789993286133,
    -3.1083619594573975,
    -3.1089489459991455,
    -3.1088521480560303,
    -3.1081113815307617,
    -3.1075003147125244,
    -3.1065313816070557,
    -3.1055657863616943,
    -3.106981039047241,
    -3.1089234352111816,
    -3.1108460426330566,
    -3.1126952171325684,
    -3.113477945327759,
    -3.114051580429077,
    -3.1133060455322266,
    -3.1131842136383057,
    -3.1130621433258057,
    -3.113626003265381,
    -3.1154937744140625,
    -3.118927478790283,
    -3.12288236618042,
    -3.1264352798461914,
    -3.1302363872528076,
    -3.133063554763794,
    -3.135127544403076,
    -3.1375274658203125,
    -3.1391208171844482,
    -3.1397933959960938,
    -3.1395740509033203,
    -3.1390650272369385,
    -3.137744665145874,
    -3.1395978927612305,
    -3.1415648460388184,
    -3.143921375274658,
    -3.1463019847869873,
    -3.1490345001220703,
    -3.1513307094573975,
    -3.15507435798645,
    -3.159041166305542,
    -3.1621458530426025,
    -3.1649019718170166,
    -3.1671791076660156,
    -3.1694388389587402,
    -3.1721982955932617,
    -3.1753365993499756,
    -3.1791670322418213,
    -3.18312406539917,
    -3.187084197998047,
    -3.19115948677063,
    -3.195964813232422,
    -3.200458288192749,
    -3.20410418510437,
    -3.2083048820495605,
    -3.2121939659118652,
    -3.2162580490112305,
    -3.2211849689483643,
    -3.2261838912963867,
    -3.232970714569092,
    -3.2401342391967773,
    -3.2470853328704834,
    -3.253906488418579,
    -3.2608578205108643,
    -3.267565965652466,
    -3.2744150161743164,
    -3.2794671058654785,
    -3.2844080924987793,
    -3.2880806922912598,
    -3.2917444705963135,
    -3.295335531234741,
    -3.298227071762085,
    -3.3011233806610107,
    -3.303683280944824,
    -3.305694103240967,
    -3.307245969772339,
    -3.3085367679595947,
    -3.310258150100708,
    -3.312023878097534,
    -3.3150508403778076,
    -3.3182878494262695,
    -3.321711540222168,
    -3.3251357078552246,
    -3.328606367111206,
    -3.332212448120117,
    -3.336561441421509,
    -3.3409101963043213,
    -3.345259428024292,
    -3.3519933223724365,
    -3.358863592147827,
    -3.3656845092773438,
    -3.3725016117095947,
    -3.3794312477111816,
    -3.3868958950042725
  ]
}