{
  "arm": 94,
  "p": 0.881,
  "q": 0.755,
  "whittle": [
    -1.7729233503341675,
    -1.7689168453216553,
    -1.7644926309585571,
    -1.759552001953125,
    -1.7542437314987183,
    -1.7484562397003174,
    -1.7422308921813965,
    -1.737107276916504,
    -1.7333582639694214,
    -1.7302602529525757,
    -1.727104663848877,
    -1.7242289781570435,
    -1.7215431928634644,
    -1.717564344406128,
    -1.7135783433914185,
    -1.70982027053833,
    -1.7059011459350586,
    -1.7019352912902832,
    -1.6980366706848145,
    -1.694532036781311,
    -1.6891194581985474,
    -1.683127760887146,
    -1.6764159202575684,
    -1.6711351871490479,
    -1.6667078733444214,
    -1.6625752449035645,
    -1.65891432762146,
    -1.6572833061218262,
    -1.6582231521606445,
    -1.6590508222579956,
    -1.6583625078201294,
    -1.655314326286316,
    -1.6530721187591553,
    -1.6515229940414429,
    -1.6507254838943481,
    -1.6495987176895142,
    -1.6475881338119507,
    -1.6454342603683472,
    -1.6428173780441284,
    -1.6406735181808472,
    -1.6385951042175293,
    -1.6365230083465576,
    -1.636099100112915,
    -1.6345313787460327,
    -1.6327297687530518,
    -1.632161021232605,
    -1.6315922737121582,
    -1.6304988861083984,
    -1.6306995153427124,
    -1.6311578750610352,
    -1.6315832138061523,
    -1.6320661306381226,
    -1.63316810131073,
    -1.6357648372650146,
    -1.6386961936950684,
    -1.6417173147201538,
    -1.6447584629058838,
    -1.6479679346084595,
    -1.650728702545166,
    -1.6531051397323608,
    -1.6561468839645386,
    -1.65952730178833,
    -1.6624921560287476,
    -1.6650774478912354,
    -1.6676630973815918,
    -1.6703581809997559,
    -1.6725733280181885,
    -1.6738489866256714,
    -1.6751656532287598,
    -1.6766127347946167,
    -1.6789227724075317,
    -1.6818599700927734,
    -1.6837865114212036,
    -1.6857948303222656,
    -1.6880102157592773,
    -1.6902257204055786,
    -1.6925866603851318,
    -1.695403814315796,
    -1.6982756853103638,
    -1.7013306617736816,
    -1.7035738229751587,
    -1.7050975561141968,
    -1.70638108253479,
    -1.7073193788528442,
    -1.7084095478057861,
    -1.7101554870605469,
    -1.7119289636611938,
    -1.7136906385421753,
    -1.7152526378631592,
    -1.7168145179748535,
    -1.7181237936019897,
    -1.720235824584961,
    -1.7223988771438599,
    -1.7246003150939941,
    -1.7288607358932495,
    -1.7334364652633667,
    -1.7380118370056152,
    -1.7425873279571533,
    -1.7471628189086914,
    -1.751866102218628
  ]
}