{
  "arm": 42,
  "p": 0.763,
  "q": 0.584,
  "whittle": [
    -1.3061845302581787,
    -1.3009384870529175,
    -1.295163869857788,
    -1.289215326309204,
    -1.283066749572754,
    -1.2764358520507812,
    -1.2689532041549683,
    -1.2617788314819336,
    -1.256081223487854,
    -1.2517249584197998,
    -1.2474366426467896,
    -1.2433096170425415,
    -1.2383054494857788,
    -1.2334251403808594,
    -1.2287390232086182,
    -1.2241982221603394,
    -1.2199054956436157,
    -1.2157223224639893,
    -1.211287498474121,
    -1.2064954042434692,
    -1.2007004022598267,
    -1.1941014528274536,
    -1.186397910118103,
    -1.1786946058273315,
    -1.1721769571304321,
    -1.166651725769043,
    -1.1629908084869385,
    -1.1598178148269653,
    -1.1570101976394653,
    -1.154882550239563,
    -1.1525202989578247,
    -1.1494132280349731,
    -1.1462960243225098,
    -1.1425118446350098,
    -1.1389214992523193,
    -1.135265588760376,
    -1.1311477422714233,
    -1.126206874847412,
    -1.120748519897461,
    -1.116495966911316,
    -1.1132630109786987,
    -1.111149787902832,
    -1.109145164489746,
    -1.1062557697296143,
    -1.1040289402008057,
    -1.1029309034347534,
    -1.1025755405426025,
    -1.1012370586395264,
    -1.0990186929702759,
    -1.0968999862670898,
    -1.093981146812439,
    -1.0910701751708984,
    -1.0895930528640747,
    -1.0889067649841309,
    -1.0882915258407593,
    -1.0898516178131104,
    -1.0914862155914307,
    -1.0929967164993286,
    -1.093827247619629,
    -1.0945302248001099,
    -1.0953867435455322,
    -1.095954179763794,
    -1.0974178314208984,
    -1.0992404222488403,
    -1.1013221740722656,
    -1.1034678220748901,
    -1.1048548221588135,
    -1.1054840087890625,
    -1.105492115020752,
    -1.1054461002349854,
    -1.1051815748214722,
    -1.1047632694244385,
    -1.103650450706482,
    -1.1030871868133545,
    -1.1033847332000732,
    -1.1050825119018555,
    -1.1057935953140259,
    -1.1059799194335938,
    -1.1059064865112305,
    -1.1058553457260132,
    -1.105689525604248,
    -1.1054575443267822,
    -1.1051499843597412,
    -1.104661464691162,
    -1.104508876800537,
    -1.1056641340255737,
    -1.1068639755249023,
    -1.1080639362335205,
    -1.1094096899032593,
    -1.1108405590057373,
    -1.1122148036956787,
    -1.1136796474456787,
    -1.1151573657989502,
    -1.1177860498428345,
    -1.1217656135559082,
    -1.1257450580596924,
    -1.1297247409820557,
    -1.1337043046951294,
    -1.1376841068267822,
    -1.1425492763519287
  ]
}