{
  "arm": 68,
  "p": 0.606,
  "q": 0.327,
  "whittle": [
    -2.189375162124634,
    -2.1852033138275146,
    -2.180953025817871,
    -2.176744222640991,
    -2.1724119186401367,
    -2.1673972606658936,
    -2.161919355392456,
    -2.1574313640594482,
    -2.153618812561035,
    -2.151411533355713,
    -2.1494035720825195,
    -2.147503614425659,
    -2.145587682723999,
    -2.1424953937530518,
    -2.1390159130096436,
    -2.1355862617492676,
    -2.1323180198669434,
    -2.129049777984619,
    -2.1257944107055664,
    -2.1228041648864746,
    -2.1190450191497803,
    -2.114116668701172,
    -2.108348846435547,
    -2.103388786315918,
    -2.1010243892669678,
    -2.0995616912841797,
    -2.098487615585327,
    -2.0976359844207764,
    -2.097668170928955,
    -2.099033832550049,
    -2.0998454093933105,
    -2.0994365215301514,
    -2.0977485179901123,
    -2.096578598022461,
    -2.0962111949920654,
    -2.0960817337036133,
    -2.0952842235565186,
    -2.093266010284424,
    -2.0909006595611572,
    -2.088703155517578,
    -2.086505174636841,
    -2.084674596786499,
    -2.0827267169952393,
    -2.0817010402679443,
    -2.080967664718628,
    -2.081151008605957,
    -2.0831329822540283,
    -2.0847971439361572,
    -2.085624933242798,
    -2.0857739448547363,
    -2.0862913131713867,
    -2.0872554779052734,
    -2.088606357574463,
    -2.0907046794891357,
    -2.0929229259490967,
    -2.095093250274658,
    -2.0973410606384277,
    -2.0996687412261963,
    -2.1020607948303223,
    -2.1046345233917236,
    -2.1076576709747314,
    -2.1097309589385986,
    -2.1116483211517334,
    -2.1135783195495605,
    -2.115556001663208,
    -2.118079900741577,
    -2.1204094886779785,
    -2.1223883628845215,
    -2.1240062713623047,
    -2.1258370876312256,
    -2.1292619705200195,
    -2.1322975158691406,
    -2.13472056388855,
    -2.1368155479431152,
    -2.137110471725464,
    -2.137620210647583,
    -2.138129711151123,
    -2.138373374938965,
    -2.1386024951934814,
    -2.1384201049804688,
    -2.1378467082977295,
    -2.138134002685547,
    -2.1392662525177,
    -2.140061616897583,
    -2.140599489212036,
    -2.142509937286377,
    -2.144589900970459,
    -2.146669626235962,
    -2.1487505435943604,
    -2.1506731510162354,
    -2.15238094329834,
    -2.1539385318756104,
    -2.1556320190429688,
    -2.1583058834075928,
    -2.1623940467834473,
    -2.166482925415039,
    -2.170581340789795,
    -2.1747446060180664,
    -2.1799066066741943,
    -2.1854162216186523
  ]
}