{
  "arm": 85,
  "p": 0.431,
  "q": 0.726,
  "whittle": [
    -2.728067398071289,
    -2.727308750152588,
    -2.7263078689575195,
    -2.7241275310516357,
    -2.7211194038391113,
    -2.7176880836486816,
    -2.71537709236145,
    -2.714005708694458,
    -2.7134761810302734,
    -2.7133333683013916,
    -2.7131998538970947,
    -2.7130658626556396,
    -2.7121341228485107,
    -2.7106621265411377,
    -2.7089719772338867,
    -2.707307815551758,
    -2.7059247493743896,
    -2.7050421237945557,
    -2.7061798572540283,
    -2.7071661949157715,
    -2.707183599472046,
    -2.706939935684204,
    -2.706836462020874,
    -2.7073147296905518,
    -2.707352638244629,
    -2.708732843399048,
    -2.713331699371338,
    -2.7194759845733643,
    -2.7245945930480957,
    -2.7292230129241943,
    -2.73336124420166,
    -2.736292839050293,
    -2.7391700744628906,
    -2.741245746612549,
    -2.7424068450927734,
    -2.7428886890411377,
    -2.7423017024993896,
    -2.741600751876831,
    -2.739905834197998,
    -2.7381205558776855,
    -2.739706039428711,
    -2.7430837154388428,
    -2.7468314170837402,
    -2.749650001525879,
    -2.7524688243865967,
    -2.7561800479888916,
    -2.7593815326690674,
    -2.7619411945343018,
    -2.7644505500793457,
    -2.766000509262085,
    -2.7662980556488037,
    -2.7665510177612305,
    -2.768300771713257,
    -2.7713894844055176,
    -2.774226427078247,
    -2.7769229412078857,
    -2.7801501750946045,
    -2.7831177711486816,
    -2.7852485179901123,
    -2.7868711948394775,
    -2.788604974746704,
    -2.790421724319458,
    -2.791862726211548,
    -2.793715000152588,
    -2.7964494228363037,
    -2.7995808124542236,
    -2.8022589683532715,
    -2.8057377338409424,
    -2.8098397254943848,
    -2.814072608947754,
    -2.8161749839782715,
    -2.818246364593506,
    -2.8191447257995605,
    -2.820329189300537,
    -2.8216378688812256,
    -2.822946071624756,
    -2.8242547512054443,
    -2.825117826461792,
    -2.8258047103881836,
    -2.826096296310425,
    -2.8259241580963135,
    -2.8256921768188477,
    -2.8258228302001953,
    -2.82647705078125,
    -2.826599597930908,
    -2.828378200531006,
    -2.8301737308502197,
    -2.831969976425171,
    -2.833765983581543,
    -2.83648419380188,
    -2.8392462730407715,
    -2.84177565574646,
    -2.8445799350738525,
    -2.847806930541992,
    -2.853071689605713,
    -2.8584322929382324,
    -2.8638315200805664,
    -2.869311809539795,
    -2.8747925758361816,
    -2.8804736137390137
  ]
}