{
  "arm": 72,
  "p": 0.556,
  "q": 0.446,
  "whittle": [
    -1.8283181190490723,
    -1.8238128423690796,
    -1.8193423748016357,
    -1.8141529560089111,
    -1.8083925247192383,
    -1.8022651672363281,
    -1.7961580753326416,
    -1.7901594638824463,
    -1.783997654914856,
    -1.7804933786392212,
    -1.7773469686508179,
    -1.7747572660446167,
    -1.7724361419677734,
    -1.7688376903533936,
    -1.765026330947876,
    -1.7614309787750244,
    -1.7577965259552002,
    -1.7540335655212402,
    -1.7503172159194946,
    -1.7465362548828125,
    -1.7415786981582642,
    -1.7358753681182861,
    -1.7293912172317505,
    -1.7238346338272095,
    -1.7191998958587646,
    -1.715101718902588,
    -1.7112741470336914,
    -1.7098488807678223,
    -1.7110111713409424,
    -1.71160888671875,
    -1.7093602418899536,
    -1.7069270610809326,
    -1.705833911895752,
    -1.7055160999298096,
    -1.7052263021469116,
    -1.7050222158432007,
    -1.7042137384414673,
    -1.702562689781189,
    -1.7009750604629517,
    -1.6995532512664795,
    -1.6979817152023315,
    -1.6968531608581543,
    -1.694921612739563,
    -1.6932992935180664,
    -1.6920210123062134,
    -1.6918479204177856,
    -1.6941739320755005,
    -1.6973438262939453,
    -1.6992501020431519,
    -1.700559139251709,
    -1.7020518779754639,
    -1.7046958208084106,
    -1.7073785066604614,
    -1.7105311155319214,
    -1.7141778469085693,
    -1.7178571224212646,
    -1.7216318845748901,
    -1.7261041402816772,
    -1.7302502393722534,
    -1.7342911958694458,
    -1.7386131286621094,
    -1.7424452304840088,
    -1.7462588548660278,
    -1.7496161460876465,
    -1.7529410123825073,
    -1.7563426494598389,
    -1.7591525316238403,
    -1.7626254558563232,
    -1.7666791677474976,
    -1.7706063985824585,
    -1.7742083072662354,
    -1.7775551080703735,
    -1.7803922891616821,
    -1.7832300662994385,
    -1.7860708236694336,
    -1.790232539176941,
    -1.7947379350662231,
    -1.7992106676101685,
    -1.8033617734909058,
    -1.8074557781219482,
    -1.81105637550354,
    -1.8130720853805542,
    -1.8147962093353271,
    -1.816239833831787,
    -1.8175667524337769,
    -1.8198484182357788,
    -1.8222565650939941,
    -1.824508547782898,
    -1.8266781568527222,
    -1.8288477659225464,
    -1.8309268951416016,
    -1.8332918882369995,
    -1.8362218141555786,
    -1.8396201133728027,
    -1.8441704511642456,
    -1.8490939140319824,
    -1.8540804386138916,
    -1.859304666519165,
    -1.8645557165145874,
    -1.8699116706848145
  ]
}