{
  "arm": 66,
  "p": 0.706,
  "q": 0.505,
  "whittle": [
    -1.9857312440872192,
    -1.9816780090332031,
    -1.977386474609375,
    -1.97310209274292,
    -1.9682397842407227,
    -1.9629600048065186,
    -1.9569331407546997,
    -1.950872778892517,
    -1.9453312158584595,
    -1.9416769742965698,
    -1.9380079507827759,
    -1.9349459409713745,
    -1.9322494268417358,
    -1.928618311882019,
    -1.9244709014892578,
    -1.9202443361282349,
    -1.9161477088928223,
    -1.9122965335845947,
    -1.9088913202285767,
    -1.9053146839141846,
    -1.9001550674438477,
    -1.893843412399292,
    -1.887039065361023,
    -1.8803763389587402,
    -1.873713731765747,
    -1.8687695264816284,
    -1.8638246059417725,
    -1.8595139980316162,
    -1.8568153381347656,
    -1.8562194108963013,
    -1.8551101684570312,
    -1.8510724306106567,
    -1.8468811511993408,
    -1.8438585996627808,
    -1.8419196605682373,
    -1.8404358625411987,
    -1.8372300863265991,
    -1.8337739706039429,
    -1.8296759128570557,
    -1.82585871219635,
    -1.8229364156723022,
    -1.8202385902404785,
    -1.8172986507415771,
    -1.8141201734542847,
    -1.8106160163879395,
    -1.8086456060409546,
    -1.8075772523880005,
    -1.808256983757019,
    -1.8084386587142944,
    -1.8080846071243286,
    -1.8086246252059937,
    -1.8094899654388428,
    -1.8115483522415161,
    -1.8143222332000732,
    -1.8169664144515991,
    -1.8195774555206299,
    -1.8222386837005615,
    -1.8250046968460083,
    -1.827104926109314,
    -1.8288764953613281,
    -1.8305312395095825,
    -1.8326948881149292,
    -1.8349040746688843,
    -1.8371583223342896,
    -1.839463233947754,
    -1.8419172763824463,
    -1.8438501358032227,
    -1.8454785346984863,
    -1.846759557723999,
    -1.8478713035583496,
    -1.848926067352295,
    -1.8496636152267456,
    -1.850955843925476,
    -1.8526673316955566,
    -1.8543789386749268,
    -1.8542730808258057,
    -1.853792667388916,
    -1.8535120487213135,
    -1.853203535079956,
    -1.8529644012451172,
    -1.8536417484283447,
    -1.8543657064437866,
    -1.8549323081970215,
    -1.8553059101104736,
    -1.8554595708847046,
    -1.856757640838623,
    -1.8581678867340088,
    -1.8594623804092407,
    -1.8606786727905273,
    -1.8618948459625244,
    -1.862992525100708,
    -1.8639391660690308,
    -1.864701747894287,
    -1.865962028503418,
    -1.8687986135482788,
    -1.871822476387024,
    -1.875195860862732,
    -1.8791909217834473,
    -1.8833597898483276,
    -1.8878568410873413
  ]
}