{
  "arm": 22,
  "p": 0.825,
  "q": 0.781,
  "whittle": [
    -2.3310298919677734,
    -2.327718734741211,
    -2.3237550258636475,
    -2.319629669189453,
    -2.315443754196167,
    -2.3109042644500732,
    -2.306182384490967,
    -2.3015477657318115,
    -2.296513080596924,
    -2.2937464714050293,
    -2.2908263206481934,
    -2.2882626056671143,
    -2.285618305206299,
    -2.2819344997406006,
    -2.278148651123047,
    -2.2742421627044678,
    -2.270444869995117,
    -2.2666380405426025,
    -2.262831926345825,
    -2.25899338722229,
    -2.2540297508239746,
    -2.2482855319976807,
    -2.2416021823883057,
    -2.235576629638672,
    -2.230372905731201,
    -2.226512908935547,
    -2.2242989540100098,
    -2.2222793102264404,
    -2.220762252807617,
    -2.2201614379882812,
    -2.219770908355713,
    -2.2182586193084717,
    -2.2179319858551025,
    -2.2177622318267822,
    -2.216437339782715,
    -2.2139294147491455,
    -2.2113513946533203,
    -2.208853006362915,
    -2.205671787261963,
    -2.2026526927948,
    -2.1995115280151367,
    -2.1958751678466797,
    -2.192066192626953,
    -2.1881234645843506,
    -2.184406042098999,
    -2.1829633712768555,
    -2.1813361644744873,
    -2.1787052154541016,
    -2.175618886947632,
    -2.171560287475586,
    -2.1685619354248047,
    -2.1662824153900146,
    -2.1647825241088867,
    -2.163945436477661,
    -2.1636948585510254,
    -2.1637256145477295,
    -2.1643283367156982,
    -2.165113687515259,
    -2.165985107421875,
    -2.166327476501465,
    -2.166851043701172,
    -2.1675994396209717,
    -2.1678977012634277,
    -2.1683168411254883,
    -2.1683833599090576,
    -2.1686625480651855,
    -2.168834924697876,
    -2.1688315868377686,
    -2.168917655944824,
    -2.1689350605010986,
    -2.1688380241394043,
    -2.168217420578003,
    -2.1653895378112793,
    -2.1629745960235596,
    -2.16227126121521,
    -2.161925792694092,
    -2.1614186763763428,
    -2.1605398654937744,
    -2.159677267074585,
    -2.1589267253875732,
    -2.1577301025390625,
    -2.1565685272216797,
    -2.155186176300049,
    -2.1540262699127197,
    -2.152961492538452,
    -2.152949571609497,
    -2.154195785522461,
    -2.1555681228637695,
    -2.15693998336792,
    -2.1583127975463867,
    -2.1598751544952393,
    -2.161179542541504,
    -2.162569046020508,
    -2.1641714572906494,
    -2.1676628589630127,
    -2.171172857284546,
    -2.1746833324432373,
    -2.1781258583068848,
    -2.181795358657837,
    -2.1856260299682617
  ]
}