{
  "arm": 9,
  "p": 0.35,
  "q": 0.396,
  "whittle": [
    -3.1630728244781494,
    -3.163236618041992,
    -3.163205862045288,
    -3.1628541946411133,
    -3.161165714263916,
    -3.160003185272217,
    -3.1592414379119873,
    -3.1589982509613037,
    -3.159423589706421,
    -3.160257339477539,
    -3.16106915473938,
    -3.1619069576263428,
    -3.161825656890869,
    -3.1620771884918213,
    -3.163483142852783,
    -3.1648123264312744,
    -3.166541337966919,
    -3.1685986518859863,
    -3.1706249713897705,
    -3.172558546066284,
    -3.173985719680786,
    -3.1741926670074463,
    -3.174546003341675,
    -3.1755595207214355,
    -3.1760499477386475,
    -3.1775708198547363,
    -3.1796064376831055,
    -3.1831607818603516,
    -3.1867196559906006,
    -3.190814733505249,
    -3.1944572925567627,
    -3.197265148162842,
    -3.200532913208008,
    -3.204214334487915,
    -3.206017255783081,
    -3.206660509109497,
    -3.206738233566284,
    -3.2055094242095947,
    -3.2040488719940186,
    -3.202613592147827,
    -3.203033208847046,
    -3.204512596130371,
    -3.205552101135254,
    -3.2074127197265625,
    -3.2105319499969482,
    -3.214123249053955,
    -3.217623472213745,
    -3.2199900150299072,
    -3.2218213081359863,
    -3.2228970527648926,
    -3.2229223251342773,
    -3.2230122089385986,
    -3.2237722873687744,
    -3.2264225482940674,
    -3.2293496131896973,
    -3.2325174808502197,
    -3.236276865005493,
    -3.240151882171631,
    -3.2430124282836914,
    -3.2464077472686768,
    -3.25046968460083,
    -3.254305362701416,
    -3.2579002380371094,
    -3.2617595195770264,
    -3.2657158374786377,
    -3.2696890830993652,
    -3.274444341659546,
    -3.2793078422546387,
    -3.284597635269165,
    -3.2915759086608887,
    -3.29776668548584,
    -3.3021464347839355,
    -3.3053834438323975,
    -3.308619260787964,
    -3.311856985092163,
    -3.3150930404663086,
    -3.3182742595672607,
    -3.3198788166046143,
    -3.320819616317749,
    -3.3212571144104004,
    -3.321417808532715,
    -3.321568727493286,
    -3.3223459720611572,
    -3.322904348373413,
    -3.3229129314422607,
    -3.3250980377197266,
    -3.3279483318328857,
    -3.330798387527466,
    -3.333649158477783,
    -3.336498975753784,
    -3.339487314224243,
    -3.342458486557007,
    -3.3454370498657227,
    -3.3492584228515625,
    -3.3553054332733154,
    -3.3620290756225586,
    -3.368752956390381,
    -3.375476837158203,
    -3.3822009563446045,
    -3.3892180919647217
  ]
}