{
  "arm": 75,
  "p": 0.256,
  "q": 0.535,
  "whittle": [
    -1.5350115299224854,
    -1.5299561023712158,
    -1.52474045753479,
    -1.519543170928955,
    -1.513796091079712,
    -1.507533073425293,
    -1.501085638999939,
    -1.4944392442703247,
    -1.4898252487182617,
    -1.4857747554779053,
    -1.4813710451126099,
    -1.476933479309082,
    -1.4724068641662598,
    -1.4674755334854126,
    -1.4629504680633545,
    -1.4589041471481323,
    -1.4550739526748657,
    -1.4511288404464722,
    -1.4468231201171875,
    -1.442489504814148,
    -1.4366282224655151,
    -1.4302407503128052,
    -1.4228489398956299,
    -1.4165998697280884,
    -1.4117072820663452,
    -1.4068772792816162,
    -1.402891993522644,
    -1.3998154401779175,
    -1.3969520330429077,
    -1.3947129249572754,
    -1.391696810722351,
    -1.3891639709472656,
    -1.3865571022033691,
    -1.384209394454956,
    -1.3819754123687744,
    -1.3807730674743652,
    -1.3785028457641602,
    -1.3755630254745483,
    -1.372521162033081,
    -1.3690520524978638,
    -1.3664371967315674,
    -1.3658512830734253,
    -1.365468978881836,
    -1.3641036748886108,
    -1.362036943435669,
    -1.3608065843582153,
    -1.358709454536438,
    -1.3557167053222656,
    -1.3532932996749878,
    -1.350806474685669,
    -1.3480721712112427,
    -1.3468366861343384,
    -1.3468761444091797,
    -1.3477410078048706,
    -1.349548578262329,
    -1.3512829542160034,
    -1.3531904220581055,
    -1.3553082942962646,
    -1.3569034337997437,
    -1.358686923980713,
    -1.3605684041976929,
    -1.3619556427001953,
    -1.3640978336334229,
    -1.3664085865020752,
    -1.368648886680603,
    -1.3701549768447876,
    -1.3713756799697876,
    -1.3721195459365845,
    -1.372454285621643,
    -1.37265944480896,
    -1.3727507591247559,
    -1.3733570575714111,
    -1.3738420009613037,
    -1.3743269443511963,
    -1.374168872833252,
    -1.3743563890457153,
    -1.3750373125076294,
    -1.3760454654693604,
    -1.3768590688705444,
    -1.3774669170379639,
    -1.3779377937316895,
    -1.3786916732788086,
    -1.3793721199035645,
    -1.3796687126159668,
    -1.3796485662460327,
    -1.3802332878112793,
    -1.3809601068496704,
    -1.3819047212600708,
    -1.383465051651001,
    -1.3850163221359253,
    -1.3864327669143677,
    -1.3878567218780518,
    -1.3895295858383179,
    -1.3922979831695557,
    -1.3957858085632324,
    -1.399269938468933,
    -1.402753233909607,
    -1.4062365293502808,
    -1.409719705581665,
    -1.4132113456726074
  ]
}