{
  "arm": 5,
  "p": 0.4,
  "q": 0.278,
  "whittle": [
    -1.9473462104797363,
    -1.9434916973114014,
    -1.9388978481292725,
    -1.9346790313720703,
    -1.9304556846618652,
    -1.925157904624939,
    -1.9201818704605103,
    -1.9158353805541992,
    -1.913203477859497,
    -1.910252571105957,
    -1.907263994216919,
    -1.9046210050582886,
    -1.9021607637405396,
    -1.8986307382583618,
    -1.8948321342468262,
    -1.891106128692627,
    -1.8872604370117188,
    -1.883424997329712,
    -1.879589557647705,
    -1.8756699562072754,
    -1.8717387914657593,
    -1.8665509223937988,
    -1.860184907913208,
    -1.8538188934326172,
    -1.848555326461792,
    -1.8442305326461792,
    -1.8399441242218018,
    -1.838736653327942,
    -1.8381762504577637,
    -1.837761640548706,
    -1.8364951610565186,
    -1.832890272140503,
    -1.8288710117340088,
    -1.826682448387146,
    -1.8255077600479126,
    -1.8242195844650269,
    -1.8219501972198486,
    -1.8187282085418701,
    -1.8159247636795044,
    -1.8131968975067139,
    -1.8107168674468994,
    -1.8080415725708008,
    -1.8051722049713135,
    -1.8032252788543701,
    -1.801269292831421,
    -1.800105333328247,
    -1.7989248037338257,
    -1.7984068393707275,
    -1.7988590002059937,
    -1.7984375953674316,
    -1.7975369691848755,
    -1.7977286577224731,
    -1.7981550693511963,
    -1.7992247343063354,
    -1.8007770776748657,
    -1.8025825023651123,
    -1.805381178855896,
    -1.80811607837677,
    -1.810110092163086,
    -1.812252163887024,
    -1.8147796392440796,
    -1.817307472229004,
    -1.819666862487793,
    -1.8219752311706543,
    -1.8244655132293701,
    -1.8269562721252441,
    -1.8288849592208862,
    -1.830766201019287,
    -1.832546591758728,
    -1.8338500261306763,
    -1.8349605798721313,
    -1.8355895280838013,
    -1.8368175029754639,
    -1.8385869264602661,
    -1.839495301246643,
    -1.8388738632202148,
    -1.8382524251937866,
    -1.8375952243804932,
    -1.837381362915039,
    -1.8367918729782104,
    -1.8358873128890991,
    -1.8356750011444092,
    -1.8363014459609985,
    -1.836567759513855,
    -1.8365951776504517,
    -1.8378106355667114,
    -1.8392366170883179,
    -1.8406622409820557,
    -1.8419345617294312,
    -1.8431614637374878,
    -1.8442542552947998,
    -1.8452194929122925,
    -1.8462638854980469,
    -1.8481327295303345,
    -1.8510721921920776,
    -1.8544840812683105,
    -1.8584872484207153,
    -1.862490177154541,
    -1.8668125867843628,
    -1.8712959289550781
  ]
}