{
  "arm": 33,
  "p": 0.312,
  "q": 0.554,
  "whittle": [
    -2.027914524078369,
    -2.023590564727783,
    -2.0193519592285156,
    -2.0151758193969727,
    -2.0105059146881104,
    -2.005258560180664,
    -1.999988079071045,
    -1.9953880310058594,
    -1.992423415184021,
    -1.9905189275741577,
    -1.9886304140090942,
    -1.9867602586746216,
    -1.9840071201324463,
    -1.9810000658035278,
    -1.977637529373169,
    -1.97438645362854,
    -1.9713119268417358,
    -1.9682972431182861,
    -1.9660130739212036,
    -1.9634333848953247,
    -1.959755301475525,
    -1.9553534984588623,
    -1.9511274099349976,
    -1.9473390579223633,
    -1.946414828300476,
    -1.9466962814331055,
    -1.9472781419754028,
    -1.9494221210479736,
    -1.950911283493042,
    -1.9527175426483154,
    -1.952070713043213,
    -1.9511984586715698,
    -1.9508841037750244,
    -1.9502047300338745,
    -1.9504187107086182,
    -1.950691819190979,
    -1.949357509613037,
    -1.947651743888855,
    -1.9456467628479004,
    -1.9437973499298096,
    -1.9434776306152344,
    -1.9441163539886475,
    -1.9445922374725342,
    -1.9435604810714722,
    -1.9432928562164307,
    -1.9459477663040161,
    -1.9488954544067383,
    -1.950908899307251,
    -1.9527667760849,
    -1.9552435874938965,
    -1.9569644927978516,
    -1.958734154701233,
    -1.9608687162399292,
    -1.9647064208984375,
    -1.9686477184295654,
    -1.972591757774353,
    -1.9767062664031982,
    -1.9809117317199707,
    -1.9842928647994995,
    -1.9876328706741333,
    -1.9912136793136597,
    -1.9946988821029663,
    -1.9979338645935059,
    -2.001112461090088,
    -2.004456043243408,
    -2.0076687335968018,
    -2.0103492736816406,
    -2.012894868850708,
    -2.016833782196045,
    -2.0209169387817383,
    -2.0248727798461914,
    -2.028970718383789,
    -2.032073974609375,
    -2.035177707672119,
    -2.0384521484375,
    -2.0418896675109863,
    -2.045327663421631,
    -2.048497200012207,
    -2.0511255264282227,
    -2.0533881187438965,
    -2.055264949798584,
    -2.057044506072998,
    -2.0588040351867676,
    -2.06044340133667,
    -2.0618367195129395,
    -2.064272403717041,
    -2.0668907165527344,
    -2.069484233856201,
    -2.0718226432800293,
    -2.074172019958496,
    -2.076382637023926,
    -2.0785274505615234,
    -2.0808935165405273,
    -2.084043025970459,
    -2.088438034057617,
    -2.0939207077026367,
    -2.099696159362793,
    -2.1055283546447754,
    -2.11126708984375,
    -2.1171059608459473
  ]
}