{
  "arm": 12,
  "p": 0.65,
  "q": 0.485,
  "whittle": [
    -1.4872751235961914,
    -1.4824490547180176,
    -1.4774587154388428,
    -1.4725301265716553,
    -1.4667528867721558,
    -1.4610692262649536,
    -1.4557535648345947,
    -1.4514633417129517,
    -1.4478322267532349,
    -1.444162130355835,
    -1.4404462575912476,
    -1.4367263317108154,
    -1.432878851890564,
    -1.4284244775772095,
    -1.424289345741272,
    -1.4206335544586182,
    -1.417093276977539,
    -1.4135812520980835,
    -1.4095823764801025,
    -1.4051481485366821,
    -1.3994483947753906,
    -1.3930567502975464,
    -1.3860578536987305,
    -1.3791736364364624,
    -1.3741455078125,
    -1.3697452545166016,
    -1.3655680418014526,
    -1.3629391193389893,
    -1.36147940158844,
    -1.3597650527954102,
    -1.3565280437469482,
    -1.3522933721542358,
    -1.3497107028961182,
    -1.3475266695022583,
    -1.345212697982788,
    -1.3442355394363403,
    -1.3431342840194702,
    -1.3414846658706665,
    -1.3392918109893799,
    -1.3379045724868774,
    -1.3371778726577759,
    -1.3375471830368042,
    -1.3376986980438232,
    -1.3370959758758545,
    -1.3363264799118042,
    -1.3355236053466797,
    -1.334549069404602,
    -1.333370566368103,
    -1.3317584991455078,
    -1.3298146724700928,
    -1.3292689323425293,
    -1.3296250104904175,
    -1.3312971591949463,
    -1.3337379693984985,
    -1.3361328840255737,
    -1.3381882905960083,
    -1.3403083086013794,
    -1.3428888320922852,
    -1.3454949855804443,
    -1.3487368822097778,
    -1.351988673210144,
    -1.3549516201019287,
    -1.3578935861587524,
    -1.3607550859451294,
    -1.3636445999145508,
    -1.366166591644287,
    -1.3677910566329956,
    -1.369235634803772,
    -1.3703622817993164,
    -1.371888518333435,
    -1.3746616840362549,
    -1.377240777015686,
    -1.379078984260559,
    -1.3810862302780151,
    -1.3838497400283813,
    -1.386139154434204,
    -1.388981580734253,
    -1.3921117782592773,
    -1.394673228263855,
    -1.3960450887680054,
    -1.3970338106155396,
    -1.3979755640029907,
    -1.3989263772964478,
    -1.3998137712478638,
    -1.4005590677261353,
    -1.401741623878479,
    -1.4034150838851929,
    -1.4056514501571655,
    -1.4076584577560425,
    -1.409605622291565,
    -1.4115315675735474,
    -1.4136675596237183,
    -1.4158035516738892,
    -1.418563723564148,
    -1.4222413301467896,
    -1.4261643886566162,
    -1.4301289319992065,
    -1.4340940713882446,
    -1.4380587339401245,
    -1.4421045780181885
  ]
}