{
  "arm": 99,
  "p": 0.219,
  "q": 0.429,
  "whittle": [
    -2.4229352474212646,
    -2.4210293292999268,
    -2.418577194213867,
    -2.4148173332214355,
    -2.4109079837799072,
    -2.406421661376953,
    -2.4014837741851807,
    -2.396507501602173,
    -2.392310857772827,
    -2.3903090953826904,
    -2.3885557651519775,
    -2.386254072189331,
    -2.383394718170166,
    -2.380481719970703,
    -2.3772025108337402,
    -2.373957872390747,
    -2.3706259727478027,
    -2.3675053119659424,
    -2.364467144012451,
    -2.3613059520721436,
    -2.3568990230560303,
    -2.352047920227051,
    -2.3453943729400635,
    -2.3409998416900635,
    -2.3386669158935547,
    -2.336890697479248,
    -2.3357479572296143,
    -2.3347153663635254,
    -2.334080219268799,
    -2.335012435913086,
    -2.3364295959472656,
    -2.3371872901916504,
    -2.337277412414551,
    -2.3374381065368652,
    -2.337583541870117,
    -2.3369839191436768,
    -2.3351728916168213,
    -2.3326914310455322,
    -2.3299779891967773,
    -2.3267364501953125,
    -2.3237133026123047,
    -2.320796251296997,
    -2.3181021213531494,
    -2.3152308464050293,
    -2.313633918762207,
    -2.312995672225952,
    -2.313180446624756,
    -2.314107894897461,
    -2.3143510818481445,
    -2.3133695125579834,
    -2.311704635620117,
    -2.3100695610046387,
    -2.3099915981292725,
    -2.311197519302368,
    -2.3130042552948,
    -2.3149030208587646,
    -2.3169848918914795,
    -2.319049835205078,
    -2.3200790882110596,
    -2.321364164352417,
    -2.322983503341675,
    -2.3243675231933594,
    -2.326058864593506,
    -2.328035831451416,
    -2.3303329944610596,
    -2.3322744369506836,
    -2.3334805965423584,
    -2.334686756134033,
    -2.3358452320098877,
    -2.3374862670898438,
    -2.3400211334228516,
    -2.3431785106658936,
    -2.3454153537750244,
    -2.3476951122283936,
    -2.3502402305603027,
    -2.3519256114959717,
    -2.352431297302246,
    -2.3526980876922607,
    -2.352564811706543,
    -2.351684808731079,
    -2.350377082824707,
    -2.349061965942383,
    -2.3485474586486816,
    -2.3479018211364746,
    -2.346937417984009,
    -2.3476250171661377,
    -2.3487319946289062,
    -2.3507437705993652,
    -2.3527560234069824,
    -2.354645252227783,
    -2.356325149536133,
    -2.3578596115112305,
    -2.3593926429748535,
    -2.361915111541748,
    -2.365445137023926,
    -2.3690409660339355,
    -2.373035192489624,
    -2.3770439624786377,
    -2.3810532093048096,
    -2.385160446166992
  ]
}