{
  "arm": 23,
  "p": 0.175,
  "q": 0.337,
  "whittle": [
    -2.325322151184082,
    -2.3226425647735596,
    -2.318701982498169,
    -2.314974784851074,
    -2.3112573623657227,
    -2.307626724243164,
    -2.3039023876190186,
    -2.300621509552002,
    -2.298954725265503,
    -2.297410011291504,
    -2.2958266735076904,
    -2.2942562103271484,
    -2.29304838180542,
    -2.2908403873443604,
    -2.2879269123077393,
    -2.2849888801574707,
    -2.28212833404541,
    -2.2794222831726074,
    -2.2763707637786865,
    -2.2725865840911865,
    -2.267782688140869,
    -2.2620925903320312,
    -2.2553019523620605,
    -2.2485108375549316,
    -2.2444076538085938,
    -2.2425789833068848,
    -2.240811347961426,
    -2.239806890487671,
    -2.2387795448303223,
    -2.238495111465454,
    -2.2386558055877686,
    -2.23659610748291,
    -2.2345030307769775,
    -2.234025716781616,
    -2.2336225509643555,
    -2.2334144115448,
    -2.232583999633789,
    -2.2307443618774414,
    -2.229053258895874,
    -2.2276721000671387,
    -2.2264246940612793,
    -2.224714517593384,
    -2.2216978073120117,
    -2.2209928035736084,
    -2.2221641540527344,
    -2.2243239879608154,
    -2.2262768745422363,
    -2.2273008823394775,
    -2.2287726402282715,
    -2.2304999828338623,
    -2.231916666030884,
    -2.2335288524627686,
    -2.235830307006836,
    -2.2387876510620117,
    -2.2420477867126465,
    -2.2460601329803467,
    -2.250675678253174,
    -2.2554707527160645,
    -2.260227680206299,
    -2.265277862548828,
    -2.2704830169677734,
    -2.274704694747925,
    -2.2787468433380127,
    -2.2829108238220215,
    -2.287205219268799,
    -2.2913765907287598,
    -2.295401096343994,
    -2.3002591133117676,
    -2.3054587841033936,
    -2.310570240020752,
    -2.3154959678649902,
    -2.320058584213257,
    -2.323728322982788,
    -2.3273983001708984,
    -2.331068992614746,
    -2.3350555896759033,
    -2.339057445526123,
    -2.3431060314178467,
    -2.346728563308716,
    -2.350503921508789,
    -2.3537282943725586,
    -2.356984853744507,
    -2.3599154949188232,
    -2.3625590801239014,
    -2.364755868911743,
    -2.368302583694458,
    -2.372159957885742,
    -2.375659227371216,
    -2.3790230751037598,
    -2.382387161254883,
    -2.385385274887085,
    -2.388193130493164,
    -2.3910720348358154,
    -2.3953843116760254,
    -2.4005520343780518,
    -2.4058258533477783,
    -2.411519765853882,
    -2.417945384979248,
    -2.4246606826782227,
    -2.4314746856689453
  ]
}