{
  "arm": 13,
  "p": 0.45,
  "q": 0.752,
  "whittle": [
    -1.2720001935958862,
    -1.2666116952896118,
    -1.2610656023025513,
    -1.2551101446151733,
    -1.249397873878479,
    -1.2426668405532837,
    -1.236136555671692,
    -1.230096459388733,
    -1.2261390686035156,
    -1.2223953008651733,
    -1.218877911567688,
    -1.2153513431549072,
    -1.2114691734313965,
    -1.2074644565582275,
    -1.2035939693450928,
    -1.199931025505066,
    -1.1963316202163696,
    -1.1927322149276733,
    -1.188639521598816,
    -1.1839194297790527,
    -1.1782972812652588,
    -1.172522783279419,
    -1.1666451692581177,
    -1.162282943725586,
    -1.159067153930664,
    -1.157551646232605,
    -1.1564730405807495,
    -1.155434250831604,
    -1.153988242149353,
    -1.1524196863174438,
    -1.1505136489868164,
    -1.1476643085479736,
    -1.145867109298706,
    -1.1438959836959839,
    -1.141764521598816,
    -1.1403666734695435,
    -1.140411376953125,
    -1.1401560306549072,
    -1.1405746936798096,
    -1.1408600807189941,
    -1.1417903900146484,
    -1.143477439880371,
    -1.1436331272125244,
    -1.1432946920394897,
    -1.1430352926254272,
    -1.1444565057754517,
    -1.1445525884628296,
    -1.1438909769058228,
    -1.1426533460617065,
    -1.1410109996795654,
    -1.140386700630188,
    -1.1422803401947021,
    -1.1445250511169434,
    -1.1470526456832886,
    -1.1495901346206665,
    -1.1521965265274048,
    -1.1544979810714722,
    -1.1573545932769775,
    -1.1608679294586182,
    -1.1635726690292358,
    -1.1666465997695923,
    -1.1697498559951782,
    -1.172843337059021,
    -1.1755632162094116,
    -1.17838716506958,
    -1.1806691884994507,
    -1.1821330785751343,
    -1.1832033395767212,
    -1.1849522590637207,
    -1.1879690885543823,
    -1.1913515329360962,
    -1.194733738899231,
    -1.1973685026168823,
    -1.2002116441726685,
    -1.2032159566879272,
    -1.2059521675109863,
    -1.2074193954467773,
    -1.209032416343689,
    -1.210572600364685,
    -1.2120325565338135,
    -1.2131011486053467,
    -1.213780164718628,
    -1.2144867181777954,
    -1.2159806489944458,
    -1.2174441814422607,
    -1.2194210290908813,
    -1.2215765714645386,
    -1.223874568939209,
    -1.2262277603149414,
    -1.2285135984420776,
    -1.2306591272354126,
    -1.2326459884643555,
    -1.234633207321167,
    -1.2377266883850098,
    -1.2423661947250366,
    -1.246934175491333,
    -1.2514759302139282,
    -1.2558166980743408,
    -1.260074496269226,
    -1.2643051147460938
  ]
}