{
  "arm": 90,
  "p": 0.781,
  "q": 0.4,
  "whittle": [
    -1.6650770902633667,
    -1.660077452659607,
    -1.6548494100570679,
    -1.6497288942337036,
    -1.6443867683410645,
    -1.6387410163879395,
    -1.6324107646942139,
    -1.6266272068023682,
    -1.6227178573608398,
    -1.6190062761306763,
    -1.615310788154602,
    -1.6116340160369873,
    -1.6081076860427856,
    -1.604326605796814,
    -1.599900245666504,
    -1.5959150791168213,
    -1.5922298431396484,
    -1.5881173610687256,
    -1.5840046405792236,
    -1.579863429069519,
    -1.575540542602539,
    -1.5695719718933105,
    -1.5627192258834839,
    -1.555931806564331,
    -1.551134705543518,
    -1.546337604522705,
    -1.5416918992996216,
    -1.538466453552246,
    -1.5358941555023193,
    -1.533180594444275,
    -1.52976655960083,
    -1.5266258716583252,
    -1.5227978229522705,
    -1.5197831392288208,
    -1.5170447826385498,
    -1.515532374382019,
    -1.513675570487976,
    -1.5105184316635132,
    -1.5063984394073486,
    -1.5026661157608032,
    -1.4994370937347412,
    -1.4975531101226807,
    -1.4967306852340698,
    -1.4960047006607056,
    -1.4950193166732788,
    -1.4937262535095215,
    -1.4921858310699463,
    -1.4894154071807861,
    -1.4860787391662598,
    -1.48237144947052,
    -1.4789607524871826,
    -1.4786489009857178,
    -1.4789735078811646,
    -1.4798362255096436,
    -1.4806289672851562,
    -1.4815524816513062,
    -1.4836595058441162,
    -1.485953688621521,
    -1.4875444173812866,
    -1.4891194105148315,
    -1.4909801483154297,
    -1.4930144548416138,
    -1.4945563077926636,
    -1.4960353374481201,
    -1.4978063106536865,
    -1.499752402305603,
    -1.5010560750961304,
    -1.5017849206924438,
    -1.5021089315414429,
    -1.5024523735046387,
    -1.5026171207427979,
    -1.5022600889205933,
    -1.5011670589447021,
    -1.4989964962005615,
    -1.497449517250061,
    -1.4965654611587524,
    -1.4959490299224854,
    -1.4957386255264282,
    -1.4963499307632446,
    -1.4973423480987549,
    -1.4981220960617065,
    -1.4988545179367065,
    -1.4995023012161255,
    -1.4998165369033813,
    -1.499975562095642,
    -1.5010106563568115,
    -1.501810073852539,
    -1.5025935173034668,
    -1.5035392045974731,
    -1.5051836967468262,
    -1.5066877603530884,
    -1.5082976818084717,
    -1.5100773572921753,
    -1.5127413272857666,
    -1.516419768333435,
    -1.5200982093811035,
    -1.523776888847351,
    -1.5274549722671509,
    -1.531133770942688,
    -1.5349040031433105
  ]
}