{
  "arm": 91,
  "p": 0.281,
  "q": 0.666,
  "whittle": [
    -1.6899100542068481,
    -1.685114860534668,
    -1.680442452430725,
    -1.6751958131790161,
    -1.6696386337280273,
    -1.6635757684707642,
    -1.6576138734817505,
    -1.6512537002563477,
    -1.647127628326416,
    -1.6429638862609863,
    -1.638855218887329,
    -1.6351701021194458,
    -1.6316856145858765,
    -1.6272854804992676,
    -1.6229100227355957,
    -1.6186429262161255,
    -1.6145169734954834,
    -1.610243558883667,
    -1.606172800064087,
    -1.601578950881958,
    -1.5959638357162476,
    -1.5900100469589233,
    -1.5827659368515015,
    -1.5764137506484985,
    -1.5715463161468506,
    -1.566970944404602,
    -1.562801718711853,
    -1.5601664781570435,
    -1.5585559606552124,
    -1.5574626922607422,
    -1.5567407608032227,
    -1.5556464195251465,
    -1.5536079406738281,
    -1.551491379737854,
    -1.550055980682373,
    -1.5490883588790894,
    -1.5471111536026,
    -1.544338345527649,
    -1.5411715507507324,
    -1.5383515357971191,
    -1.5361180305480957,
    -1.5351150035858154,
    -1.5347684621810913,
    -1.5332034826278687,
    -1.5307984352111816,
    -1.5294365882873535,
    -1.5284584760665894,
    -1.5260061025619507,
    -1.5236518383026123,
    -1.521363377571106,
    -1.5187597274780273,
    -1.5180941820144653,
    -1.5181574821472168,
    -1.518865704536438,
    -1.5196073055267334,
    -1.5214279890060425,
    -1.523266315460205,
    -1.5254064798355103,
    -1.5273278951644897,
    -1.5292218923568726,
    -1.5314873456954956,
    -1.5333383083343506,
    -1.535535454750061,
    -1.5380607843399048,
    -1.5406497716903687,
    -1.5430386066436768,
    -1.54512357711792,
    -1.5471547842025757,
    -1.5485955476760864,
    -1.5497347116470337,
    -1.5501779317855835,
    -1.551029920578003,
    -1.5518907308578491,
    -1.5527197122573853,
    -1.5535486936569214,
    -1.5529223680496216,
    -1.5522531270980835,
    -1.5524462461471558,
    -1.5531738996505737,
    -1.5538846254348755,
    -1.5542701482772827,
    -1.5546715259552002,
    -1.5551797151565552,
    -1.5558855533599854,
    -1.556406855583191,
    -1.5575556755065918,
    -1.5586355924606323,
    -1.559522271156311,
    -1.5602482557296753,
    -1.5609216690063477,
    -1.561768651008606,
    -1.5632588863372803,
    -1.5647485256195068,
    -1.5670958757400513,
    -1.5706394910812378,
    -1.574183464050293,
    -1.5778309106826782,
    -1.581673264503479,
    -1.5855154991149902,
    -1.589433193206787
  ]
}