{
  "arm": 96,
  "p": 0.519,
  "q": 0.577,
  "whittle": [
    -2.352180004119873,
    -2.349907636642456,
    -2.346862554550171,
    -2.343552350997925,
    -2.3409526348114014,
    -2.337843179702759,
    -2.3342814445495605,
    -2.3312532901763916,
    -2.329911947250366,
    -2.3286499977111816,
    -2.3273959159851074,
    -2.326232671737671,
    -2.3251912593841553,
    -2.322826623916626,
    -2.3201255798339844,
    -2.3175299167633057,
    -2.3151204586029053,
    -2.312734603881836,
    -2.310290813446045,
    -2.3073911666870117,
    -2.302668809890747,
    -2.297309160232544,
    -2.2927722930908203,
    -2.2901554107666016,
    -2.2887024879455566,
    -2.2875289916992188,
    -2.2871224880218506,
    -2.287301540374756,
    -2.2878220081329346,
    -2.2895102500915527,
    -2.2919843196868896,
    -2.2911124229431152,
    -2.290806293487549,
    -2.2914750576019287,
    -2.2922205924987793,
    -2.2934072017669678,
    -2.293793201446533,
    -2.292858362197876,
    -2.2913262844085693,
    -2.290024757385254,
    -2.288691759109497,
    -2.288059949874878,
    -2.288414239883423,
    -2.289762258529663,
    -2.2911250591278076,
    -2.2935891151428223,
    -2.296121597290039,
    -2.298715353012085,
    -2.3010921478271484,
    -2.303590774536133,
    -2.305267333984375,
    -2.3071391582489014,
    -2.3096864223480225,
    -2.3129703998565674,
    -2.3163979053497314,
    -2.3198068141937256,
    -2.3233134746551514,
    -2.3280677795410156,
    -2.332162380218506,
    -2.335960865020752,
    -2.340334892272949,
    -2.3446781635284424,
    -2.348829984664917,
    -2.353024482727051,
    -2.357293128967285,
    -2.361675262451172,
    -2.3665194511413574,
    -2.3719170093536377,
    -2.3768210411071777,
    -2.3819262981414795,
    -2.3873798847198486,
    -2.39263653755188,
    -2.396737575531006,
    -2.4008376598358154,
    -2.4049384593963623,
    -2.408862352371216,
    -2.4127135276794434,
    -2.4162538051605225,
    -2.41934871673584,
    -2.421692371368408,
    -2.4227635860443115,
    -2.4248058795928955,
    -2.4272148609161377,
    -2.429474353790283,
    -2.4314613342285156,
    -2.4346983432769775,
    -2.4380879402160645,
    -2.4414777755737305,
    -2.4446327686309814,
    -2.4477553367614746,
    -2.4507460594177246,
    -2.4535720348358154,
    -2.4563980102539062,
    -2.45971417427063,
    -2.464557647705078,
    -2.469567060470581,
    -2.4745848178863525,
    -2.479668378829956,
    -2.4848971366882324,
    -2.490474224090576
  ]
}