{
  "arm": 52,
  "p": 0.637,
  "q": 0.88,
  "whittle": [
    -2.4082682132720947,
    -2.406850576400757,
    -2.404202938079834,
    -2.4015417098999023,
    -2.398022174835205,
    -2.3949241638183594,
    -2.3917763233184814,
    -2.3893322944641113,
    -2.3886497020721436,
    -2.3879945278167725,
    -2.3873610496520996,
    -2.3867454528808594,
    -2.385228395462036,
    -2.3833792209625244,
    -2.381228446960449,
    -2.379279375076294,
    -2.3774287700653076,
    -2.3755784034729004,
    -2.373793125152588,
    -2.372380018234253,
    -2.3717803955078125,
    -2.3719379901885986,
    -2.37188720703125,
    -2.373729944229126,
    -2.375953197479248,
    -2.3794875144958496,
    -2.3832130432128906,
    -2.388557195663452,
    -2.3946375846862793,
    -2.399818181991577,
    -2.4041993618011475,
    -2.4070584774017334,
    -2.409597635269165,
    -2.4116029739379883,
    -2.4128003120422363,
    -2.4127554893493652,
    -2.4119625091552734,
    -2.411367893218994,
    -2.4099280834198,
    -2.4102060794830322,
    -2.409790277481079,
    -2.409294605255127,
    -2.4092440605163574,
    -2.4106016159057617,
    -2.412475824356079,
    -2.4148030281066895,
    -2.41741943359375,
    -2.419898271560669,
    -2.4220945835113525,
    -2.423449754714966,
    -2.4234766960144043,
    -2.424386501312256,
    -2.426680564880371,
    -2.429452896118164,
    -2.4324593544006348,
    -2.4355313777923584,
    -2.438664197921753,
    -2.441946268081665,
    -2.4448835849761963,
    -2.4470977783203125,
    -2.449220895767212,
    -2.452009439468384,
    -2.454350471496582,
    -2.4569716453552246,
    -2.4596669673919678,
    -2.462413787841797,
    -2.465381383895874,
    -2.468994379043579,
    -2.472730875015259,
    -2.476491928100586,
    -2.4794223308563232,
    -2.4818155765533447,
    -2.48272442817688,
    -2.483858823776245,
    -2.4851765632629395,
    -2.4863319396972656,
    -2.487320899963379,
    -2.4878945350646973,
    -2.4883952140808105,
    -2.4886934757232666,
    -2.48842716217041,
    -2.488342761993408,
    -2.4884872436523438,
    -2.4890193939208984,
    -2.489563226699829,
    -2.4911632537841797,
    -2.4928295612335205,
    -2.4956953525543213,
    -2.4985175132751465,
    -2.5011837482452393,
    -2.5038087368011475,
    -2.5065064430236816,
    -2.509230613708496,
    -2.512045383453369,
    -2.5168850421905518,
    -2.5218255519866943,
    -2.526801824569702,
    -2.5317881107330322,
    -2.5366272926330566,
    -2.5416791439056396
  ]
}