{
  "arm": 78,
  "p": 0.856,
  "q": 0.623,
  "whittle": [
    -1.9168092012405396,
    -1.9132897853851318,
    -1.9086462259292603,
    -1.9036842584609985,
    -1.898830533027649,
    -1.8935496807098389,
    -1.8877594470977783,
    -1.882162094116211,
    -1.8775513172149658,
    -1.8749278783798218,
    -1.8727103471755981,
    -1.870492935180664,
    -1.8679169416427612,
    -1.8647109270095825,
    -1.8613286018371582,
    -1.8578627109527588,
    -1.8544437885284424,
    -1.8510246276855469,
    -1.8476804494857788,
    -1.844275951385498,
    -1.8398469686508179,
    -1.8344266414642334,
    -1.8288902044296265,
    -1.8248412609100342,
    -1.8208374977111816,
    -1.8191572427749634,
    -1.8189383745193481,
    -1.8213446140289307,
    -1.8234050273895264,
    -1.8248178958892822,
    -1.8256161212921143,
    -1.823930263519287,
    -1.823752999305725,
    -1.8236716985702515,
    -1.8234941959381104,
    -1.823528528213501,
    -1.8221118450164795,
    -1.8207676410675049,
    -1.8187386989593506,
    -1.817193627357483,
    -1.81557035446167,
    -1.8155301809310913,
    -1.8157860040664673,
    -1.8144397735595703,
    -1.8133431673049927,
    -1.8154937028884888,
    -1.8179916143417358,
    -1.8203588724136353,
    -1.822763204574585,
    -1.8248494863510132,
    -1.82633376121521,
    -1.8279554843902588,
    -1.8313442468643188,
    -1.8349369764328003,
    -1.8386707305908203,
    -1.8424067497253418,
    -1.8462045192718506,
    -1.8501152992248535,
    -1.8534743785858154,
    -1.8565974235534668,
    -1.8600345849990845,
    -1.8633229732513428,
    -1.866611361503601,
    -1.8698934316635132,
    -1.8731721639633179,
    -1.8762916326522827,
    -1.878890872001648,
    -1.8824979066848755,
    -1.8862576484680176,
    -1.8901201486587524,
    -1.8940448760986328,
    -1.8978846073150635,
    -1.9008172750473022,
    -1.9037504196166992,
    -1.9066829681396484,
    -1.9097968339920044,
    -1.912786602973938,
    -1.9168591499328613,
    -1.920554757118225,
    -1.9233546257019043,
    -1.925154209136963,
    -1.9269312620162964,
    -1.9285576343536377,
    -1.9299291372299194,
    -1.9313691854476929,
    -1.9337074756622314,
    -1.935924768447876,
    -1.9380275011062622,
    -1.9401307106018066,
    -1.9422342777252197,
    -1.9443172216415405,
    -1.9463986158370972,
    -1.9485124349594116,
    -1.9509316682815552,
    -1.9557960033416748,
    -1.9610402584075928,
    -1.966408371925354,
    -1.9718151092529297,
    -1.9772218465805054,
    -1.98275625705719
  ]
}