{
  "arm": 4,
  "p": 0.6,
  "q": 0.722,
  "whittle": [
    -2.552173614501953,
    -2.5512290000915527,
    -2.5501317977905273,
    -2.547447919845581,
    -2.544250011444092,
    -2.540461778640747,
    -2.536386013031006,
    -2.5331709384918213,
    -2.5319292545318604,
    -2.5316014289855957,
    -2.531278610229492,
    -2.530992031097412,
    -2.5304312705993652,
    -2.528871774673462,
    -2.5270557403564453,
    -2.5253820419311523,
    -2.5238730907440186,
    -2.5224437713623047,
    -2.5215904712677,
    -2.520340919494629,
    -2.5190651416778564,
    -2.5190954208374023,
    -2.5193817615509033,
    -2.5191495418548584,
    -2.5193185806274414,
    -2.520658016204834,
    -2.522434711456299,
    -2.525855302810669,
    -2.5306315422058105,
    -2.5361034870147705,
    -2.5403358936309814,
    -2.543029308319092,
    -2.544341802597046,
    -2.54559588432312,
    -2.546692132949829,
    -2.5470142364501953,
    -2.546576738357544,
    -2.5462424755096436,
    -2.5450241565704346,
    -2.5440306663513184,
    -2.542375326156616,
    -2.540417432785034,
    -2.5422987937927246,
    -2.544995069503784,
    -2.5467841625213623,
    -2.5500621795654297,
    -2.5533316135406494,
    -2.556321382522583,
    -2.559093475341797,
    -2.5612728595733643,
    -2.5621747970581055,
    -2.564478635787964,
    -2.567601442337036,
    -2.5710034370422363,
    -2.5748445987701416,
    -2.578660488128662,
    -2.582566022872925,
    -2.5866129398345947,
    -2.5901026725769043,
    -2.593942165374756,
    -2.5984928607940674,
    -2.6027841567993164,
    -2.606843948364258,
    -2.610734462738037,
    -2.614434242248535,
    -2.6190013885498047,
    -2.623070001602173,
    -2.6271109580993652,
    -2.632565498352051,
    -2.638188123703003,
    -2.643925905227661,
    -2.6495885848999023,
    -2.653963327407837,
    -2.6583383083343506,
    -2.6624794006347656,
    -2.6666066646575928,
    -2.6694962978363037,
    -2.6716723442077637,
    -2.673827886581421,
    -2.6753897666931152,
    -2.676060199737549,
    -2.676886796951294,
    -2.67779803276062,
    -2.6791675090789795,
    -2.6804425716400146,
    -2.683020830154419,
    -2.6861445903778076,
    -2.689706802368164,
    -2.692945957183838,
    -2.696138858795166,
    -2.699181079864502,
    -2.702014207839966,
    -2.704864501953125,
    -2.7077536582946777,
    -2.7130255699157715,
    -2.7185800075531006,
    -2.7242565155029297,
    -2.729933023452759,
    -2.735609292984009,
    -2.7415854930877686
  ]
}