{
  "arm": 83,
  "p": 0.231,
  "q": 0.192,
  "whittle": [
    -1.8316810131072998,
    -1.826870322227478,
    -1.8221491575241089,
    -1.817811131477356,
    -1.8131622076034546,
    -1.8084385395050049,
    -1.8040932416915894,
    -1.7994962930679321,
    -1.7962665557861328,
    -1.7927920818328857,
    -1.789268136024475,
    -1.785744309425354,
    -1.782403588294983,
    -1.7794222831726074,
    -1.7758842706680298,
    -1.771724820137024,
    -1.7674894332885742,
    -1.7630914449691772,
    -1.758694052696228,
    -1.7541507482528687,
    -1.748806118965149,
    -1.7433087825775146,
    -1.7364006042480469,
    -1.7295005321502686,
    -1.7234060764312744,
    -1.718621015548706,
    -1.7138782739639282,
    -1.709216594696045,
    -1.704689621925354,
    -1.7011332511901855,
    -1.698468565940857,
    -1.695650577545166,
    -1.6907769441604614,
    -1.6864999532699585,
    -1.683602213859558,
    -1.681233525276184,
    -1.6772950887680054,
    -1.6730307340621948,
    -1.6688944101333618,
    -1.6646888256072998,
    -1.6602827310562134,
    -1.655867576599121,
    -1.6522996425628662,
    -1.6489100456237793,
    -1.6456005573272705,
    -1.64391028881073,
    -1.6421229839324951,
    -1.6390379667282104,
    -1.6353689432144165,
    -1.6312837600708008,
    -1.6281408071517944,
    -1.627702236175537,
    -1.6276447772979736,
    -1.6280981302261353,
    -1.6288700103759766,
    -1.6296049356460571,
    -1.6308521032333374,
    -1.6327552795410156,
    -1.634275197982788,
    -1.6361125707626343,
    -1.638171911239624,
    -1.64021897315979,
    -1.642295241355896,
    -1.644422173500061,
    -1.6468806266784668,
    -1.6493380069732666,
    -1.6512547731399536,
    -1.6528970003128052,
    -1.6545486450195312,
    -1.655861258506775,
    -1.6565879583358765,
    -1.656428337097168,
    -1.6537600755691528,
    -1.6523605585098267,
    -1.6514686346054077,
    -1.6506373882293701,
    -1.6500657796859741,
    -1.6499649286270142,
    -1.6495243310928345,
    -1.649888277053833,
    -1.6502078771591187,
    -1.6508135795593262,
    -1.6513081789016724,
    -1.6514873504638672,
    -1.6514426469802856,
    -1.6524267196655273,
    -1.653655767440796,
    -1.6548852920532227,
    -1.6561142206192017,
    -1.6569435596466064,
    -1.657516598701477,
    -1.6583515405654907,
    -1.6601603031158447,
    -1.6633187532424927,
    -1.6668620109558105,
    -1.6707355976104736,
    -1.6746817827224731,
    -1.6786282062530518,
    -1.6825746297836304,
    -1.6865841150283813
  ]
}