{
  "arm": 0,
  "p": 0.5,
  "q": 0.367,
  "whittle": [
    -2.0371594429016113,
    -2.033939838409424,
    -2.0293643474578857,
    -2.024991750717163,
    -2.0201897621154785,
    -2.0150394439697266,
    -2.009568929672241,
    -2.0041861534118652,
    -1.9999761581420898,
    -1.9979455471038818,
    -1.9959055185317993,
    -1.9938942193984985,
    -1.991801381111145,
    -1.98876953125,
    -1.9855507612228394,
    -1.9821906089782715,
    -1.9789625406265259,
    -1.9757578372955322,
    -1.97261381149292,
    -1.9692798852920532,
    -1.964823842048645,
    -1.9589401483535767,
    -1.952637791633606,
    -1.947341799736023,
    -1.9434186220169067,
    -1.9407243728637695,
    -1.9399136304855347,
    -1.9403702020645142,
    -1.9428547620773315,
    -1.9452117681503296,
    -1.9453532695770264,
    -1.9443891048431396,
    -1.943992018699646,
    -1.943303108215332,
    -1.9426335096359253,
    -1.9432908296585083,
    -1.9436286687850952,
    -1.9422578811645508,
    -1.9407438039779663,
    -1.9409246444702148,
    -1.9417811632156372,
    -1.9429209232330322,
    -1.9439377784729004,
    -1.9446121454238892,
    -1.9463618993759155,
    -1.948786735534668,
    -1.951101303100586,
    -1.9541492462158203,
    -1.957029938697815,
    -1.9597443342208862,
    -1.961832880973816,
    -1.9636956453323364,
    -1.9659082889556885,
    -1.9698896408081055,
    -1.973842978477478,
    -1.9778493642807007,
    -1.9819811582565308,
    -1.9861748218536377,
    -1.9895169734954834,
    -1.9934784173965454,
    -1.9980424642562866,
    -2.0016613006591797,
    -2.0052132606506348,
    -2.008765459060669,
    -2.012500047683716,
    -2.016002893447876,
    -2.01912784576416,
    -2.023432970046997,
    -2.027470350265503,
    -2.031709671020508,
    -2.035953998565674,
    -2.0397493839263916,
    -2.0428311824798584,
    -2.045928716659546,
    -2.0485928058624268,
    -2.049645185470581,
    -2.0504660606384277,
    -2.051091194152832,
    -2.0513651371002197,
    -2.0526583194732666,
    -2.05460524559021,
    -2.0563740730285645,
    -2.0581328868865967,
    -2.0596413612365723,
    -2.060922861099243,
    -2.0633602142333984,
    -2.0659611225128174,
    -2.0685617923736572,
    -2.071045160293579,
    -2.0734035968780518,
    -2.075650453567505,
    -2.077829599380493,
    -2.0800087451934814,
    -2.0830070972442627,
    -2.0872130393981934,
    -2.091418743133545,
    -2.096005439758301,
    -2.1015167236328125,
    -2.1074109077453613,
    -2.1132280826568604
  ]
}