{
  "arm": 15,
  "p": 0.125,
  "q": 0.574,
  "whittle": [
    -2.161292552947998,
    -2.1573257446289062,
    -2.1540772914886475,
    -2.1503608226776123,
    -2.1470232009887695,
    -2.1434326171875,
    -2.140312671661377,
    -2.1379616260528564,
    -2.1366472244262695,
    -2.1353039741516113,
    -2.133983850479126,
    -2.1327462196350098,
    -2.131779670715332,
    -2.1295368671417236,
    -2.126887083053589,
    -2.1241872310638428,
    -2.1215884685516357,
    -2.118999719619751,
    -2.116185188293457,
    -2.11337947845459,
    -2.1095104217529297,
    -2.10451078414917,
    -2.0988001823425293,
    -2.0971148014068604,
    -2.0968778133392334,
    -2.0975613594055176,
    -2.099154233932495,
    -2.1011366844177246,
    -2.1038665771484375,
    -2.1069681644439697,
    -2.108936309814453,
    -2.1102895736694336,
    -2.1113927364349365,
    -2.1115598678588867,
    -2.1124885082244873,
    -2.113651990890503,
    -2.113412857055664,
    -2.1118991374969482,
    -2.111164093017578,
    -2.11189866065979,
    -2.1130354404449463,
    -2.1148722171783447,
    -2.1191163063049316,
    -2.1207616329193115,
    -2.122119665145874,
    -2.1248068809509277,
    -2.1274023056030273,
    -2.1303598880767822,
    -2.132535457611084,
    -2.134197235107422,
    -2.1355738639831543,
    -2.1371054649353027,
    -2.139421224594116,
    -2.1424214839935303,
    -2.1456069946289062,
    -2.149872303009033,
    -2.1543312072753906,
    -2.1588339805603027,
    -2.1624886989593506,
    -2.1657066345214844,
    -2.1687984466552734,
    -2.1716179847717285,
    -2.1752753257751465,
    -2.178800582885742,
    -2.182435989379883,
    -2.187326669692993,
    -2.1918420791625977,
    -2.196425199508667,
    -2.2009081840515137,
    -2.2039806842803955,
    -2.206904888153076,
    -2.2096657752990723,
    -2.210660934448242,
    -2.2116971015930176,
    -2.212733507156372,
    -2.2137694358825684,
    -2.214806318283081,
    -2.2157351970672607,
    -2.2167978286743164,
    -2.219334840774536,
    -2.22135853767395,
    -2.2233779430389404,
    -2.225423574447632,
    -2.22735857963562,
    -2.2291314601898193,
    -2.231865882873535,
    -2.234835386276245,
    -2.23772931098938,
    -2.240687131881714,
    -2.2436513900756836,
    -2.2461953163146973,
    -2.2486019134521484,
    -2.251120090484619,
    -2.2546725273132324,
    -2.2592947483062744,
    -2.264244556427002,
    -2.26981520652771,
    -2.2761406898498535,
    -2.282466411590576,
    -2.288426637649536
  ]
}