{
  "arm": 11,
  "p": 0.25,
  "q": 0.219,
  "whittle": [
    -2.2122604846954346,
    -2.2084057331085205,
    -2.20528507232666,
    -2.2028191089630127,
    -2.200106620788574,
    -2.19698429107666,
    -2.193634510040283,
    -2.19097638130188,
    -2.189821243286133,
    -2.1886658668518066,
    -2.1875457763671875,
    -2.1859397888183594,
    -2.1838388442993164,
    -2.1815261840820312,
    -2.1790378093719482,
    -2.176445960998535,
    -2.1740059852600098,
    -2.1715738773345947,
    -2.1688404083251953,
    -2.166060209274292,
    -2.1629068851470947,
    -2.162665367126465,
    -2.16405987739563,
    -2.1656241416931152,
    -2.1673195362091064,
    -2.168515920639038,
    -2.1707651615142822,
    -2.1743035316467285,
    -2.1789138317108154,
    -2.183439254760742,
    -2.186763048171997,
    -2.1889283657073975,
    -2.1915812492370605,
    -2.1943585872650146,
    -2.1970174312591553,
    -2.198150396347046,
    -2.1986913681030273,
    -2.197089910507202,
    -2.197399616241455,
    -2.197850465774536,
    -2.198519229888916,
    -2.1986827850341797,
    -2.1979563236236572,
    -2.1976141929626465,
    -2.197068214416504,
    -2.1970999240875244,
    -2.1982967853546143,
    -2.199880838394165,
    -2.2008678913116455,
    -2.200809955596924,
    -2.2005105018615723,
    -2.201556921005249,
    -2.2031843662261963,
    -2.2053945064544678,
    -2.2076218128204346,
    -2.209843158721924,
    -2.212393045425415,
    -2.2151527404785156,
    -2.217132329940796,
    -2.2194080352783203,
    -2.221205711364746,
    -2.2227022647857666,
    -2.2255191802978516,
    -2.2285895347595215,
    -2.231778144836426,
    -2.23454213142395,
    -2.236687183380127,
    -2.24031925201416,
    -2.2438278198242188,
    -2.2476818561553955,
    -2.2519891262054443,
    -2.2550947666168213,
    -2.256007194519043,
    -2.2569849491119385,
    -2.2581262588500977,
    -2.259267568588257,
    -2.260411024093628,
    -2.2615506649017334,
    -2.262331008911133,
    -2.2624871730804443,
    -2.2624800205230713,
    -2.2625787258148193,
    -2.2633907794952393,
    -2.264819860458374,
    -2.2659542560577393,
    -2.268380641937256,
    -2.271118640899658,
    -2.2738137245178223,
    -2.2764828205108643,
    -2.2789247035980225,
    -2.2812085151672363,
    -2.2834770679473877,
    -2.28602933883667,
    -2.2899293899536133,
    -2.294541597366333,
    -2.2991538047790527,
    -2.3041250705718994,
    -2.3091375827789307,
    -2.3141493797302246,
    -2.3199334144592285
  ]
}