{
  "arm": 64,
  "p": 0.506,
  "q": 0.683,
  "whittle": [
    -3.0661442279815674,
    -3.066581964492798,
    -3.0670058727264404,
    -3.067375898361206,
    -3.0659897327423096,
    -3.063646078109741,
    -3.0626449584960938,
    -3.0625011920928955,
    -3.0627188682556152,
    -3.063878297805786,
    -3.065049171447754,
    -3.0660781860351562,
    -3.066194534301758,
    -3.0665318965911865,
    -3.0683257579803467,
    -3.0700864791870117,
    -3.072584867477417,
    -3.075086832046509,
    -3.0776968002319336,
    -3.080523729324341,
    -3.0823373794555664,
    -3.0849058628082275,
    -3.088665723800659,
    -3.0932328701019287,
    -3.098320484161377,
    -3.103410243988037,
    -3.108637809753418,
    -3.1153297424316406,
    -3.121821641921997,
    -3.127682685852051,
    -3.1335620880126953,
    -3.1378977298736572,
    -3.1420505046844482,
    -3.1462039947509766,
    -3.149463653564453,
    -3.150631904602051,
    -3.1512203216552734,
    -3.152242422103882,
    -3.154686450958252,
    -3.1585981845855713,
    -3.162534475326538,
    -3.1664724349975586,
    -3.1701252460479736,
    -3.1740474700927734,
    -3.178158760070801,
    -3.1836228370666504,
    -3.188762903213501,
    -3.1926462650299072,
    -3.1959681510925293,
    -3.1989059448242188,
    -3.200582504272461,
    -3.2024736404418945,
    -3.2063889503479004,
    -3.2107856273651123,
    -3.2150444984436035,
    -3.2190587520599365,
    -3.223215341567993,
    -3.2274844646453857,
    -3.231306791305542,
    -3.234611988067627,
    -3.2379837036132812,
    -3.241054058074951,
    -3.2440171241760254,
    -3.247670888900757,
    -3.251347064971924,
    -3.2550313472747803,
    -3.2587730884552,
    -3.2630527019500732,
    -3.2664616107940674,
    -3.270142078399658,
    -3.2736566066741943,
    -3.276676893234253,
    -3.2783849239349365,
    -3.2800886631011963,
    -3.28177547454834,
    -3.2834625244140625,
    -3.285149335861206,
    -3.286944627761841,
    -3.2886581420898438,
    -3.2896759510040283,
    -3.289879560470581,
    -3.2900524139404297,
    -3.290466785430908,
    -3.2912042140960693,
    -3.2915074825286865,
    -3.2937777042388916,
    -3.296523332595825,
    -3.2993526458740234,
    -3.302140474319458,
    -3.3049044609069824,
    -3.307739734649658,
    -3.310479164123535,
    -3.3132755756378174,
    -3.316298246383667,
    -3.321784019470215,
    -3.3275723457336426,
    -3.333423376083374,
    -3.3392739295959473,
    -3.3455939292907715,
    -3.3526644706726074
  ]
}