{
  "arm": 93,
  "p": 0.481,
  "q": 0.488,
  "whittle": [
    -1.4614558219909668,
    -1.45632004737854,
    -1.4513527154922485,
    -1.4460448026657104,
    -1.43988835811615,
    -1.433455228805542,
    -1.4274685382843018,
    -1.422827959060669,
    -1.419369101524353,
    -1.415860891342163,
    -1.4123109579086304,
    -1.408442497253418,
    -1.4045801162719727,
    -1.4008989334106445,
    -1.3972718715667725,
    -1.393822431564331,
    -1.3904427289962769,
    -1.386664867401123,
    -1.3828752040863037,
    -1.3791143894195557,
    -1.3745429515838623,
    -1.3685883283615112,
    -1.3627952337265015,
    -1.3582136631011963,
    -1.3540222644805908,
    -1.3505538702011108,
    -1.3486955165863037,
    -1.3479610681533813,
    -1.3468518257141113,
    -1.3455731868743896,
    -1.3441803455352783,
    -1.34114408493042,
    -1.3390589952468872,
    -1.3372191190719604,
    -1.3364789485931396,
    -1.3359278440475464,
    -1.3351309299468994,
    -1.3338570594787598,
    -1.3323243856430054,
    -1.3320947885513306,
    -1.3322688341140747,
    -1.3330631256103516,
    -1.3333290815353394,
    -1.3330186605453491,
    -1.3330328464508057,
    -1.332648754119873,
    -1.3316631317138672,
    -1.3300342559814453,
    -1.328727126121521,
    -1.3276748657226562,
    -1.3288050889968872,
    -1.3311797380447388,
    -1.3335515260696411,
    -1.336281418800354,
    -1.3393454551696777,
    -1.342880129814148,
    -1.3461543321609497,
    -1.349478840827942,
    -1.3531326055526733,
    -1.3563395738601685,
    -1.3593416213989258,
    -1.3617525100708008,
    -1.3640916347503662,
    -1.3664448261260986,
    -1.368904709815979,
    -1.3713833093643188,
    -1.3731684684753418,
    -1.3746229410171509,
    -1.3763577938079834,
    -1.3795270919799805,
    -1.3826465606689453,
    -1.385615587234497,
    -1.389006495475769,
    -1.392547607421875,
    -1.3962281942367554,
    -1.399605393409729,
    -1.4032108783721924,
    -1.4067039489746094,
    -1.4097018241882324,
    -1.4125663042068481,
    -1.41510009765625,
    -1.417777180671692,
    -1.4202322959899902,
    -1.4223170280456543,
    -1.4242382049560547,
    -1.426432728767395,
    -1.428828477859497,
    -1.431187629699707,
    -1.4334968328475952,
    -1.4360954761505127,
    -1.438729166984558,
    -1.4412263631820679,
    -1.4439387321472168,
    -1.4475477933883667,
    -1.4518802165985107,
    -1.4562127590179443,
    -1.4605454206466675,
    -1.4648778438568115,
    -1.4692106246948242,
    -1.4730499982833862
  ]
}