{
  "arm": 1,
  "p": 0.3,
  "q": 0.633,
  "whittle": [
    -1.8215761184692383,
    -1.8177783489227295,
    -1.8130820989608765,
    -1.8080925941467285,
    -1.8031821250915527,
    -1.797473430633545,
    -1.791795015335083,
    -1.7871413230895996,
    -1.7844805717468262,
    -1.7817702293395996,
    -1.779374599456787,
    -1.7770757675170898,
    -1.7741522789001465,
    -1.7706124782562256,
    -1.7670905590057373,
    -1.763472557067871,
    -1.7599478960037231,
    -1.7564233541488647,
    -1.752980351448059,
    -1.7491140365600586,
    -1.7437379360198975,
    -1.738602638244629,
    -1.7327747344970703,
    -1.7283294200897217,
    -1.724435567855835,
    -1.7209970951080322,
    -1.7192598581314087,
    -1.7215702533721924,
    -1.7236497402191162,
    -1.7248855829238892,
    -1.7254106998443604,
    -1.7240127325057983,
    -1.7238571643829346,
    -1.7237017154693604,
    -1.7235990762710571,
    -1.723097801208496,
    -1.7212244272232056,
    -1.7193725109100342,
    -1.7172248363494873,
    -1.715749740600586,
    -1.7158961296081543,
    -1.716741681098938,
    -1.7162060737609863,
    -1.7147001028060913,
    -1.713255524635315,
    -1.713152289390564,
    -1.7144794464111328,
    -1.7167190313339233,
    -1.7187591791152954,
    -1.7201372385025024,
    -1.721132755279541,
    -1.7236155271530151,
    -1.7266281843185425,
    -1.7301355600357056,
    -1.733717918395996,
    -1.737392544746399,
    -1.741180658340454,
    -1.745017170906067,
    -1.7482082843780518,
    -1.751844048500061,
    -1.7559149265289307,
    -1.7597217559814453,
    -1.7632883787155151,
    -1.7664693593978882,
    -1.7698042392730713,
    -1.7727079391479492,
    -1.7751682996749878,
    -1.7774481773376465,
    -1.7810462713241577,
    -1.7847821712493896,
    -1.788419485092163,
    -1.7921044826507568,
    -1.794891119003296,
    -1.7976734638214111,
    -1.8004560470581055,
    -1.8035786151885986,
    -1.8072266578674316,
    -1.8110047578811646,
    -1.8145251274108887,
    -1.8167835474014282,
    -1.8186759948730469,
    -1.8203730583190918,
    -1.8219555616378784,
    -1.8234747648239136,
    -1.8248512744903564,
    -1.8270076513290405,
    -1.8292349576950073,
    -1.8313065767288208,
    -1.8333779573440552,
    -1.8354580402374268,
    -1.8374228477478027,
    -1.8395214080810547,
    -1.842275857925415,
    -1.8457287549972534,
    -1.8505587577819824,
    -1.8556894063949585,
    -1.8608626127243042,
    -1.8660449981689453,
    -1.8712271451950073,
    -1.8765002489089966
  ]
}