{
  "arm": 59,
  "p": 0.287,
  "q": 0.298,
  "whittle": [
    -2.078942060470581,
    -2.0745644569396973,
    -2.070549488067627,
    -2.0665528774261475,
    -2.0619077682495117,
    -2.0567691326141357,
    -2.0514914989471436,
    -2.0465402603149414,
    -2.0436527729034424,
    -2.0414786338806152,
    -2.0395166873931885,
    -2.037625551223755,
    -2.0353565216064453,
    -2.0322670936584473,
    -2.028881072998047,
    -2.0255250930786133,
    -2.02225661277771,
    -2.019057035446167,
    -2.0158700942993164,
    -2.012693405151367,
    -2.008913516998291,
    -2.004770517349243,
    -1.9997987747192383,
    -1.9958381652832031,
    -1.9943817853927612,
    -1.9938774108886719,
    -1.9941318035125732,
    -1.9951682090759277,
    -1.9977208375930786,
    -1.9993441104888916,
    -1.9998642206192017,
    -1.999127745628357,
    -1.9978997707366943,
    -1.9969782829284668,
    -1.9968152046203613,
    -1.9968912601470947,
    -1.995318055152893,
    -1.993102788925171,
    -1.9909508228302002,
    -1.9887949228286743,
    -1.9868532419204712,
    -1.9868863821029663,
    -1.9860578775405884,
    -1.9851881265640259,
    -1.9841779470443726,
    -1.9849135875701904,
    -1.9869191646575928,
    -1.9885607957839966,
    -1.990018367767334,
    -1.9909151792526245,
    -1.9920247793197632,
    -1.9930347204208374,
    -1.9941959381103516,
    -1.9963260889053345,
    -1.9987235069274902,
    -2.0010859966278076,
    -2.004718065261841,
    -2.00830078125,
    -2.0110456943511963,
    -2.0140018463134766,
    -2.017205238342285,
    -2.019366979598999,
    -2.021071672439575,
    -2.023059606552124,
    -2.0258233547210693,
    -2.0287225246429443,
    -2.031019449234009,
    -2.033236026763916,
    -2.0365755558013916,
    -2.0402729511260986,
    -2.0437746047973633,
    -2.0469913482666016,
    -2.0493297576904297,
    -2.0503032207489014,
    -2.0511410236358643,
    -2.0513691902160645,
    -2.0516788959503174,
    -2.0520424842834473,
    -2.0523531436920166,
    -2.0522687435150146,
    -2.0517845153808594,
    -2.051762104034424,
    -2.0529792308807373,
    -2.0539331436157227,
    -2.054631471633911,
    -2.0565476417541504,
    -2.058697462081909,
    -2.0608468055725098,
    -2.0629966259002686,
    -2.06510329246521,
    -2.066847085952759,
    -2.068495512008667,
    -2.0703415870666504,
    -2.0736618041992188,
    -2.077784776687622,
    -2.0819504261016846,
    -2.0861222743988037,
    -2.090585947036743,
    -2.0959339141845703,
    -2.101480007171631
  ]
}