{
  "arm": 44,
  "p": 0.662,
  "q": 0.169,
  "whittle": [
    -1.8899059295654297,
    -1.8859026432037354,
    -1.8813306093215942,
    -1.8770755529403687,
    -1.8725517988204956,
    -1.8678905963897705,
    -1.8631595373153687,
    -1.8587987422943115,
    -1.8564784526824951,
    -1.8535523414611816,
    -1.8504447937011719,
    -1.8478530645370483,
    -1.845386266708374,
    -1.8420530557632446,
    -1.8382947444915771,
    -1.8345950841903687,
    -1.8307721614837646,
    -1.8269494771957397,
    -1.8231265544891357,
    -1.81918466091156,
    -1.8150392770767212,
    -1.8090295791625977,
    -1.8027487993240356,
    -1.7964723110198975,
    -1.7915830612182617,
    -1.7872639894485474,
    -1.7831318378448486,
    -1.7793349027633667,
    -1.7780499458312988,
    -1.7785696983337402,
    -1.7790290117263794,
    -1.7789746522903442,
    -1.7785732746124268,
    -1.7774622440338135,
    -1.7762378454208374,
    -1.774694800376892,
    -1.7730568647384644,
    -1.7699334621429443,
    -1.766636610031128,
    -1.764243483543396,
    -1.7623717784881592,
    -1.7629845142364502,
    -1.7638533115386963,
    -1.7638016939163208,
    -1.763081669807434,
    -1.7621326446533203,
    -1.7611833810806274,
    -1.7604883909225464,
    -1.7609084844589233,
    -1.7605713605880737,
    -1.7609020471572876,
    -1.7614485025405884,
    -1.762274146080017,
    -1.7636981010437012,
    -1.765543818473816,
    -1.7673187255859375,
    -1.7697621583938599,
    -1.7726179361343384,
    -1.7747745513916016,
    -1.7769423723220825,
    -1.7793233394622803,
    -1.7807623147964478,
    -1.7822670936584473,
    -1.7838696241378784,
    -1.785638689994812,
    -1.7879387140274048,
    -1.7898435592651367,
    -1.7913028001785278,
    -1.792481780052185,
    -1.7938212156295776,
    -1.7946279048919678,
    -1.796083688735962,
    -1.7962032556533813,
    -1.7957957983016968,
    -1.7953884601593018,
    -1.7949811220169067,
    -1.7947853803634644,
    -1.7946547269821167,
    -1.7945021390914917,
    -1.795682668685913,
    -1.7968639135360718,
    -1.797982931137085,
    -1.7990669012069702,
    -1.7996045351028442,
    -1.7998284101486206,
    -1.8012031316757202,
    -1.8027911186218262,
    -1.80439293384552,
    -1.8059967756271362,
    -1.8076046705245972,
    -1.8088135719299316,
    -1.8098971843719482,
    -1.8109807968139648,
    -1.8135000467300415,
    -1.8176006078720093,
    -1.8220338821411133,
    -1.826537013053894,
    -1.8310668468475342,
    -1.8356037139892578,
    -1.840242862701416
  ]
}