{
  "arm": 65,
  "p": 0.306,
  "q": 0.238,
  "whittle": [
    -2.100632905960083,
    -2.097069025039673,
    -2.0934674739837646,
    -2.089791774749756,
    -2.0860958099365234,
    -2.0825207233428955,
    -2.078357696533203,
    -2.0748918056488037,
    -2.072810173034668,
    -2.070453405380249,
    -2.0679447650909424,
    -2.065803050994873,
    -2.0631394386291504,
    -2.0598199367523193,
    -2.056459426879883,
    -2.052982807159424,
    -2.0496535301208496,
    -2.0463449954986572,
    -2.0430245399475098,
    -2.0395712852478027,
    -2.0364601612091064,
    -2.032356023788452,
    -2.0275635719299316,
    -2.0236642360687256,
    -2.019772529602051,
    -2.017045497894287,
    -2.0166561603546143,
    -2.016775131225586,
    -2.0178627967834473,
    -2.0192196369171143,
    -2.0200917720794678,
    -2.0205624103546143,
    -2.0211150646209717,
    -2.022388458251953,
    -2.022490978240967,
    -2.0222010612487793,
    -2.0215632915496826,
    -2.0190415382385254,
    -2.0166332721710205,
    -2.014416456222534,
    -2.012303113937378,
    -2.0101935863494873,
    -2.0086781978607178,
    -2.0072250366210938,
    -2.006756544113159,
    -2.007094621658325,
    -2.0072131156921387,
    -2.0059731006622314,
    -2.004836082458496,
    -2.004422903060913,
    -2.0032193660736084,
    -2.0020265579223633,
    -2.001127004623413,
    -2.0014617443084717,
    -2.003150224685669,
    -2.0050582885742188,
    -2.006953716278076,
    -2.0086302757263184,
    -2.0095362663269043,
    -2.010658025741577,
    -2.012096643447876,
    -2.0127432346343994,
    -2.0128815174102783,
    -2.014167547225952,
    -2.0154080390930176,
    -2.0166306495666504,
    -2.017092704772949,
    -2.0173909664154053,
    -2.0179073810577393,
    -2.0179266929626465,
    -2.016303062438965,
    -2.014026165008545,
    -2.0120158195495605,
    -2.0118157863616943,
    -2.011615753173828,
    -2.011415958404541,
    -2.011215925216675,
    -2.0111210346221924,
    -2.0110576152801514,
    -2.010591745376587,
    -2.00978684425354,
    -2.0089845657348633,
    -2.0083348751068115,
    -2.007256269454956,
    -2.0059666633605957,
    -2.0069663524627686,
    -2.0085322856903076,
    -2.010101556777954,
    -2.0116841793060303,
    -2.0133864879608154,
    -2.015122890472412,
    -2.016796350479126,
    -2.018524169921875,
    -2.021388053894043,
    -2.024766206741333,
    -2.028144359588623,
    -2.031522750854492,
    -2.034900665283203,
    -2.0385022163391113,
    -2.0432472229003906
  ]
}