{
  "arm": 45,
  "p": 0.463,
  "q": 0.436,
  "whittle": [
    -1.8487002849578857,
    -1.8445254564285278,
    -1.839639663696289,
    -1.8348571062088013,
    -1.8302990198135376,
    -1.824873447418213,
    -1.8186314105987549,
    -1.8125660419464111,
    -1.8086148500442505,
    -1.805267333984375,
    -1.801854133605957,
    -1.7984695434570312,
    -1.7956243753433228,
    -1.7922389507293701,
    -1.7881296873092651,
    -1.7841589450836182,
    -1.7801178693771362,
    -1.7759860754013062,
    -1.7718594074249268,
    -1.7680816650390625,
    -1.7639871835708618,
    -1.7593504190444946,
    -1.7527527809143066,
    -1.7461549043655396,
    -1.741384506225586,
    -1.73689603805542,
    -1.732419729232788,
    -1.72846257686615,
    -1.7257678508758545,
    -1.7240450382232666,
    -1.7226544618606567,
    -1.7190682888031006,
    -1.7148497104644775,
    -1.7117644548416138,
    -1.7102464437484741,
    -1.7089422941207886,
    -1.7069889307022095,
    -1.7033908367156982,
    -1.7000216245651245,
    -1.6972622871398926,
    -1.6946474313735962,
    -1.6920768022537231,
    -1.6894848346710205,
    -1.6883071660995483,
    -1.6871238946914673,
    -1.685795783996582,
    -1.6842448711395264,
    -1.6816414594650269,
    -1.678809404373169,
    -1.6754188537597656,
    -1.673331618309021,
    -1.673549771308899,
    -1.6740236282348633,
    -1.6750620603561401,
    -1.6761928796768188,
    -1.6775250434875488,
    -1.6790494918823242,
    -1.681319236755371,
    -1.6832530498504639,
    -1.6852303743362427,
    -1.6876510381698608,
    -1.6900712251663208,
    -1.692275881767273,
    -1.6947649717330933,
    -1.697413682937622,
    -1.6997969150543213,
    -1.701346755027771,
    -1.702805519104004,
    -1.7042251825332642,
    -1.705509901046753,
    -1.7065593004226685,
    -1.7073768377304077,
    -1.7089482545852661,
    -1.7104687690734863,
    -1.712031602859497,
    -1.7130314111709595,
    -1.7127777338027954,
    -1.712719202041626,
    -1.712620496749878,
    -1.7124860286712646,
    -1.713364601135254,
    -1.714331865310669,
    -1.7152706384658813,
    -1.7159147262573242,
    -1.7161692380905151,
    -1.717413067817688,
    -1.7188220024108887,
    -1.720236897468567,
    -1.7215847969055176,
    -1.7228137254714966,
    -1.72408127784729,
    -1.7250380516052246,
    -1.7261632680892944,
    -1.7288607358932495,
    -1.732714056968689,
    -1.736890435218811,
    -1.741178274154663,
    -1.7454665899276733,
    -1.749754786491394,
    -1.7541275024414062
  ]
}