{
  "arm": 14,
  "p": 0.85,
  "q": 0.307,
  "whittle": [
    -3.159313440322876,
    -3.1586573123931885,
    -3.1576497554779053,
    -3.155787467956543,
    -3.1534183025360107,
    -3.1520540714263916,
    -3.150007963180542,
    -3.1484086513519287,
    -3.146995782852173,
    -3.1467413902282715,
    -3.146486520767212,
    -3.146249771118164,
    -3.1460959911346436,
    -3.1442806720733643,
    -3.142444372177124,
    -3.14060115814209,
    -3.1389658451080322,
    -3.1374318599700928,
    -3.135922908782959,
    -3.1345489025115967,
    -3.1323771476745605,
    -3.130378007888794,
    -3.1274895668029785,
    -3.124601364135742,
    -3.1212120056152344,
    -3.1183319091796875,
    -3.1166512966156006,
    -3.1152377128601074,
    -3.1138885021209717,
    -3.113203763961792,
    -3.1134283542633057,
    -3.1135427951812744,
    -3.1149466037750244,
    -3.1158928871154785,
    -3.1158604621887207,
    -3.116715908050537,
    -3.1163623332977295,
    -3.115346908569336,
    -3.113654851913452,
    -3.1116034984588623,
    -3.1095142364501953,
    -3.1074163913726807,
    -3.10660719871521,
    -3.107438325881958,
    -3.1092875003814697,
    -3.1137945652008057,
    -3.117901563644409,
    -3.121880292892456,
    -3.1239843368530273,
    -3.1254141330718994,
    -3.1259658336639404,
    -3.1266064643859863,
    -3.1272759437561035,
    -3.128526449203491,
    -3.129718065261841,
    -3.130680561065674,
    -3.1326687335968018,
    -3.135575771331787,
    -3.1375315189361572,
    -3.139268159866333,
    -3.141350746154785,
    -3.143817663192749,
    -3.1463167667388916,
    -3.1491029262542725,
    -3.1516988277435303,
    -3.1545422077178955,
    -3.1571342945098877,
    -3.159569501876831,
    -3.1622817516326904,
    -3.1651322841644287,
    -3.167619466781616,
    -3.1671838760375977,
    -3.1660428047180176,
    -3.165070056915283,
    -3.1658895015716553,
    -3.1674721240997314,
    -3.1690053939819336,
    -3.1702160835266113,
    -3.1714417934417725,
    -3.1716954708099365,
    -3.1714980602264404,
    -3.171276092529297,
    -3.1714184284210205,
    -3.171367883682251,
    -3.171060800552368,
    -3.173039674758911,
    -3.1753299236297607,
    -3.177276372909546,
    -3.1792235374450684,
    -3.1811704635620117,
    -3.183030605316162,
    -3.1847753524780273,
    -3.1865296363830566,
    -3.1884517669677734,
    -3.1929471492767334,
    -3.1975574493408203,
    -3.202350616455078,
    -3.207289934158325,
    -3.2122297286987305,
    -3.2175452709198
  ]
}