{
  "arm": 79,
  "p": 0.131,
  "q": 0.89,
  "whittle": [
    -1.9282509088516235,
    -1.9242857694625854,
    -1.9199796915054321,
    -1.9154893159866333,
    -1.9104325771331787,
    -1.9046869277954102,
    -1.9004820585250854,
    -1.8967432975769043,
    -1.8941937685012817,
    -1.8916175365447998,
    -1.8894035816192627,
    -1.887173056602478,
    -1.88492751121521,
    -1.8816941976547241,
    -1.8782174587249756,
    -1.8747583627700806,
    -1.8712818622589111,
    -1.8678053617477417,
    -1.8643286228179932,
    -1.8602502346038818,
    -1.8549561500549316,
    -1.8492599725723267,
    -1.8427575826644897,
    -1.8366819620132446,
    -1.832132339477539,
    -1.827952265739441,
    -1.824344277381897,
    -1.823794960975647,
    -1.8240933418273926,
    -1.825111985206604,
    -1.8255796432495117,
    -1.8237056732177734,
    -1.822861671447754,
    -1.8222309350967407,
    -1.821552038192749,
    -1.820862054824829,
    -1.8194047212600708,
    -1.8172357082366943,
    -1.8150216341018677,
    -1.8135584592819214,
    -1.813501238822937,
    -1.814250111579895,
    -1.8151023387908936,
    -1.8151752948760986,
    -1.8138806819915771,
    -1.8155255317687988,
    -1.8175104856491089,
    -1.8188410997390747,
    -1.820156455039978,
    -1.8214142322540283,
    -1.8223097324371338,
    -1.8234131336212158,
    -1.8253141641616821,
    -1.8286012411117554,
    -1.8319766521453857,
    -1.8353878259658813,
    -1.8389545679092407,
    -1.8425824642181396,
    -1.8453686237335205,
    -1.8475719690322876,
    -1.8505237102508545,
    -1.8534653186798096,
    -1.8564069271087646,
    -1.8593127727508545,
    -1.8620713949203491,
    -1.8644213676452637,
    -1.866614580154419,
    -1.8684377670288086,
    -1.8706200122833252,
    -1.8740410804748535,
    -1.877455711364746,
    -1.8810971975326538,
    -1.883914828300476,
    -1.8862706422805786,
    -1.8864524364471436,
    -1.8866784572601318,
    -1.8869043588638306,
    -1.8869547843933105,
    -1.8883090019226074,
    -1.8898111581802368,
    -1.8909300565719604,
    -1.892269492149353,
    -1.8935949802398682,
    -1.8949089050292969,
    -1.896322250366211,
    -1.8982104063034058,
    -1.9002721309661865,
    -1.9023338556289673,
    -1.9043954610824585,
    -1.9063650369644165,
    -1.9081178903579712,
    -1.9097524881362915,
    -1.9115163087844849,
    -1.9137461185455322,
    -1.9177407026290894,
    -1.9223111867904663,
    -1.927309274673462,
    -1.9323445558547974,
    -1.9373795986175537,
    -1.9425069093704224
  ]
}