{
  "arm": 71,
  "p": 0.156,
  "q": 0.179,
  "whittle": [
    -2.6083648204803467,
    -2.606973648071289,
    -2.6050732135772705,
    -2.602041244506836,
    -2.598869562149048,
    -2.594780445098877,
    -2.5908968448638916,
    -2.588069438934326,
    -2.586507797241211,
    -2.5856969356536865,
    -2.5848803520202637,
    -2.583674430847168,
    -2.5817222595214844,
    -2.57938289642334,
    -2.5770440101623535,
    -2.57475209236145,
    -2.5724635124206543,
    -2.5702688694000244,
    -2.5679941177368164,
    -2.5657026767730713,
    -2.5655465126037598,
    -2.564009666442871,
    -2.5618438720703125,
    -2.560335397720337,
    -2.559114694595337,
    -2.558342218399048,
    -2.557676315307617,
    -2.5584261417388916,
    -2.560990333557129,
    -2.564058542251587,
    -2.5671799182891846,
    -2.569129705429077,
    -2.571664810180664,
    -2.5733048915863037,
    -2.5741662979125977,
    -2.574960708618164,
    -2.5743446350097656,
    -2.5726802349090576,
    -2.571256160736084,
    -2.5691545009613037,
    -2.5671002864837646,
    -2.5655133724212646,
    -2.567657947540283,
    -2.570338249206543,
    -2.573180913925171,
    -2.5762431621551514,
    -2.5783140659332275,
    -2.5793569087982178,
    -2.580435037612915,
    -2.5812129974365234,
    -2.5816211700439453,
    -2.5831804275512695,
    -2.585217237472534,
    -2.587533950805664,
    -2.590257406234741,
    -2.593593120574951,
    -2.597109079360962,
    -2.6003732681274414,
    -2.602405071258545,
    -2.6045000553131104,
    -2.606398344039917,
    -2.6092543601989746,
    -2.612008571624756,
    -2.6151936054229736,
    -2.6184980869293213,
    -2.6219613552093506,
    -2.6257076263427734,
    -2.6302571296691895,
    -2.6353023052215576,
    -2.6403632164001465,
    -2.644611120223999,
    -2.6475014686584473,
    -2.6500558853149414,
    -2.65193510055542,
    -2.6536006927490234,
    -2.655266761779785,
    -2.6567351818084717,
    -2.658196210861206,
    -2.6591830253601074,
    -2.659493923187256,
    -2.659452199935913,
    -2.6598551273345947,
    -2.660797357559204,
    -2.6615307331085205,
    -2.6619298458099365,
    -2.6642045974731445,
    -2.6676321029663086,
    -2.67106556892395,
    -2.6744985580444336,
    -2.677931785583496,
    -2.6810038089752197,
    -2.6835896968841553,
    -2.686164379119873,
    -2.690354108810425,
    -2.6955583095550537,
    -2.7007689476013184,
    -2.7060976028442383,
    -2.7114546298980713,
    -2.7168116569519043,
    -2.7223591804504395
  ]
}