{
  "arm": 60,
  "p": 0.688,
  "q": 0.564,
  "whittle": [
    -2.1978759765625,
    -2.193943500518799,
    -2.1900620460510254,
    -2.1861989498138428,
    -2.1820900440216064,
    -2.1781082153320312,
    -2.17403244972229,
    -2.1702282428741455,
    -2.168011426925659,
    -2.1662418842315674,
    -2.164492130279541,
    -2.162771224975586,
    -2.1613824367523193,
    -2.159430742263794,
    -2.156240701675415,
    -2.1531248092651367,
    -2.150198221206665,
    -2.1478633880615234,
    -2.145540475845337,
    -2.143078327178955,
    -2.1394827365875244,
    -2.134026050567627,
    -2.127532720565796,
    -2.121460199356079,
    -2.1175403594970703,
    -2.1163365840911865,
    -2.1156864166259766,
    -2.115097761154175,
    -2.1150059700012207,
    -2.116715431213379,
    -2.1181817054748535,
    -2.118112325668335,
    -2.1166751384735107,
    -2.1157710552215576,
    -2.114720582962036,
    -2.114175796508789,
    -2.1126644611358643,
    -2.1110823154449463,
    -2.1088130474090576,
    -2.1068203449249268,
    -2.1048643589019775,
    -2.103355646133423,
    -2.1021981239318848,
    -2.102184295654297,
    -2.1031620502471924,
    -2.105257987976074,
    -2.1074564456939697,
    -2.1094770431518555,
    -2.1109416484832764,
    -2.111575126647949,
    -2.1129353046417236,
    -2.1146299839019775,
    -2.116537094116211,
    -2.1190454959869385,
    -2.1216847896575928,
    -2.124476194381714,
    -2.1283042430877686,
    -2.1322574615478516,
    -2.135293483734131,
    -2.1375844478607178,
    -2.1403417587280273,
    -2.14284348487854,
    -2.145190477371216,
    -2.1480934619903564,
    -2.1513917446136475,
    -2.154642343521118,
    -2.157179594039917,
    -2.1591646671295166,
    -2.1615703105926514,
    -2.165769100189209,
    -2.1698620319366455,
    -2.173671007156372,
    -2.1762561798095703,
    -2.1777749061584473,
    -2.1794774532318115,
    -2.1812846660614014,
    -2.1822526454925537,
    -2.1829113960266113,
    -2.183762550354004,
    -2.1842286586761475,
    -2.184244155883789,
    -2.1859216690063477,
    -2.1875271797180176,
    -2.1889498233795166,
    -2.1901979446411133,
    -2.1926350593566895,
    -2.1951804161071777,
    -2.1977250576019287,
    -2.2002696990966797,
    -2.2027909755706787,
    -2.2049553394317627,
    -2.2070114612579346,
    -2.2093453407287598,
    -2.2123475074768066,
    -2.216930389404297,
    -2.2215137481689453,
    -2.2260961532592773,
    -2.230832576751709,
    -2.236506938934326,
    -2.2426397800445557
  ]
}