{
  "arm": 31,
  "p": 0.113,
  "q": 0.732,
  "whittle": [
    -1.711258053779602,
    -1.706885576248169,
    -1.702367901802063,
    -1.6971958875656128,
    -1.6913508176803589,
    -1.6850391626358032,
    -1.6789361238479614,
    -1.672767996788025,
    -1.6694743633270264,
    -1.6662001609802246,
    -1.6629244089126587,
    -1.6599528789520264,
    -1.6567175388336182,
    -1.6526684761047363,
    -1.6486300230026245,
    -1.6446919441223145,
    -1.6404361724853516,
    -1.6356841325759888,
    -1.6310979127883911,
    -1.6268954277038574,
    -1.6216939687728882,
    -1.6162662506103516,
    -1.6096618175506592,
    -1.6039555072784424,
    -1.599404215812683,
    -1.5951353311538696,
    -1.5910841226577759,
    -1.588979959487915,
    -1.5901472568511963,
    -1.5908406972885132,
    -1.5903947353363037,
    -1.5877200365066528,
    -1.5860490798950195,
    -1.5854504108428955,
    -1.5849298238754272,
    -1.584490180015564,
    -1.5831272602081299,
    -1.5803308486938477,
    -1.5775229930877686,
    -1.5755976438522339,
    -1.5755774974822998,
    -1.5758273601531982,
    -1.5754921436309814,
    -1.5747997760772705,
    -1.5735442638397217,
    -1.5730162858963013,
    -1.5736247301101685,
    -1.57551908493042,
    -1.5769171714782715,
    -1.5778653621673584,
    -1.5784580707550049,
    -1.5800467729568481,
    -1.5825247764587402,
    -1.5854016542434692,
    -1.5884510278701782,
    -1.5915837287902832,
    -1.5948810577392578,
    -1.5981898307800293,
    -1.601806402206421,
    -1.6052576303482056,
    -1.60834801197052,
    -1.611034631729126,
    -1.613721489906311,
    -1.616387128829956,
    -1.6192378997802734,
    -1.6214922666549683,
    -1.6231873035430908,
    -1.6245756149291992,
    -1.6259193420410156,
    -1.6286492347717285,
    -1.6317633390426636,
    -1.6348772048950195,
    -1.637040376663208,
    -1.6391595602035522,
    -1.642073154449463,
    -1.6461700201034546,
    -1.6500908136367798,
    -1.6531816720962524,
    -1.6548926830291748,
    -1.656355381011963,
    -1.6574516296386719,
    -1.6585307121276855,
    -1.6595284938812256,
    -1.6606712341308594,
    -1.6618998050689697,
    -1.66353178024292,
    -1.665330171585083,
    -1.667128562927246,
    -1.6687990427017212,
    -1.6701570749282837,
    -1.6720614433288574,
    -1.6742033958435059,
    -1.676557183265686,
    -1.6799386739730835,
    -1.684182047843933,
    -1.6884251832962036,
    -1.6926681995391846,
    -1.6971015930175781,
    -1.7016772031784058,
    -1.7063287496566772
  ]
}