{
  "arm": 86,
  "p": 0.831,
  "q": 0.281,
  "whittle": [
    -2.4791994094848633,
    -2.476623058319092,
    -2.4733426570892334,
    -2.4698116779327393,
    -2.4657320976257324,
    -2.4617061614990234,
    -2.458094358444214,
    -2.454643487930298,
    -2.452194929122925,
    -2.4509055614471436,
    -2.449632406234741,
    -2.447981357574463,
    -2.4457569122314453,
    -2.4431331157684326,
    -2.4403958320617676,
    -2.437751293182373,
    -2.435231924057007,
    -2.43263840675354,
    -2.430044412612915,
    -2.427468776702881,
    -2.425175666809082,
    -2.422506093978882,
    -2.4218385219573975,
    -2.4225142002105713,
    -2.4236948490142822,
    -2.424225091934204,
    -2.4258320331573486,
    -2.4285175800323486,
    -2.4337375164031982,
    -2.4381890296936035,
    -2.4410746097564697,
    -2.443071126937866,
    -2.445312976837158,
    -2.447554588317871,
    -2.4497971534729004,
    -2.4500789642333984,
    -2.4486780166625977,
    -2.4470863342285156,
    -2.4449656009674072,
    -2.4429640769958496,
    -2.4420325756073,
    -2.4408578872680664,
    -2.439617395401001,
    -2.4387001991271973,
    -2.438553810119629,
    -2.4407706260681152,
    -2.4422972202301025,
    -2.4435980319976807,
    -2.4442739486694336,
    -2.443751335144043,
    -2.442509412765503,
    -2.441392660140991,
    -2.4412384033203125,
    -2.4429550170898438,
    -2.444819688796997,
    -2.4463601112365723,
    -2.4482717514038086,
    -2.450718402862549,
    -2.452082633972168,
    -2.45339298248291,
    -2.4543991088867188,
    -2.4551992416381836,
    -2.4556519985198975,
    -2.4564061164855957,
    -2.4573380947113037,
    -2.4579615592956543,
    -2.457697629928589,
    -2.456855058670044,
    -2.456130027770996,
    -2.4555325508117676,
    -2.4563374519348145,
    -2.456416368484497,
    -2.456064224243164,
    -2.455711841583252,
    -2.4553933143615723,
    -2.455171585083008,
    -2.4549498558044434,
    -2.4545094966888428,
    -2.454441785812378,
    -2.4539389610290527,
    -2.453077793121338,
    -2.4523086547851562,
    -2.4517812728881836,
    -2.45100736618042,
    -2.450061082839966,
    -2.4507594108581543,
    -2.451904058456421,
    -2.454061508178711,
    -2.4563562870025635,
    -2.45874285697937,
    -2.4611594676971436,
    -2.463405132293701,
    -2.465634346008301,
    -2.468388795852661,
    -2.472783088684082,
    -2.4771981239318848,
    -2.481588363647461,
    -2.4857404232025146,
    -2.4898922443389893,
    -2.494572877883911
  ]
}