{
  "arm": 58,
  "p": 0.787,
  "q": 0.742,
  "whittle": [
    -1.6253726482391357,
    -1.6215225458145142,
    -1.6171127557754517,
    -1.6118512153625488,
    -1.606303334236145,
    -1.6003490686416626,
    -1.594293236732483,
    -1.5893807411193848,
    -1.5860604047775269,
    -1.5827186107635498,
    -1.579375982284546,
    -1.5763282775878906,
    -1.5726022720336914,
    -1.5685603618621826,
    -1.5649492740631104,
    -1.5616987943649292,
    -1.5583570003509521,
    -1.5547748804092407,
    -1.5511924028396606,
    -1.5476062297821045,
    -1.5432828664779663,
    -1.5384198427200317,
    -1.532138466835022,
    -1.5273441076278687,
    -1.5229582786560059,
    -1.5203648805618286,
    -1.5193417072296143,
    -1.5189367532730103,
    -1.5204089879989624,
    -1.521695613861084,
    -1.522853970527649,
    -1.5221529006958008,
    -1.5204930305480957,
    -1.5198543071746826,
    -1.5191330909729004,
    -1.5182974338531494,
    -1.517221212387085,
    -1.5158977508544922,
    -1.5144157409667969,
    -1.5145879983901978,
    -1.5149033069610596,
    -1.5151408910751343,
    -1.5154685974121094,
    -1.5148413181304932,
    -1.5142539739608765,
    -1.5136758089065552,
    -1.512824535369873,
    -1.511388897895813,
    -1.5117381811141968,
    -1.5126721858978271,
    -1.51312255859375,
    -1.5136051177978516,
    -1.5145511627197266,
    -1.516433596611023,
    -1.5189467668533325,
    -1.5212668180465698,
    -1.5237020254135132,
    -1.5266932249069214,
    -1.5292375087738037,
    -1.531086802482605,
    -1.5326828956604004,
    -1.5343868732452393,
    -1.536377191543579,
    -1.5384411811828613,
    -1.5405092239379883,
    -1.5425636768341064,
    -1.5440315008163452,
    -1.5450809001922607,
    -1.5470956563949585,
    -1.5499879121780396,
    -1.5524606704711914,
    -1.5546823740005493,
    -1.555634617805481,
    -1.5565619468688965,
    -1.557565689086914,
    -1.5587248802185059,
    -1.560783863067627,
    -1.5618993043899536,
    -1.5628790855407715,
    -1.5641247034072876,
    -1.56503427028656,
    -1.5660648345947266,
    -1.567341685295105,
    -1.5682073831558228,
    -1.569059133529663,
    -1.5705033540725708,
    -1.5719937086105347,
    -1.573319911956787,
    -1.5748878717422485,
    -1.5769338607788086,
    -1.578883409500122,
    -1.5806983709335327,
    -1.582898497581482,
    -1.5855391025543213,
    -1.589705467224121,
    -1.593899130821228,
    -1.598099708557129,
    -1.6023006439208984,
    -1.6065014600753784,
    -1.6108037233352661
  ]
}