{
  "arm": 32,
  "p": 0.513,
  "q": 0.288,
  "whittle": [
    -1.4617542028427124,
    -1.4568942785263062,
    -1.4516535997390747,
    -1.446567177772522,
    -1.441166639328003,
    -1.4369534254074097,
    -1.4328557252883911,
    -1.4309977293014526,
    -1.4291106462478638,
    -1.4273604154586792,
    -1.4256802797317505,
    -1.423884391784668,
    -1.4213284254074097,
    -1.4187177419662476,
    -1.4160876274108887,
    -1.4136837720870972,
    -1.411321759223938,
    -1.4087046384811401,
    -1.4061475992202759,
    -1.403527855873108,
    -1.4014748334884644,
    -1.400090217590332,
    -1.3981553316116333,
    -1.3961482048034668,
    -1.3950955867767334,
    -1.396243691444397,
    -1.3993992805480957,
    -1.403185486793518,
    -1.4065179824829102,
    -1.4089664220809937,
    -1.4117965698242188,
    -1.4131873846054077,
    -1.4138970375061035,
    -1.414637804031372,
    -1.4161808490753174,
    -1.4209433794021606,
    -1.4252885580062866,
    -1.4295159578323364,
    -1.4333529472351074,
    -1.4352128505706787,
    -1.4370143413543701,
    -1.4385573863983154,
    -1.439490795135498,
    -1.4404289722442627,
    -1.4423747062683105,
    -1.4464406967163086,
    -1.4505707025527954,
    -1.4534368515014648,
    -1.4560819864273071,
    -1.4583028554916382,
    -1.4617061614990234,
    -1.4652185440063477,
    -1.4687848091125488,
    -1.4727786779403687,
    -1.4769160747528076,
    -1.4812111854553223,
    -1.4855185747146606,
    -1.4898966550827026,
    -1.4934566020965576,
    -1.4970587491989136,
    -1.5011541843414307,
    -1.504871129989624,
    -1.5086073875427246,
    -1.5138587951660156,
    -1.5190515518188477,
    -1.5238442420959473,
    -1.5282096862792969,
    -1.5324738025665283,
    -1.5367403030395508,
    -1.5411385297775269,
    -1.5453414916992188,
    -1.549558162689209,
    -1.5540052652359009,
    -1.5585418939590454,
    -1.5634965896606445,
    -1.5685423612594604,
    -1.5732163190841675,
    -1.5775362253189087,
    -1.581468105316162,
    -1.5851303339004517,
    -1.5882651805877686,
    -1.5912383794784546,
    -1.5933654308319092,
    -1.5949809551239014,
    -1.5966620445251465,
    -1.59929621219635,
    -1.602567195892334,
    -1.6060901880264282,
    -1.6092376708984375,
    -1.6126714944839478,
    -1.6161222457885742,
    -1.6194590330123901,
    -1.6227957010269165,
    -1.6270171403884888,
    -1.6319760084152222,
    -1.6371103525161743,
    -1.6423497200012207,
    -1.647202968597412,
    -1.651267647743225,
    -1.6554911136627197
  ]
}