{
  "arm": 46,
  "p": 0.863,
  "q": 0.702,
  "whittle": [
    -2.407013416290283,
    -2.404963731765747,
    -2.4020464420318604,
    -2.39910888671875,
    -2.3954973220825195,
    -2.391721248626709,
    -2.3882768154144287,
    -2.385087013244629,
    -2.383033037185669,
    -2.382059335708618,
    -2.3811416625976562,
    -2.380223274230957,
    -2.3786537647247314,
    -2.376667022705078,
    -2.374373197555542,
    -2.3721442222595215,
    -2.369922399520874,
    -2.3676578998565674,
    -2.3653931617736816,
    -2.3631362915039062,
    -2.359522581100464,
    -2.356525182723999,
    -2.3559632301330566,
    -2.356321334838867,
    -2.3569371700286865,
    -2.358339309692383,
    -2.35998272895813,
    -2.3636972904205322,
    -2.369046688079834,
    -2.374046564102173,
    -2.3784167766571045,
    -2.3814618587493896,
    -2.384133815765381,
    -2.386814594268799,
    -2.38908052444458,
    -2.389326333999634,
    -2.388446807861328,
    -2.3876373767852783,
    -2.3860514163970947,
    -2.386178731918335,
    -2.386669397354126,
    -2.386479377746582,
    -2.385798454284668,
    -2.3854782581329346,
    -2.3853495121002197,
    -2.3862099647521973,
    -2.3882651329040527,
    -2.3897294998168945,
    -2.3909354209899902,
    -2.391491651535034,
    -2.391043186187744,
    -2.3904941082000732,
    -2.3910601139068604,
    -2.3931708335876465,
    -2.395179271697998,
    -2.3976364135742188,
    -2.400418519973755,
    -2.403385639190674,
    -2.4058446884155273,
    -2.4077277183532715,
    -2.409803867340088,
    -2.4114654064178467,
    -2.4126317501068115,
    -2.413893699645996,
    -2.4151771068573,
    -2.4168245792388916,
    -2.418921709060669,
    -2.4206554889678955,
    -2.4226951599121094,
    -2.4263017177581787,
    -2.429825782775879,
    -2.432689905166626,
    -2.4337265491485596,
    -2.434473752975464,
    -2.4355854988098145,
    -2.436697006225586,
    -2.4376628398895264,
    -2.438181161880493,
    -2.438509225845337,
    -2.4386727809906006,
    -2.438358783721924,
    -2.4383888244628906,
    -2.438370704650879,
    -2.4385569095611572,
    -2.4387927055358887,
    -2.4402506351470947,
    -2.441758632659912,
    -2.443368434906006,
    -2.445812463760376,
    -2.4485788345336914,
    -2.4509775638580322,
    -2.453336000442505,
    -2.4558870792388916,
    -2.458570718765259,
    -2.463191032409668,
    -2.4679596424102783,
    -2.4727284908294678,
    -2.477497100830078,
    -2.4823179244995117,
    -2.4874818325042725
  ]
}