{
  "arm": 84,
  "p": 0.631,
  "q": 0.459,
  "whittle": [
    -1.9023396968841553,
    -1.898518443107605,
    -1.8939696550369263,
    -1.8888410329818726,
    -1.8836010694503784,
    -1.87783682346344,
    -1.8716859817504883,
    -1.8656505346298218,
    -1.859588384628296,
    -1.8563013076782227,
    -1.8533343076705933,
    -1.8504881858825684,
    -1.8476653099060059,
    -1.8437625169754028,
    -1.8398699760437012,
    -1.8361098766326904,
    -1.8323436975479126,
    -1.8284798860549927,
    -1.8246163129806519,
    -1.8206912279129028,
    -1.8157250881195068,
    -1.8097542524337769,
    -1.8030648231506348,
    -1.7974611520767212,
    -1.7925130128860474,
    -1.7879167795181274,
    -1.7838717699050903,
    -1.783138632774353,
    -1.783852219581604,
    -1.784666657447815,
    -1.7850983142852783,
    -1.7838470935821533,
    -1.7830339670181274,
    -1.7824875116348267,
    -1.7816556692123413,
    -1.7806252241134644,
    -1.7788045406341553,
    -1.7765209674835205,
    -1.7740195989608765,
    -1.772329568862915,
    -1.7725439071655273,
    -1.772352933883667,
    -1.7710210084915161,
    -1.7691580057144165,
    -1.7676568031311035,
    -1.76686692237854,
    -1.7659258842468262,
    -1.764542818069458,
    -1.7657496929168701,
    -1.7667498588562012,
    -1.7673296928405762,
    -1.7678067684173584,
    -1.7685374021530151,
    -1.7699357271194458,
    -1.7719473838806152,
    -1.7747093439102173,
    -1.7780005931854248,
    -1.781393051147461,
    -1.7840803861618042,
    -1.7866556644439697,
    -1.7896591424942017,
    -1.7931249141693115,
    -1.7965376377105713,
    -1.7999179363250732,
    -1.803344488143921,
    -1.8067156076431274,
    -1.8089885711669922,
    -1.8110650777816772,
    -1.812839150428772,
    -1.816314697265625,
    -1.8196293115615845,
    -1.8226131200790405,
    -1.8249469995498657,
    -1.8274493217468262,
    -1.8299251794815063,
    -1.8323752880096436,
    -1.8348257541656494,
    -1.8360897302627563,
    -1.837051272392273,
    -1.8389872312545776,
    -1.840641975402832,
    -1.8422483205795288,
    -1.843775749206543,
    -1.8448675870895386,
    -1.8457720279693604,
    -1.8477147817611694,
    -1.8497780561447144,
    -1.8518415689468384,
    -1.8537510633468628,
    -1.8555982112884521,
    -1.8573561906814575,
    -1.8592652082443237,
    -1.861975908279419,
    -1.8652876615524292,
    -1.8698885440826416,
    -1.874645709991455,
    -1.8796128034591675,
    -1.8845961093902588,
    -1.88957941532135,
    -1.8946678638458252
  ]
}