{
  "arm": 29,
  "p": 0.475,
  "q": 0.199,
  "whittle": [
    -2.839564800262451,
    -2.840233564376831,
    -2.8406171798706055,
    -2.841015577316284,
    -2.841712713241577,
    -2.8424758911132812,
    -2.8427469730377197,
    -2.8433520793914795,
    -2.8457040786743164,
    -2.8475213050842285,
    -2.848330497741699,
    -2.8487749099731445,
    -2.851290702819824,
    -2.8537726402282715,
    -2.8562989234924316,
    -2.8601367473602295,
    -2.864255666732788,
    -2.8683807849884033,
    -2.872478485107422,
    -2.8779499530792236,
    -2.8849282264709473,
    -2.8908040523529053,
    -2.8972465991973877,
    -2.904308795928955,
    -2.9127814769744873,
    -2.922243118286133,
    -2.931593418121338,
    -2.940729856491089,
    -2.948796033859253,
    -2.9564006328582764,
    -2.963139772415161,
    -2.9681761264801025,
    -2.9732236862182617,
    -2.97843599319458,
    -2.982271194458008,
    -2.9853973388671875,
    -2.9896047115325928,
    -2.995549201965332,
    -3.0013039112091064,
    -3.0069580078125,
    -3.01259708404541,
    -3.017220973968506,
    -3.022080659866333,
    -3.027207374572754,
    -3.033005952835083,
    -3.0394880771636963,
    -3.044959783554077,
    -3.049888849258423,
    -3.0541653633117676,
    -3.057485818862915,
    -3.0607104301452637,
    -3.065361976623535,
    -3.070359945297241,
    -3.075589895248413,
    -3.081343173980713,
    -3.08709454536438,
    -3.0930256843566895,
    -3.0989749431610107,
    -3.10278058052063,
    -3.1060593128204346,
    -3.110050678253174,
    -3.1137683391571045,
    -3.117799758911133,
    -3.123110294342041,
    -3.1296935081481934,
    -3.1371729373931885,
    -3.143754005432129,
    -3.150019645690918,
    -3.1564340591430664,
    -3.1634671688079834,
    -3.170548677444458,
    -3.1768667697906494,
    -3.182677745819092,
    -3.188488006591797,
    -3.194296360015869,
    -3.1998348236083984,
    -3.2033941745758057,
    -3.2066845893859863,
    -3.2095954418182373,
    -3.211907148361206,
    -3.2138631343841553,
    -3.2157864570617676,
    -3.2177064418792725,
    -3.2191309928894043,
    -3.220630407333374,
    -3.2237281799316406,
    -3.2274537086486816,
    -3.2311902046203613,
    -3.2351486682891846,
    -3.2392473220825195,
    -3.2430734634399414,
    -3.246807098388672,
    -3.250620126724243,
    -3.2565081119537354,
    -3.2639732360839844,
    -3.271467924118042,
    -3.279047966003418,
    -3.2857892513275146,
    -3.2925307750701904,
    -3.299542188644409
  ]
}