{
  "arm": 82,
  "p": 0.731,
  "q": 0.637,
  "whittle": [
    -1.9626456499099731,
    -1.9585716724395752,
    -1.953792929649353,
    -1.9488341808319092,
    -1.943863868713379,
    -1.9385510683059692,
    -1.9331178665161133,
    -1.9287372827529907,
    -1.925274133682251,
    -1.922751784324646,
    -1.920594573020935,
    -1.9184558391571045,
    -1.9152255058288574,
    -1.911891222000122,
    -1.9085190296173096,
    -1.9051215648651123,
    -1.9017549753189087,
    -1.898388385772705,
    -1.8950345516204834,
    -1.8917136192321777,
    -1.8876867294311523,
    -1.8835101127624512,
    -1.8796031475067139,
    -1.875258445739746,
    -1.8718624114990234,
    -1.8720757961273193,
    -1.8742073774337769,
    -1.8771839141845703,
    -1.8799999952316284,
    -1.8818597793579102,
    -1.8833105564117432,
    -1.8849437236785889,
    -1.8859202861785889,
    -1.885822057723999,
    -1.8861474990844727,
    -1.8859717845916748,
    -1.8844434022903442,
    -1.8830369710922241,
    -1.881200909614563,
    -1.8811062574386597,
    -1.881348729133606,
    -1.881521224975586,
    -1.881919264793396,
    -1.8821191787719727,
    -1.8808917999267578,
    -1.8804888725280762,
    -1.880851149559021,
    -1.8826346397399902,
    -1.883172631263733,
    -1.8832353353500366,
    -1.8840655088424683,
    -1.8850284814834595,
    -1.8863730430603027,
    -1.8885964155197144,
    -1.8910021781921387,
    -1.8933980464935303,
    -1.8962751626968384,
    -1.8999935388565063,
    -1.903111219406128,
    -1.9056124687194824,
    -1.9075170755386353,
    -1.909188985824585,
    -1.910870909690857,
    -1.913127064704895,
    -1.9159084558486938,
    -1.9188780784606934,
    -1.921144962310791,
    -1.922926902770996,
    -1.926386833190918,
    -1.9300693273544312,
    -1.9336458444595337,
    -1.9370445013046265,
    -1.9397445917129517,
    -1.9424880743026733,
    -1.944047212600708,
    -1.9445120096206665,
    -1.945233702659607,
    -1.9457999467849731,
    -1.9465019702911377,
    -1.9484366178512573,
    -1.9501368999481201,
    -1.9517256021499634,
    -1.9532976150512695,
    -1.9546794891357422,
    -1.9559853076934814,
    -1.9581801891326904,
    -1.9604495763778687,
    -1.962766408920288,
    -1.965109944343567,
    -1.9673306941986084,
    -1.9694966077804565,
    -1.9715242385864258,
    -1.9740374088287354,
    -1.9776885509490967,
    -1.983183741569519,
    -1.9886829853057861,
    -1.9942126274108887,
    -1.9995964765548706,
    -2.004939556121826,
    -2.010403871536255
  ]
}