{
  "arm": 51,
  "p": 0.238,
  "q": 0.614,
  "whittle": [
    -2.2632861137390137,
    -2.2615036964416504,
    -2.2586746215820312,
    -2.255192756652832,
    -2.2516565322875977,
    -2.2473785877227783,
    -2.2433090209960938,
    -2.2402477264404297,
    -2.23942232131958,
    -2.238891839981079,
    -2.238356113433838,
    -2.237208843231201,
    -2.235462188720703,
    -2.233633518218994,
    -2.231632709503174,
    -2.2297072410583496,
    -2.2280898094177246,
    -2.2264254093170166,
    -2.2249319553375244,
    -2.2250680923461914,
    -2.226992130279541,
    -2.229888439178467,
    -2.2314398288726807,
    -2.233083724975586,
    -2.234619617462158,
    -2.2372043132781982,
    -2.2412407398223877,
    -2.246159315109253,
    -2.2510528564453125,
    -2.2565181255340576,
    -2.2609500885009766,
    -2.2639787197113037,
    -2.265770435333252,
    -2.267305850982666,
    -2.268824815750122,
    -2.2699451446533203,
    -2.269834518432617,
    -2.269232988357544,
    -2.270231246948242,
    -2.2718608379364014,
    -2.275556802749634,
    -2.279362201690674,
    -2.2835116386413574,
    -2.286271810531616,
    -2.288545608520508,
    -2.2925872802734375,
    -2.2967300415039062,
    -2.3012359142303467,
    -2.305508852005005,
    -2.309345245361328,
    -2.312716007232666,
    -2.3159611225128174,
    -2.319498300552368,
    -2.3246560096740723,
    -2.3298587799072266,
    -2.33505916595459,
    -2.3404572010040283,
    -2.345935106277466,
    -2.350001335144043,
    -2.3538732528686523,
    -2.35906982421875,
    -2.363783359527588,
    -2.368350028991699,
    -2.3743093013763428,
    -2.380707025527954,
    -2.3867292404174805,
    -2.3922231197357178,
    -2.3976964950561523,
    -2.4030814170837402,
    -2.4086055755615234,
    -2.4141011238098145,
    -2.4195172786712646,
    -2.4237098693847656,
    -2.4279372692108154,
    -2.4322664737701416,
    -2.4364776611328125,
    -2.439478635787964,
    -2.4415273666381836,
    -2.443537712097168,
    -2.4457972049713135,
    -2.448714017868042,
    -2.451575517654419,
    -2.4543955326080322,
    -2.4571027755737305,
    -2.4595417976379395,
    -2.4632105827331543,
    -2.466864824295044,
    -2.470412015914917,
    -2.473935604095459,
    -2.4772682189941406,
    -2.4803030490875244,
    -2.4831457138061523,
    -2.485994577407837,
    -2.489567756652832,
    -2.4946088790893555,
    -2.4997189044952393,
    -2.504974842071533,
    -2.509594678878784,
    -2.5144660472869873,
    -2.519698143005371
  ]
}