{
  "arm": 19,
  "p": 0.225,
  "q": 0.693,
  "whittle": [
    -2.137610912322998,
    -2.1334073543548584,
    -2.1296615600585938,
    -2.1254327297210693,
    -2.120962142944336,
    -2.1159098148345947,
    -2.112069606781006,
    -2.108625650405884,
    -2.106574535369873,
    -2.1048474311828613,
    -2.1032445430755615,
    -2.1016857624053955,
    -2.099154472351074,
    -2.096362829208374,
    -2.0933239459991455,
    -2.0902292728424072,
    -2.087339162826538,
    -2.084465265274048,
    -2.0815913677215576,
    -2.078481912612915,
    -2.074873208999634,
    -2.071889877319336,
    -2.069420576095581,
    -2.0697970390319824,
    -2.07027268409729,
    -2.070878028869629,
    -2.0719542503356934,
    -2.074917793273926,
    -2.077570915222168,
    -2.080265522003174,
    -2.0826313495635986,
    -2.084628105163574,
    -2.086172580718994,
    -2.0866787433624268,
    -2.0874111652374268,
    -2.0882208347320557,
    -2.087564468383789,
    -2.0858957767486572,
    -2.085954189300537,
    -2.086075782775879,
    -2.0865085124969482,
    -2.086946964263916,
    -2.08701753616333,
    -2.0869829654693604,
    -2.0861597061157227,
    -2.0873143672943115,
    -2.0895326137542725,
    -2.091034173965454,
    -2.091792583465576,
    -2.091888904571533,
    -2.092761993408203,
    -2.0938611030578613,
    -2.095726490020752,
    -2.0982937812805176,
    -2.100893497467041,
    -2.103407859802246,
    -2.1060597896575928,
    -2.1087684631347656,
    -2.1106903553009033,
    -2.1137449741363525,
    -2.116358518600464,
    -2.1187548637390137,
    -2.120901584625244,
    -2.122999429702759,
    -2.125340461730957,
    -2.127408981323242,
    -2.128995656967163,
    -2.1303062438964844,
    -2.1324315071105957,
    -2.1362082958221436,
    -2.139941930770874,
    -2.1421408653259277,
    -2.142542600631714,
    -2.143017530441284,
    -2.143493175506592,
    -2.1442277431488037,
    -2.145040988922119,
    -2.145663261413574,
    -2.146233558654785,
    -2.1466469764709473,
    -2.1464085578918457,
    -2.1471056938171387,
    -2.14864182472229,
    -2.150116205215454,
    -2.151463508605957,
    -2.1536977291107178,
    -2.156090259552002,
    -2.1584479808807373,
    -2.1608073711395264,
    -2.163081645965576,
    -2.1652209758758545,
    -2.1673834323883057,
    -2.1696934700012207,
    -2.172823429107666,
    -2.177220344543457,
    -2.181640148162842,
    -2.1863293647766113,
    -2.192110776901245,
    -2.197892427444458,
    -2.2037901878356934
  ]
}