{
  "arm": 7,
  "p": 0.15,
  "q": 0.811,
  "whittle": [
    -1.99665367603302,
    -1.9926912784576416,
    -1.9884430170059204,
    -1.9838860034942627,
    -1.9794018268585205,
    -1.97412109375,
    -1.9686858654022217,
    -1.9629427194595337,
    -1.959933876991272,
    -1.9567170143127441,
    -1.953507423400879,
    -1.9502977132797241,
    -1.9473789930343628,
    -1.9444142580032349,
    -1.9404635429382324,
    -1.9364994764328003,
    -1.9325144290924072,
    -1.9284945726394653,
    -1.9244749546051025,
    -1.9206079244613647,
    -1.9162203073501587,
    -1.9118355512619019,
    -1.9063166379928589,
    -1.8997300863265991,
    -1.8948969841003418,
    -1.8903944492340088,
    -1.885827898979187,
    -1.8814278841018677,
    -1.8790814876556396,
    -1.8785152435302734,
    -1.876792311668396,
    -1.8742835521697998,
    -1.8717669248580933,
    -1.86891770362854,
    -1.8666155338287354,
    -1.8649742603302002,
    -1.8618278503417969,
    -1.8579131364822388,
    -1.8540047407150269,
    -1.8510456085205078,
    -1.8475041389465332,
    -1.8438541889190674,
    -1.8401567935943604,
    -1.8370710611343384,
    -1.8347954750061035,
    -1.8331550359725952,
    -1.8312402963638306,
    -1.8281989097595215,
    -1.8251506090164185,
    -1.8223185539245605,
    -1.8204103708267212,
    -1.8189164400100708,
    -1.8189988136291504,
    -1.8197858333587646,
    -1.8205937147140503,
    -1.8213969469070435,
    -1.8222745656967163,
    -1.8231574296951294,
    -1.8237286806106567,
    -1.825339674949646,
    -1.8273024559020996,
    -1.8292659521102905,
    -1.8312050104141235,
    -1.8326847553253174,
    -1.8343502283096313,
    -1.8356202840805054,
    -1.836251974105835,
    -1.836766004562378,
    -1.8374818563461304,
    -1.8378270864486694,
    -1.8368873596191406,
    -1.8353229761123657,
    -1.8326314687728882,
    -1.829969882965088,
    -1.8288028240203857,
    -1.8276358842849731,
    -1.8265845775604248,
    -1.8255000114440918,
    -1.8244435787200928,
    -1.8233479261398315,
    -1.8219332695007324,
    -1.8204915523529053,
    -1.8192858695983887,
    -1.8193312883377075,
    -1.8195855617523193,
    -1.820490837097168,
    -1.8214341402053833,
    -1.8223854303359985,
    -1.8233262300491333,
    -1.8241102695465088,
    -1.8248211145401,
    -1.8255596160888672,
    -1.8266026973724365,
    -1.8283605575561523,
    -1.831039309501648,
    -1.8337968587875366,
    -1.8373976945877075,
    -1.8411085605621338,
    -1.8451076745986938,
    -1.84919011592865
  ]
}