{
  "arm": 40,
  "p": 0.562,
  "q": 0.762,
  "whittle": [
    -2.500856876373291,
    -2.4994966983795166,
    -2.497667074203491,
    -2.494913101196289,
    -2.4913594722747803,
    -2.4872281551361084,
    -2.4829468727111816,
    -2.4805057048797607,
    -2.47904896736145,
    -2.478424072265625,
    -2.4778213500976562,
    -2.4772369861602783,
    -2.4758377075195312,
    -2.474107503890991,
    -2.472013473510742,
    -2.4700381755828857,
    -2.468256711959839,
    -2.466524362564087,
    -2.4646387100219727,
    -2.4639599323272705,
    -2.4636011123657227,
    -2.4628100395202637,
    -2.461881160736084,
    -2.461621046066284,
    -2.4616646766662598,
    -2.463768243789673,
    -2.4662256240844727,
    -2.471447467803955,
    -2.477020740509033,
    -2.4816534519195557,
    -2.486337423324585,
    -2.4895806312561035,
    -2.492370843887329,
    -2.4951839447021484,
    -2.497182846069336,
    -2.4987828731536865,
    -2.498459815979004,
    -2.498095989227295,
    -2.4985642433166504,
    -2.499462366104126,
    -2.500779151916504,
    -2.5042057037353516,
    -2.5069692134857178,
    -2.509765863418579,
    -2.5125629901885986,
    -2.5154101848602295,
    -2.5186142921447754,
    -2.5215003490448,
    -2.524061918258667,
    -2.5262022018432617,
    -2.5283420085906982,
    -2.5303993225097656,
    -2.5329816341400146,
    -2.5361368656158447,
    -2.5390286445617676,
    -2.5425617694854736,
    -2.546161651611328,
    -2.549886703491211,
    -2.5528411865234375,
    -2.5544228553771973,
    -2.5560500621795654,
    -2.55818247795105,
    -2.560955762863159,
    -2.5640366077423096,
    -2.5674493312835693,
    -2.572610855102539,
    -2.577118158340454,
    -2.5811874866485596,
    -2.585387706756592,
    -2.5888471603393555,
    -2.5918939113616943,
    -2.594644784927368,
    -2.5959653854370117,
    -2.597285747528076,
    -2.598717451095581,
    -2.600133180618286,
    -2.6015491485595703,
    -2.6024837493896484,
    -2.603309154510498,
    -2.603868246078491,
    -2.603926658630371,
    -2.6039371490478516,
    -2.6046886444091797,
    -2.605807065963745,
    -2.6068062782287598,
    -2.6099486351013184,
    -2.613409996032715,
    -2.6168713569641113,
    -2.620338201522827,
    -2.623401403427124,
    -2.626312017440796,
    -2.6289970874786377,
    -2.6318116188049316,
    -2.6347620487213135,
    -2.639767646789551,
    -2.6449873447418213,
    -2.6502327919006348,
    -2.65547776222229,
    -2.6607229709625244,
    -2.665820837020874
  ]
}