{
  "arm": 24,
  "p": 0.575,
  "q": 0.604,
  "whittle": [
    -1.7413350343704224,
    -1.7364500761032104,
    -1.7314218282699585,
    -1.7263667583465576,
    -1.7212072610855103,
    -1.715563178062439,
    -1.7094128131866455,
    -1.7042553424835205,
    -1.7001582384109497,
    -1.6965012550354004,
    -1.6928566694259644,
    -1.6891984939575195,
    -1.6860253810882568,
    -1.6828886270523071,
    -1.6784619092941284,
    -1.6742321252822876,
    -1.6701024770736694,
    -1.6656678915023804,
    -1.6606197357177734,
    -1.6554970741271973,
    -1.6498650312423706,
    -1.6438946723937988,
    -1.63703453540802,
    -1.6301349401474,
    -1.6232355833053589,
    -1.6180424690246582,
    -1.6130695343017578,
    -1.6085104942321777,
    -1.6045256853103638,
    -1.6014827489852905,
    -1.5972626209259033,
    -1.591745138168335,
    -1.587450385093689,
    -1.5834375619888306,
    -1.5796650648117065,
    -1.5771808624267578,
    -1.5753161907196045,
    -1.572300672531128,
    -1.56815505027771,
    -1.5642657279968262,
    -1.5609513521194458,
    -1.5583806037902832,
    -1.5560050010681152,
    -1.553510069847107,
    -1.5506951808929443,
    -1.549629807472229,
    -1.5485646724700928,
    -1.5470147132873535,
    -1.544189691543579,
    -1.5424095392227173,
    -1.5425008535385132,
    -1.542664647102356,
    -1.5432360172271729,
    -1.544238805770874,
    -1.5465295314788818,
    -1.5490041971206665,
    -1.5515509843826294,
    -1.5541690587997437,
    -1.556246042251587,
    -1.5589174032211304,
    -1.5622189044952393,
    -1.5653947591781616,
    -1.5677664279937744,
    -1.5698728561401367,
    -1.5720198154449463,
    -1.5742672681808472,
    -1.5759681463241577,
    -1.577583909034729,
    -1.5786595344543457,
    -1.5796635150909424,
    -1.5806218385696411,
    -1.5813971757888794,
    -1.581406831741333,
    -1.5828466415405273,
    -1.584511637687683,
    -1.5866931676864624,
    -1.5893473625183105,
    -1.5927176475524902,
    -1.5948501825332642,
    -1.5962125062942505,
    -1.5972740650177002,
    -1.598191738128662,
    -1.5991010665893555,
    -1.5999064445495605,
    -1.6004725694656372,
    -1.6016837358474731,
    -1.6029996871948242,
    -1.6043158769607544,
    -1.6053751707077026,
    -1.606340765953064,
    -1.6079802513122559,
    -1.6097089052200317,
    -1.611437439918518,
    -1.6137272119522095,
    -1.6175217628479004,
    -1.6213881969451904,
    -1.6254825592041016,
    -1.6295769214630127,
    -1.6336710453033447,
    -1.6378533840179443
  ]
}