{
  "arm": 18,
  "p": 0.725,
  "q": 0.426,
  "whittle": [
    -1.8077987432479858,
    -1.8036046028137207,
    -1.7989380359649658,
    -1.7939108610153198,
    -1.7893332242965698,
    -1.784021019935608,
    -1.777673602104187,
    -1.7715052366256714,
    -1.7659515142440796,
    -1.762174367904663,
    -1.7587419748306274,
    -1.755348801612854,
    -1.7520079612731934,
    -1.7478899955749512,
    -1.7437971830368042,
    -1.739855408668518,
    -1.7361174821853638,
    -1.7323814630508423,
    -1.728659749031067,
    -1.7248409986495972,
    -1.7204806804656982,
    -1.7151741981506348,
    -1.708322525024414,
    -1.702641487121582,
    -1.697884440422058,
    -1.6935383081436157,
    -1.6896127462387085,
    -1.6872137784957886,
    -1.6878783702850342,
    -1.688374638557434,
    -1.6879366636276245,
    -1.6871875524520874,
    -1.6872305870056152,
    -1.686693787574768,
    -1.6857047080993652,
    -1.6848036050796509,
    -1.6831231117248535,
    -1.6806076765060425,
    -1.6777340173721313,
    -1.6752476692199707,
    -1.6727229356765747,
    -1.6708842515945435,
    -1.6698802709579468,
    -1.6688112020492554,
    -1.6679418087005615,
    -1.666715145111084,
    -1.665490984916687,
    -1.6638245582580566,
    -1.6608422994613647,
    -1.65737783908844,
    -1.6550425291061401,
    -1.6551578044891357,
    -1.6555839776992798,
    -1.6564304828643799,
    -1.657374382019043,
    -1.658180832862854,
    -1.6596077680587769,
    -1.6618915796279907,
    -1.6639177799224854,
    -1.6658730506896973,
    -1.6681628227233887,
    -1.669996738433838,
    -1.6717679500579834,
    -1.6733620166778564,
    -1.6750174760818481,
    -1.676687479019165,
    -1.6781682968139648,
    -1.6795042753219604,
    -1.6807851791381836,
    -1.6819062232971191,
    -1.6837891340255737,
    -1.685408592224121,
    -1.6861989498138428,
    -1.686989426612854,
    -1.6866450309753418,
    -1.6860147714614868,
    -1.6858375072479248,
    -1.6857446432113647,
    -1.685685634613037,
    -1.6866644620895386,
    -1.6877562999725342,
    -1.6887941360473633,
    -1.6897497177124023,
    -1.69040846824646,
    -1.6908665895462036,
    -1.6921651363372803,
    -1.6935659646987915,
    -1.694966197013855,
    -1.696162462234497,
    -1.6971473693847656,
    -1.6981433629989624,
    -1.6990150213241577,
    -1.700425386428833,
    -1.703050136566162,
    -1.707055926322937,
    -1.7112802267074585,
    -1.7155046463012695,
    -1.7197290658950806,
    -1.7239536046981812,
    -1.7282785177230835
  ]
}