{
  "arm": 10,
  "p": 0.75,
  "q": 0.663,
  "whittle": [
    -1.9064140319824219,
    -1.9022798538208008,
    -1.8976796865463257,
    -1.8927713632583618,
    -1.8880832195281982,
    -1.8826484680175781,
    -1.8775776624679565,
    -1.8730864524841309,
    -1.869909405708313,
    -1.8671759366989136,
    -1.8647797107696533,
    -1.8623360395431519,
    -1.8600635528564453,
    -1.8575551509857178,
    -1.853982925415039,
    -1.8506335020065308,
    -1.8470580577850342,
    -1.8434826135635376,
    -1.839906930923462,
    -1.8363145589828491,
    -1.8314638137817383,
    -1.8256360292434692,
    -1.8192802667617798,
    -1.8140629529953003,
    -1.8097727298736572,
    -1.8058456182479858,
    -1.8031494617462158,
    -1.8021796941757202,
    -1.803503394126892,
    -1.8045933246612549,
    -1.804823398590088,
    -1.8022880554199219,
    -1.80130934715271,
    -1.8009370565414429,
    -1.8004530668258667,
    -1.7994437217712402,
    -1.7985126972198486,
    -1.7971220016479492,
    -1.7947981357574463,
    -1.7935588359832764,
    -1.793934941291809,
    -1.794535756111145,
    -1.7949942350387573,
    -1.793325424194336,
    -1.7918591499328613,
    -1.791246771812439,
    -1.79167902469635,
    -1.793473243713379,
    -1.7942854166030884,
    -1.7955257892608643,
    -1.796261191368103,
    -1.79693603515625,
    -1.7983663082122803,
    -1.800815224647522,
    -1.804150104522705,
    -1.807517647743225,
    -1.8109323978424072,
    -1.8144713640213013,
    -1.81748628616333,
    -1.8201667070388794,
    -1.8231199979782104,
    -1.8262580633163452,
    -1.8296841382980347,
    -1.832610845565796,
    -1.8355369567871094,
    -1.8384708166122437,
    -1.8407268524169922,
    -1.8427433967590332,
    -1.8461328744888306,
    -1.8496267795562744,
    -1.8530232906341553,
    -1.8565022945404053,
    -1.859044075012207,
    -1.8613590002059937,
    -1.8630471229553223,
    -1.8640543222427368,
    -1.8642045259475708,
    -1.865620732307434,
    -1.8677170276641846,
    -1.8697450160980225,
    -1.8714109659194946,
    -1.8728315830230713,
    -1.8741278648376465,
    -1.8752868175506592,
    -1.8764278888702393,
    -1.8784539699554443,
    -1.8805508613586426,
    -1.8825290203094482,
    -1.8844237327575684,
    -1.8863986730575562,
    -1.8883470296859741,
    -1.8901443481445312,
    -1.8919199705123901,
    -1.894630789756775,
    -1.8989619016647339,
    -1.9038769006729126,
    -1.9088948965072632,
    -1.913945198059082,
    -1.9189958572387695,
    -1.9241621494293213
  ]
}