{
  "arm": 50,
  "p": 0.738,
  "q": 0.347,
  "whittle": [
    -2.861882209777832,
    -2.8608057498931885,
    -2.8592584133148193,
    -2.8565311431884766,
    -2.853736400604248,
    -2.8514859676361084,
    -2.8488566875457764,
    -2.8463335037231445,
    -2.8446848392486572,
    -2.8440237045288086,
    -2.843362331390381,
    -2.8427183628082275,
    -2.842362880706787,
    -2.8403971195220947,
    -2.8381810188293457,
    -2.835996627807617,
    -2.8340752124786377,
    -2.8321533203125,
    -2.8302836418151855,
    -2.8283023834228516,
    -2.827932119369507,
    -2.826207160949707,
    -2.8241395950317383,
    -2.8220057487487793,
    -2.820667028427124,
    -2.8190829753875732,
    -2.81728458404541,
    -2.8163394927978516,
    -2.8159573078155518,
    -2.8173322677612305,
    -2.819448471069336,
    -2.820826292037964,
    -2.8223061561584473,
    -2.8230178356170654,
    -2.8234832286834717,
    -2.8229353427886963,
    -2.8214399814605713,
    -2.8192572593688965,
    -2.816479206085205,
    -2.8140039443969727,
    -2.8115713596343994,
    -2.809086561203003,
    -2.8066627979278564,
    -2.807025909423828,
    -2.8093373775482178,
    -2.812594175338745,
    -2.81573486328125,
    -2.8177859783172607,
    -2.8191657066345215,
    -2.82000732421875,
    -2.8201205730438232,
    -2.8194518089294434,
    -2.8192930221557617,
    -2.8201422691345215,
    -2.8211097717285156,
    -2.8225486278533936,
    -2.8248090744018555,
    -2.8272945880889893,
    -2.82900071144104,
    -2.8309192657470703,
    -2.8332884311676025,
    -2.835860252380371,
    -2.8382160663604736,
    -2.8403117656707764,
    -2.842285633087158,
    -2.844747543334961,
    -2.846900701522827,
    -2.849863290786743,
    -2.8529281616210938,
    -2.8558144569396973,
    -2.857499361038208,
    -2.858163833618164,
    -2.859354257583618,
    -2.86069393157959,
    -2.8621201515197754,
    -2.8638577461242676,
    -2.864863872528076,
    -2.865309715270996,
    -2.865577459335327,
    -2.8654425144195557,
    -2.8649191856384277,
    -2.864436626434326,
    -2.8643171787261963,
    -2.8642497062683105,
    -2.8639438152313232,
    -2.865558385848999,
    -2.867173910140991,
    -2.8686270713806152,
    -2.8700811862945557,
    -2.871535301208496,
    -2.872941017150879,
    -2.8742754459381104,
    -2.8757426738739014,
    -2.877894878387451,
    -2.8820457458496094,
    -2.8864634037017822,
    -2.8916175365448,
    -2.8968615531921387,
    -2.9021050930023193,
    -2.9076483249664307
  ]
}