{
  "arm": 57,
  "p": 0.388,
  "q": 0.475,
  "whittle": [
    -1.5563677549362183,
    -1.552127480506897,
    -1.547869324684143,
    -1.5433298349380493,
    -1.5384541749954224,
    -1.5340673923492432,
    -1.5294713973999023,
    -1.526862621307373,
    -1.5240007638931274,
    -1.5210806131362915,
    -1.5181057453155518,
    -1.5153647661209106,
    -1.513000249862671,
    -1.5109895467758179,
    -1.5082403421401978,
    -1.5054265260696411,
    -1.5026578903198242,
    -1.4995136260986328,
    -1.4962856769561768,
    -1.4930909872055054,
    -1.4896577596664429,
    -1.4848188161849976,
    -1.4790093898773193,
    -1.4738675355911255,
    -1.4698657989501953,
    -1.4663103818893433,
    -1.4630236625671387,
    -1.4605318307876587,
    -1.4587520360946655,
    -1.456832766532898,
    -1.453310251235962,
    -1.4503649473190308,
    -1.447761058807373,
    -1.4449360370635986,
    -1.4431712627410889,
    -1.442995548248291,
    -1.4425547122955322,
    -1.4416091442108154,
    -1.4394137859344482,
    -1.4371826648712158,
    -1.4373761415481567,
    -1.4382308721542358,
    -1.4378334283828735,
    -1.4377937316894531,
    -1.4369498491287231,
    -1.4367551803588867,
    -1.4365603923797607,
    -1.4360040426254272,
    -1.4353833198547363,
    -1.435395359992981,
    -1.4363963603973389,
    -1.4389365911483765,
    -1.4419615268707275,
    -1.445462942123413,
    -1.4488581418991089,
    -1.4524574279785156,
    -1.456159234046936,
    -1.460089087486267,
    -1.4641211032867432,
    -1.4681800603866577,
    -1.4726033210754395,
    -1.4770264625549316,
    -1.4809491634368896,
    -1.4845542907714844,
    -1.4882169961929321,
    -1.4918386936187744,
    -1.4950027465820312,
    -1.49808931350708,
    -1.5003691911697388,
    -1.503111720085144,
    -1.5065315961837769,
    -1.5098015069961548,
    -1.5122132301330566,
    -1.5147024393081665,
    -1.5183016061782837,
    -1.5226792097091675,
    -1.5273078680038452,
    -1.5318862199783325,
    -1.5352041721343994,
    -1.538643717765808,
    -1.541762351989746,
    -1.5447081327438354,
    -1.5472614765167236,
    -1.548778772354126,
    -1.550051212310791,
    -1.552048683166504,
    -1.554000735282898,
    -1.5564297437667847,
    -1.5591950416564941,
    -1.5617976188659668,
    -1.56428861618042,
    -1.5666557550430298,
    -1.5690340995788574,
    -1.5724191665649414,
    -1.5769275426864624,
    -1.5816256999969482,
    -1.5863237380981445,
    -1.5910221338272095,
    -1.5957201719284058,
    -1.6004984378814697
  ]
}