{
  "arm": 3,
  "p": 0.2,
  "q": 0.456,
  "whittle": [
    -1.9286417961120605,
    -1.9242937564849854,
    -1.919929027557373,
    -1.9156728982925415,
    -1.9111673831939697,
    -1.9058501720428467,
    -1.8997516632080078,
    -1.893699288368225,
    -1.8895633220672607,
    -1.8862086534500122,
    -1.8828319311141968,
    -1.8795156478881836,
    -1.8767491579055786,
    -1.872925043106079,
    -1.8688257932662964,
    -1.8647172451019287,
    -1.86053466796875,
    -1.8564058542251587,
    -1.8520663976669312,
    -1.8472784757614136,
    -1.841111421585083,
    -1.8343470096588135,
    -1.8269025087356567,
    -1.8200010061264038,
    -1.8149305582046509,
    -1.8103808164596558,
    -1.805838704109192,
    -1.8016197681427002,
    -1.8000596761703491,
    -1.799133062362671,
    -1.7976267337799072,
    -1.7965481281280518,
    -1.7952860593795776,
    -1.7942885160446167,
    -1.7932974100112915,
    -1.7921468019485474,
    -1.7888482809066772,
    -1.7849149703979492,
    -1.7810208797454834,
    -1.7772648334503174,
    -1.7740131616592407,
    -1.7712379693984985,
    -1.7682600021362305,
    -1.7655173540115356,
    -1.763277530670166,
    -1.7619715929031372,
    -1.7605018615722656,
    -1.7578765153884888,
    -1.754912257194519,
    -1.75444757938385,
    -1.754135251045227,
    -1.7539626359939575,
    -1.7542906999588013,
    -1.7552751302719116,
    -1.757638931274414,
    -1.7602217197418213,
    -1.762964129447937,
    -1.7657257318496704,
    -1.7676860094070435,
    -1.7698633670806885,
    -1.7722976207733154,
    -1.7743747234344482,
    -1.776174783706665,
    -1.7780001163482666,
    -1.7804187536239624,
    -1.782655954360962,
    -1.7844010591506958,
    -1.7857255935668945,
    -1.7867028713226318,
    -1.787815809249878,
    -1.788585901260376,
    -1.788142204284668,
    -1.7874528169631958,
    -1.78690505027771,
    -1.7863569259643555,
    -1.7858567237854004,
    -1.7856053113937378,
    -1.7868332862854004,
    -1.788175106048584,
    -1.7894389629364014,
    -1.7903140783309937,
    -1.7911783456802368,
    -1.7920557260513306,
    -1.792747974395752,
    -1.7932093143463135,
    -1.7945996522903442,
    -1.7961934804916382,
    -1.7977848052978516,
    -1.7991750240325928,
    -1.8002758026123047,
    -1.801179051399231,
    -1.8019862174987793,
    -1.8027973175048828,
    -1.8048045635223389,
    -1.8085952997207642,
    -1.8129620552062988,
    -1.817342758178711,
    -1.821723461151123,
    -1.8261041641235352,
    -1.8305597305297852
  ]
}