{
  "arm": 39,
  "p": 0.163,
  "q": 0.495,
  "whittle": [
    -2.348583459854126,
    -2.345442533493042,
    -2.341836929321289,
    -2.3380184173583984,
    -2.3336410522460938,
    -2.3286168575286865,
    -2.3237102031707764,
    -2.318758487701416,
    -2.3144383430480957,
    -2.3126254081726074,
    -2.311070680618286,
    -2.3095293045043945,
    -2.3077263832092285,
    -2.3051507472991943,
    -2.302098512649536,
    -2.29902720451355,
    -2.296067953109741,
    -2.293222427368164,
    -2.2904109954833984,
    -2.287402868270874,
    -2.283339500427246,
    -2.279334545135498,
    -2.27561354637146,
    -2.273670196533203,
    -2.272706985473633,
    -2.2719342708587646,
    -2.2713356018066406,
    -2.271575689315796,
    -2.273926258087158,
    -2.2764134407043457,
    -2.2778868675231934,
    -2.278468608856201,
    -2.279550313949585,
    -2.2809810638427734,
    -2.2809832096099854,
    -2.2808237075805664,
    -2.2792553901672363,
    -2.276979684829712,
    -2.2747552394866943,
    -2.2724649906158447,
    -2.2700653076171875,
    -2.268129587173462,
    -2.2671377658843994,
    -2.2662339210510254,
    -2.265469789505005,
    -2.265198230743408,
    -2.2673864364624023,
    -2.268588066101074,
    -2.2691755294799805,
    -2.26889705657959,
    -2.267815351486206,
    -2.266969919204712,
    -2.26796293258667,
    -2.2697556018829346,
    -2.271641254425049,
    -2.2738330364227295,
    -2.2762179374694824,
    -2.278642177581787,
    -2.279953956604004,
    -2.281360387802124,
    -2.2829737663269043,
    -2.2848546504974365,
    -2.2864584922790527,
    -2.288349151611328,
    -2.290531635284424,
    -2.292445182800293,
    -2.2938802242279053,
    -2.295137882232666,
    -2.2947514057159424,
    -2.2950429916381836,
    -2.297163248062134,
    -2.2987303733825684,
    -2.2988011837005615,
    -2.2988922595977783,
    -2.2993476390838623,
    -2.2998740673065186,
    -2.300400495529175,
    -2.3008368015289307,
    -2.3009634017944336,
    -2.300693988800049,
    -2.299999475479126,
    -2.2993807792663574,
    -2.29940128326416,
    -2.2995030879974365,
    -2.300222635269165,
    -2.3021864891052246,
    -2.3044257164001465,
    -2.306650400161743,
    -2.308819055557251,
    -2.310988187789917,
    -2.3130173683166504,
    -2.314703941345215,
    -2.316466808319092,
    -2.3194289207458496,
    -2.3235981464385986,
    -2.3279178142547607,
    -2.332237720489502,
    -2.336575984954834,
    -2.340991735458374,
    -2.3458547592163086
  ]
}