{
  "arm": 38,
  "p": 0.812,
  "q": 0.228,
  "whittle": [
    -2.4005284309387207,
    -2.399092435836792,
    -2.3963985443115234,
    -2.393401622772217,
    -2.3901565074920654,
    -2.386845111846924,
    -2.383485794067383,
    -2.3802225589752197,
    -2.3782742023468018,
    -2.3770387172698975,
    -2.3759405612945557,
    -2.374629497528076,
    -2.372572422027588,
    -2.3700995445251465,
    -2.367546558380127,
    -2.365119218826294,
    -2.3628089427948,
    -2.3603835105895996,
    -2.3579587936401367,
    -2.3556952476501465,
    -2.3526315689086914,
    -2.347442150115967,
    -2.344287633895874,
    -2.3443596363067627,
    -2.344733715057373,
    -2.345738649368286,
    -2.347895622253418,
    -2.3512542247772217,
    -2.355300188064575,
    -2.360055446624756,
    -2.3636763095855713,
    -2.3661599159240723,
    -2.368485927581787,
    -2.370864152908325,
    -2.3733386993408203,
    -2.3738911151885986,
    -2.372725009918213,
    -2.3713784217834473,
    -2.369612216949463,
    -2.3679537773132324,
    -2.3662943840026855,
    -2.3641979694366455,
    -2.361678123474121,
    -2.3607137203216553,
    -2.3605363368988037,
    -2.3611879348754883,
    -2.3618924617767334,
    -2.3636317253112793,
    -2.3650705814361572,
    -2.3658511638641357,
    -2.36570405960083,
    -2.3652164936065674,
    -2.36515736579895,
    -2.3668439388275146,
    -2.369046688079834,
    -2.3711206912994385,
    -2.373779296875,
    -2.3765697479248047,
    -2.3782694339752197,
    -2.3799479007720947,
    -2.3820090293884277,
    -2.3839669227600098,
    -2.3854124546051025,
    -2.3867430686950684,
    -2.387995481491089,
    -2.3895814418792725,
    -2.391925096511841,
    -2.393841505050659,
    -2.395188570022583,
    -2.397428035736084,
    -2.400554656982422,
    -2.402456045150757,
    -2.402480363845825,
    -2.4025039672851562,
    -2.40263295173645,
    -2.4027769565582275,
    -2.403461456298828,
    -2.403757095336914,
    -2.4038565158843994,
    -2.403610944747925,
    -2.4030587673187256,
    -2.4027373790740967,
    -2.40271258354187,
    -2.4023361206054688,
    -2.4018006324768066,
    -2.4027938842773438,
    -2.404071807861328,
    -2.405349016189575,
    -2.4077086448669434,
    -2.410224199295044,
    -2.412661075592041,
    -2.414990186691284,
    -2.41731858253479,
    -2.4202804565429688,
    -2.4247775077819824,
    -2.429274320602417,
    -2.4338109493255615,
    -2.4383537769317627,
    -2.4428324699401855,
    -2.4475364685058594
  ]
}