{
  "arm": 34,
  "p": 0.713,
  "q": 0.821,
  "whittle": [
    -2.6952688694000244,
    -2.6946604251861572,
    -2.694094181060791,
    -2.6916122436523438,
    -2.6886837482452393,
    -2.685300588607788,
    -2.6826164722442627,
    -2.6813442707061768,
    -2.680812358856201,
    -2.6808807849884033,
    -2.6809496879577637,
    -2.6810333728790283,
    -2.680537700653076,
    -2.679323673248291,
    -2.6778688430786133,
    -2.676593780517578,
    -2.67547869682312,
    -2.674337387084961,
    -2.67500901222229,
    -2.6763408184051514,
    -2.676656484603882,
    -2.676908016204834,
    -2.678128957748413,
    -2.6795406341552734,
    -2.680722951889038,
    -2.682935953140259,
    -2.6856496334075928,
    -2.6907341480255127,
    -2.6965298652648926,
    -2.7017972469329834,
    -2.7068769931793213,
    -2.7095906734466553,
    -2.7113380432128906,
    -2.713085174560547,
    -2.714550733566284,
    -2.7147252559661865,
    -2.714771270751953,
    -2.714925527572632,
    -2.714312791824341,
    -2.7182655334472656,
    -2.72312593460083,
    -2.7274341583251953,
    -2.7307543754577637,
    -2.7335920333862305,
    -2.7361648082733154,
    -2.7401123046875,
    -2.743846893310547,
    -2.7475953102111816,
    -2.750913619995117,
    -2.754779815673828,
    -2.7577688694000244,
    -2.760939836502075,
    -2.7644386291503906,
    -2.768090009689331,
    -2.7724108695983887,
    -2.7767903804779053,
    -2.7812273502349854,
    -2.785820722579956,
    -2.7900266647338867,
    -2.7943367958068848,
    -2.798645496368408,
    -2.8027536869049072,
    -2.806753635406494,
    -2.8110811710357666,
    -2.8173747062683105,
    -2.824662923812866,
    -2.8310000896453857,
    -2.836642026901245,
    -2.842427968978882,
    -2.8483834266662598,
    -2.8543097972869873,
    -2.8600544929504395,
    -2.8646936416625977,
    -2.868499517440796,
    -2.8717164993286133,
    -2.87439227104187,
    -2.876535177230835,
    -2.8782310485839844,
    -2.8798458576202393,
    -2.8812661170959473,
    -2.8820996284484863,
    -2.8829293251037598,
    -2.8843612670898438,
    -2.8861083984375,
    -2.8879425525665283,
    -2.8917477130889893,
    -2.8957505226135254,
    -2.8996453285217285,
    -2.9035277366638184,
    -2.907409429550171,
    -2.9111344814300537,
    -2.914487361907959,
    -2.917823553085327,
    -2.9213473796844482,
    -2.9269604682922363,
    -2.9329404830932617,
    -2.938924551010132,
    -2.9452388286590576,
    -2.951531171798706,
    -2.958040237426758
  ]
}