{
  "arm": 28,
  "p": 0.675,
  "q": 0.643,
  "whittle": [
    -2.2893054485321045,
    -2.286860942840576,
    -2.2840347290039062,
    -2.2811760902404785,
    -2.2790801525115967,
    -2.2766034603118896,
    -2.273677110671997,
    -2.272674083709717,
    -2.2722458839416504,
    -2.271834373474121,
    -2.271428346633911,
    -2.2709460258483887,
    -2.2696053981781006,
    -2.2680904865264893,
    -2.266183376312256,
    -2.2645530700683594,
    -2.263014078140259,
    -2.262261152267456,
    -2.2615318298339844,
    -2.262723922729492,
    -2.2644572257995605,
    -2.2672195434570312,
    -2.2692277431488037,
    -2.27166748046875,
    -2.2742867469787598,
    -2.2784852981567383,
    -2.2835888862609863,
    -2.2888481616973877,
    -2.293829917907715,
    -2.299297332763672,
    -2.303875207901001,
    -2.307528257369995,
    -2.3108420372009277,
    -2.313544273376465,
    -2.3150017261505127,
    -2.3153915405273438,
    -2.3149349689483643,
    -2.314610481262207,
    -2.3150475025177,
    -2.3159687519073486,
    -2.3162906169891357,
    -2.3168418407440186,
    -2.3178014755249023,
    -2.318761110305786,
    -2.3213624954223633,
    -2.324049711227417,
    -2.3270232677459717,
    -2.3297324180603027,
    -2.3319132328033447,
    -2.3337364196777344,
    -2.3339955806732178,
    -2.335273027420044,
    -2.337655544281006,
    -2.3405916690826416,
    -2.343441963195801,
    -2.3464882373809814,
    -2.349821090698242,
    -2.3532843589782715,
    -2.3561465740203857,
    -2.3585541248321533,
    -2.3607661724090576,
    -2.3630945682525635,
    -2.3661561012268066,
    -2.3693342208862305,
    -2.3721818923950195,
    -2.3753530979156494,
    -2.3793184757232666,
    -2.3828883171081543,
    -2.386718511581421,
    -2.3907418251037598,
    -2.395334243774414,
    -2.3997607231140137,
    -2.403508424758911,
    -2.406468391418457,
    -2.40805983543396,
    -2.409379482269287,
    -2.4106333255767822,
    -2.411445140838623,
    -2.4121711254119873,
    -2.4126577377319336,
    -2.4127347469329834,
    -2.4130868911743164,
    -2.4135706424713135,
    -2.414198160171509,
    -2.4146437644958496,
    -2.416386842727661,
    -2.419373035430908,
    -2.4224281311035156,
    -2.4252617359161377,
    -2.4280331134796143,
    -2.4306561946868896,
    -2.43312668800354,
    -2.4360578060150146,
    -2.4391584396362305,
    -2.4441635608673096,
    -2.449178695678711,
    -2.4541943073272705,
    -2.459209442138672,
    -2.4642250537872314,
    -2.4693527221679688
  ]
}