{
  "arm": 55,
  "p": 0.188,
  "q": 0.653,
  "whittle": [
    -2.3456711769104004,
    -2.343125820159912,
    -2.339801073074341,
    -2.3364052772521973,
    -2.3325247764587402,
    -2.3276731967926025,
    -2.3226101398468018,
    -2.318516731262207,
    -2.315690755844116,
    -2.3137338161468506,
    -2.312046766281128,
    -2.3103530406951904,
    -2.3082222938537598,
    -2.305260419845581,
    -2.302142381668091,
    -2.2988646030426025,
    -2.2957096099853516,
    -2.2926676273345947,
    -2.2896313667297363,
    -2.2865240573883057,
    -2.282240867614746,
    -2.277590751647949,
    -2.2705705165863037,
    -2.2654056549072266,
    -2.2630302906036377,
    -2.2614400386810303,
    -2.260077953338623,
    -2.259558916091919,
    -2.2609407901763916,
    -2.263054609298706,
    -2.264678478240967,
    -2.2659027576446533,
    -2.2671215534210205,
    -2.267751693725586,
    -2.267016887664795,
    -2.2657761573791504,
    -2.2639670372009277,
    -2.2616753578186035,
    -2.2592248916625977,
    -2.2568111419677734,
    -2.2539126873016357,
    -2.2512147426605225,
    -2.2485721111297607,
    -2.247490644454956,
    -2.2455008029937744,
    -2.244377374649048,
    -2.243849515914917,
    -2.2450058460235596,
    -2.245433807373047,
    -2.2445833683013916,
    -2.243070363998413,
    -2.2421841621398926,
    -2.242628335952759,
    -2.2440266609191895,
    -2.2455122470855713,
    -2.2469513416290283,
    -2.2491579055786133,
    -2.2514233589172363,
    -2.2527737617492676,
    -2.2541534900665283,
    -2.2559256553649902,
    -2.258232355117798,
    -2.2607486248016357,
    -2.2631967067718506,
    -2.265535831451416,
    -2.267547607421875,
    -2.269174575805664,
    -2.2706356048583984,
    -2.271631956100464,
    -2.2732741832733154,
    -2.275092840194702,
    -2.2768590450286865,
    -2.2773005962371826,
    -2.2772600650787354,
    -2.2774322032928467,
    -2.277843713760376,
    -2.2782557010650635,
    -2.278487205505371,
    -2.2784881591796875,
    -2.278017997741699,
    -2.277428150177002,
    -2.276740312576294,
    -2.2763495445251465,
    -2.276167392730713,
    -2.276461362838745,
    -2.2782506942749023,
    -2.280291795730591,
    -2.2823357582092285,
    -2.2843799591064453,
    -2.286423921585083,
    -2.288255214691162,
    -2.289794445037842,
    -2.2913341522216797,
    -2.2936110496520996,
    -2.2972350120544434,
    -2.3012728691101074,
    -2.305415391921997,
    -2.3096022605895996,
    -2.313791275024414,
    -2.3182802200317383
  ]
}