{
  "arm": 97,
  "p": 0.319,
  "q": 0.844,
  "whittle": [
    -1.8653169870376587,
    -1.8615691661834717,
    -1.8571583032608032,
    -1.852794885635376,
    -1.848116159439087,
    -1.8427728414535522,
    -1.8381508588790894,
    -1.834843397140503,
    -1.8327279090881348,
    -1.8308751583099365,
    -1.8290222883224487,
    -1.827169418334961,
    -1.8256261348724365,
    -1.8227403163909912,
    -1.8196038007736206,
    -1.8164281845092773,
    -1.8134077787399292,
    -1.8107622861862183,
    -1.8084417581558228,
    -1.8054192066192627,
    -1.8015861511230469,
    -1.7975157499313354,
    -1.7921234369277954,
    -1.7882951498031616,
    -1.7848327159881592,
    -1.7827866077423096,
    -1.7833001613616943,
    -1.7864142656326294,
    -1.7894302606582642,
    -1.7916063070297241,
    -1.7916064262390137,
    -1.7918221950531006,
    -1.791769027709961,
    -1.7917156219482422,
    -1.791448950767517,
    -1.790918231010437,
    -1.7906965017318726,
    -1.7900335788726807,
    -1.7897130250930786,
    -1.7906746864318848,
    -1.7917779684066772,
    -1.7933974266052246,
    -1.7954506874084473,
    -1.7981390953063965,
    -1.8004673719406128,
    -1.8034433126449585,
    -1.8075413703918457,
    -1.8111544847488403,
    -1.8142131567001343,
    -1.8178980350494385,
    -1.8219727277755737,
    -1.8258730173110962,
    -1.8297741413116455,
    -1.8339511156082153,
    -1.8380461931228638,
    -1.8422455787658691,
    -1.8465608358383179,
    -1.8510099649429321,
    -1.855881929397583,
    -1.8589394092559814,
    -1.8626163005828857,
    -1.8662934303283691,
    -1.869970440864563,
    -1.873313546180725,
    -1.876684308052063,
    -1.8794069290161133,
    -1.8833938837051392,
    -1.8874002695083618,
    -1.8914157152175903,
    -1.8955529928207397,
    -1.8998667001724243,
    -1.9041937589645386,
    -1.9076441526412964,
    -1.9108994007110596,
    -1.9141544103622437,
    -1.9171055555343628,
    -1.9195245504379272,
    -1.9220561981201172,
    -1.9244918823242188,
    -1.9265656471252441,
    -1.928215742111206,
    -1.9297688007354736,
    -1.9313784837722778,
    -1.933244228363037,
    -1.9351918697357178,
    -1.937732458114624,
    -1.9404581785202026,
    -1.9431827068328857,
    -1.9456698894500732,
    -1.9481769800186157,
    -1.950679063796997,
    -1.953052282333374,
    -1.9563068151474,
    -1.960017204284668,
    -1.965086579322815,
    -1.970467209815979,
    -1.9762660264968872,
    -1.9819180965423584,
    -1.9875320196151733,
    -1.9932523965835571
  ]
}