{
  "arm": 2,
  "p": 0.7,
  "q": 0.189,
  "whittle": [
    -1.5919232368469238,
    -1.5870338678359985,
    -1.5820643901824951,
    -1.5769219398498535,
    -1.5712870359420776,
    -1.565720558166504,
    -1.5593349933624268,
    -1.5534001588821411,
    -1.5495223999023438,
    -1.5458118915557861,
    -1.542048692703247,
    -1.5383025407791138,
    -1.5334995985031128,
    -1.529062032699585,
    -1.5252318382263184,
    -1.5214582681655884,
    -1.517764925956726,
    -1.5137337446212769,
    -1.5096814632415771,
    -1.5054762363433838,
    -1.5010203123092651,
    -1.495151400566101,
    -1.4887148141860962,
    -1.4836606979370117,
    -1.4786062240600586,
    -1.4744539260864258,
    -1.471571922302246,
    -1.4701688289642334,
    -1.4687702655792236,
    -1.4675344228744507,
    -1.4672515392303467,
    -1.4665274620056152,
    -1.4662730693817139,
    -1.464490532875061,
    -1.463243842124939,
    -1.462146520614624,
    -1.4600293636322021,
    -1.457259178161621,
    -1.4541373252868652,
    -1.4509483575820923,
    -1.448492407798767,
    -1.4478391408920288,
    -1.4475736618041992,
    -1.4465794563293457,
    -1.4448977708816528,
    -1.4437297582626343,
    -1.4421796798706055,
    -1.4395393133163452,
    -1.4362645149230957,
    -1.4324613809585571,
    -1.429585576057434,
    -1.42686128616333,
    -1.4257718324661255,
    -1.4263616800308228,
    -1.4269068241119385,
    -1.4274519681930542,
    -1.4284073114395142,
    -1.4300603866577148,
    -1.431481122970581,
    -1.433107852935791,
    -1.4350578784942627,
    -1.4364451169967651,
    -1.4378920793533325,
    -1.43940269947052,
    -1.4409815073013306,
    -1.4421075582504272,
    -1.4432467222213745,
    -1.4437482357025146,
    -1.444000482559204,
    -1.4443390369415283,
    -1.4444935321807861,
    -1.4439241886138916,
    -1.4428949356079102,
    -1.442944049835205,
    -1.4436792135238647,
    -1.4443551301956177,
    -1.4439187049865723,
    -1.4443713426589966,
    -1.4448412656784058,
    -1.445723056793213,
    -1.4465848207473755,
    -1.4473251104354858,
    -1.4480242729187012,
    -1.4482367038726807,
    -1.4481862783432007,
    -1.448858380317688,
    -1.4496469497680664,
    -1.4504351615905762,
    -1.4516627788543701,
    -1.4532984495162964,
    -1.4549226760864258,
    -1.4567369222640991,
    -1.4587841033935547,
    -1.4616703987121582,
    -1.4652972221374512,
    -1.4689244031906128,
    -1.4725513458251953,
    -1.4761784076690674,
    -1.4798052310943604,
    -1.4834775924682617
  ]
}