{
  "arm": 16,
  "p": 0.525,
  "q": 0.841,
  "whittle": [
    -2.0623855590820312,
    -2.0585379600524902,
    -2.054607391357422,
    -2.0501348972320557,
    -2.0454275608062744,
    -2.0402138233184814,
    -2.034882068634033,
    -2.030813455581665,
    -2.028402805328369,
    -2.0263266563415527,
    -2.0244901180267334,
    -2.0224037170410156,
    -2.0195326805114746,
    -2.016587018966675,
    -2.0133256912231445,
    -2.0101170539855957,
    -2.0070528984069824,
    -2.00398850440979,
    -2.000929594039917,
    -1.9982682466506958,
    -1.9953199625015259,
    -1.9921016693115234,
    -1.9891963005065918,
    -1.9854875802993774,
    -1.9838840961456299,
    -1.9852105379104614,
    -1.9868663549423218,
    -1.9897630214691162,
    -1.9922972917556763,
    -1.9941811561584473,
    -1.9952448606491089,
    -1.9961271286010742,
    -1.997607707977295,
    -1.9978100061416626,
    -1.9981062412261963,
    -1.9976307153701782,
    -1.9959847927093506,
    -1.9943758249282837,
    -1.9920848608016968,
    -1.990086555480957,
    -1.989370584487915,
    -1.989362120628357,
    -1.98963463306427,
    -1.9902582168579102,
    -1.9903727769851685,
    -1.9909058809280396,
    -1.9922912120819092,
    -1.9941165447235107,
    -1.9957411289215088,
    -1.99655020236969,
    -1.9965659379959106,
    -1.997437596321106,
    -1.9993032217025757,
    -2.0015790462493896,
    -2.003840684890747,
    -2.006084680557251,
    -2.0082359313964844,
    -2.0104446411132812,
    -2.012523651123047,
    -2.0149760246276855,
    -2.0177533626556396,
    -2.0194690227508545,
    -2.0211844444274902,
    -2.0230937004089355,
    -2.024850845336914,
    -2.0265543460845947,
    -2.027688503265381,
    -2.0285608768463135,
    -2.029508113861084,
    -2.030517816543579,
    -2.0314807891845703,
    -2.0324435234069824,
    -2.0335536003112793,
    -2.034982204437256,
    -2.0352890491485596,
    -2.035130023956299,
    -2.035088300704956,
    -2.0350582599639893,
    -2.035203695297241,
    -2.0349316596984863,
    -2.034151554107666,
    -2.033302068710327,
    -2.0325825214385986,
    -2.0327305793762207,
    -2.033545732498169,
    -2.0352039337158203,
    -2.036972761154175,
    -2.0387418270111084,
    -2.040342330932617,
    -2.041865825653076,
    -2.043264389038086,
    -2.0444998741149902,
    -2.0459229946136475,
    -2.047837018966675,
    -2.0514605045318604,
    -2.055133581161499,
    -2.0587682723999023,
    -2.062363386154175,
    -2.0665719509124756,
    -2.07163667678833
  ]
}