{
  "arm": 26,
  "p": 0.775,
  "q": 0.11,
  "whittle": [
    -1.9630403518676758,
    -1.9591028690338135,
    -1.9548932313919067,
    -1.9506943225860596,
    -1.9457916021347046,
    -1.9406083822250366,
    -1.935571312904358,
    -1.9311505556106567,
    -1.9286845922470093,
    -1.9260070323944092,
    -1.9233007431030273,
    -1.9209725856781006,
    -1.917848825454712,
    -1.9142930507659912,
    -1.9107242822647095,
    -1.9070675373077393,
    -1.9035078287124634,
    -1.899948000907898,
    -1.8963919878005981,
    -1.8930842876434326,
    -1.8894989490509033,
    -1.8841838836669922,
    -1.8803502321243286,
    -1.8770638704299927,
    -1.8730171918869019,
    -1.8719950914382935,
    -1.8730745315551758,
    -1.87516188621521,
    -1.877342939376831,
    -1.8786474466323853,
    -1.8791358470916748,
    -1.8791890144348145,
    -1.8800716400146484,
    -1.8805346488952637,
    -1.880025863647461,
    -1.8793781995773315,
    -1.8773434162139893,
    -1.8750479221343994,
    -1.872502326965332,
    -1.8701398372650146,
    -1.8679322004318237,
    -1.8663359880447388,
    -1.8647983074188232,
    -1.8634052276611328,
    -1.8631824254989624,
    -1.8622591495513916,
    -1.8613353967666626,
    -1.8600575923919678,
    -1.8589638471603394,
    -1.8582602739334106,
    -1.8571772575378418,
    -1.857380747795105,
    -1.857742428779602,
    -1.8588085174560547,
    -1.8605753183364868,
    -1.8623262643814087,
    -1.8641159534454346,
    -1.8658818006515503,
    -1.8674085140228271,
    -1.8695765733718872,
    -1.8721550703048706,
    -1.8742430210113525,
    -1.8760452270507812,
    -1.8777509927749634,
    -1.8793081045150757,
    -1.8809431791305542,
    -1.8821158409118652,
    -1.8825253248214722,
    -1.8825961351394653,
    -1.8833965063095093,
    -1.885613203048706,
    -1.8858959674835205,
    -1.8856124877929688,
    -1.8854572772979736,
    -1.885301947593689,
    -1.8851468563079834,
    -1.8851685523986816,
    -1.8852496147155762,
    -1.8851876258850098,
    -1.8848445415496826,
    -1.8844822645187378,
    -1.8851397037506104,
    -1.8861174583435059,
    -1.8863836526870728,
    -1.8865406513214111,
    -1.8878724575042725,
    -1.8895184993743896,
    -1.8911854028701782,
    -1.8928521871566772,
    -1.8946099281311035,
    -1.8962968587875366,
    -1.8979769945144653,
    -1.8994498252868652,
    -1.9017120599746704,
    -1.905000925064087,
    -1.9084563255310059,
    -1.9130325317382812,
    -1.9176676273345947,
    -1.9223048686981201,
    -1.927090048789978
  ]
}