{
  "arm": 8,
  "p": 0.55,
  "q": 0.13,
  "whittle": [
    -2.3367297649383545,
    -2.3349297046661377,
    -2.3319027423858643,
    -2.3287675380706787,
    -2.3250598907470703,
    -2.3212673664093018,
    -2.3179385662078857,
    -2.3147332668304443,
    -2.3139030933380127,
    -2.312919855117798,
    -2.3119518756866455,
    -2.3111443519592285,
    -2.3097870349884033,
    -2.307466983795166,
    -2.3050742149353027,
    -2.302736282348633,
    -2.300600051879883,
    -2.2984628677368164,
    -2.296177387237549,
    -2.2937612533569336,
    -2.2914137840270996,
    -2.2895400524139404,
    -2.289064645767212,
    -2.2899892330169678,
    -2.2915096282958984,
    -2.2926764488220215,
    -2.2944793701171875,
    -2.2981698513031006,
    -2.301942825317383,
    -2.305772304534912,
    -2.308962821960449,
    -2.310551881790161,
    -2.312880039215088,
    -2.3147201538085938,
    -2.3159313201904297,
    -2.316739797592163,
    -2.3158624172210693,
    -2.314589738845825,
    -2.313199281692505,
    -2.3118298053741455,
    -2.3106701374053955,
    -2.310056209564209,
    -2.3094496726989746,
    -2.309101104736328,
    -2.30987548828125,
    -2.312218427658081,
    -2.314560890197754,
    -2.3168108463287354,
    -2.31850266456604,
    -2.3189783096313477,
    -2.3188698291778564,
    -2.3200740814208984,
    -2.3219501972198486,
    -2.3247547149658203,
    -2.3279218673706055,
    -2.331087827682495,
    -2.3343780040740967,
    -2.337552785873413,
    -2.339796304702759,
    -2.3421289920806885,
    -2.346097230911255,
    -2.349536657333374,
    -2.353043556213379,
    -2.3559045791625977,
    -2.358975887298584,
    -2.3620471954345703,
    -2.3651340007781982,
    -2.3694608211517334,
    -2.374241352081299,
    -2.3793065547943115,
    -2.384270668029785,
    -2.3883049488067627,
    -2.391904354095459,
    -2.393991708755493,
    -2.395463228225708,
    -2.39693546295166,
    -2.3982460498809814,
    -2.3993000984191895,
    -2.4000754356384277,
    -2.400367259979248,
    -2.400496482849121,
    -2.400775194168091,
    -2.401493787765503,
    -2.4016544818878174,
    -2.402413845062256,
    -2.405121088027954,
    -2.4081599712371826,
    -2.41119647026062,
    -2.414000988006592,
    -2.416797161102295,
    -2.4194326400756836,
    -2.4220309257507324,
    -2.4248499870300293,
    -2.428626775741577,
    -2.433553457260132,
    -2.4385390281677246,
    -2.443556070327759,
    -2.448448896408081,
    -2.453233003616333,
    -2.4584202766418457
  ]
}