{
  "arm": 37,
  "p": 0.412,
  "q": 0.673,
  "whittle": [
    -2.0727810859680176,
    -2.068427085876465,
    -2.0638184547424316,
    -2.059478998184204,
    -2.054582357406616,
    -2.0491092205047607,
    -2.0441455841064453,
    -2.040123701095581,
    -2.036961317062378,
    -2.034834623336792,
    -2.0327303409576416,
    -2.0306708812713623,
    -2.0282366275787354,
    -2.0249578952789307,
    -2.0215961933135986,
    -2.0180728435516357,
    -2.0147364139556885,
    -2.011399507522583,
    -2.008121967315674,
    -2.004836320877075,
    -1.9996452331542969,
    -1.9937809705734253,
    -1.9866608381271362,
    -1.9817055463790894,
    -1.9780696630477905,
    -1.9777427911758423,
    -1.9778932332992554,
    -1.9793809652328491,
    -1.9821715354919434,
    -1.9839571714401245,
    -1.9859908819198608,
    -1.9872889518737793,
    -1.9872064590454102,
    -1.9862432479858398,
    -1.9855952262878418,
    -1.9854376316070557,
    -1.98434579372406,
    -1.9826207160949707,
    -1.9803718328475952,
    -1.9790016412734985,
    -1.9794095754623413,
    -1.9802368879318237,
    -1.9804507493972778,
    -1.9793989658355713,
    -1.9785081148147583,
    -1.9805396795272827,
    -1.9824638366699219,
    -1.9837403297424316,
    -1.9844104051589966,
    -1.985720157623291,
    -1.9867353439331055,
    -1.987943410873413,
    -1.9896248579025269,
    -1.9919359683990479,
    -1.9943218231201172,
    -1.9966576099395752,
    -1.9995936155319214,
    -2.003241539001465,
    -2.006260633468628,
    -2.0083935260772705,
    -2.010397434234619,
    -2.012395143508911,
    -2.014338731765747,
    -2.017068386077881,
    -2.019890785217285,
    -2.0226426124572754,
    -2.02461576461792,
    -2.026315450668335,
    -2.0292165279388428,
    -2.03281831741333,
    -2.036322593688965,
    -2.039954662322998,
    -2.0425915718078613,
    -2.0452358722686768,
    -2.045962333679199,
    -2.0462865829467773,
    -2.0466110706329346,
    -2.04667592048645,
    -2.0467605590820312,
    -2.0481698513031006,
    -2.0496177673339844,
    -2.0509378910064697,
    -2.0522243976593018,
    -2.05354380607605,
    -2.054579734802246,
    -2.056605100631714,
    -2.058783531188965,
    -2.0609617233276367,
    -2.0631401538848877,
    -2.0653648376464844,
    -2.067308187484741,
    -2.0691332817077637,
    -2.0710761547088623,
    -2.073617935180664,
    -2.077512741088867,
    -2.0827176570892334,
    -2.088181734085083,
    -2.093726873397827,
    -2.099235773086548,
    -2.104703426361084
  ]
}