{
  "arm": 54,
  "p": 0.838,
  "q": 0.386,
  "whittle": [
    -1.645371913909912,
    -1.6417561769485474,
    -1.6369025707244873,
    -1.6316850185394287,
    -1.6262214183807373,
    -1.620885968208313,
    -1.6158933639526367,
    -1.611932396888733,
    -1.6094484329223633,
    -1.6066421270370483,
    -1.603835940361023,
    -1.6013702154159546,
    -1.5980095863342285,
    -1.5943111181259155,
    -1.5910818576812744,
    -1.5881632566452026,
    -1.5849562883377075,
    -1.5817360877990723,
    -1.5785419940948486,
    -1.5752910375595093,
    -1.5716544389724731,
    -1.5669028759002686,
    -1.5631929636001587,
    -1.5599615573883057,
    -1.5570347309112549,
    -1.5551327466964722,
    -1.5556622743606567,
    -1.5579792261123657,
    -1.5596574544906616,
    -1.5608872175216675,
    -1.562110185623169,
    -1.561852216720581,
    -1.5605242252349854,
    -1.559733510017395,
    -1.5593920946121216,
    -1.5591527223587036,
    -1.5589306354522705,
    -1.558242917060852,
    -1.5566785335540771,
    -1.5546808242797852,
    -1.5537782907485962,
    -1.554249882698059,
    -1.5548067092895508,
    -1.5539774894714355,
    -1.553338885307312,
    -1.553138017654419,
    -1.5525729656219482,
    -1.5528308153152466,
    -1.5529876947402954,
    -1.554288625717163,
    -1.5551854372024536,
    -1.5561076402664185,
    -1.557902216911316,
    -1.560746431350708,
    -1.5636367797851562,
    -1.5664385557174683,
    -1.5698134899139404,
    -1.5733487606048584,
    -1.5762438774108887,
    -1.5790339708328247,
    -1.5817731618881226,
    -1.5853501558303833,
    -1.5889029502868652,
    -1.5923964977264404,
    -1.5958269834518433,
    -1.5990638732910156,
    -1.6023975610733032,
    -1.6061824560165405,
    -1.6096630096435547,
    -1.6132452487945557,
    -1.6165724992752075,
    -1.6194732189178467,
    -1.6217567920684814,
    -1.6241596937179565,
    -1.6267180442810059,
    -1.6285291910171509,
    -1.631533145904541,
    -1.6346924304962158,
    -1.6372182369232178,
    -1.639326572418213,
    -1.6411311626434326,
    -1.6428622007369995,
    -1.644309639930725,
    -1.6454616785049438,
    -1.6464861631393433,
    -1.6484577655792236,
    -1.650403618812561,
    -1.6522216796875,
    -1.6540683507919312,
    -1.6558830738067627,
    -1.6582685708999634,
    -1.6606112718582153,
    -1.6629540920257568,
    -1.666403889656067,
    -1.6711201667785645,
    -1.675836443901062,
    -1.6805528402328491,
    -1.6852692365646362,
    -1.6899865865707397,
    -1.6948405504226685
  ]
}