{
  "arm": 48,
  "p": 0.537,
  "q": 0.525,
  "whittle": [
    -2.7334847450256348,
    -2.733135461807251,
    -2.732801914215088,
    -2.7317280769348145,
    -2.7291650772094727,
    -2.7263402938842773,
    -2.7243802547454834,
    -2.7234396934509277,
    -2.7233803272247314,
    -2.7238221168518066,
    -2.72426438331604,
    -2.723736524581909,
    -2.723027467727661,
    -2.7221381664276123,
    -2.721052408218384,
    -2.7202882766723633,
    -2.7221224308013916,
    -2.724024772644043,
    -2.7262990474700928,
    -2.729069709777832,
    -2.7314229011535645,
    -2.734434127807617,
    -2.736536741256714,
    -2.7387473583221436,
    -2.743072271347046,
    -2.74802303314209,
    -2.7537577152252197,
    -2.760451555252075,
    -2.766770839691162,
    -2.7726991176605225,
    -2.7778737545013428,
    -2.78161358833313,
    -2.7843761444091797,
    -2.7867486476898193,
    -2.7893059253692627,
    -2.790254592895508,
    -2.7905921936035156,
    -2.7908668518066406,
    -2.7905068397521973,
    -2.792914390563965,
    -2.7967441082000732,
    -2.7999041080474854,
    -2.8032000064849854,
    -2.8059442043304443,
    -2.8087105751037598,
    -2.8126418590545654,
    -2.8164498805999756,
    -2.8200347423553467,
    -2.823127269744873,
    -2.8264341354370117,
    -2.829678535461426,
    -2.832653284072876,
    -2.835925817489624,
    -2.8399224281311035,
    -2.844594955444336,
    -2.8492555618286133,
    -2.854013204574585,
    -2.858880043029785,
    -2.8629231452941895,
    -2.8661081790924072,
    -2.8700976371765137,
    -2.874985933303833,
    -2.8802685737609863,
    -2.8872647285461426,
    -2.894087314605713,
    -2.9014666080474854,
    -2.908200979232788,
    -2.914513111114502,
    -2.9206955432891846,
    -2.9269895553588867,
    -2.933370351791382,
    -2.939331531524658,
    -2.9442427158355713,
    -2.9491536617279053,
    -2.9540646076202393,
    -2.958542823791504,
    -2.961973190307617,
    -2.964958429336548,
    -2.9669156074523926,
    -2.9684712886810303,
    -2.969583034515381,
    -2.970628023147583,
    -2.971928358078003,
    -2.9727284908294678,
    -2.9735372066497803,
    -2.976374387741089,
    -2.979407548904419,
    -2.982600688934326,
    -2.986726760864258,
    -2.9909071922302246,
    -2.9950814247131348,
    -2.9990599155426025,
    -3.003040313720703,
    -3.007321357727051,
    -3.013596773147583,
    -3.0198991298675537,
    -3.026451587677002,
    -3.032991409301758,
    -3.038848638534546,
    -3.0447921752929688
  ]
}