{
  "arm": 73,
  "p": 0.356,
  "q": 0.712,
  "whittle": [
    -2.816335916519165,
    -2.8157339096069336,
    -2.815131664276123,
    -2.8134236335754395,
    -2.8110318183898926,
    -2.808060884475708,
    -2.8059241771698,
    -2.8045125007629395,
    -2.8039984703063965,
    -2.8039424419403076,
    -2.803912878036499,
    -2.803882360458374,
    -2.804060697555542,
    -2.8030812740325928,
    -2.8014721870422363,
    -2.799884796142578,
    -2.798544406890869,
    -2.7973241806030273,
    -2.796980619430542,
    -2.7980716228485107,
    -2.798184394836426,
    -2.7980589866638184,
    -2.7962987422943115,
    -2.794205665588379,
    -2.793656349182129,
    -2.792835235595703,
    -2.791677713394165,
    -2.791438341140747,
    -2.7932143211364746,
    -2.79661226272583,
    -2.7999660968780518,
    -2.802539587020874,
    -2.8052024841308594,
    -2.8065364360809326,
    -2.80781888961792,
    -2.8088955879211426,
    -2.808392286300659,
    -2.8070099353790283,
    -2.805000066757202,
    -2.8033735752105713,
    -2.8037590980529785,
    -2.804995536804199,
    -2.8080039024353027,
    -2.810913324356079,
    -2.8133480548858643,
    -2.8163270950317383,
    -2.8195555210113525,
    -2.8222672939300537,
    -2.8245415687561035,
    -2.8262581825256348,
    -2.826972484588623,
    -2.8285231590270996,
    -2.830749034881592,
    -2.8339903354644775,
    -2.8371763229370117,
    -2.84027099609375,
    -2.8435285091400146,
    -2.8474535942077637,
    -2.850771903991699,
    -2.8535709381103516,
    -2.8569984436035156,
    -2.8603925704956055,
    -2.863830089569092,
    -2.867746114730835,
    -2.8718791007995605,
    -2.87593674659729,
    -2.879460334777832,
    -2.8845391273498535,
    -2.89032244682312,
    -2.8961238861083984,
    -2.901412010192871,
    -2.905935049057007,
    -2.9087610244750977,
    -2.911386251449585,
    -2.9139673709869385,
    -2.916346549987793,
    -2.9180386066436768,
    -2.9193472862243652,
    -2.9204304218292236,
    -2.9210610389709473,
    -2.921293258666992,
    -2.921482563018799,
    -2.922032594680786,
    -2.922929286956787,
    -2.9236257076263428,
    -2.9255008697509766,
    -2.9276185035705566,
    -2.9297354221343994,
    -2.9320743083953857,
    -2.9344730377197266,
    -2.936797857284546,
    -2.9395883083343506,
    -2.94278621673584,
    -2.9463629722595215,
    -2.951901435852051,
    -2.9574778079986572,
    -2.9632303714752197,
    -2.9690566062927246,
    -2.97495698928833,
    -2.981128215789795
  ]
}