{
  "arm": 30,
  "p": 0.875,
  "q": 0.465,
  "whittle": [
    -1.767259120941162,
    -1.7630529403686523,
    -1.7582119703292847,
    -1.7530039548873901,
    -1.747369408607483,
    -1.7419646978378296,
    -1.7359755039215088,
    -1.7305594682693481,
    -1.7271720170974731,
    -1.7243739366531372,
    -1.7219446897506714,
    -1.719567060470581,
    -1.716623067855835,
    -1.712927222251892,
    -1.7093291282653809,
    -1.7060195207595825,
    -1.7024997472763062,
    -1.699256181716919,
    -1.6961233615875244,
    -1.6929597854614258,
    -1.6892330646514893,
    -1.6835159063339233,
    -1.6772785186767578,
    -1.6728113889694214,
    -1.6683944463729858,
    -1.6643668413162231,
    -1.6612095832824707,
    -1.6622401475906372,
    -1.6646761894226074,
    -1.6661171913146973,
    -1.6661295890808105,
    -1.6649620532989502,
    -1.6645379066467285,
    -1.6644868850708008,
    -1.664353370666504,
    -1.6642205715179443,
    -1.664081335067749,
    -1.662790060043335,
    -1.6610468626022339,
    -1.6614304780960083,
    -1.662157416343689,
    -1.6625808477401733,
    -1.662330985069275,
    -1.6619163751602173,
    -1.6615060567855835,
    -1.6616041660308838,
    -1.6640892028808594,
    -1.667576789855957,
    -1.669734001159668,
    -1.6716060638427734,
    -1.6730551719665527,
    -1.6749032735824585,
    -1.6781275272369385,
    -1.6816260814666748,
    -1.6851271390914917,
    -1.6889994144439697,
    -1.6929014921188354,
    -1.6972978115081787,
    -1.7017161846160889,
    -1.705963373184204,
    -1.7098218202590942,
    -1.713862419128418,
    -1.7178819179534912,
    -1.7213904857635498,
    -1.7247883081436157,
    -1.7280569076538086,
    -1.731127381324768,
    -1.734920620918274,
    -1.7387783527374268,
    -1.7427853345870972,
    -1.7466657161712646,
    -1.7502851486206055,
    -1.7533544301986694,
    -1.7563691139221191,
    -1.7593837976455688,
    -1.763108491897583,
    -1.7676197290420532,
    -1.7727583646774292,
    -1.7774714231491089,
    -1.7815873622894287,
    -1.7847304344177246,
    -1.7877955436706543,
    -1.7905497550964355,
    -1.7929409742355347,
    -1.795140266418457,
    -1.7975480556488037,
    -1.7999083995819092,
    -1.8021904230117798,
    -1.804472804069519,
    -1.807058572769165,
    -1.8102425336837769,
    -1.8132928609848022,
    -1.8163433074951172,
    -1.8198684453964233,
    -1.8248817920684814,
    -1.8298946619033813,
    -1.8349775075912476,
    -1.8402986526489258,
    -1.8456463813781738,
    -1.8511141538619995
  ]
}