{
  "arm": 67,
  "p": 0.206,
  "q": 0.772,
  "whittle": [
    -1.1749818325042725,
    -1.168779969215393,
    -1.1627531051635742,
    -1.1562576293945312,
    -1.1497104167938232,
    -1.1422063112258911,
    -1.1341359615325928,
    -1.1275180578231812,
    -1.1231606006622314,
    -1.1181814670562744,
    -1.1129213571548462,
    -1.107697606086731,
    -1.1023426055908203,
    -1.0970971584320068,
    -1.0920584201812744,
    -1.0872104167938232,
    -1.082529902458191,
    -1.0777865648269653,
    -1.0729981660842896,
    -1.0681166648864746,
    -1.0620843172073364,
    -1.0557037591934204,
    -1.0480269193649292,
    -1.040635347366333,
    -1.0352718830108643,
    -1.0303114652633667,
    -1.0255717039108276,
    -1.0221898555755615,
    -1.0181087255477905,
    -1.0135328769683838,
    -1.008671760559082,
    -1.0037000179290771,
    -0.9993424415588379,
    -0.995227575302124,
    -0.9914027452468872,
    -0.9880337715148926,
    -0.9847283959388733,
    -0.9807539582252502,
    -0.9764834642410278,
    -0.9747181534767151,
    -0.9741095304489136,
    -0.9731689095497131,
    -0.9721916913986206,
    -0.9706137180328369,
    -0.9702484011650085,
    -0.9706040620803833,
    -0.9701446294784546,
    -0.9685415029525757,
    -0.9683791399002075,
    -0.9678915143013,
    -0.9671919941902161,
    -0.9665082097053528,
    -0.9672819375991821,
    -0.9692883491516113,
    -0.9717996120452881,
    -0.9745829701423645,
    -0.9771615266799927,
    -0.9800282716751099,
    -0.9826164841651917,
    -0.9856628775596619,
    -0.988844633102417,
    -0.9915815591812134,
    -0.9942883849143982,
    -0.9967522621154785,
    -0.999245822429657,
    -1.001443862915039,
    -1.0034594535827637,
    -1.0053966045379639,
    -1.0068838596343994,
    -1.0089099407196045,
    -1.0109477043151855,
    -1.0131787061691284,
    -1.0153636932373047,
    -1.0188183784484863,
    -1.0215938091278076,
    -1.0242643356323242,
    -1.0269346237182617,
    -1.0295746326446533,
    -1.0315449237823486,
    -1.032029628753662,
    -1.0321780443191528,
    -1.032469391822815,
    -1.0337151288986206,
    -1.034924864768982,
    -1.0359671115875244,
    -1.038576602935791,
    -1.041198968887329,
    -1.043511152267456,
    -1.0461615324020386,
    -1.0488388538360596,
    -1.0514025688171387,
    -1.053662896156311,
    -1.0559600591659546,
    -1.0592707395553589,
    -1.0631719827651978,
    -1.0668659210205078,
    -1.0711994171142578,
    -1.075640320777893,
    -1.0802059173583984,
    -1.0844917297363281
  ]
}