{
  "arm": 70,
  "p": 0.806,
  "q": 0.86,
  "whittle": [
    -2.130398988723755,
    -2.1264522075653076,
    -2.1223881244659424,
    -2.1185483932495117,
    -2.114286422729492,
    -2.1093082427978516,
    -2.1035749912261963,
    -2.097884178161621,
    -2.0936999320983887,
    -2.09110689163208,
    -2.0887584686279297,
    -2.086425304412842,
    -2.084221124649048,
    -2.080840826034546,
    -2.0773701667785645,
    -2.0738823413848877,
    -2.0704190731048584,
    -2.066955804824829,
    -2.0634922981262207,
    -2.060009002685547,
    -2.0555851459503174,
    -2.0506670475006104,
    -2.044511079788208,
    -2.0397558212280273,
    -2.0357234477996826,
    -2.0321919918060303,
    -2.031238555908203,
    -2.0312564373016357,
    -2.0317413806915283,
    -2.0320773124694824,
    -2.032716751098633,
    -2.0315842628479004,
    -2.029649257659912,
    -2.0288310050964355,
    -2.0277140140533447,
    -2.025383710861206,
    -2.023350477218628,
    -2.021454095840454,
    -2.018876791000366,
    -2.0164248943328857,
    -2.013993740081787,
    -2.012053966522217,
    -2.010502338409424,
    -2.0092248916625977,
    -2.0080666542053223,
    -2.007227897644043,
    -2.006213426589966,
    -2.007262706756592,
    -2.0080928802490234,
    -2.008448839187622,
    -2.007265567779541,
    -2.0061144828796387,
    -2.007079601287842,
    -2.0088841915130615,
    -2.010814666748047,
    -2.0126559734344482,
    -2.0144388675689697,
    -2.016374111175537,
    -2.0179641246795654,
    -2.0199685096740723,
    -2.022355079650879,
    -2.025110960006714,
    -2.0277462005615234,
    -2.0297627449035645,
    -2.0314743518829346,
    -2.0333001613616943,
    -2.034553289413452,
    -2.035404682159424,
    -2.036350727081299,
    -2.0377397537231445,
    -2.0390872955322266,
    -2.0404350757598877,
    -2.0406558513641357,
    -2.040682077407837,
    -2.0404183864593506,
    -2.040529727935791,
    -2.0404791831970215,
    -2.0403189659118652,
    -2.0402755737304688,
    -2.040154218673706,
    -2.0393950939178467,
    -2.0386552810668945,
    -2.037818670272827,
    -2.038038730621338,
    -2.0388596057891846,
    -2.0404841899871826,
    -2.0421481132507324,
    -2.043818950653076,
    -2.0454940795898438,
    -2.0470616817474365,
    -2.048548460006714,
    -2.0499017238616943,
    -2.0516068935394287,
    -2.0534090995788574,
    -2.0569310188293457,
    -2.060619354248047,
    -2.064307451248169,
    -2.0683395862579346,
    -2.0728724002838135,
    -2.077510356903076
  ]
}