{
  "arm": 53,
  "p": 0.438,
  "q": 0.12,
  "whittle": [
    -1.9577767848968506,
    -1.9535932540893555,
    -1.9497385025024414,
    -1.945753574371338,
    -1.9415446519851685,
    -1.937997817993164,
    -1.934343934059143,
    -1.9311798810958862,
    -1.929840326309204,
    -1.9284344911575317,
    -1.9269822835922241,
    -1.9257678985595703,
    -1.9234066009521484,
    -1.9209105968475342,
    -1.9182806015014648,
    -1.9155856370925903,
    -1.9129866361618042,
    -1.9103877544403076,
    -1.9079288244247437,
    -1.9058129787445068,
    -1.9033517837524414,
    -1.9002293348312378,
    -1.898763656616211,
    -1.9004664421081543,
    -1.9021257162094116,
    -1.9039171934127808,
    -1.9075883626937866,
    -1.9116815328598022,
    -1.9156030416488647,
    -1.9188249111175537,
    -1.9221762418746948,
    -1.9246348142623901,
    -1.9275823831558228,
    -1.9289978742599487,
    -1.9302310943603516,
    -1.9314924478530884,
    -1.932433843612671,
    -1.9331398010253906,
    -1.9338897466659546,
    -1.9351775646209717,
    -1.936621069908142,
    -1.9374184608459473,
    -1.9386019706726074,
    -1.9387500286102295,
    -1.9394285678863525,
    -1.9421796798706055,
    -1.9443036317825317,
    -1.9467216730117798,
    -1.949233889579773,
    -1.951223373413086,
    -1.9529850482940674,
    -1.9548741579055786,
    -1.9569993019104004,
    -1.9598369598388672,
    -1.9635664224624634,
    -1.9678033590316772,
    -1.9722034931182861,
    -1.9764437675476074,
    -1.9798372983932495,
    -1.9828176498413086,
    -1.9860960245132446,
    -1.9890724420547485,
    -1.9922341108322144,
    -1.997113585472107,
    -2.0025291442871094,
    -2.0079448223114014,
    -2.012526273727417,
    -2.016709566116333,
    -2.0208311080932617,
    -2.0250601768493652,
    -2.029024362564087,
    -2.032029151916504,
    -2.0345382690429688,
    -2.0358002185821533,
    -2.036740779876709,
    -2.0377557277679443,
    -2.0387704372406006,
    -2.039675235748291,
    -2.0404980182647705,
    -2.042294979095459,
    -2.044316053390503,
    -2.0463192462921143,
    -2.0483055114746094,
    -2.04980206489563,
    -2.051166296005249,
    -2.0536131858825684,
    -2.0563721656799316,
    -2.0589914321899414,
    -2.061464786529541,
    -2.063937187194824,
    -2.0662622451782227,
    -2.068589448928833,
    -2.0710880756378174,
    -2.0748958587646484,
    -2.0795156955718994,
    -2.0852246284484863,
    -2.0912280082702637,
    -2.097230911254883,
    -2.103057861328125,
    -2.1089742183685303
  ]
}