{
  "arm": 35,
  "p": 0.213,
  "q": 0.14,
  "whittle": [
    -1.5141372680664062,
    -1.5086429119110107,
    -1.5028599500656128,
    -1.4973946809768677,
    -1.4918968677520752,
    -1.4855849742889404,
    -1.4792287349700928,
    -1.4723273515701294,
    -1.4655965566635132,
    -1.4611140489578247,
    -1.4563499689102173,
    -1.451590657234192,
    -1.4459145069122314,
    -1.4395629167556763,
    -1.4337714910507202,
    -1.4287121295928955,
    -1.4236308336257935,
    -1.4191231727600098,
    -1.414433240890503,
    -1.409651279449463,
    -1.4034924507141113,
    -1.396523356437683,
    -1.38922119140625,
    -1.381800889968872,
    -1.3745423555374146,
    -1.369229793548584,
    -1.364164113998413,
    -1.3597159385681152,
    -1.3564395904541016,
    -1.3529365062713623,
    -1.3489116430282593,
    -1.3435090780258179,
    -1.3382295370101929,
    -1.333250641822815,
    -1.3285670280456543,
    -1.3239797353744507,
    -1.3199559450149536,
    -1.315408706665039,
    -1.3118616342544556,
    -1.3090667724609375,
    -1.305790662765503,
    -1.3024897575378418,
    -1.299168348312378,
    -1.2959669828414917,
    -1.29295814037323,
    -1.290790319442749,
    -1.2884515523910522,
    -1.2854868173599243,
    -1.2823179960250854,
    -1.2791823148727417,
    -1.276228666305542,
    -1.2732785940170288,
    -1.2717297077178955,
    -1.2732865810394287,
    -1.2750529050827026,
    -1.2768806219100952,
    -1.2786844968795776,
    -1.280150294303894,
    -1.2814329862594604,
    -1.2833746671676636,
    -1.2860296964645386,
    -1.2883661985397339,
    -1.2905842065811157,
    -1.2926515340805054,
    -1.2946563959121704,
    -1.296661376953125,
    -1.2980873584747314,
    -1.2994625568389893,
    -1.3004549741744995,
    -1.301411747932434,
    -1.3019732236862183,
    -1.3021316528320312,
    -1.3015022277832031,
    -1.3003966808319092,
    -1.3011051416397095,
    -1.3033502101898193,
    -1.305629014968872,
    -1.3076765537261963,
    -1.3096758127212524,
    -1.3113420009613037,
    -1.31258225440979,
    -1.3130651712417603,
    -1.3131356239318848,
    -1.31302809715271,
    -1.3127514123916626,
    -1.3132387399673462,
    -1.3139134645462036,
    -1.3145380020141602,
    -1.3157566785812378,
    -1.317106008529663,
    -1.318350076675415,
    -1.3198351860046387,
    -1.3214737176895142,
    -1.3244036436080933,
    -1.3275805711746216,
    -1.330987811088562,
    -1.3343948125839233,
    -1.3378019332885742,
    -1.3413810729980469,
    -1.3458120822906494
  ]
}