{
  "arm": 56,
  "p": 0.588,
  "q": 0.209,
  "whittle": [
    -3.5420968532562256,
    -3.54282546043396,
    -3.5433900356292725,
    -3.5437564849853516,
    -3.543478488922119,
    -3.5438687801361084,
    -3.5435738563537598,
    -3.543564558029175,
    -3.543889284133911,
    -3.5451793670654297,
    -3.546445369720459,
    -3.5476114749908447,
    -3.5488405227661133,
    -3.549039840698242,
    -3.550835371017456,
    -3.5525527000427246,
    -3.5546071529388428,
    -3.5571398735046387,
    -3.559788703918457,
    -3.562673330307007,
    -3.5648789405822754,
    -3.5648958683013916,
    -3.564181089401245,
    -3.5633082389831543,
    -3.5649096965789795,
    -3.566283941268921,
    -3.5682828426361084,
    -3.5706255435943604,
    -3.5743820667266846,
    -3.5773978233337402,
    -3.5809009075164795,
    -3.583418130874634,
    -3.586045503616333,
    -3.5891716480255127,
    -3.5928030014038086,
    -3.5956363677978516,
    -3.5955493450164795,
    -3.594512701034546,
    -3.593428373336792,
    -3.5950446128845215,
    -3.596680164337158,
    -3.598336696624756,
    -3.5999889373779297,
    -3.6022422313690186,
    -3.6067991256713867,
    -3.6120386123657227,
    -3.617159128189087,
    -3.6220006942749023,
    -3.6255033016204834,
    -3.627788782119751,
    -3.6293904781341553,
    -3.6305091381073,
    -3.6317336559295654,
    -3.633826494216919,
    -3.635915994644165,
    -3.6377923488616943,
    -3.63993501663208,
    -3.642928123474121,
    -3.6448028087615967,
    -3.646512269973755,
    -3.6489930152893066,
    -3.6515023708343506,
    -3.653949022293091,
    -3.656973361968994,
    -3.660703182220459,
    -3.6638290882110596,
    -3.6657350063323975,
    -3.6675164699554443,
    -3.669440269470215,
    -3.670469045639038,
    -3.6721270084381104,
    -3.6736536026000977,
    -3.674809455871582,
    -3.675983428955078,
    -3.676595449447632,
    -3.676964521408081,
    -3.6773335933685303,
    -3.6774067878723145,
    -3.6772825717926025,
    -3.6767570972442627,
    -3.6765451431274414,
    -3.676469087600708,
    -3.676992893218994,
    -3.676949977874756,
    -3.67667818069458,
    -3.6782796382904053,
    -3.6807830333709717,
    -3.683286190032959,
    -3.6858725547790527,
    -3.6887001991271973,
    -3.6914479732513428,
    -3.694096088409424,
    -3.696744203567505,
    -3.699967861175537,
    -3.7053487300872803,
    -3.7109618186950684,
    -3.716581344604492,
    -3.722228527069092,
    -3.7278833389282227,
    -3.734079122543335
  ]
}