{
  "arm": 80,
  "p": 0.531,
  "q": 0.103,
  "whittle": [
    -2.251098155975342,
    -2.248434543609619,
    -2.2461800575256348,
    -2.244279146194458,
    -2.241922616958618,
    -2.2394232749938965,
    -2.236294984817505,
    -2.2346010208129883,
    -2.2344164848327637,
    -2.233583450317383,
    -2.2327983379364014,
    -2.232173442840576,
    -2.2306997776031494,
    -2.2284209728240967,
    -2.22617769241333,
    -2.224087715148926,
    -2.2220869064331055,
    -2.2200865745544434,
    -2.2179031372070312,
    -2.215703010559082,
    -2.213712215423584,
    -2.212904930114746,
    -2.2144460678100586,
    -2.216001033782959,
    -2.217334747314453,
    -2.218688726425171,
    -2.220534324645996,
    -2.2236196994781494,
    -2.227052688598633,
    -2.230757236480713,
    -2.234633207321167,
    -2.236464023590088,
    -2.2380263805389404,
    -2.2393276691436768,
    -2.240710496902466,
    -2.2421042919158936,
    -2.241617202758789,
    -2.2404837608337402,
    -2.2392587661743164,
    -2.238062858581543,
    -2.237637758255005,
    -2.2385940551757812,
    -2.2385456562042236,
    -2.2385408878326416,
    -2.2405436038970947,
    -2.2430295944213867,
    -2.2457189559936523,
    -2.248251438140869,
    -2.2499561309814453,
    -2.251910924911499,
    -2.253709077835083,
    -2.255683183670044,
    -2.258092164993286,
    -2.2611160278320312,
    -2.2644548416137695,
    -2.2677676677703857,
    -2.271257162094116,
    -2.27571964263916,
    -2.279372215270996,
    -2.2831227779388428,
    -2.286762237548828,
    -2.2903342247009277,
    -2.293998956680298,
    -2.298069715499878,
    -2.302647113800049,
    -2.307197332382202,
    -2.3122246265411377,
    -2.3170814514160156,
    -2.3219542503356934,
    -2.326895236968994,
    -2.3316872119903564,
    -2.335561513900757,
    -2.338852643966675,
    -2.3409900665283203,
    -2.3434643745422363,
    -2.3453209400177,
    -2.3469126224517822,
    -2.3481476306915283,
    -2.3490631580352783,
    -2.349522352218628,
    -2.3499650955200195,
    -2.3511159420013428,
    -2.3532392978668213,
    -2.3548197746276855,
    -2.3563103675842285,
    -2.358996629714966,
    -2.3621058464050293,
    -2.365215301513672,
    -2.3680593967437744,
    -2.37089467048645,
    -2.3735713958740234,
    -2.3761212825775146,
    -2.378671407699585,
    -2.3826043605804443,
    -2.3876233100891113,
    -2.392671585083008,
    -2.397718667984009,
    -2.402766227722168,
    -2.4081904888153076,
    -2.413696050643921
  ]
}