{
  "arm": 76,
  "p": 0.656,
  "q": 0.801,
  "whittle": [
    -2.306090831756592,
    -2.304044246673584,
    -2.301223039627075,
    -2.297182559967041,
    -2.2927725315093994,
    -2.2877912521362305,
    -2.281977415084839,
    -2.2761645317077637,
    -2.2702181339263916,
    -2.267047166824341,
    -2.264291763305664,
    -2.261554002761841,
    -2.2587645053863525,
    -2.25525164604187,
    -2.251643180847168,
    -2.247905731201172,
    -2.2442569732666016,
    -2.240661144256592,
    -2.2370810508728027,
    -2.2335288524627686,
    -2.2284514904022217,
    -2.2219982147216797,
    -2.214395046234131,
    -2.2067911624908447,
    -2.200360059738159,
    -2.1961829662323,
    -2.194401741027832,
    -2.1929216384887695,
    -2.1920580863952637,
    -2.1910593509674072,
    -2.191025972366333,
    -2.191520929336548,
    -2.190894842147827,
    -2.1899735927581787,
    -2.188727617263794,
    -2.1872313022613525,
    -2.1850051879882812,
    -2.182939052581787,
    -2.180107355117798,
    -2.177396774291992,
    -2.1743881702423096,
    -2.1717443466186523,
    -2.168959140777588,
    -2.167449712753296,
    -2.1662204265594482,
    -2.165393590927124,
    -2.1655266284942627,
    -2.166577100753784,
    -2.1665337085723877,
    -2.165666341781616,
    -2.1640355587005615,
    -2.1640548706054688,
    -2.1649298667907715,
    -2.1663432121276855,
    -2.167961359024048,
    -2.1697049140930176,
    -2.1715025901794434,
    -2.173436164855957,
    -2.1748740673065186,
    -2.1758034229278564,
    -2.177032947540283,
    -2.1787502765655518,
    -2.180227756500244,
    -2.1819417476654053,
    -2.1836931705474854,
    -2.1856181621551514,
    -2.186988592147827,
    -2.188812732696533,
    -2.190800189971924,
    -2.192368745803833,
    -2.194624900817871,
    -2.1978790760040283,
    -2.199979782104492,
    -2.201826572418213,
    -2.202399730682373,
    -2.202254295349121,
    -2.2020504474639893,
    -2.2015461921691895,
    -2.2012243270874023,
    -2.20072603225708,
    -2.1994571685791016,
    -2.198355197906494,
    -2.1976377964019775,
    -2.19726300239563,
    -2.1974258422851562,
    -2.1991350650787354,
    -2.2009360790252686,
    -2.202737331390381,
    -2.2045412063598633,
    -2.206202745437622,
    -2.2076966762542725,
    -2.209012031555176,
    -2.2104005813598633,
    -2.2120230197906494,
    -2.2155685424804688,
    -2.219114065170288,
    -2.2226595878601074,
    -2.226205587387085,
    -2.230085611343384,
    -2.2341630458831787
  ]
}