{
  "arm": 43,
  "p": 0.263,
  "q": 0.851,
  "whittle": [
    -1.8369662761688232,
    -1.8327772617340088,
    -1.8283967971801758,
    -1.8242132663726807,
    -1.8192819356918335,
    -1.8135697841644287,
    -1.80803382396698,
    -1.8043372631072998,
    -1.8017812967300415,
    -1.799115538597107,
    -1.7963577508926392,
    -1.7940045595169067,
    -1.7918157577514648,
    -1.788462519645691,
    -1.7850596904754639,
    -1.7816821336746216,
    -1.7782771587371826,
    -1.775038242340088,
    -1.7720518112182617,
    -1.7690500020980835,
    -1.7653520107269287,
    -1.761461615562439,
    -1.758302092552185,
    -1.7553645372390747,
    -1.7528412342071533,
    -1.7511106729507446,
    -1.7521584033966064,
    -1.754392385482788,
    -1.756188988685608,
    -1.7578204870224,
    -1.7586990594863892,
    -1.7589366436004639,
    -1.7605236768722534,
    -1.7613776922225952,
    -1.7610771656036377,
    -1.7609978914260864,
    -1.7601851224899292,
    -1.7583959102630615,
    -1.7563047409057617,
    -1.7561964988708496,
    -1.756561517715454,
    -1.757049322128296,
    -1.757418155670166,
    -1.7569684982299805,
    -1.7554877996444702,
    -1.7546831369400024,
    -1.7537826299667358,
    -1.75229811668396,
    -1.7503199577331543,
    -1.7514744997024536,
    -1.752333164215088,
    -1.7529724836349487,
    -1.754080891609192,
    -1.7557265758514404,
    -1.7576005458831787,
    -1.7596626281738281,
    -1.7625458240509033,
    -1.7658425569534302,
    -1.7686768770217896,
    -1.7711938619613647,
    -1.7739046812057495,
    -1.7761794328689575,
    -1.7784541845321655,
    -1.780840277671814,
    -1.7833423614501953,
    -1.7848631143569946,
    -1.786142349243164,
    -1.787684679031372,
    -1.7891831398010254,
    -1.791927456855774,
    -1.794454574584961,
    -1.796740174293518,
    -1.7966245412826538,
    -1.7964226007461548,
    -1.7962208986282349,
    -1.795967936515808,
    -1.7958136796951294,
    -1.795588493347168,
    -1.7953572273254395,
    -1.7955992221832275,
    -1.7966939210891724,
    -1.7977969646453857,
    -1.798741102218628,
    -1.7996999025344849,
    -1.8006556034088135,
    -1.8021918535232544,
    -1.8038851022720337,
    -1.8053971529006958,
    -1.8069093227386475,
    -1.8084735870361328,
    -1.8100152015686035,
    -1.8114010095596313,
    -1.8127870559692383,
    -1.8146718740463257,
    -1.8188484907150269,
    -1.823296308517456,
    -1.827872395515442,
    -1.8324713706970215,
    -1.8370816707611084,
    -1.8417844772338867
  ]
}