{
  "arm": 88,
  "p": 0.581,
  "q": 0.814,
  "whittle": [
    -3.2183754444122314,
    -3.2179455757141113,
    -3.2173609733581543,
    -3.215348720550537,
    -3.213547945022583,
    -3.212002754211426,
    -3.2098963260650635,
    -3.20822811126709,
    -3.2068591117858887,
    -3.2068490982055664,
    -3.206839084625244,
    -3.2067935466766357,
    -3.2067763805389404,
    -3.20550799369812,
    -3.203902006149292,
    -3.202284812927246,
    -3.200967311859131,
    -3.1996500492095947,
    -3.2000672817230225,
    -3.201110363006592,
    -3.2009434700012207,
    -3.200435161590576,
    -3.198427438735962,
    -3.1968822479248047,
    -3.1965882778167725,
    -3.19559383392334,
    -3.1945998668670654,
    -3.1938230991363525,
    -3.1941444873809814,
    -3.19535231590271,
    -3.1967389583587646,
    -3.1979496479034424,
    -3.1995303630828857,
    -3.201111316680908,
    -3.2014803886413574,
    -3.200716018676758,
    -3.199186086654663,
    -3.197169065475464,
    -3.1943020820617676,
    -3.19185471534729,
    -3.189274311065674,
    -3.1865198612213135,
    -3.1838438510894775,
    -3.180767297744751,
    -3.177703857421875,
    -3.177931308746338,
    -3.1788976192474365,
    -3.1783974170684814,
    -3.1772172451019287,
    -3.175755023956299,
    -3.1733109951019287,
    -3.172272205352783,
    -3.1721081733703613,
    -3.1728310585021973,
    -3.17313289642334,
    -3.1734023094177246,
    -3.1738202571868896,
    -3.1741137504577637,
    -3.173621892929077,
    -3.173799753189087,
    -3.1745986938476562,
    -3.1759512424468994,
    -3.1776962280273438,
    -3.1797707080841064,
    -3.1816086769104004,
    -3.183602809906006,
    -3.185103178024292,
    -3.1866583824157715,
    -3.187873601913452,
    -3.1883387565612793,
    -3.1884255409240723,
    -3.1884350776672363,
    -3.1870276927948,
    -3.1856205463409424,
    -3.184915542602539,
    -3.184913396835327,
    -3.1851866245269775,
    -3.184612989425659,
    -3.184271812438965,
    -3.184185028076172,
    -3.1835403442382812,
    -3.1828134059906006,
    -3.182183265686035,
    -3.182238817214966,
    -3.1823348999023438,
    -3.184161901473999,
    -3.185987710952759,
    -3.187514543533325,
    -3.1890406608581543,
    -3.1905672550201416,
    -3.1921305656433105,
    -3.1935923099517822,
    -3.1950533390045166,
    -3.1966190338134766,
    -3.2008583545684814,
    -3.20526385307312,
    -3.2096688747406006,
    -3.214073896408081,
    -3.2184791564941406,
    -3.224270820617676
  ]
}