{
  "arm": 98,
  "p": 0.719,
  "q": 0.163,
  "whittle": [
    -1.6449168920516968,
    -1.6399434804916382,
    -1.6349618434906006,
    -1.6301250457763672,
    -1.6247477531433105,
    -1.618770956993103,
    -1.6120436191558838,
    -1.6053763628005981,
    -1.601149559020996,
    -1.5973156690597534,
    -1.593449354171753,
    -1.5896713733673096,
    -1.586413025856018,
    -1.5826692581176758,
    -1.5781949758529663,
    -1.5738236904144287,
    -1.5695381164550781,
    -1.5651018619537354,
    -1.5601145029067993,
    -1.5548553466796875,
    -1.5494130849838257,
    -1.5422273874282837,
    -1.5349903106689453,
    -1.5277595520019531,
    -1.52139413356781,
    -1.516400694847107,
    -1.5119009017944336,
    -1.5081428289413452,
    -1.5048285722732544,
    -1.5020474195480347,
    -1.4976335763931274,
    -1.4936130046844482,
    -1.4908114671707153,
    -1.4881452322006226,
    -1.4857062101364136,
    -1.4845056533813477,
    -1.4833348989486694,
    -1.4814677238464355,
    -1.4786452054977417,
    -1.4754375219345093,
    -1.4725682735443115,
    -1.4711354970932007,
    -1.4693145751953125,
    -1.4670308828353882,
    -1.4656012058258057,
    -1.4647495746612549,
    -1.4637651443481445,
    -1.4633604288101196,
    -1.46200430393219,
    -1.4608726501464844,
    -1.461140751838684,
    -1.4621745347976685,
    -1.4639954566955566,
    -1.4662400484085083,
    -1.468496322631836,
    -1.4707589149475098,
    -1.473375916481018,
    -1.4763703346252441,
    -1.479699730873108,
    -1.4830323457717896,
    -1.4867507219314575,
    -1.4902983903884888,
    -1.4933446645736694,
    -1.4963512420654297,
    -1.4994240999221802,
    -1.502511978149414,
    -1.5053716897964478,
    -1.5078986883163452,
    -1.5098297595977783,
    -1.513013482093811,
    -1.5161123275756836,
    -1.5186434984207153,
    -1.5207412242889404,
    -1.5227140188217163,
    -1.5255900621414185,
    -1.5291872024536133,
    -1.5328539609909058,
    -1.53685462474823,
    -1.539659857749939,
    -1.5421334505081177,
    -1.5436569452285767,
    -1.5450208187103271,
    -1.546321988105774,
    -1.5471665859222412,
    -1.5479297637939453,
    -1.5495543479919434,
    -1.5511201620101929,
    -1.5523933172225952,
    -1.553947925567627,
    -1.5561667680740356,
    -1.55826997756958,
    -1.5602610111236572,
    -1.5622667074203491,
    -1.565493106842041,
    -1.5695313215255737,
    -1.5735697746276855,
    -1.577791452407837,
    -1.582119345664978,
    -1.5864473581314087,
    -1.5908609628677368
  ]
}