{
  "arm": 41,
  "p": 0.363,
  "q": 0.317,
  "whittle": [
    -1.906125783920288,
    -1.9022696018218994,
    -1.8972853422164917,
    -1.892953872680664,
    -1.888462781906128,
    -1.8835642337799072,
    -1.8784072399139404,
    -1.873558521270752,
    -1.870947003364563,
    -1.8688536882400513,
    -1.8663246631622314,
    -1.8634727001190186,
    -1.8609899282455444,
    -1.8584041595458984,
    -1.8555657863616943,
    -1.852819561958313,
    -1.8502510786056519,
    -1.8477070331573486,
    -1.844943642616272,
    -1.8426556587219238,
    -1.840269684791565,
    -1.8400472402572632,
    -1.8408565521240234,
    -1.841496467590332,
    -1.8427581787109375,
    -1.8462427854537964,
    -1.8504242897033691,
    -1.8546196222305298,
    -1.8587690591812134,
    -1.863228440284729,
    -1.8677493333816528,
    -1.8693679571151733,
    -1.8705068826675415,
    -1.8718363046646118,
    -1.873370885848999,
    -1.8770450353622437,
    -1.8811248540878296,
    -1.8836479187011719,
    -1.8854525089263916,
    -1.8872137069702148,
    -1.8886936902999878,
    -1.8925533294677734,
    -1.8968371152877808,
    -1.8997745513916016,
    -1.903024435043335,
    -1.9072242975234985,
    -1.911365032196045,
    -1.9149848222732544,
    -1.9179632663726807,
    -1.9206229448318481,
    -1.9242717027664185,
    -1.9284392595291138,
    -1.9327211380004883,
    -1.9374070167541504,
    -1.942480444908142,
    -1.947266936302185,
    -1.9520419836044312,
    -1.9562698602676392,
    -1.9604802131652832,
    -1.9648406505584717,
    -1.9690971374511719,
    -1.9746651649475098,
    -1.9804707765579224,
    -1.9862583875656128,
    -1.9921222925186157,
    -1.9976998567581177,
    -2.0024735927581787,
    -2.007216691970825,
    -2.0122270584106445,
    -2.0173280239105225,
    -2.0222342014312744,
    -2.0267012119293213,
    -2.030160665512085,
    -2.033115863800049,
    -2.0360536575317383,
    -2.0389695167541504,
    -2.041433334350586,
    -2.04415225982666,
    -2.0466272830963135,
    -2.0487589836120605,
    -2.050673723220825,
    -2.052755832672119,
    -2.0548019409179688,
    -2.0565764904022217,
    -2.0584664344787598,
    -2.061429977416992,
    -2.064302921295166,
    -2.0671756267547607,
    -2.0700533390045166,
    -2.072941780090332,
    -2.075608968734741,
    -2.078266143798828,
    -2.080939769744873,
    -2.0847487449645996,
    -2.0905086994171143,
    -2.096339225769043,
    -2.1022796630859375,
    -2.1085941791534424,
    -2.1146278381347656,
    -2.120213031768799
  ]
}