{
  "arm": 25,
  "p": 0.375,
  "q": 0.87,
  "whittle": [
    -1.6512106657028198,
    -1.6470674276351929,
    -1.642696738243103,
    -1.6374564170837402,
    -1.632264494895935,
    -1.6264488697052002,
    -1.6203508377075195,
    -1.6145873069763184,
    -1.6113455295562744,
    -1.6080656051635742,
    -1.604785442352295,
    -1.6014480590820312,
    -1.5973436832427979,
    -1.5933632850646973,
    -1.589802622795105,
    -1.5864202976226807,
    -1.5830118656158447,
    -1.5795109272003174,
    -1.57600998878479,
    -1.5723131895065308,
    -1.5671801567077637,
    -1.5619676113128662,
    -1.5565186738967896,
    -1.5521656274795532,
    -1.5483250617980957,
    -1.545652985572815,
    -1.5446702241897583,
    -1.5446182489395142,
    -1.5460115671157837,
    -1.5472729206085205,
    -1.5468415021896362,
    -1.5445904731750488,
    -1.5426474809646606,
    -1.5419255495071411,
    -1.5413366556167603,
    -1.540919303894043,
    -1.53937828540802,
    -1.537922739982605,
    -1.5373352766036987,
    -1.537935495376587,
    -1.5383557081222534,
    -1.5387264490127563,
    -1.5385876893997192,
    -1.53801429271698,
    -1.53693687915802,
    -1.5364575386047363,
    -1.5358213186264038,
    -1.5354933738708496,
    -1.5374070405960083,
    -1.5387020111083984,
    -1.5393682718276978,
    -1.5411369800567627,
    -1.5439015626907349,
    -1.546830415725708,
    -1.549827218055725,
    -1.5528594255447388,
    -1.5560652017593384,
    -1.5593247413635254,
    -1.5621936321258545,
    -1.5646796226501465,
    -1.5671396255493164,
    -1.569739818572998,
    -1.5729999542236328,
    -1.5760159492492676,
    -1.5785715579986572,
    -1.580708622932434,
    -1.5824254751205444,
    -1.583892822265625,
    -1.585182785987854,
    -1.5866433382034302,
    -1.587720274925232,
    -1.5896188020706177,
    -1.5909913778305054,
    -1.592178463935852,
    -1.5933579206466675,
    -1.5938010215759277,
    -1.595415472984314,
    -1.5970425605773926,
    -1.5985636711120605,
    -1.5999531745910645,
    -1.6010297536849976,
    -1.6019949913024902,
    -1.6030696630477905,
    -1.6044299602508545,
    -1.6058021783828735,
    -1.6075637340545654,
    -1.6092851161956787,
    -1.6109776496887207,
    -1.6124106645584106,
    -1.6146552562713623,
    -1.616809606552124,
    -1.6188222169876099,
    -1.6209501028060913,
    -1.6241604089736938,
    -1.6285804510116577,
    -1.6330002546310425,
    -1.6374202966690063,
    -1.6418401002883911,
    -1.6462600231170654,
    -1.650770664215088
  ]
}