{
  "arm": 20,
  "p": 0.625,
  "q": 0.248,
  "whittle": [
    -1.6585307121276855,
    -1.6532882452011108,
    -1.6478983163833618,
    -1.6425647735595703,
    -1.6374173164367676,
    -1.6323691606521606,
    -1.6267975568771362,
    -1.6199665069580078,
    -1.613429307937622,
    -1.6088680028915405,
    -1.6042159795761108,
    -1.5995328426361084,
    -1.5941777229309082,
    -1.587850570678711,
    -1.5823485851287842,
    -1.5775164365768433,
    -1.572731614112854,
    -1.5677255392074585,
    -1.5625481605529785,
    -1.5570285320281982,
    -1.550900936126709,
    -1.5436077117919922,
    -1.536300778388977,
    -1.5288859605789185,
    -1.5214486122131348,
    -1.514041543006897,
    -1.508399248123169,
    -1.50295090675354,
    -1.4981141090393066,
    -1.493269920349121,
    -1.4871448278427124,
    -1.4805445671081543,
    -1.4749290943145752,
    -1.4692683219909668,
    -1.4641283750534058,
    -1.461205005645752,
    -1.4593379497528076,
    -1.4568886756896973,
    -1.4543259143829346,
    -1.4519519805908203,
    -1.4488781690597534,
    -1.445979118347168,
    -1.4439197778701782,
    -1.44080650806427,
    -1.436947226524353,
    -1.4339498281478882,
    -1.4322621822357178,
    -1.4310166835784912,
    -1.4291620254516602,
    -1.4277563095092773,
    -1.427480936050415,
    -1.4288920164108276,
    -1.4304771423339844,
    -1.4325149059295654,
    -1.434367299079895,
    -1.4362058639526367,
    -1.4382089376449585,
    -1.4403016567230225,
    -1.441782832145691,
    -1.4435758590698242,
    -1.446516990661621,
    -1.449138879776001,
    -1.4513838291168213,
    -1.4531793594360352,
    -1.4550020694732666,
    -1.4568589925765991,
    -1.4584120512008667,
    -1.459568977355957,
    -1.460307240486145,
    -1.460997462272644,
    -1.4615403413772583,
    -1.4616270065307617,
    -1.4619942903518677,
    -1.4631330966949463,
    -1.4639166593551636,
    -1.4655492305755615,
    -1.4676389694213867,
    -1.4692288637161255,
    -1.4695966243743896,
    -1.469785451889038,
    -1.4699403047561646,
    -1.470015048980713,
    -1.4700219631195068,
    -1.4695825576782227,
    -1.468875527381897,
    -1.4691497087478638,
    -1.4695720672607422,
    -1.469994068145752,
    -1.4704009294509888,
    -1.4707961082458496,
    -1.4711647033691406,
    -1.471433401107788,
    -1.4724996089935303,
    -1.474629282951355,
    -1.477780818939209,
    -1.4809321165084839,
    -1.4841059446334839,
    -1.487581729888916,
    -1.4910844564437866,
    -1.4947221279144287
  ]
}