{
  "arm": 27,
  "p": 0.275,
  "q": 0.377,
  "whittle": [
    -1.4903595447540283,
    -1.4855659008026123,
    -1.4805455207824707,
    -1.475130319595337,
    -1.4695264101028442,
    -1.4636528491973877,
    -1.457464337348938,
    -1.451630711555481,
    -1.4480228424072266,
    -1.444395661354065,
    -1.4407368898391724,
    -1.4371159076690674,
    -1.432761549949646,
    -1.428432583808899,
    -1.4246599674224854,
    -1.420873761177063,
    -1.417363166809082,
    -1.4134204387664795,
    -1.4094622135162354,
    -1.4058293104171753,
    -1.400734305381775,
    -1.3950343132019043,
    -1.3884402513504028,
    -1.3820364475250244,
    -1.3772931098937988,
    -1.3735508918762207,
    -1.3707106113433838,
    -1.3682821989059448,
    -1.365848422050476,
    -1.364079236984253,
    -1.3615007400512695,
    -1.358870506286621,
    -1.3560796976089478,
    -1.3535162210464478,
    -1.3510545492172241,
    -1.3497848510742188,
    -1.3487231731414795,
    -1.3471335172653198,
    -1.3452467918395996,
    -1.3434572219848633,
    -1.3430384397506714,
    -1.3432605266571045,
    -1.343497633934021,
    -1.3441379070281982,
    -1.3448381423950195,
    -1.345308542251587,
    -1.3444665670394897,
    -1.3424609899520874,
    -1.3405324220657349,
    -1.340544581413269,
    -1.3409276008605957,
    -1.341984748840332,
    -1.3441482782363892,
    -1.3466905355453491,
    -1.34926176071167,
    -1.3518012762069702,
    -1.354591727256775,
    -1.357177495956421,
    -1.3592029809951782,
    -1.3612638711929321,
    -1.3635880947113037,
    -1.3656270503997803,
    -1.367384672164917,
    -1.3692175149917603,
    -1.371165156364441,
    -1.3730329275131226,
    -1.3742517232894897,
    -1.3750593662261963,
    -1.375767469406128,
    -1.3764119148254395,
    -1.3775428533554077,
    -1.3792810440063477,
    -1.3801581859588623,
    -1.38102126121521,
    -1.3810144662857056,
    -1.3816858530044556,
    -1.382584571838379,
    -1.3836697340011597,
    -1.3845806121826172,
    -1.3854401111602783,
    -1.3860785961151123,
    -1.3867732286453247,
    -1.3874622583389282,
    -1.3880655765533447,
    -1.3882304430007935,
    -1.3890608549118042,
    -1.3900110721588135,
    -1.390950322151184,
    -1.392795205116272,
    -1.3944674730300903,
    -1.3960226774215698,
    -1.3975564241409302,
    -1.3994959592819214,
    -1.402713656425476,
    -1.406414270401001,
    -1.4101474285125732,
    -1.4138805866241455,
    -1.4176137447357178,
    -1.42134690284729,
    -1.42514169216156
  ]
}