{
  "arm": 47,
  "p": 0.138,
  "q": 0.258,
  "whittle": [
    -2.1859383583068848,
    -2.1826467514038086,
    -2.1792688369750977,
    -2.1757845878601074,
    -2.1725990772247314,
    -2.169137716293335,
    -2.165513753890991,
    -2.162628173828125,
    -2.161015510559082,
    -2.159557819366455,
    -2.1581358909606934,
    -2.1558241844177246,
    -2.153407335281372,
    -2.150716781616211,
    -2.147778272628784,
    -2.144855499267578,
    -2.142061233520508,
    -2.1393210887908936,
    -2.1366255283355713,
    -2.1336240768432617,
    -2.1300010681152344,
    -2.1266403198242188,
    -2.1267285346984863,
    -2.1273114681243896,
    -2.127429246902466,
    -2.1281042098999023,
    -2.1302688121795654,
    -2.133241653442383,
    -2.1363773345947266,
    -2.1392955780029297,
    -2.1420106887817383,
    -2.1439361572265625,
    -2.1466526985168457,
    -2.1485419273376465,
    -2.1492767333984375,
    -2.1500437259674072,
    -2.1491873264312744,
    -2.1470789909362793,
    -2.145202875137329,
    -2.1448729038238525,
    -2.145268678665161,
    -2.146165132522583,
    -2.1460940837860107,
    -2.145465135574341,
    -2.1453845500946045,
    -2.146318197250366,
    -2.148426055908203,
    -2.149979829788208,
    -2.151151418685913,
    -2.1509482860565186,
    -2.1508407592773438,
    -2.1513142585754395,
    -2.152395248413086,
    -2.1542322635650635,
    -2.156407594680786,
    -2.158285140991211,
    -2.1607210636138916,
    -2.1630003452301025,
    -2.164501190185547,
    -2.1659014225006104,
    -2.1681735515594482,
    -2.170801877975464,
    -2.1731696128845215,
    -2.175678253173828,
    -2.177964448928833,
    -2.1801342964172363,
    -2.1815974712371826,
    -2.1827046871185303,
    -2.1853525638580322,
    -2.1884753704071045,
    -2.1914455890655518,
    -2.1929426193237305,
    -2.193120002746582,
    -2.193297863006592,
    -2.1934754848480225,
    -2.193653106689453,
    -2.193920373916626,
    -2.1942832469940186,
    -2.194537401199341,
    -2.1940805912017822,
    -2.1932337284088135,
    -2.1927592754364014,
    -2.1926217079162598,
    -2.192213773727417,
    -2.1925418376922607,
    -2.1944353580474854,
    -2.1966190338134766,
    -2.1987812519073486,
    -2.2009434700012207,
    -2.2031056880950928,
    -2.2048919200897217,
    -2.2065515518188477,
    -2.208211660385132,
    -2.2111966609954834,
    -2.2152657508850098,
    -2.219350814819336,
    -2.223435878753662,
    -2.227557897567749,
    -2.2318620681762695,
    -2.2364389896392822
  ]
}