{
  "arm": 21,
  "p": 0.425,
  "q": 0.515,
  "whittle": [
    -2.6894659996032715,
    -2.6883552074432373,
    -2.6861824989318848,
    -2.683448314666748,
    -2.6806554794311523,
    -2.6780202388763428,
    -2.6750895977020264,
    -2.673275947570801,
    -2.6725714206695557,
    -2.6719284057617188,
    -2.671315908432007,
    -2.670703172683716,
    -2.670086622238159,
    -2.6680166721343994,
    -2.6658458709716797,
    -2.6637122631073,
    -2.661818504333496,
    -2.6599462032318115,
    -2.657989025115967,
    -2.655642032623291,
    -2.6529793739318848,
    -2.6520907878875732,
    -2.650218963623047,
    -2.6483957767486572,
    -2.6472365856170654,
    -2.646078586578369,
    -2.645664930343628,
    -2.6464896202087402,
    -2.6485307216644287,
    -2.650841236114502,
    -2.653475522994995,
    -2.6556336879730225,
    -2.65785551071167,
    -2.6595940589904785,
    -2.6603622436523438,
    -2.6599717140197754,
    -2.6589672565460205,
    -2.6576457023620605,
    -2.655679941177368,
    -2.6534502506256104,
    -2.6512985229492188,
    -2.6490354537963867,
    -2.648686170578003,
    -2.6512956619262695,
    -2.6538822650909424,
    -2.657327651977539,
    -2.660043239593506,
    -2.6622562408447266,
    -2.664060354232788,
    -2.6654374599456787,
    -2.6653342247009277,
    -2.6652300357818604,
    -2.666403293609619,
    -2.6691083908081055,
    -2.671574831008911,
    -2.6740312576293945,
    -2.676997661590576,
    -2.6803841590881348,
    -2.682435989379883,
    -2.683936595916748,
    -2.686168909072876,
    -2.6880381107330322,
    -2.6897225379943848,
    -2.691711187362671,
    -2.6937291622161865,
    -2.6968469619750977,
    -2.69939923286438,
    -2.701969623565674,
    -2.7059099674224854,
    -2.7100207805633545,
    -2.7145912647247314,
    -2.7188422679901123,
    -2.7212510108947754,
    -2.7232978343963623,
    -2.724652051925659,
    -2.725926637649536,
    -2.727201223373413,
    -2.7281651496887207,
    -2.728895902633667,
    -2.7291479110717773,
    -2.7289681434631348,
    -2.7287001609802246,
    -2.7288248538970947,
    -2.729276180267334,
    -2.729426383972168,
    -2.7314016819000244,
    -2.7336132526397705,
    -2.7358269691467285,
    -2.738417863845825,
    -2.741737127304077,
    -2.7449231147766113,
    -2.747741937637329,
    -2.7502381801605225,
    -2.753396987915039,
    -2.7585127353668213,
    -2.763765573501587,
    -2.7690186500549316,
    -2.774305582046509,
    -2.779592990875244,
    -2.7851359844207764
  ]
}