{
  "arm": 95,
  "p": 0.119,
  "q": 0.311,
  "whittle": [
    -1.6319471597671509,
    -1.6277626752853394,
    -1.6231062412261963,
    -1.6176718473434448,
    -1.6124495267868042,
    -1.606345295906067,
    -1.6001524925231934,
    -1.5945369005203247,
    -1.5913180112838745,
    -1.5879708528518677,
    -1.5845718383789062,
    -1.5812182426452637,
    -1.5771896839141846,
    -1.5731194019317627,
    -1.5690544843673706,
    -1.5650962591171265,
    -1.561348795890808,
    -1.5576879978179932,
    -1.5540275573730469,
    -1.5503544807434082,
    -1.5459911823272705,
    -1.5405280590057373,
    -1.5361281633377075,
    -1.53225576877594,
    -1.5291603803634644,
    -1.5265377759933472,
    -1.526197075843811,
    -1.5279521942138672,
    -1.5286375284194946,
    -1.5292960405349731,
    -1.528923511505127,
    -1.5281413793563843,
    -1.526936411857605,
    -1.5261040925979614,
    -1.525387167930603,
    -1.5245462656021118,
    -1.5225803852081299,
    -1.5194963216781616,
    -1.516911506652832,
    -1.5144444704055786,
    -1.5129975080490112,
    -1.5128252506256104,
    -1.5125517845153809,
    -1.510697841644287,
    -1.509352684020996,
    -1.5086467266082764,
    -1.5074408054351807,
    -1.5054171085357666,
    -1.503847360610962,
    -1.5023967027664185,
    -1.5027196407318115,
    -1.503058910369873,
    -1.5043811798095703,
    -1.5067484378814697,
    -1.5092103481292725,
    -1.5117332935333252,
    -1.5145409107208252,
    -1.5173192024230957,
    -1.5195072889328003,
    -1.521916151046753,
    -1.5237417221069336,
    -1.5252970457077026,
    -1.527547836303711,
    -1.5301592350006104,
    -1.532791018486023,
    -1.5349527597427368,
    -1.5365632772445679,
    -1.537682056427002,
    -1.5386983156204224,
    -1.5399466753005981,
    -1.5421594381332397,
    -1.543954610824585,
    -1.5449762344360352,
    -1.5449233055114746,
    -1.544458270072937,
    -1.5456087589263916,
    -1.546891450881958,
    -1.5485248565673828,
    -1.5499032735824585,
    -1.551340937614441,
    -1.5524778366088867,
    -1.553627848625183,
    -1.5547231435775757,
    -1.5556018352508545,
    -1.5562987327575684,
    -1.5577577352523804,
    -1.5592530965805054,
    -1.5605366230010986,
    -1.5616304874420166,
    -1.5634280443191528,
    -1.5655083656311035,
    -1.5679486989974976,
    -1.570493459701538,
    -1.5743707418441772,
    -1.5785491466522217,
    -1.5827276706695557,
    -1.5869060754776,
    -1.5910847187042236,
    -1.595263123512268,
    -1.5995352268218994
  ]
}