{
  "arm": 17,
  "p": 0.325,
  "q": 0.159,
  "whittle": [
    -2.26277494430542,
    -2.2596516609191895,
    -2.255769729614258,
    -2.2518486976623535,
    -2.247678279876709,
    -2.2428488731384277,
    -2.2377257347106934,
    -2.233513832092285,
    -2.230818510055542,
    -2.229025363922119,
    -2.2272446155548096,
    -2.2252655029296875,
    -2.222547769546509,
    -2.2194955348968506,
    -2.2163164615631104,
    -2.213170051574707,
    -2.2100167274475098,
    -2.2069761753082275,
    -2.203721284866333,
    -2.200305700302124,
    -2.1965363025665283,
    -2.1912951469421387,
    -2.1855294704437256,
    -2.183922052383423,
    -2.1827468872070312,
    -2.181619882583618,
    -2.181025743484497,
    -2.180699348449707,
    -2.1831696033477783,
    -2.18609619140625,
    -2.187915086746216,
    -2.1884994506835938,
    -2.1884572505950928,
    -2.1885101795196533,
    -2.1890945434570312,
    -2.189723253250122,
    -2.1891610622406006,
    -2.1871213912963867,
    -2.185197591781616,
    -2.183262348175049,
    -2.1813042163848877,
    -2.1809494495391846,
    -2.1807501316070557,
    -2.180067539215088,
    -2.1787705421447754,
    -2.1791176795959473,
    -2.1809232234954834,
    -2.18156099319458,
    -2.1819357872009277,
    -2.1824750900268555,
    -2.1831214427948,
    -2.1841256618499756,
    -2.1857457160949707,
    -2.1880509853363037,
    -2.1906986236572266,
    -2.1933348178863525,
    -2.1962294578552246,
    -2.199989080429077,
    -2.20298433303833,
    -2.206235647201538,
    -2.2095906734466553,
    -2.2125134468078613,
    -2.2152926921844482,
    -2.2179982662200928,
    -2.2210726737976074,
    -2.224398374557495,
    -2.227130651473999,
    -2.231109380722046,
    -2.2352828979492188,
    -2.2395946979522705,
    -2.243734121322632,
    -2.2471561431884766,
    -2.249469757080078,
    -2.2500410079956055,
    -2.2506797313690186,
    -2.2513186931610107,
    -2.252194881439209,
    -2.25313401222229,
    -2.253739356994629,
    -2.253570556640625,
    -2.253237247467041,
    -2.253941297531128,
    -2.2554879188537598,
    -2.256629228591919,
    -2.2575414180755615,
    -2.259676218032837,
    -2.262211322784424,
    -2.2647545337677,
    -2.2671194076538086,
    -2.2694246768951416,
    -2.271575927734375,
    -2.2735888957977295,
    -2.275602102279663,
    -2.278808116912842,
    -2.2831015586853027,
    -2.2876789569854736,
    -2.2922654151916504,
    -2.2971067428588867,
    -2.3021240234375,
    -2.307931661605835
  ]
}