{
  "arm": 74,
  "p": 0.756,
  "q": 0.268,
  "whittle": [
    -2.1756958961486816,
    -2.1717684268951416,
    -2.1673543453216553,
    -2.1631240844726562,
    -2.158903121948242,
    -2.155524253845215,
    -2.151353120803833,
    -2.147092819213867,
    -2.144131898880005,
    -2.1411988735198975,
    -2.1382620334625244,
    -2.135441303253174,
    -2.132923126220703,
    -2.1303412914276123,
    -2.1274733543395996,
    -2.1235713958740234,
    -2.1195812225341797,
    -2.115591526031494,
    -2.1116015911102295,
    -2.1074483394622803,
    -2.1024820804595947,
    -2.0949788093566895,
    -2.087035655975342,
    -2.0790810585021973,
    -2.07133150100708,
    -2.0664069652557373,
    -2.06172776222229,
    -2.058105230331421,
    -2.056187868118286,
    -2.054184675216675,
    -2.052074670791626,
    -2.0474014282226562,
    -2.042562246322632,
    -2.038348913192749,
    -2.0348620414733887,
    -2.0316593647003174,
    -2.027698040008545,
    -2.023681163787842,
    -2.0186288356781006,
    -2.014449119567871,
    -2.0105788707733154,
    -2.006742238998413,
    -2.0030994415283203,
    -1.9984081983566284,
    -1.9939383268356323,
    -1.9903991222381592,
    -1.9879719018936157,
    -1.9855501651763916,
    -1.9821856021881104,
    -1.9806798696517944,
    -1.9783333539962769,
    -1.976015329360962,
    -1.9746466875076294,
    -1.975082516670227,
    -1.9759881496429443,
    -1.9772374629974365,
    -1.9785513877868652,
    -1.980007529258728,
    -1.9804543256759644,
    -1.9816272258758545,
    -1.9837560653686523,
    -1.986027717590332,
    -1.9883606433868408,
    -1.9907386302947998,
    -1.9927793741226196,
    -1.994900107383728,
    -1.9969388246536255,
    -1.9987117052078247,
    -2.0002059936523438,
    -2.001854658126831,
    -2.0032401084899902,
    -2.0038843154907227,
    -2.0031898021698,
    -2.002715587615967,
    -2.0033464431762695,
    -2.003977060317993,
    -2.004607915878296,
    -2.00484037399292,
    -2.004676342010498,
    -2.004105806350708,
    -2.0031514167785645,
    -2.0025739669799805,
    -2.0031118392944336,
    -2.003476619720459,
    -2.0036303997039795,
    -2.005012273788452,
    -2.0065464973449707,
    -2.00808048248291,
    -2.0096147060394287,
    -2.0111491680145264,
    -2.0125112533569336,
    -2.013646364212036,
    -2.015110731124878,
    -2.017406463623047,
    -2.0208964347839355,
    -2.024385690689087,
    -2.02825665473938,
    -2.032625198364258,
    -2.0372633934020996,
    -2.0420846939086914
  ]
}