{
  "arm": 81,
  "p": 0.331,
  "q": 0.37,
  "whittle": [
    -1.9158395528793335,
    -1.9116572141647339,
    -1.9071738719940186,
    -1.9025880098342896,
    -1.8975932598114014,
    -1.8920989036560059,
    -1.8858894109725952,
    -1.8798303604125977,
    -1.8743380308151245,
    -1.870785117149353,
    -1.867356300354004,
    -1.8640997409820557,
    -1.8612898588180542,
    -1.8585121631622314,
    -1.8546403646469116,
    -1.8506033420562744,
    -1.8463953733444214,
    -1.8422513008117676,
    -1.8378803730010986,
    -1.8327378034591675,
    -1.826596736907959,
    -1.8196626901626587,
    -1.8128290176391602,
    -1.80620276927948,
    -1.8010622262954712,
    -1.796242594718933,
    -1.7918646335601807,
    -1.7877525091171265,
    -1.7848737239837646,
    -1.7837159633636475,
    -1.7802700996398926,
    -1.7753177881240845,
    -1.771179437637329,
    -1.7687257528305054,
    -1.767510175704956,
    -1.766467809677124,
    -1.7638112306594849,
    -1.760242223739624,
    -1.756572961807251,
    -1.753677248954773,
    -1.750779151916504,
    -1.7477015256881714,
    -1.7456964254379272,
    -1.7437744140625,
    -1.7419596910476685,
    -1.7409199476242065,
    -1.7398804426193237,
    -1.7377969026565552,
    -1.7360360622406006,
    -1.7365241050720215,
    -1.7366585731506348,
    -1.7368227243423462,
    -1.73743736743927,
    -1.7400602102279663,
    -1.7432149648666382,
    -1.7463712692260742,
    -1.749671459197998,
    -1.752988576889038,
    -1.7555292844772339,
    -1.758324384689331,
    -1.7624006271362305,
    -1.7664767503738403,
    -1.770403265953064,
    -1.7737513780593872,
    -1.7771888971328735,
    -1.7806031703948975,
    -1.7834886312484741,
    -1.7863739728927612,
    -1.789868950843811,
    -1.793715000152588,
    -1.7972114086151123,
    -1.80027174949646,
    -1.8027523756027222,
    -1.8055306673049927,
    -1.8083082437515259,
    -1.8108266592025757,
    -1.8139804601669312,
    -1.816672682762146,
    -1.8189327716827393,
    -1.8209278583526611,
    -1.8225717544555664,
    -1.824162483215332,
    -1.8256571292877197,
    -1.8268394470214844,
    -1.8277236223220825,
    -1.8295971155166626,
    -1.8316650390625,
    -1.8335902690887451,
    -1.835436463356018,
    -1.8372973203659058,
    -1.839118242263794,
    -1.8407537937164307,
    -1.842591643333435,
    -1.8461054563522339,
    -1.8504078388214111,
    -1.8550693988800049,
    -1.8598699569702148,
    -1.864837408065796,
    -1.8698047399520874,
    -1.8748536109924316
  ]
}