{
  "arm": 87,
  "p": 0.181,
  "q": 0.548,
  "whittle": [
    -1.7754290103912354,
    -1.7709295749664307,
    -1.7661237716674805,
    -1.76095712184906,
    -1.7557759284973145,
    -1.750070571899414,
    -1.7439860105514526,
    -1.7391247749328613,
    -1.7357604503631592,
    -1.7324591875076294,
    -1.7291449308395386,
    -1.7259868383407593,
    -1.7220048904418945,
    -1.7180051803588867,
    -1.71401047706604,
    -1.710108995437622,
    -1.7062551975250244,
    -1.702539086341858,
    -1.6989332437515259,
    -1.6953136920928955,
    -1.6910102367401123,
    -1.6863337755203247,
    -1.6816136837005615,
    -1.6773475408554077,
    -1.6726601123809814,
    -1.6682040691375732,
    -1.6658040285110474,
    -1.667320966720581,
    -1.668474793434143,
    -1.6695239543914795,
    -1.6697784662246704,
    -1.6695683002471924,
    -1.6706191301345825,
    -1.6700495481491089,
    -1.6691995859146118,
    -1.6680941581726074,
    -1.6654731035232544,
    -1.6626309156417847,
    -1.6599459648132324,
    -1.6576420068740845,
    -1.655836820602417,
    -1.6551703214645386,
    -1.654561161994934,
    -1.6533817052841187,
    -1.6511324644088745,
    -1.650205135345459,
    -1.6482352018356323,
    -1.6455028057098389,
    -1.642441749572754,
    -1.6404837369918823,
    -1.6404800415039062,
    -1.640502691268921,
    -1.6407328844070435,
    -1.6414265632629395,
    -1.6422252655029297,
    -1.642858862876892,
    -1.643404245376587,
    -1.6440215110778809,
    -1.6453559398651123,
    -1.6471562385559082,
    -1.648382306098938,
    -1.6495637893676758,
    -1.6503125429153442,
    -1.6512120962142944,
    -1.6523852348327637,
    -1.6538078784942627,
    -1.6551108360290527,
    -1.6562086343765259,
    -1.6569455862045288,
    -1.657647728919983,
    -1.659582257270813,
    -1.6613949537277222,
    -1.6620231866836548,
    -1.6626508235931396,
    -1.6633282899856567,
    -1.662632703781128,
    -1.6621298789978027,
    -1.66179621219635,
    -1.6620498895645142,
    -1.6624782085418701,
    -1.6632120609283447,
    -1.6640390157699585,
    -1.6648218631744385,
    -1.6654908657073975,
    -1.6658360958099365,
    -1.6668871641159058,
    -1.66813063621521,
    -1.669373869895935,
    -1.6706109046936035,
    -1.671446442604065,
    -1.6722235679626465,
    -1.6739232540130615,
    -1.6760672330856323,
    -1.6794315576553345,
    -1.6834992170333862,
    -1.6875666379928589,
    -1.6916342973709106,
    -1.6957019567489624,
    -1.699769139289856,
    -1.7039084434509277
  ]
}