{
  "arm": 49,
  "p": 0.338,
  "q": 0.791,
  "whittle": [
    -1.9258480072021484,
    -1.9207189083099365,
    -1.9154764413833618,
    -1.910312533378601,
    -1.9051845073699951,
    -1.8991496562957764,
    -1.8929154872894287,
    -1.8864656686782837,
    -1.8799299001693726,
    -1.875763177871704,
    -1.8718833923339844,
    -1.8680152893066406,
    -1.8642582893371582,
    -1.860814094543457,
    -1.8562242984771729,
    -1.8517000675201416,
    -1.847100019454956,
    -1.842388391494751,
    -1.8376771211624146,
    -1.8329039812088013,
    -1.8266764879226685,
    -1.8195946216583252,
    -1.8116744756698608,
    -1.8042172193527222,
    -1.7980108261108398,
    -1.7928208112716675,
    -1.7875968217849731,
    -1.7825889587402344,
    -1.7776583433151245,
    -1.7735761404037476,
    -1.770960807800293,
    -1.7662968635559082,
    -1.7614657878875732,
    -1.757693886756897,
    -1.7543385028839111,
    -1.7514634132385254,
    -1.7474255561828613,
    -1.7432149648666382,
    -1.7384507656097412,
    -1.7341489791870117,
    -1.7303171157836914,
    -1.7266706228256226,
    -1.7228546142578125,
    -1.7190674543380737,
    -1.7150624990463257,
    -1.7130082845687866,
    -1.7101801633834839,
    -1.7063132524490356,
    -1.7023520469665527,
    -1.6981053352355957,
    -1.6946312189102173,
    -1.6937718391418457,
    -1.6933765411376953,
    -1.6937748193740845,
    -1.6942921876907349,
    -1.6946918964385986,
    -1.6951810121536255,
    -1.6965163946151733,
    -1.6980223655700684,
    -1.6993499994277954,
    -1.701155424118042,
    -1.7029609680175781,
    -1.7047535181045532,
    -1.7062879800796509,
    -1.7083314657211304,
    -1.710300326347351,
    -1.711330533027649,
    -1.7121331691741943,
    -1.7130228281021118,
    -1.7138288021087646,
    -1.7144033908843994,
    -1.7144687175750732,
    -1.7125471830368042,
    -1.7104301452636719,
    -1.7093003988265991,
    -1.708359956741333,
    -1.7077248096466064,
    -1.7067970037460327,
    -1.7063158750534058,
    -1.706992745399475,
    -1.7074177265167236,
    -1.7077797651290894,
    -1.7081596851348877,
    -1.7085281610488892,
    -1.7088509798049927,
    -1.7098174095153809,
    -1.7109202146530151,
    -1.712023377418518,
    -1.7131264209747314,
    -1.7142295837402344,
    -1.7150311470031738,
    -1.7154953479766846,
    -1.716750979423523,
    -1.7189605236053467,
    -1.7228580713272095,
    -1.7267563343048096,
    -1.7306538820266724,
    -1.7345517873764038,
    -1.738449215888977,
    -1.7424310445785522
  ]
}