{
  "arm": 62,
  "p": 0.888,
  "q": 0.149,
  "whittle": [
    -2.192051410675049,
    -2.189055919647217,
    -2.1852779388427734,
    -2.181164264678955,
    -2.1770071983337402,
    -2.172379732131958,
    -2.1681275367736816,
    -2.163917064666748,
    -2.160430669784546,
    -2.1579253673553467,
    -2.155834913253784,
    -2.1538567543029785,
    -2.151294708251953,
    -2.1478769779205322,
    -2.144296646118164,
    -2.140749931335449,
    -2.1373393535614014,
    -2.1339290142059326,
    -2.130518674850464,
    -2.1272101402282715,
    -2.122976303100586,
    -2.116819381713867,
    -2.11102032661438,
    -2.1055307388305664,
    -2.1012961864471436,
    -2.099769115447998,
    -2.098616361618042,
    -2.0976030826568604,
    -2.098712682723999,
    -2.099919080734253,
    -2.100696086883545,
    -2.1008920669555664,
    -2.1002533435821533,
    -2.09847354888916,
    -2.0977556705474854,
    -2.097771644592285,
    -2.0963292121887207,
    -2.094268321990967,
    -2.091820001602173,
    -2.089454412460327,
    -2.0871076583862305,
    -2.0844292640686035,
    -2.0815296173095703,
    -2.0793063640594482,
    -2.0789127349853516,
    -2.077881336212158,
    -2.076880693435669,
    -2.0778887271881104,
    -2.078653335571289,
    -2.078714370727539,
    -2.0773091316223145,
    -2.0766241550445557,
    -2.077556848526001,
    -2.079453706741333,
    -2.0814926624298096,
    -2.0835018157958984,
    -2.085566282272339,
    -2.0877673625946045,
    -2.088918447494507,
    -2.0904641151428223,
    -2.093205690383911,
    -2.096029281616211,
    -2.0982375144958496,
    -2.10018253326416,
    -2.102290153503418,
    -2.1044037342071533,
    -2.1061851978302,
    -2.1075541973114014,
    -2.109178304672241,
    -2.110868453979492,
    -2.1135916709899902,
    -2.1163902282714844,
    -2.118933916091919,
    -2.1207737922668457,
    -2.121577739715576,
    -2.121976137161255,
    -2.1223742961883545,
    -2.1224122047424316,
    -2.1223509311676025,
    -2.1223347187042236,
    -2.1216793060302734,
    -2.1209354400634766,
    -2.120453119277954,
    -2.1208877563476562,
    -2.121295928955078,
    -2.1230151653289795,
    -2.1250076293945312,
    -2.1270015239715576,
    -2.128995895385742,
    -2.1308414936065674,
    -2.1324541568756104,
    -2.133922815322876,
    -2.1357433795928955,
    -2.138399124145508,
    -2.1424143314361572,
    -2.1464486122131348,
    -2.150482654571533,
    -2.1545164585113525,
    -2.1585443019866943,
    -2.1638972759246826
  ]
}