{
  "arm": 63,
  "p": 0.106,
  "q": 0.416,
  "whittle": [
    -2.745281457901001,
    -2.744075298309326,
    -2.7421512603759766,
    -2.7388293743133545,
    -2.7355685234069824,
    -2.731421709060669,
    -2.7275946140289307,
    -2.7247307300567627,
    -2.7219667434692383,
    -2.7209103107452393,
    -2.71982479095459,
    -2.7181670665740967,
    -2.7160661220550537,
    -2.7137279510498047,
    -2.7111454010009766,
    -2.7084779739379883,
    -2.7057952880859375,
    -2.703347682952881,
    -2.7009336948394775,
    -2.6984055042266846,
    -2.6951849460601807,
    -2.6936752796173096,
    -2.690906286239624,
    -2.6899120807647705,
    -2.6889705657958984,
    -2.687331438064575,
    -2.686464786529541,
    -2.6852848529815674,
    -2.68548583984375,
    -2.6884732246398926,
    -2.691042184829712,
    -2.6926791667938232,
    -2.6942203044891357,
    -2.696263313293457,
    -2.6985695362091064,
    -2.6981680393218994,
    -2.696829319000244,
    -2.6944940090179443,
    -2.691924810409546,
    -2.6889874935150146,
    -2.6863033771514893,
    -2.6836953163146973,
    -2.6808888912200928,
    -2.677933692932129,
    -2.676762104034424,
    -2.6769096851348877,
    -2.6784422397613525,
    -2.6793758869171143,
    -2.679654359817505,
    -2.679015874862671,
    -2.6773130893707275,
    -2.6756699085235596,
    -2.6746935844421387,
    -2.6748464107513428,
    -2.675424098968506,
    -2.6759192943573,
    -2.6777048110961914,
    -2.6794188022613525,
    -2.680457353591919,
    -2.6821422576904297,
    -2.684098720550537,
    -2.686049699783325,
    -2.6874749660491943,
    -2.688807249069214,
    -2.6904401779174805,
    -2.6918210983276367,
    -2.692514181137085,
    -2.693241596221924,
    -2.6942367553710938,
    -2.6952717304229736,
    -2.6950225830078125,
    -2.6943063735961914,
    -2.692476987838745,
    -2.6906561851501465,
    -2.6898860931396484,
    -2.68981671333313,
    -2.689746379852295,
    -2.689690589904785,
    -2.689194917678833,
    -2.6879467964172363,
    -2.6868486404418945,
    -2.685853958129883,
    -2.685708999633789,
    -2.685297966003418,
    -2.6844868659973145,
    -2.6853418350219727,
    -2.6865410804748535,
    -2.687746524810791,
    -2.68904972076416,
    -2.69035267829895,
    -2.6916861534118652,
    -2.6930081844329834,
    -2.6944243907928467,
    -2.697096586227417,
    -2.700788736343384,
    -2.7052674293518066,
    -2.7099008560180664,
    -2.7144787311553955,
    -2.718994379043579,
    -2.72370982170105
  ]
}