{
  "arm": 69,
  "p": 0.406,
  "q": 0.594,
  "whittle": [
    -2.3821418285369873,
    -2.3803536891937256,
    -2.377945899963379,
    -2.374713659286499,
    -2.3709471225738525,
    -2.3666443824768066,
    -2.36224102973938,
    -2.3592851161956787,
    -2.357973575592041,
    -2.357165813446045,
    -2.356304168701172,
    -2.3542299270629883,
    -2.3524396419525146,
    -2.3505823612213135,
    -2.3483190536499023,
    -2.346126079559326,
    -2.344132900238037,
    -2.3422024250030518,
    -2.340265989303589,
    -2.3409135341644287,
    -2.3417720794677734,
    -2.343569755554199,
    -2.3445827960968018,
    -2.346039056777954,
    -2.348119020462036,
    -2.3504257202148438,
    -2.3545002937316895,
    -2.359952211380005,
    -2.3651227951049805,
    -2.3703370094299316,
    -2.3749568462371826,
    -2.378006935119629,
    -2.3810102939605713,
    -2.3838119506835938,
    -2.3851776123046875,
    -2.385007858276367,
    -2.384357213973999,
    -2.383504867553711,
    -2.3823630809783936,
    -2.3828256130218506,
    -2.3830456733703613,
    -2.3830761909484863,
    -2.3830606937408447,
    -2.3830761909484863,
    -2.3841476440429688,
    -2.3868210315704346,
    -2.389430046081543,
    -2.391808032989502,
    -2.3935511112213135,
    -2.394550085067749,
    -2.3946073055267334,
    -2.3960180282592773,
    -2.397963285446167,
    -2.4007716178894043,
    -2.403651237487793,
    -2.406228542327881,
    -2.409161329269409,
    -2.4125277996063232,
    -2.4151318073272705,
    -2.4174256324768066,
    -2.4196596145629883,
    -2.421893835067749,
    -2.424121141433716,
    -2.427339792251587,
    -2.430785655975342,
    -2.4338319301605225,
    -2.4363083839416504,
    -2.440338373184204,
    -2.4439451694488525,
    -2.447939872741699,
    -2.452531099319458,
    -2.4569032192230225,
    -2.4601640701293945,
    -2.4622366428375244,
    -2.463613986968994,
    -2.464925527572632,
    -2.466095447540283,
    -2.466975688934326,
    -2.4676625728607178,
    -2.4679343700408936,
    -2.4677541255950928,
    -2.4675097465515137,
    -2.4679479598999023,
    -2.468488931655884,
    -2.468696117401123,
    -2.4702582359313965,
    -2.472076416015625,
    -2.4744322299957275,
    -2.477454662322998,
    -2.480198860168457,
    -2.4827380180358887,
    -2.4851362705230713,
    -2.487534523010254,
    -2.490398406982422,
    -2.4948654174804688,
    -2.499727725982666,
    -2.50467848777771,
    -2.5096192359924316,
    -2.514346122741699,
    -2.5193564891815186
  ]
}