{
  "arm": 89,
  "p": 0.381,
  "q": 0.133,
  "whittle": [
    -2.424649477005005,
    -2.4224793910980225,
    -2.4192042350769043,
    -2.4158082008361816,
    -2.4123456478118896,
    -2.408778190612793,
    -2.4053163528442383,
    -2.402052640914917,
    -2.400663375854492,
    -2.399346113204956,
    -2.39801025390625,
    -2.3967723846435547,
    -2.3957085609436035,
    -2.393061876296997,
    -2.3902361392974854,
    -2.387457847595215,
    -2.3847815990448,
    -2.3820888996124268,
    -2.3796346187591553,
    -2.377622604370117,
    -2.3744864463806152,
    -2.369697093963623,
    -2.364647626876831,
    -2.3616602420806885,
    -2.3597867488861084,
    -2.358926296234131,
    -2.358222484588623,
    -2.3577370643615723,
    -2.3578763008117676,
    -2.359797954559326,
    -2.361572027206421,
    -2.3622169494628906,
    -2.3630926609039307,
    -2.363081216812134,
    -2.363100051879883,
    -2.3631432056427,
    -2.3619353771209717,
    -2.3595964908599854,
    -2.357099771499634,
    -2.3540945053100586,
    -2.3512022495269775,
    -2.348435163497925,
    -2.3458003997802734,
    -2.3429172039031982,
    -2.3420345783233643,
    -2.342148542404175,
    -2.3436524868011475,
    -2.3448498249053955,
    -2.3460352420806885,
    -2.3464925289154053,
    -2.345482587814331,
    -2.344282627105713,
    -2.3438026905059814,
    -2.3451242446899414,
    -2.347010850906372,
    -2.3491106033325195,
    -2.351442813873291,
    -2.353524684906006,
    -2.354785919189453,
    -2.3562495708465576,
    -2.358102321624756,
    -2.3599956035614014,
    -2.3612849712371826,
    -2.363492250442505,
    -2.3659942150115967,
    -2.368410587310791,
    -2.369994640350342,
    -2.371445417404175,
    -2.372926712036133,
    -2.3742737770080566,
    -2.3756916522979736,
    -2.377877712249756,
    -2.378939628601074,
    -2.3800015449523926,
    -2.38106369972229,
    -2.382244110107422,
    -2.382781744003296,
    -2.383222818374634,
    -2.3831164836883545,
    -2.3823046684265137,
    -2.3811397552490234,
    -2.3803720474243164,
    -2.3800594806671143,
    -2.379279375076294,
    -2.378343343734741,
    -2.378730058670044,
    -2.3795766830444336,
    -2.380402088165283,
    -2.3817474842071533,
    -2.3838846683502197,
    -2.385655403137207,
    -2.3873045444488525,
    -2.388953924179077,
    -2.391942024230957,
    -2.395979166030884,
    -2.399874687194824,
    -2.40374755859375,
    -2.407620668411255,
    -2.4114933013916016,
    -2.415609359741211
  ]
}