{
  "arm": 77,
  "p": 0.456,
  "q": 0.357,
  "whittle": [
    -3.0263688564300537,
    -3.026440382003784,
    -3.0265073776245117,
    -3.026397466659546,
    -3.024477481842041,
    -3.021883249282837,
    -3.019798994064331,
    -3.019317865371704,
    -3.0194685459136963,
    -3.0201683044433594,
    -3.020888566970825,
    -3.0214974880218506,
    -3.0210418701171875,
    -3.020260810852051,
    -3.0194013118743896,
    -3.0185558795928955,
    -3.0178778171539307,
    -3.0196540355682373,
    -3.0216803550720215,
    -3.0236387252807617,
    -3.02508544921875,
    -3.0254197120666504,
    -3.025073289871216,
    -3.0265214443206787,
    -3.027772903442383,
    -3.0308117866516113,
    -3.0349795818328857,
    -3.039273500442505,
    -3.044182062149048,
    -3.049659013748169,
    -3.0540926456451416,
    -3.057610034942627,
    -3.061478614807129,
    -3.065432071685791,
    -3.0678188800811768,
    -3.069359302520752,
    -3.0698537826538086,
    -3.069876194000244,
    -3.0692317485809326,
    -3.069211721420288,
    -3.0710508823394775,
    -3.0743308067321777,
    -3.0789692401885986,
    -3.083836555480957,
    -3.088434934616089,
    -3.0938680171966553,
    -3.0991945266723633,
    -3.1030287742614746,
    -3.1062285900115967,
    -3.1089417934417725,
    -3.111147880554199,
    -3.11415958404541,
    -3.117847442626953,
    -3.121964931488037,
    -3.1259961128234863,
    -3.1300277709960938,
    -3.1342320442199707,
    -3.138559103012085,
    -3.1423466205596924,
    -3.146052837371826,
    -3.1503751277923584,
    -3.154087781906128,
    -3.157832145690918,
    -3.1615099906921387,
    -3.165581464767456,
    -3.1697378158569336,
    -3.1732287406921387,
    -3.1776607036590576,
    -3.1829006671905518,
    -3.188401222229004,
    -3.192523717880249,
    -3.1956875324249268,
    -3.1981542110443115,
    -3.200824499130249,
    -3.204129934310913,
    -3.2075541019439697,
    -3.2105743885040283,
    -3.2128355503082275,
    -3.214752435684204,
    -3.2160730361938477,
    -3.217029571533203,
    -3.2179479598999023,
    -3.2192676067352295,
    -3.220400094985962,
    -3.221205472946167,
    -3.223884344100952,
    -3.2267837524414062,
    -3.229686975479126,
    -3.2326931953430176,
    -3.2358267307281494,
    -3.238863706588745,
    -3.241849184036255,
    -3.2449753284454346,
    -3.248847723007202,
    -3.2545323371887207,
    -3.2606911659240723,
    -3.2675106525421143,
    -3.274449110031128,
    -3.2813880443573,
    -3.2886054515838623
  ]
}