{
  "arm": 36,
  "p": 0.613,
  "q": 0.406,
  "whittle": [
    -2.076730728149414,
    -2.0724213123321533,
    -2.068552017211914,
    -2.0649635791778564,
    -2.06113600730896,
    -2.0577454566955566,
    -2.0538735389709473,
    -2.051206350326538,
    -2.049470901489258,
    -2.0478382110595703,
    -2.046203374862671,
    -2.0444469451904297,
    -2.0419044494628906,
    -2.039186716079712,
    -2.036346197128296,
    -2.0334103107452393,
    -2.030538558959961,
    -2.0276670455932617,
    -2.024827480316162,
    -2.021928310394287,
    -2.0181822776794434,
    -2.0135090351104736,
    -2.0100605487823486,
    -2.0067543983459473,
    -2.006312131881714,
    -2.006932020187378,
    -2.00815749168396,
    -2.0110936164855957,
    -2.0146822929382324,
    -2.018078565597534,
    -2.0207114219665527,
    -2.022845983505249,
    -2.024735927581787,
    -2.0259671211242676,
    -2.026747703552246,
    -2.027614116668701,
    -2.0275566577911377,
    -2.026282787322998,
    -2.0246124267578125,
    -2.024822950363159,
    -2.025301933288574,
    -2.0258772373199463,
    -2.026144027709961,
    -2.025719404220581,
    -2.0259456634521484,
    -2.0283212661743164,
    -2.0306966304779053,
    -2.032801628112793,
    -2.034327745437622,
    -2.0349509716033936,
    -2.0366313457489014,
    -2.038360834121704,
    -2.04048490524292,
    -2.0431017875671387,
    -2.0458288192749023,
    -2.048520803451538,
    -2.0512590408325195,
    -2.054091215133667,
    -2.0555226802825928,
    -2.0574610233306885,
    -2.0593082904815674,
    -2.0612294673919678,
    -2.063227891921997,
    -2.0654423236846924,
    -2.0678257942199707,
    -2.0702428817749023,
    -2.0725555419921875,
    -2.075578212738037,
    -2.0794224739074707,
    -2.0834405422210693,
    -2.087491273880005,
    -2.0911266803741455,
    -2.094062566757202,
    -2.0965771675109863,
    -2.098996162414551,
    -2.1014153957366943,
    -2.1038224697113037,
    -2.104440450668335,
    -2.1048481464385986,
    -2.105255365371704,
    -2.106306791305542,
    -2.1079916954040527,
    -2.1096808910369873,
    -2.1111178398132324,
    -2.112285852432251,
    -2.1146585941314697,
    -2.1171762943267822,
    -2.1196935176849365,
    -2.122177839279175,
    -2.1244304180145264,
    -2.126532793045044,
    -2.128600835800171,
    -2.1306896209716797,
    -2.1335203647613525,
    -2.1378469467163086,
    -2.1421730518341064,
    -2.1467599868774414,
    -2.151979923248291,
    -2.157646894454956,
    -2.1634273529052734
  ]
}